2026-09-25 08:43:14,382 [INFO] Starting Ops Manager snapshot workflow
2026-09-25 08:43:14,383 [DEBUG] API GET http://129.40.36.100:8080/api/public/v1.0/backup/third_party/group/6a386221ee19a6537cc68a97/clusters
2026-09-25 08:43:14,563 [DEBUG] STATUS 200
2026-09-25 08:43:14,564 [DEBUG] {
  "clusters": [
    {
      "clusterId": "6a387fc1f9f8584e2262c8f3",
      "clusterName": "testRep",
      "groupId": "6a386221ee19a6537cc68a97",
      "jobId": "6a387fc1f9f8584e2262c8f3",
      "state": "ACTIVE"
    },
    {
      "clusterId": "6a3939acf9f8584e226a56e4",
      "clusterName": "tsetrepRestore",
      "groupId": "6a386221ee19a6537cc68a97",
      "jobId": "6a3939acf9f8584e226a56e4",
      "state": "ACTIVE"
    },
    {
      "clusterId": "6a39559ff9f8584e226bec72",
      "clusterName": "sgcCluster",
      "groupId": "6a386221ee19a6537cc68a97",
      "jobId": "6a39559ff9f8584e226bec72",
      "state": "ACTIVE"
    },
    {
      "clusterId": "6a67ab0a0b3bb92668612c59",
      "clusterName": "tgtCluster",
      "groupId": "6a386221ee19a6537cc68a97",
      "jobId": "6a67ab0a0b3bb92668612c59",
      "state": "ACTIVE"
    }
  ]
}
2026-09-25 08:43:14,564 [INFO] Cluster resolved: sgcCluster
2026-09-25 08:43:14,564 [INFO] Using explicitly provided snapshot nodes: ['mdb7:37017', 'mdb8:37017', 'mdb9:37017']
2026-09-25 08:43:14,564 [INFO] Snapshot nodes: ['mdb7:37017', 'mdb8:37017', 'mdb9:37017']
2026-09-25 08:43:14,564 [INFO] Building infrastructure map for full cluster
2026-09-25 08:44:00,636 [INFO] Building infrastructure map for snapshot nodes
2026-09-25 08:44:10,212 [INFO] All snapshot nodes have a replicated dependent volume group
2026-09-25 08:44:10,212 [DEBUG] API POST http://129.40.36.100:8080/api/public/v1.0/backup/third_party/group/6a386221ee19a6537cc68a97/clusters/6a39559ff9f8584e226bec72/snapshot
2026-09-25 08:44:10,212 [DEBUG] {
  "nodeIds": [
    "mdb7:37017",
    "mdb8:37017",
    "mdb9:37017"
  ]
}
2026-09-25 08:44:10,347 [DEBUG] STATUS 200
2026-09-25 08:44:10,347 [DEBUG] {
  "snapshotId": "6ab67aa97c5bbb3be0ad1185"
}
2026-09-25 08:44:10,348 [INFO] Snapshot ID: 6ab67aa97c5bbb3be0ad1185
2026-09-25 08:44:10,349 [DEBUG] API POST http://129.40.36.100:8080/api/public/v1.0/backup/third_party/group/6a386221ee19a6537cc68a97/clusters/6a39559ff9f8584e226bec72/snapshot/6ab67aa97c5bbb3be0ad1185/start
2026-09-25 08:44:10,468 [DEBUG] STATUS 200
2026-09-25 08:44:10,468 [DEBUG] {
  "errorCode": "NONE",
  "version": "1",
  "status": "OK"
}
2026-09-25 08:44:10,468 [DEBUG] API GET http://129.40.36.100:8080/api/public/v1.0/backup/third_party/group/6a386221ee19a6537cc68a97/clusters/6a39559ff9f8584e226bec72/snapshot/6ab67aa97c5bbb3be0ad1185
2026-09-25 08:44:10,601 [DEBUG] STATUS 200
2026-09-25 08:44:10,601 [DEBUG] {
  "nodes": [
    {
      "dbPath": "/fimongo1/data",
      "hidden": false,
      "hostname": "mdb8",
      "id": "mdb8:37017",
      "lastAgentPing": "2026-09-25T13:43:43Z",
      "memberState": "SECONDARY",
      "mongodbVersion": "8.0.26",
      "opTime": "2026-09-25T13:43:21Z",
      "oplogStoreType": "thirdPartyOplogStore",
      "port": 37017,
      "priority": 0.0,
      "rsId": "sgcShard_0",
      "snapshotable": true,
      "votes": 1
    },
    {
      "dbPath": "/fimongo1/data",
      "hidden": false,
      "hostname": "mdb7",
      "id": "mdb7:37017",
      "lastAgentPing": "2026-09-25T13:43:54Z",
      "memberState": "SECONDARY",
      "mongodbVersion": "8.0.26",
      "opTime": "2026-09-25T13:43:28Z",
      "oplogStoreType": "thirdPartyOplogStore",
      "port": 37017,
      "priority": 1.0,
      "rsId": "configRS",
      "snapshotable": true,
      "votes": 1
    },
    {
      "dbPath": "/fimongo1/data",
      "hidden": false,
      "hostname": "mdb9",
      "id": "mdb9:37017",
      "lastAgentPing": "2026-09-25T13:44:00Z",
      "memberState": "SECONDARY",
      "mongodbVersion": "8.0.26",
      "opTime": "2026-09-25T13:41:26Z",
      "oplogStoreType": "thirdPartyOplogStore",
      "port": 37017,
      "priority": 0.0,
      "rsId": "sgcShard_1",
      "snapshotable": true,
      "votes": 1
    }
  ],
  "state": "PENDING"
}
2026-09-25 08:44:10,601 [INFO] Snapshot state: PENDING
2026-09-25 08:44:20,602 [DEBUG] API GET http://129.40.36.100:8080/api/public/v1.0/backup/third_party/group/6a386221ee19a6537cc68a97/clusters/6a39559ff9f8584e226bec72/snapshot/6ab67aa97c5bbb3be0ad1185
2026-09-25 08:44:20,789 [DEBUG] STATUS 200
2026-09-25 08:44:20,790 [DEBUG] {
  "nodes": [
    {
      "dbPath": "/fimongo1/data",
      "hidden": false,
      "hostname": "mdb8",
      "id": "mdb8:37017",
      "lastAgentPing": "2026-09-25T13:43:43Z",
      "memberState": "SECONDARY",
      "mongodbVersion": "8.0.26",
      "opTime": "2026-09-25T13:43:21Z",
      "oplogStoreType": "thirdPartyOplogStore",
      "port": 37017,
      "priority": 0.0,
      "rsId": "sgcShard_0",
      "snapshotable": true,
      "votes": 1
    },
    {
      "dbPath": "/fimongo1/data",
      "hidden": false,
      "hostname": "mdb7",
      "id": "mdb7:37017",
      "lastAgentPing": "2026-09-25T13:43:54Z",
      "memberState": "SECONDARY",
      "mongodbVersion": "8.0.26",
      "opTime": "2026-09-25T13:43:28Z",
      "oplogStoreType": "thirdPartyOplogStore",
      "port": 37017,
      "priority": 1.0,
      "rsId": "configRS",
      "snapshotable": true,
      "votes": 1
    },
    {
      "dbPath": "/fimongo1/data",
      "hidden": false,
      "hostname": "mdb9",
      "id": "mdb9:37017",
      "lastAgentPing": "2026-09-25T13:44:00Z",
      "memberState": "SECONDARY",
      "mongodbVersion": "8.0.26",
      "opTime": "2026-09-25T13:41:26Z",
      "oplogStoreType": "thirdPartyOplogStore",
      "port": 37017,
      "priority": 0.0,
      "rsId": "sgcShard_1",
      "snapshotable": true,
      "votes": 1
    }
  ],
  "state": "PENDING"
}
2026-09-25 08:44:20,790 [INFO] Snapshot state: PENDING
2026-09-25 08:44:30,790 [DEBUG] API GET http://129.40.36.100:8080/api/public/v1.0/backup/third_party/group/6a386221ee19a6537cc68a97/clusters/6a39559ff9f8584e226bec72/snapshot/6ab67aa97c5bbb3be0ad1185
2026-09-25 08:44:30,925 [DEBUG] STATUS 200
2026-09-25 08:44:30,925 [DEBUG] {
  "nodes": [
    {
      "dbPath": "/fimongo1/data",
      "hidden": false,
      "hostname": "mdb8",
      "id": "mdb8:37017",
      "lastAgentPing": "2026-09-25T13:43:43Z",
      "memberState": "SECONDARY",
      "mongodbVersion": "8.0.26",
      "opTime": "2026-09-25T13:43:21Z",
      "oplogStoreType": "thirdPartyOplogStore",
      "port": 37017,
      "priority": 0.0,
      "rsId": "sgcShard_0",
      "snapshotable": true,
      "votes": 1
    },
    {
      "dbPath": "/fimongo1/data",
      "hidden": false,
      "hostname": "mdb7",
      "id": "mdb7:37017",
      "lastAgentPing": "2026-09-25T13:43:54Z",
      "memberState": "SECONDARY",
      "mongodbVersion": "8.0.26",
      "opTime": "2026-09-25T13:43:28Z",
      "oplogStoreType": "thirdPartyOplogStore",
      "port": 37017,
      "priority": 1.0,
      "rsId": "configRS",
      "snapshotable": true,
      "votes": 1
    },
    {
      "dbPath": "/fimongo1/data",
      "hidden": false,
      "hostname": "mdb9",
      "id": "mdb9:37017",
      "lastAgentPing": "2026-09-25T13:44:00Z",
      "memberState": "SECONDARY",
      "mongodbVersion": "8.0.26",
      "opTime": "2026-09-25T13:44:16Z",
      "oplogStoreType": "thirdPartyOplogStore",
      "port": 37017,
      "priority": 0.0,
      "rsId": "sgcShard_1",
      "snapshotable": true,
      "votes": 1
    }
  ],
  "state": "PENDING"
}
2026-09-25 08:44:30,925 [INFO] Snapshot state: PENDING
2026-09-25 08:44:40,926 [DEBUG] API GET http://129.40.36.100:8080/api/public/v1.0/backup/third_party/group/6a386221ee19a6537cc68a97/clusters/6a39559ff9f8584e226bec72/snapshot/6ab67aa97c5bbb3be0ad1185
2026-09-25 08:44:41,061 [DEBUG] STATUS 200
2026-09-25 08:44:41,061 [DEBUG] {
  "nodes": [
    {
      "dbPath": "/fimongo1/data",
      "hidden": false,
      "hostname": "mdb8",
      "id": "mdb8:37017",
      "lastAgentPing": "2026-09-25T13:43:43Z",
      "memberState": "SECONDARY",
      "mongodbVersion": "8.0.26",
      "opTime": "2026-09-25T13:43:21Z",
      "oplogStoreType": "thirdPartyOplogStore",
      "port": 37017,
      "priority": 0.0,
      "rsId": "sgcShard_0",
      "snapshotable": true,
      "votes": 1
    },
    {
      "dbPath": "/fimongo1/data",
      "hidden": false,
      "hostname": "mdb7",
      "id": "mdb7:37017",
      "lastAgentPing": "2026-09-25T13:43:54Z",
      "memberState": "SECONDARY",
      "mongodbVersion": "8.0.26",
      "opTime": "2026-09-25T13:43:28Z",
      "oplogStoreType": "thirdPartyOplogStore",
      "port": 37017,
      "priority": 1.0,
      "rsId": "configRS",
      "snapshotable": true,
      "votes": 1
    },
    {
      "dbPath": "/fimongo1/data",
      "hidden": false,
      "hostname": "mdb9",
      "id": "mdb9:37017",
      "lastAgentPing": "2026-09-25T13:44:00Z",
      "memberState": "SECONDARY",
      "mongodbVersion": "8.0.26",
      "opTime": "2026-09-25T13:44:16Z",
      "oplogStoreType": "thirdPartyOplogStore",
      "port": 37017,
      "priority": 0.0,
      "rsId": "sgcShard_1",
      "snapshotable": true,
      "votes": 1
    }
  ],
  "state": "PENDING"
}
2026-09-25 08:44:41,061 [INFO] Snapshot state: PENDING
2026-09-25 08:44:51,062 [DEBUG] API GET http://129.40.36.100:8080/api/public/v1.0/backup/third_party/group/6a386221ee19a6537cc68a97/clusters/6a39559ff9f8584e226bec72/snapshot/6ab67aa97c5bbb3be0ad1185
2026-09-25 08:44:51,204 [DEBUG] STATUS 200
2026-09-25 08:44:51,204 [DEBUG] {
  "nodes": [
    {
      "dbPath": "/fimongo1/data",
      "hidden": false,
      "hostname": "mdb8",
      "id": "mdb8:37017",
      "lastAgentPing": "2026-09-25T13:44:44Z",
      "memberState": "SECONDARY",
      "mongodbVersion": "8.0.26",
      "opTime": "2026-09-25T13:43:21Z",
      "oplogStoreType": "thirdPartyOplogStore",
      "port": 37017,
      "priority": 0.0,
      "rsId": "sgcShard_0",
      "snapshotable": true,
      "votes": 1
    },
    {
      "dbPath": "/fimongo1/data",
      "hidden": false,
      "hostname": "mdb7",
      "id": "mdb7:37017",
      "lastAgentPing": "2026-09-25T13:43:54Z",
      "memberState": "SECONDARY",
      "mongodbVersion": "8.0.26",
      "opTime": "2026-09-25T13:43:28Z",
      "oplogStoreType": "thirdPartyOplogStore",
      "port": 37017,
      "priority": 1.0,
      "rsId": "configRS",
      "snapshotable": true,
      "votes": 1
    },
    {
      "dbPath": "/fimongo1/data",
      "hidden": false,
      "hostname": "mdb9",
      "id": "mdb9:37017",
      "lastAgentPing": "2026-09-25T13:44:00Z",
      "memberState": "SECONDARY",
      "mongodbVersion": "8.0.26",
      "opTime": "2026-09-25T13:44:16Z",
      "oplogStoreType": "thirdPartyOplogStore",
      "port": 37017,
      "priority": 0.0,
      "rsId": "sgcShard_1",
      "snapshotable": true,
      "votes": 1
    }
  ],
  "state": "PENDING"
}
2026-09-25 08:44:51,204 [INFO] Snapshot state: PENDING
2026-09-25 08:45:01,205 [DEBUG] API GET http://129.40.36.100:8080/api/public/v1.0/backup/third_party/group/6a386221ee19a6537cc68a97/clusters/6a39559ff9f8584e226bec72/snapshot/6ab67aa97c5bbb3be0ad1185
2026-09-25 08:45:01,341 [DEBUG] STATUS 200
2026-09-25 08:45:01,341 [DEBUG] {
  "nodes": [
    {
      "dbPath": "/fimongo1/data",
      "hidden": false,
      "hostname": "mdb8",
      "id": "mdb8:37017",
      "lastAgentPing": "2026-09-25T13:44:44Z",
      "memberState": "SECONDARY",
      "mongodbVersion": "8.0.26",
      "opTime": "2026-09-25T13:43:21Z",
      "oplogStoreType": "thirdPartyOplogStore",
      "port": 37017,
      "priority": 0.0,
      "rsId": "sgcShard_0",
      "snapshotable": true,
      "votes": 1
    },
    {
      "dbPath": "/fimongo1/data",
      "hidden": false,
      "hostname": "mdb7",
      "id": "mdb7:37017",
      "lastAgentPing": "2026-09-25T13:44:51Z",
      "memberState": "SECONDARY",
      "mongodbVersion": "8.0.26",
      "opTime": "2026-09-25T13:43:28Z",
      "oplogStoreType": "thirdPartyOplogStore",
      "port": 37017,
      "priority": 1.0,
      "rsId": "configRS",
      "snapshotable": true,
      "votes": 1
    },
    {
      "dbPath": "/fimongo1/data",
      "hidden": false,
      "hostname": "mdb9",
      "id": "mdb9:37017",
      "lastAgentPing": "2026-09-25T13:44:00Z",
      "memberState": "SECONDARY",
      "mongodbVersion": "8.0.26",
      "opTime": "2026-09-25T13:44:16Z",
      "oplogStoreType": "thirdPartyOplogStore",
      "port": 37017,
      "priority": 0.0,
      "rsId": "sgcShard_1",
      "snapshotable": true,
      "votes": 1
    }
  ],
  "state": "PENDING"
}
2026-09-25 08:45:01,341 [INFO] Snapshot state: PENDING
2026-09-25 08:45:11,342 [DEBUG] API GET http://129.40.36.100:8080/api/public/v1.0/backup/third_party/group/6a386221ee19a6537cc68a97/clusters/6a39559ff9f8584e226bec72/snapshot/6ab67aa97c5bbb3be0ad1185
2026-09-25 08:45:11,497 [DEBUG] STATUS 200
2026-09-25 08:45:11,497 [DEBUG] {
  "nodes": [
    {
      "dbPath": "/fimongo1/data",
      "hidden": false,
      "hostname": "mdb8",
      "id": "mdb8:37017",
      "lastAgentPing": "2026-09-25T13:44:44Z",
      "memberState": "SECONDARY",
      "mongodbVersion": "8.0.26",
      "opTime": "2026-09-25T13:43:21Z",
      "oplogStoreType": "thirdPartyOplogStore",
      "port": 37017,
      "priority": 0.0,
      "rsId": "sgcShard_0",
      "snapshotable": true,
      "votes": 1
    },
    {
      "dbPath": "/fimongo1/data",
      "hidden": false,
      "hostname": "mdb7",
      "id": "mdb7:37017",
      "lastAgentPing": "2026-09-25T13:44:51Z",
      "memberState": "SECONDARY",
      "mongodbVersion": "8.0.26",
      "opTime": "2026-09-25T13:43:28Z",
      "oplogStoreType": "thirdPartyOplogStore",
      "port": 37017,
      "priority": 1.0,
      "rsId": "configRS",
      "snapshotable": true,
      "votes": 1
    },
    {
      "dbPath": "/fimongo1/data",
      "hidden": false,
      "hostname": "mdb9",
      "id": "mdb9:37017",
      "lastAgentPing": "2026-09-25T13:45:01Z",
      "memberState": "SECONDARY",
      "mongodbVersion": "8.0.26",
      "opTime": "2026-09-25T13:44:16Z",
      "oplogStoreType": "thirdPartyOplogStore",
      "port": 37017,
      "priority": 0.0,
      "rsId": "sgcShard_1",
      "snapshotable": true,
      "votes": 1
    }
  ],
  "state": "PENDING"
}
2026-09-25 08:45:11,497 [INFO] Snapshot state: PENDING
2026-09-25 08:45:21,498 [DEBUG] API GET http://129.40.36.100:8080/api/public/v1.0/backup/third_party/group/6a386221ee19a6537cc68a97/clusters/6a39559ff9f8584e226bec72/snapshot/6ab67aa97c5bbb3be0ad1185
2026-09-25 08:45:21,686 [DEBUG] STATUS 200
2026-09-25 08:45:21,687 [DEBUG] {
  "nodes": [
    {
      "dbPath": "/fimongo1/data",
      "hidden": false,
      "hostname": "mdb8",
      "id": "mdb8:37017",
      "lastAgentPing": "2026-09-25T13:44:44Z",
      "memberState": "SECONDARY",
      "mongodbVersion": "8.0.26",
      "opTime": "2026-09-25T13:43:21Z",
      "oplogStoreType": "thirdPartyOplogStore",
      "port": 37017,
      "priority": 0.0,
      "rsId": "sgcShard_0",
      "snapshotable": true,
      "votes": 1
    },
    {
      "dbPath": "/fimongo1/data",
      "hidden": false,
      "hostname": "mdb7",
      "id": "mdb7:37017",
      "lastAgentPing": "2026-09-25T13:44:51Z",
      "memberState": "SECONDARY",
      "mongodbVersion": "8.0.26",
      "opTime": "2026-09-25T13:43:28Z",
      "oplogStoreType": "thirdPartyOplogStore",
      "port": 37017,
      "priority": 1.0,
      "rsId": "configRS",
      "snapshotable": true,
      "votes": 1
    },
    {
      "dbPath": "/fimongo1/data",
      "hidden": false,
      "hostname": "mdb9",
      "id": "mdb9:37017",
      "lastAgentPing": "2026-09-25T13:45:01Z",
      "memberState": "SECONDARY",
      "mongodbVersion": "8.0.26",
      "opTime": "2026-09-25T13:44:16Z",
      "oplogStoreType": "thirdPartyOplogStore",
      "port": 37017,
      "priority": 0.0,
      "rsId": "sgcShard_1",
      "snapshotable": true,
      "votes": 1
    }
  ],
  "state": "PENDING"
}
2026-09-25 08:45:21,687 [INFO] Snapshot state: PENDING
2026-09-25 08:45:31,687 [DEBUG] API GET http://129.40.36.100:8080/api/public/v1.0/backup/third_party/group/6a386221ee19a6537cc68a97/clusters/6a39559ff9f8584e226bec72/snapshot/6ab67aa97c5bbb3be0ad1185
2026-09-25 08:45:31,836 [DEBUG] STATUS 200
2026-09-25 08:45:31,837 [DEBUG] {
  "nodes": [
    {
      "dbPath": "/fimongo1/data",
      "hidden": false,
      "hostname": "mdb8",
      "id": "mdb8:37017",
      "lastAgentPing": "2026-09-25T13:44:44Z",
      "memberState": "SECONDARY",
      "mongodbVersion": "8.0.26",
      "opTime": "2026-09-25T13:43:21Z",
      "oplogStoreType": "thirdPartyOplogStore",
      "port": 37017,
      "priority": 0.0,
      "rsId": "sgcShard_0",
      "snapshotable": true,
      "votes": 1
    },
    {
      "dbPath": "/fimongo1/data",
      "hidden": false,
      "hostname": "mdb7",
      "id": "mdb7:37017",
      "lastAgentPing": "2026-09-25T13:44:51Z",
      "memberState": "SECONDARY",
      "mongodbVersion": "8.0.26",
      "opTime": "2026-09-25T13:43:28Z",
      "oplogStoreType": "thirdPartyOplogStore",
      "port": 37017,
      "priority": 1.0,
      "rsId": "configRS",
      "snapshotable": true,
      "votes": 1
    },
    {
      "dbPath": "/fimongo1/data",
      "hidden": false,
      "hostname": "mdb9",
      "id": "mdb9:37017",
      "lastAgentPing": "2026-09-25T13:45:01Z",
      "memberState": "SECONDARY",
      "mongodbVersion": "8.0.26",
      "opTime": "2026-09-25T13:44:16Z",
      "oplogStoreType": "thirdPartyOplogStore",
      "port": 37017,
      "priority": 0.0,
      "rsId": "sgcShard_1",
      "snapshotable": true,
      "votes": 1
    }
  ],
  "state": "PENDING"
}
2026-09-25 08:45:31,837 [INFO] Snapshot state: PENDING
2026-09-25 08:45:41,837 [DEBUG] API GET http://129.40.36.100:8080/api/public/v1.0/backup/third_party/group/6a386221ee19a6537cc68a97/clusters/6a39559ff9f8584e226bec72/snapshot/6ab67aa97c5bbb3be0ad1185
2026-09-25 08:45:41,975 [DEBUG] STATUS 200
2026-09-25 08:45:41,975 [DEBUG] {
  "nodes": [
    {
      "dbPath": "/fimongo1/data",
      "hidden": false,
      "hostname": "mdb8",
      "id": "mdb8:37017",
      "lastAgentPing": "2026-09-25T13:44:44Z",
      "memberState": "SECONDARY",
      "mongodbVersion": "8.0.26",
      "opTime": "2026-09-25T13:43:21Z",
      "oplogStoreType": "thirdPartyOplogStore",
      "port": 37017,
      "priority": 0.0,
      "rsId": "sgcShard_0",
      "snapshotable": true,
      "votes": 1
    },
    {
      "dbPath": "/fimongo1/data",
      "hidden": false,
      "hostname": "mdb7",
      "id": "mdb7:37017",
      "lastAgentPing": "2026-09-25T13:44:51Z",
      "memberState": "SECONDARY",
      "mongodbVersion": "8.0.26",
      "opTime": "2026-09-25T13:43:28Z",
      "oplogStoreType": "thirdPartyOplogStore",
      "port": 37017,
      "priority": 1.0,
      "rsId": "configRS",
      "snapshotable": true,
      "votes": 1
    },
    {
      "dbPath": "/fimongo1/data",
      "hidden": false,
      "hostname": "mdb9",
      "id": "mdb9:37017",
      "lastAgentPing": "2026-09-25T13:45:01Z",
      "memberState": "SECONDARY",
      "mongodbVersion": "8.0.26",
      "opTime": "2026-09-25T13:44:16Z",
      "oplogStoreType": "thirdPartyOplogStore",
      "port": 37017,
      "priority": 0.0,
      "rsId": "sgcShard_1",
      "snapshotable": true,
      "votes": 1
    }
  ],
  "state": "PENDING"
}
2026-09-25 08:45:41,975 [INFO] Snapshot state: PENDING
2026-09-25 08:45:51,976 [DEBUG] API GET http://129.40.36.100:8080/api/public/v1.0/backup/third_party/group/6a386221ee19a6537cc68a97/clusters/6a39559ff9f8584e226bec72/snapshot/6ab67aa97c5bbb3be0ad1185
2026-09-25 08:45:52,109 [DEBUG] STATUS 200
2026-09-25 08:45:52,110 [DEBUG] {
  "nodes": [
    {
      "dbPath": "/fimongo1/data",
      "hidden": false,
      "hostname": "mdb8",
      "id": "mdb8:37017",
      "lastAgentPing": "2026-09-25T13:45:44Z",
      "memberState": "SECONDARY",
      "mongodbVersion": "8.0.26",
      "opTime": "2026-09-25T13:43:21Z",
      "oplogStoreType": "thirdPartyOplogStore",
      "port": 37017,
      "priority": 0.0,
      "rsId": "sgcShard_0",
      "snapshotable": true,
      "votes": 1
    },
    {
      "dbPath": "/fimongo1/data",
      "hidden": false,
      "hostname": "mdb7",
      "id": "mdb7:37017",
      "lastAgentPing": "2026-09-25T13:45:49Z",
      "memberState": "SECONDARY",
      "mongodbVersion": "8.0.26",
      "opTime": "2026-09-25T13:43:28Z",
      "oplogStoreType": "thirdPartyOplogStore",
      "port": 37017,
      "priority": 1.0,
      "rsId": "configRS",
      "snapshotable": true,
      "votes": 1
    },
    {
      "dbPath": "/fimongo1/data",
      "hidden": false,
      "hostname": "mdb9",
      "id": "mdb9:37017",
      "lastAgentPing": "2026-09-25T13:45:01Z",
      "memberState": "SECONDARY",
      "mongodbVersion": "8.0.26",
      "opTime": "2026-09-25T13:44:16Z",
      "oplogStoreType": "thirdPartyOplogStore",
      "port": 37017,
      "priority": 0.0,
      "rsId": "sgcShard_1",
      "snapshotable": true,
      "votes": 1
    }
  ],
  "state": "PENDING"
}
2026-09-25 08:45:52,110 [INFO] Snapshot state: PENDING
2026-09-25 08:46:02,111 [DEBUG] API GET http://129.40.36.100:8080/api/public/v1.0/backup/third_party/group/6a386221ee19a6537cc68a97/clusters/6a39559ff9f8584e226bec72/snapshot/6ab67aa97c5bbb3be0ad1185
2026-09-25 08:46:02,242 [DEBUG] STATUS 200
2026-09-25 08:46:02,243 [DEBUG] {
  "nodes": [
    {
      "dbPath": "/fimongo1/data",
      "hidden": false,
      "hostname": "mdb8",
      "id": "mdb8:37017",
      "lastAgentPing": "2026-09-25T13:45:44Z",
      "memberState": "SECONDARY",
      "mongodbVersion": "8.0.26",
      "opTime": "2026-09-25T13:43:21Z",
      "oplogStoreType": "thirdPartyOplogStore",
      "port": 37017,
      "priority": 0.0,
      "rsId": "sgcShard_0",
      "snapshotable": true,
      "votes": 1
    },
    {
      "dbPath": "/fimongo1/data",
      "hidden": false,
      "hostname": "mdb7",
      "id": "mdb7:37017",
      "lastAgentPing": "2026-09-25T13:45:49Z",
      "memberState": "SECONDARY",
      "mongodbVersion": "8.0.26",
      "opTime": "2026-09-25T13:43:28Z",
      "oplogStoreType": "thirdPartyOplogStore",
      "port": 37017,
      "priority": 1.0,
      "rsId": "configRS",
      "snapshotable": true,
      "votes": 1
    },
    {
      "dbPath": "/fimongo1/data",
      "hidden": false,
      "hostname": "mdb9",
      "id": "mdb9:37017",
      "lastAgentPing": "2026-09-25T13:45:01Z",
      "memberState": "SECONDARY",
      "mongodbVersion": "8.0.26",
      "opTime": "2026-09-25T13:44:16Z",
      "oplogStoreType": "thirdPartyOplogStore",
      "port": 37017,
      "priority": 0.0,
      "rsId": "sgcShard_1",
      "snapshotable": true,
      "votes": 1
    }
  ],
  "state": "PENDING"
}
2026-09-25 08:46:02,243 [INFO] Snapshot state: PENDING
2026-09-25 08:46:12,243 [DEBUG] API GET http://129.40.36.100:8080/api/public/v1.0/backup/third_party/group/6a386221ee19a6537cc68a97/clusters/6a39559ff9f8584e226bec72/snapshot/6ab67aa97c5bbb3be0ad1185
2026-09-25 08:46:12,379 [DEBUG] STATUS 200
2026-09-25 08:46:12,379 [DEBUG] {
  "nodes": [
    {
      "dbPath": "/fimongo1/data",
      "hidden": false,
      "hostname": "mdb8",
      "id": "mdb8:37017",
      "lastAgentPing": "2026-09-25T13:45:44Z",
      "memberState": "SECONDARY",
      "mongodbVersion": "8.0.26",
      "opTime": "2026-09-25T13:43:21Z",
      "oplogStoreType": "thirdPartyOplogStore",
      "port": 37017,
      "priority": 0.0,
      "rsId": "sgcShard_0",
      "snapshotable": true,
      "votes": 1
    },
    {
      "dbPath": "/fimongo1/data",
      "hidden": false,
      "hostname": "mdb7",
      "id": "mdb7:37017",
      "lastAgentPing": "2026-09-25T13:45:49Z",
      "memberState": "SECONDARY",
      "mongodbVersion": "8.0.26",
      "opTime": "2026-09-25T13:43:28Z",
      "oplogStoreType": "thirdPartyOplogStore",
      "port": 37017,
      "priority": 1.0,
      "rsId": "configRS",
      "snapshotable": true,
      "votes": 1
    },
    {
      "dbPath": "/fimongo1/data",
      "hidden": false,
      "hostname": "mdb9",
      "id": "mdb9:37017",
      "lastAgentPing": "2026-09-25T13:46:04Z",
      "memberState": "SECONDARY",
      "mongodbVersion": "8.0.26",
      "opTime": "2026-09-25T13:44:16Z",
      "oplogStoreType": "thirdPartyOplogStore",
      "port": 37017,
      "priority": 0.0,
      "rsId": "sgcShard_1",
      "snapshotable": true,
      "votes": 1
    }
  ],
  "state": "PENDING"
}
2026-09-25 08:46:12,380 [INFO] Snapshot state: PENDING
2026-09-25 08:46:22,380 [DEBUG] API GET http://129.40.36.100:8080/api/public/v1.0/backup/third_party/group/6a386221ee19a6537cc68a97/clusters/6a39559ff9f8584e226bec72/snapshot/6ab67aa97c5bbb3be0ad1185
2026-09-25 08:46:22,574 [DEBUG] STATUS 200
2026-09-25 08:46:22,574 [DEBUG] {
  "nodes": [
    {
      "dbPath": "/fimongo1/data",
      "hidden": false,
      "hostname": "mdb8",
      "id": "mdb8:37017",
      "lastAgentPing": "2026-09-25T13:45:44Z",
      "memberState": "SECONDARY",
      "mongodbVersion": "8.0.26",
      "opTime": "2026-09-25T13:43:21Z",
      "oplogStoreType": "thirdPartyOplogStore",
      "port": 37017,
      "priority": 0.0,
      "rsId": "sgcShard_0",
      "snapshotable": true,
      "votes": 1
    },
    {
      "dbPath": "/fimongo1/data",
      "hidden": false,
      "hostname": "mdb7",
      "id": "mdb7:37017",
      "lastAgentPing": "2026-09-25T13:45:49Z",
      "memberState": "SECONDARY",
      "mongodbVersion": "8.0.26",
      "opTime": "2026-09-25T13:43:28Z",
      "oplogStoreType": "thirdPartyOplogStore",
      "port": 37017,
      "priority": 1.0,
      "rsId": "configRS",
      "snapshotable": true,
      "votes": 1
    },
    {
      "dbPath": "/fimongo1/data",
      "hidden": false,
      "hostname": "mdb9",
      "id": "mdb9:37017",
      "lastAgentPing": "2026-09-25T13:46:04Z",
      "memberState": "SECONDARY",
      "mongodbVersion": "8.0.26",
      "opTime": "2026-09-25T13:44:16Z",
      "oplogStoreType": "thirdPartyOplogStore",
      "port": 37017,
      "priority": 0.0,
      "rsId": "sgcShard_1",
      "snapshotable": true,
      "votes": 1
    }
  ],
  "state": "PENDING"
}
2026-09-25 08:46:22,575 [INFO] Snapshot state: PENDING
2026-09-25 08:46:32,575 [DEBUG] API GET http://129.40.36.100:8080/api/public/v1.0/backup/third_party/group/6a386221ee19a6537cc68a97/clusters/6a39559ff9f8584e226bec72/snapshot/6ab67aa97c5bbb3be0ad1185
2026-09-25 08:46:32,712 [DEBUG] STATUS 200
2026-09-25 08:46:32,712 [DEBUG] {
  "nodes": [
    {
      "dbPath": "/fimongo1/data",
      "hidden": false,
      "hostname": "mdb8",
      "id": "mdb8:37017",
      "lastAgentPing": "2026-09-25T13:45:44Z",
      "memberState": "SECONDARY",
      "mongodbVersion": "8.0.26",
      "opTime": "2026-09-25T13:43:21Z",
      "oplogStoreType": "thirdPartyOplogStore",
      "port": 37017,
      "priority": 0.0,
      "rsId": "sgcShard_0",
      "snapshotable": true,
      "votes": 1
    },
    {
      "dbPath": "/fimongo1/data",
      "hidden": false,
      "hostname": "mdb7",
      "id": "mdb7:37017",
      "lastAgentPing": "2026-09-25T13:45:49Z",
      "memberState": "SECONDARY",
      "mongodbVersion": "8.0.26",
      "opTime": "2026-09-25T13:43:28Z",
      "oplogStoreType": "thirdPartyOplogStore",
      "port": 37017,
      "priority": 1.0,
      "rsId": "configRS",
      "snapshotable": true,
      "votes": 1
    },
    {
      "dbPath": "/fimongo1/data",
      "hidden": false,
      "hostname": "mdb9",
      "id": "mdb9:37017",
      "lastAgentPing": "2026-09-25T13:46:04Z",
      "memberState": "SECONDARY",
      "mongodbVersion": "8.0.26",
      "opTime": "2026-09-25T13:44:16Z",
      "oplogStoreType": "thirdPartyOplogStore",
      "port": 37017,
      "priority": 0.0,
      "rsId": "sgcShard_1",
      "snapshotable": true,
      "votes": 1
    }
  ],
  "state": "PENDING"
}
2026-09-25 08:46:32,712 [INFO] Snapshot state: PENDING
2026-09-25 08:46:42,713 [DEBUG] API GET http://129.40.36.100:8080/api/public/v1.0/backup/third_party/group/6a386221ee19a6537cc68a97/clusters/6a39559ff9f8584e226bec72/snapshot/6ab67aa97c5bbb3be0ad1185
2026-09-25 08:46:42,847 [DEBUG] STATUS 200
2026-09-25 08:46:42,847 [DEBUG] {
  "nodes": [
    {
      "dbPath": "/fimongo1/data",
      "hidden": false,
      "hostname": "mdb8",
      "id": "mdb8:37017",
      "lastAgentPing": "2026-09-25T13:45:44Z",
      "memberState": "SECONDARY",
      "mongodbVersion": "8.0.26",
      "opTime": "2026-09-25T13:43:21Z",
      "oplogStoreType": "thirdPartyOplogStore",
      "port": 37017,
      "priority": 0.0,
      "rsId": "sgcShard_0",
      "snapshotable": true,
      "votes": 1
    },
    {
      "dbPath": "/fimongo1/data",
      "hidden": false,
      "hostname": "mdb7",
      "id": "mdb7:37017",
      "lastAgentPing": "2026-09-25T13:45:49Z",
      "memberState": "SECONDARY",
      "mongodbVersion": "8.0.26",
      "opTime": "2026-09-25T13:43:28Z",
      "oplogStoreType": "thirdPartyOplogStore",
      "port": 37017,
      "priority": 1.0,
      "rsId": "configRS",
      "snapshotable": true,
      "votes": 1
    },
    {
      "dbPath": "/fimongo1/data",
      "hidden": false,
      "hostname": "mdb9",
      "id": "mdb9:37017",
      "lastAgentPing": "2026-09-25T13:46:04Z",
      "memberState": "SECONDARY",
      "mongodbVersion": "8.0.26",
      "opTime": "2026-09-25T13:44:16Z",
      "oplogStoreType": "thirdPartyOplogStore",
      "port": 37017,
      "priority": 0.0,
      "rsId": "sgcShard_1",
      "snapshotable": true,
      "votes": 1
    }
  ],
  "state": "PENDING"
}
2026-09-25 08:46:42,848 [INFO] Snapshot state: PENDING
2026-09-25 08:46:52,848 [DEBUG] API GET http://129.40.36.100:8080/api/public/v1.0/backup/third_party/group/6a386221ee19a6537cc68a97/clusters/6a39559ff9f8584e226bec72/snapshot/6ab67aa97c5bbb3be0ad1185
2026-09-25 08:46:52,985 [DEBUG] STATUS 200
2026-09-25 08:46:52,985 [DEBUG] {
  "nodes": [
    {
      "dbPath": "/fimongo1/data",
      "hidden": false,
      "hostname": "mdb8",
      "id": "mdb8:37017",
      "lastAgentPing": "2026-09-25T13:46:45Z",
      "memberState": "SECONDARY",
      "mongodbVersion": "8.0.26",
      "opTime": "2026-09-25T13:43:21Z",
      "oplogStoreType": "thirdPartyOplogStore",
      "port": 37017,
      "priority": 0.0,
      "rsId": "sgcShard_0",
      "snapshotable": true,
      "votes": 1
    },
    {
      "dbPath": "/fimongo1/data",
      "hidden": false,
      "hostname": "mdb7",
      "id": "mdb7:37017",
      "lastAgentPing": "2026-09-25T13:46:49Z",
      "memberState": "SECONDARY",
      "mongodbVersion": "8.0.26",
      "opTime": "2026-09-25T13:43:28Z",
      "oplogStoreType": "thirdPartyOplogStore",
      "port": 37017,
      "priority": 1.0,
      "rsId": "configRS",
      "snapshotable": true,
      "votes": 1
    },
    {
      "dbPath": "/fimongo1/data",
      "hidden": false,
      "hostname": "mdb9",
      "id": "mdb9:37017",
      "lastAgentPing": "2026-09-25T13:46:04Z",
      "memberState": "SECONDARY",
      "mongodbVersion": "8.0.26",
      "opTime": "2026-09-25T13:44:16Z",
      "oplogStoreType": "thirdPartyOplogStore",
      "port": 37017,
      "priority": 0.0,
      "rsId": "sgcShard_1",
      "snapshotable": true,
      "votes": 1
    }
  ],
  "state": "PENDING"
}
2026-09-25 08:46:52,985 [INFO] Snapshot state: PENDING
2026-09-25 08:47:02,986 [DEBUG] API GET http://129.40.36.100:8080/api/public/v1.0/backup/third_party/group/6a386221ee19a6537cc68a97/clusters/6a39559ff9f8584e226bec72/snapshot/6ab67aa97c5bbb3be0ad1185
2026-09-25 08:47:03,116 [DEBUG] STATUS 200
2026-09-25 08:47:03,116 [DEBUG] {
  "nodes": [
    {
      "dbPath": "/fimongo1/data",
      "hidden": false,
      "hostname": "mdb8",
      "id": "mdb8:37017",
      "lastAgentPing": "2026-09-25T13:46:45Z",
      "memberState": "SECONDARY",
      "mongodbVersion": "8.0.26",
      "opTime": "2026-09-25T13:43:21Z",
      "oplogStoreType": "thirdPartyOplogStore",
      "port": 37017,
      "priority": 0.0,
      "rsId": "sgcShard_0",
      "snapshotable": true,
      "votes": 1
    },
    {
      "dbPath": "/fimongo1/data",
      "hidden": false,
      "hostname": "mdb7",
      "id": "mdb7:37017",
      "lastAgentPing": "2026-09-25T13:46:49Z",
      "memberState": "SECONDARY",
      "mongodbVersion": "8.0.26",
      "opTime": "2026-09-25T13:43:28Z",
      "oplogStoreType": "thirdPartyOplogStore",
      "port": 37017,
      "priority": 1.0,
      "rsId": "configRS",
      "snapshotable": true,
      "votes": 1
    },
    {
      "dbPath": "/fimongo1/data",
      "hidden": false,
      "hostname": "mdb9",
      "id": "mdb9:37017",
      "lastAgentPing": "2026-09-25T13:46:04Z",
      "memberState": "SECONDARY",
      "mongodbVersion": "8.0.26",
      "opTime": "2026-09-25T13:44:16Z",
      "oplogStoreType": "thirdPartyOplogStore",
      "port": 37017,
      "priority": 0.0,
      "rsId": "sgcShard_1",
      "snapshotable": true,
      "votes": 1
    }
  ],
  "state": "PENDING"
}
2026-09-25 08:47:03,116 [INFO] Snapshot state: PENDING
2026-09-25 08:47:13,117 [DEBUG] API GET http://129.40.36.100:8080/api/public/v1.0/backup/third_party/group/6a386221ee19a6537cc68a97/clusters/6a39559ff9f8584e226bec72/snapshot/6ab67aa97c5bbb3be0ad1185
2026-09-25 08:47:13,252 [DEBUG] STATUS 200
2026-09-25 08:47:13,253 [DEBUG] {
  "nodes": [
    {
      "dbPath": "/fimongo1/data",
      "hidden": false,
      "hostname": "mdb8",
      "id": "mdb8:37017",
      "lastAgentPing": "2026-09-25T13:46:45Z",
      "memberState": "SECONDARY",
      "mongodbVersion": "8.0.26",
      "opTime": "2026-09-25T13:43:21Z",
      "oplogStoreType": "thirdPartyOplogStore",
      "port": 37017,
      "priority": 0.0,
      "rsId": "sgcShard_0",
      "snapshotable": true,
      "votes": 1
    },
    {
      "dbPath": "/fimongo1/data",
      "hidden": false,
      "hostname": "mdb7",
      "id": "mdb7:37017",
      "lastAgentPing": "2026-09-25T13:46:49Z",
      "memberState": "SECONDARY",
      "mongodbVersion": "8.0.26",
      "opTime": "2026-09-25T13:43:28Z",
      "oplogStoreType": "thirdPartyOplogStore",
      "port": 37017,
      "priority": 1.0,
      "rsId": "configRS",
      "snapshotable": true,
      "votes": 1
    },
    {
      "dbPath": "/fimongo1/data",
      "hidden": false,
      "hostname": "mdb9",
      "id": "mdb9:37017",
      "lastAgentPing": "2026-09-25T13:47:05Z",
      "memberState": "SECONDARY",
      "mongodbVersion": "8.0.26",
      "opTime": "2026-09-25T13:44:16Z",
      "oplogStoreType": "thirdPartyOplogStore",
      "port": 37017,
      "priority": 0.0,
      "rsId": "sgcShard_1",
      "snapshotable": true,
      "votes": 1
    }
  ],
  "state": "PENDING"
}
2026-09-25 08:47:13,253 [INFO] Snapshot state: PENDING
2026-09-25 08:47:23,254 [DEBUG] API GET http://129.40.36.100:8080/api/public/v1.0/backup/third_party/group/6a386221ee19a6537cc68a97/clusters/6a39559ff9f8584e226bec72/snapshot/6ab67aa97c5bbb3be0ad1185
2026-09-25 08:47:23,443 [DEBUG] STATUS 200
2026-09-25 08:47:23,443 [DEBUG] {
  "nodes": [
    {
      "dbPath": "/fimongo1/data",
      "hidden": false,
      "hostname": "mdb8",
      "id": "mdb8:37017",
      "lastAgentPing": "2026-09-25T13:46:45Z",
      "memberState": "SECONDARY",
      "mongodbVersion": "8.0.26",
      "opTime": "2026-09-25T13:47:11Z",
      "oplogStoreType": "thirdPartyOplogStore",
      "port": 37017,
      "priority": 0.0,
      "rsId": "sgcShard_0",
      "snapshotable": true,
      "votes": 1
    },
    {
      "dbPath": "/fimongo1/data",
      "hidden": false,
      "hostname": "mdb7",
      "id": "mdb7:37017",
      "lastAgentPing": "2026-09-25T13:46:49Z",
      "memberState": "SECONDARY",
      "mongodbVersion": "8.0.26",
      "opTime": "2026-09-25T13:47:15Z",
      "oplogStoreType": "thirdPartyOplogStore",
      "port": 37017,
      "priority": 1.0,
      "rsId": "configRS",
      "snapshotable": true,
      "votes": 1
    },
    {
      "dbPath": "/fimongo1/data",
      "hidden": false,
      "hostname": "mdb9",
      "id": "mdb9:37017",
      "lastAgentPing": "2026-09-25T13:47:05Z",
      "memberState": "SECONDARY",
      "mongodbVersion": "8.0.26",
      "opTime": "2026-09-25T13:44:16Z",
      "oplogStoreType": "thirdPartyOplogStore",
      "port": 37017,
      "priority": 0.0,
      "rsId": "sgcShard_1",
      "snapshotable": true,
      "votes": 1
    }
  ],
  "state": "PENDING"
}
2026-09-25 08:47:23,444 [INFO] Snapshot state: PENDING
2026-09-25 08:47:33,444 [DEBUG] API GET http://129.40.36.100:8080/api/public/v1.0/backup/third_party/group/6a386221ee19a6537cc68a97/clusters/6a39559ff9f8584e226bec72/snapshot/6ab67aa97c5bbb3be0ad1185
2026-09-25 08:47:33,576 [DEBUG] STATUS 200
2026-09-25 08:47:33,576 [DEBUG] {
  "nodes": [
    {
      "dbPath": "/fimongo1/data",
      "hidden": false,
      "hostname": "mdb8",
      "id": "mdb8:37017",
      "lastAgentPing": "2026-09-25T13:46:45Z",
      "memberState": "SECONDARY",
      "mongodbVersion": "8.0.26",
      "opTime": "2026-09-25T13:47:11Z",
      "oplogStoreType": "thirdPartyOplogStore",
      "port": 37017,
      "priority": 0.0,
      "rsId": "sgcShard_0",
      "snapshotable": true,
      "votes": 1
    },
    {
      "dbPath": "/fimongo1/data",
      "hidden": false,
      "hostname": "mdb7",
      "id": "mdb7:37017",
      "lastAgentPing": "2026-09-25T13:46:49Z",
      "memberState": "SECONDARY",
      "mongodbVersion": "8.0.26",
      "opTime": "2026-09-25T13:47:15Z",
      "oplogStoreType": "thirdPartyOplogStore",
      "port": 37017,
      "priority": 1.0,
      "rsId": "configRS",
      "snapshotable": true,
      "votes": 1
    },
    {
      "dbPath": "/fimongo1/data",
      "hidden": false,
      "hostname": "mdb9",
      "id": "mdb9:37017",
      "lastAgentPing": "2026-09-25T13:47:05Z",
      "memberState": "SECONDARY",
      "mongodbVersion": "8.0.26",
      "opTime": "2026-09-25T13:44:16Z",
      "oplogStoreType": "thirdPartyOplogStore",
      "port": 37017,
      "priority": 0.0,
      "rsId": "sgcShard_1",
      "snapshotable": true,
      "votes": 1
    }
  ],
  "state": "PENDING"
}
2026-09-25 08:47:33,576 [INFO] Snapshot state: PENDING
2026-09-25 08:47:43,577 [DEBUG] API GET http://129.40.36.100:8080/api/public/v1.0/backup/third_party/group/6a386221ee19a6537cc68a97/clusters/6a39559ff9f8584e226bec72/snapshot/6ab67aa97c5bbb3be0ad1185
2026-09-25 08:47:43,711 [DEBUG] STATUS 200
2026-09-25 08:47:43,711 [DEBUG] {
  "nodes": [
    {
      "dbPath": "/fimongo1/data",
      "hidden": false,
      "hostname": "mdb8",
      "id": "mdb8:37017",
      "lastAgentPing": "2026-09-25T13:46:45Z",
      "memberState": "SECONDARY",
      "mongodbVersion": "8.0.26",
      "opTime": "2026-09-25T13:47:11Z",
      "oplogStoreType": "thirdPartyOplogStore",
      "port": 37017,
      "priority": 0.0,
      "rsId": "sgcShard_0",
      "snapshotable": true,
      "votes": 1
    },
    {
      "dbPath": "/fimongo1/data",
      "hidden": false,
      "hostname": "mdb7",
      "id": "mdb7:37017",
      "lastAgentPing": "2026-09-25T13:46:49Z",
      "memberState": "SECONDARY",
      "mongodbVersion": "8.0.26",
      "opTime": "2026-09-25T13:47:15Z",
      "oplogStoreType": "thirdPartyOplogStore",
      "port": 37017,
      "priority": 1.0,
      "rsId": "configRS",
      "snapshotable": true,
      "votes": 1
    },
    {
      "dbPath": "/fimongo1/data",
      "hidden": false,
      "hostname": "mdb9",
      "id": "mdb9:37017",
      "lastAgentPing": "2026-09-25T13:47:05Z",
      "memberState": "SECONDARY",
      "mongodbVersion": "8.0.26",
      "opTime": "2026-09-25T13:44:16Z",
      "oplogStoreType": "thirdPartyOplogStore",
      "port": 37017,
      "priority": 0.0,
      "rsId": "sgcShard_1",
      "snapshotable": true,
      "votes": 1
    }
  ],
  "state": "PENDING"
}
2026-09-25 08:47:43,712 [INFO] Snapshot state: PENDING
2026-09-25 08:47:53,712 [DEBUG] API GET http://129.40.36.100:8080/api/public/v1.0/backup/third_party/group/6a386221ee19a6537cc68a97/clusters/6a39559ff9f8584e226bec72/snapshot/6ab67aa97c5bbb3be0ad1185
2026-09-25 08:47:53,849 [DEBUG] STATUS 200
2026-09-25 08:47:53,850 [DEBUG] {
  "nodes": [
    {
      "dbPath": "/fimongo1/data",
      "hidden": false,
      "hostname": "mdb8",
      "id": "mdb8:37017",
      "lastAgentPing": "2026-09-25T13:47:44Z",
      "memberState": "SECONDARY",
      "mongodbVersion": "8.0.26",
      "opTime": "2026-09-25T13:47:11Z",
      "oplogStoreType": "thirdPartyOplogStore",
      "port": 37017,
      "priority": 0.0,
      "rsId": "sgcShard_0",
      "snapshotable": true,
      "votes": 1
    },
    {
      "dbPath": "/fimongo1/data",
      "hidden": false,
      "hostname": "mdb7",
      "id": "mdb7:37017",
      "lastAgentPing": "2026-09-25T13:47:47Z",
      "memberState": "SECONDARY",
      "mongodbVersion": "8.0.26",
      "opTime": "2026-09-25T13:47:15Z",
      "oplogStoreType": "thirdPartyOplogStore",
      "port": 37017,
      "priority": 1.0,
      "rsId": "configRS",
      "snapshotable": true,
      "votes": 1
    },
    {
      "dbPath": "/fimongo1/data",
      "hidden": false,
      "hostname": "mdb9",
      "id": "mdb9:37017",
      "lastAgentPing": "2026-09-25T13:47:05Z",
      "memberState": "SECONDARY",
      "mongodbVersion": "8.0.26",
      "opTime": "2026-09-25T13:44:16Z",
      "oplogStoreType": "thirdPartyOplogStore",
      "port": 37017,
      "priority": 0.0,
      "rsId": "sgcShard_1",
      "snapshotable": true,
      "votes": 1
    }
  ],
  "state": "PENDING"
}
2026-09-25 08:47:53,850 [INFO] Snapshot state: PENDING
2026-09-25 08:48:03,850 [DEBUG] API GET http://129.40.36.100:8080/api/public/v1.0/backup/third_party/group/6a386221ee19a6537cc68a97/clusters/6a39559ff9f8584e226bec72/snapshot/6ab67aa97c5bbb3be0ad1185
2026-09-25 08:48:03,988 [DEBUG] STATUS 200
2026-09-25 08:48:03,988 [DEBUG] {
  "nodes": [
    {
      "dbPath": "/fimongo1/data",
      "hidden": false,
      "hostname": "mdb8",
      "id": "mdb8:37017",
      "lastAgentPing": "2026-09-25T13:47:44Z",
      "memberState": "SECONDARY",
      "mongodbVersion": "8.0.26",
      "opTime": "2026-09-25T13:47:11Z",
      "oplogStoreType": "thirdPartyOplogStore",
      "port": 37017,
      "priority": 0.0,
      "rsId": "sgcShard_0",
      "snapshotable": true,
      "votes": 1
    },
    {
      "dbPath": "/fimongo1/data",
      "hidden": false,
      "hostname": "mdb7",
      "id": "mdb7:37017",
      "lastAgentPing": "2026-09-25T13:47:47Z",
      "memberState": "SECONDARY",
      "mongodbVersion": "8.0.26",
      "opTime": "2026-09-25T13:47:15Z",
      "oplogStoreType": "thirdPartyOplogStore",
      "port": 37017,
      "priority": 1.0,
      "rsId": "configRS",
      "snapshotable": true,
      "votes": 1
    },
    {
      "dbPath": "/fimongo1/data",
      "hidden": false,
      "hostname": "mdb9",
      "id": "mdb9:37017",
      "lastAgentPing": "2026-09-25T13:47:05Z",
      "memberState": "SECONDARY",
      "mongodbVersion": "8.0.26",
      "opTime": "2026-09-25T13:44:16Z",
      "oplogStoreType": "thirdPartyOplogStore",
      "port": 37017,
      "priority": 0.0,
      "rsId": "sgcShard_1",
      "snapshotable": true,
      "votes": 1
    }
  ],
  "state": "PENDING"
}
2026-09-25 08:48:03,989 [INFO] Snapshot state: PENDING
2026-09-25 08:48:13,989 [DEBUG] API GET http://129.40.36.100:8080/api/public/v1.0/backup/third_party/group/6a386221ee19a6537cc68a97/clusters/6a39559ff9f8584e226bec72/snapshot/6ab67aa97c5bbb3be0ad1185
2026-09-25 08:48:14,124 [DEBUG] STATUS 200
2026-09-25 08:48:14,124 [DEBUG] {
  "nodes": [
    {
      "dbPath": "/fimongo1/data",
      "hidden": false,
      "hostname": "mdb8",
      "id": "mdb8:37017",
      "lastAgentPing": "2026-09-25T13:47:44Z",
      "memberState": "SECONDARY",
      "mongodbVersion": "8.0.26",
      "opTime": "2026-09-25T13:47:11Z",
      "oplogStoreType": "thirdPartyOplogStore",
      "port": 37017,
      "priority": 0.0,
      "rsId": "sgcShard_0",
      "snapshotable": true,
      "votes": 1
    },
    {
      "dbPath": "/fimongo1/data",
      "hidden": false,
      "hostname": "mdb7",
      "id": "mdb7:37017",
      "lastAgentPing": "2026-09-25T13:47:47Z",
      "memberState": "SECONDARY",
      "mongodbVersion": "8.0.26",
      "opTime": "2026-09-25T13:47:15Z",
      "oplogStoreType": "thirdPartyOplogStore",
      "port": 37017,
      "priority": 1.0,
      "rsId": "configRS",
      "snapshotable": true,
      "votes": 1
    },
    {
      "dbPath": "/fimongo1/data",
      "hidden": false,
      "hostname": "mdb9",
      "id": "mdb9:37017",
      "lastAgentPing": "2026-09-25T13:48:05Z",
      "memberState": "SECONDARY",
      "mongodbVersion": "8.0.26",
      "opTime": "2026-09-25T13:44:16Z",
      "oplogStoreType": "thirdPartyOplogStore",
      "port": 37017,
      "priority": 0.0,
      "rsId": "sgcShard_1",
      "snapshotable": true,
      "votes": 1
    }
  ],
  "state": "PENDING"
}
2026-09-25 08:48:14,124 [INFO] Snapshot state: PENDING
2026-09-25 08:48:24,125 [DEBUG] API GET http://129.40.36.100:8080/api/public/v1.0/backup/third_party/group/6a386221ee19a6537cc68a97/clusters/6a39559ff9f8584e226bec72/snapshot/6ab67aa97c5bbb3be0ad1185
2026-09-25 08:48:24,317 [DEBUG] STATUS 200
2026-09-25 08:48:24,317 [DEBUG] {
  "nodes": [
    {
      "dbPath": "/fimongo1/data",
      "hidden": false,
      "hostname": "mdb8",
      "id": "mdb8:37017",
      "lastAgentPing": "2026-09-25T13:47:44Z",
      "memberState": "SECONDARY",
      "mongodbVersion": "8.0.26",
      "opTime": "2026-09-25T13:47:11Z",
      "oplogStoreType": "thirdPartyOplogStore",
      "port": 37017,
      "priority": 0.0,
      "rsId": "sgcShard_0",
      "snapshotable": true,
      "votes": 1
    },
    {
      "dbPath": "/fimongo1/data",
      "hidden": false,
      "hostname": "mdb7",
      "id": "mdb7:37017",
      "lastAgentPing": "2026-09-25T13:47:47Z",
      "memberState": "SECONDARY",
      "mongodbVersion": "8.0.26",
      "opTime": "2026-09-25T13:47:15Z",
      "oplogStoreType": "thirdPartyOplogStore",
      "port": 37017,
      "priority": 1.0,
      "rsId": "configRS",
      "snapshotable": true,
      "votes": 1
    },
    {
      "dbPath": "/fimongo1/data",
      "hidden": false,
      "hostname": "mdb9",
      "id": "mdb9:37017",
      "lastAgentPing": "2026-09-25T13:48:05Z",
      "memberState": "SECONDARY",
      "mongodbVersion": "8.0.26",
      "opTime": "2026-09-25T13:48:06Z",
      "oplogStoreType": "thirdPartyOplogStore",
      "port": 37017,
      "priority": 0.0,
      "rsId": "sgcShard_1",
      "snapshotable": true,
      "votes": 1
    }
  ],
  "state": "PENDING"
}
2026-09-25 08:48:24,318 [INFO] Snapshot state: PENDING
2026-09-25 08:48:34,319 [DEBUG] API GET http://129.40.36.100:8080/api/public/v1.0/backup/third_party/group/6a386221ee19a6537cc68a97/clusters/6a39559ff9f8584e226bec72/snapshot/6ab67aa97c5bbb3be0ad1185
2026-09-25 08:48:34,455 [DEBUG] STATUS 200
2026-09-25 08:48:34,455 [DEBUG] {
  "nodes": [
    {
      "dbPath": "/fimongo1/data",
      "hidden": false,
      "hostname": "mdb8",
      "id": "mdb8:37017",
      "lastAgentPing": "2026-09-25T13:47:44Z",
      "memberState": "SECONDARY",
      "mongodbVersion": "8.0.26",
      "opTime": "2026-09-25T13:47:11Z",
      "oplogStoreType": "thirdPartyOplogStore",
      "port": 37017,
      "priority": 0.0,
      "rsId": "sgcShard_0",
      "snapshotable": true,
      "votes": 1
    },
    {
      "dbPath": "/fimongo1/data",
      "hidden": false,
      "hostname": "mdb7",
      "id": "mdb7:37017",
      "lastAgentPing": "2026-09-25T13:47:47Z",
      "memberState": "SECONDARY",
      "mongodbVersion": "8.0.26",
      "opTime": "2026-09-25T13:47:15Z",
      "oplogStoreType": "thirdPartyOplogStore",
      "port": 37017,
      "priority": 1.0,
      "rsId": "configRS",
      "snapshotable": true,
      "votes": 1
    },
    {
      "dbPath": "/fimongo1/data",
      "hidden": false,
      "hostname": "mdb9",
      "id": "mdb9:37017",
      "lastAgentPing": "2026-09-25T13:48:05Z",
      "memberState": "SECONDARY",
      "mongodbVersion": "8.0.26",
      "opTime": "2026-09-25T13:48:06Z",
      "oplogStoreType": "thirdPartyOplogStore",
      "port": 37017,
      "priority": 0.0,
      "rsId": "sgcShard_1",
      "snapshotable": true,
      "votes": 1
    }
  ],
  "state": "PENDING"
}
2026-09-25 08:48:34,455 [INFO] Snapshot state: PENDING
2026-09-25 08:48:44,456 [DEBUG] API GET http://129.40.36.100:8080/api/public/v1.0/backup/third_party/group/6a386221ee19a6537cc68a97/clusters/6a39559ff9f8584e226bec72/snapshot/6ab67aa97c5bbb3be0ad1185
2026-09-25 08:48:44,595 [DEBUG] STATUS 200
2026-09-25 08:48:44,595 [DEBUG] {
  "nodes": [
    {
      "dbPath": "/fimongo1/data",
      "hidden": false,
      "hostname": "mdb8",
      "id": "mdb8:37017",
      "lastAgentPing": "2026-09-25T13:47:44Z",
      "memberState": "SECONDARY",
      "mongodbVersion": "8.0.26",
      "opTime": "2026-09-25T13:47:11Z",
      "oplogStoreType": "thirdPartyOplogStore",
      "port": 37017,
      "priority": 0.0,
      "rsId": "sgcShard_0",
      "snapshotable": true,
      "votes": 1
    },
    {
      "dbPath": "/fimongo1/data",
      "hidden": false,
      "hostname": "mdb7",
      "id": "mdb7:37017",
      "lastAgentPing": "2026-09-25T13:47:47Z",
      "memberState": "SECONDARY",
      "mongodbVersion": "8.0.26",
      "opTime": "2026-09-25T13:47:15Z",
      "oplogStoreType": "thirdPartyOplogStore",
      "port": 37017,
      "priority": 1.0,
      "rsId": "configRS",
      "snapshotable": true,
      "votes": 1
    },
    {
      "dbPath": "/fimongo1/data",
      "hidden": false,
      "hostname": "mdb9",
      "id": "mdb9:37017",
      "lastAgentPing": "2026-09-25T13:48:05Z",
      "memberState": "SECONDARY",
      "mongodbVersion": "8.0.26",
      "opTime": "2026-09-25T13:48:06Z",
      "oplogStoreType": "thirdPartyOplogStore",
      "port": 37017,
      "priority": 0.0,
      "rsId": "sgcShard_1",
      "snapshotable": true,
      "votes": 1
    }
  ],
  "state": "PENDING"
}
2026-09-25 08:48:44,595 [INFO] Snapshot state: PENDING
2026-09-25 08:48:54,596 [DEBUG] API GET http://129.40.36.100:8080/api/public/v1.0/backup/third_party/group/6a386221ee19a6537cc68a97/clusters/6a39559ff9f8584e226bec72/snapshot/6ab67aa97c5bbb3be0ad1185
2026-09-25 08:48:54,732 [DEBUG] STATUS 200
2026-09-25 08:48:54,732 [DEBUG] {
  "nodes": [
    {
      "dbPath": "/fimongo1/data",
      "hidden": false,
      "hostname": "mdb8",
      "id": "mdb8:37017",
      "lastAgentPing": "2026-09-25T13:48:44Z",
      "memberState": "SECONDARY",
      "mongodbVersion": "8.0.26",
      "opTime": "2026-09-25T13:47:11Z",
      "oplogStoreType": "thirdPartyOplogStore",
      "port": 37017,
      "priority": 0.0,
      "rsId": "sgcShard_0",
      "snapshotable": true,
      "votes": 1
    },
    {
      "dbPath": "/fimongo1/data",
      "hidden": false,
      "hostname": "mdb7",
      "id": "mdb7:37017",
      "lastAgentPing": "2026-09-25T13:48:50Z",
      "memberState": "SECONDARY",
      "mongodbVersion": "8.0.26",
      "opTime": "2026-09-25T13:47:15Z",
      "oplogStoreType": "thirdPartyOplogStore",
      "port": 37017,
      "priority": 1.0,
      "rsId": "configRS",
      "snapshotable": true,
      "votes": 1
    },
    {
      "dbPath": "/fimongo1/data",
      "hidden": false,
      "hostname": "mdb9",
      "id": "mdb9:37017",
      "lastAgentPing": "2026-09-25T13:48:05Z",
      "memberState": "SECONDARY",
      "mongodbVersion": "8.0.26",
      "opTime": "2026-09-25T13:48:06Z",
      "oplogStoreType": "thirdPartyOplogStore",
      "port": 37017,
      "priority": 0.0,
      "rsId": "sgcShard_1",
      "snapshotable": true,
      "votes": 1
    }
  ],
  "state": "PENDING"
}
2026-09-25 08:48:54,732 [INFO] Snapshot state: PENDING
2026-09-25 08:49:04,732 [DEBUG] API GET http://129.40.36.100:8080/api/public/v1.0/backup/third_party/group/6a386221ee19a6537cc68a97/clusters/6a39559ff9f8584e226bec72/snapshot/6ab67aa97c5bbb3be0ad1185
2026-09-25 08:49:04,872 [DEBUG] STATUS 200
2026-09-25 08:49:04,872 [DEBUG] {
  "nodes": [
    {
      "dbPath": "/fimongo1/data",
      "hidden": false,
      "hostname": "mdb8",
      "id": "mdb8:37017",
      "lastAgentPing": "2026-09-25T13:48:44Z",
      "memberState": "SECONDARY",
      "mongodbVersion": "8.0.26",
      "opTime": "2026-09-25T13:47:11Z",
      "oplogStoreType": "thirdPartyOplogStore",
      "port": 37017,
      "priority": 0.0,
      "rsId": "sgcShard_0",
      "snapshotable": true,
      "votes": 1
    },
    {
      "dbPath": "/fimongo1/data",
      "hidden": false,
      "hostname": "mdb7",
      "id": "mdb7:37017",
      "lastAgentPing": "2026-09-25T13:48:50Z",
      "memberState": "SECONDARY",
      "mongodbVersion": "8.0.26",
      "opTime": "2026-09-25T13:47:15Z",
      "oplogStoreType": "thirdPartyOplogStore",
      "port": 37017,
      "priority": 1.0,
      "rsId": "configRS",
      "snapshotable": true,
      "votes": 1
    },
    {
      "dbPath": "/fimongo1/data",
      "hidden": false,
      "hostname": "mdb9",
      "id": "mdb9:37017",
      "lastAgentPing": "2026-09-25T13:48:05Z",
      "memberState": "SECONDARY",
      "mongodbVersion": "8.0.26",
      "opTime": "2026-09-25T13:48:06Z",
      "oplogStoreType": "thirdPartyOplogStore",
      "port": 37017,
      "priority": 0.0,
      "rsId": "sgcShard_1",
      "snapshotable": true,
      "votes": 1
    }
  ],
  "state": "PENDING"
}
2026-09-25 08:49:04,872 [INFO] Snapshot state: PENDING
2026-09-25 08:49:14,873 [DEBUG] API GET http://129.40.36.100:8080/api/public/v1.0/backup/third_party/group/6a386221ee19a6537cc68a97/clusters/6a39559ff9f8584e226bec72/snapshot/6ab67aa97c5bbb3be0ad1185
2026-09-25 08:49:15,011 [DEBUG] STATUS 200
2026-09-25 08:49:15,011 [DEBUG] {
  "nodes": [
    {
      "dbPath": "/fimongo1/data",
      "hidden": false,
      "hostname": "mdb8",
      "id": "mdb8:37017",
      "lastAgentPing": "2026-09-25T13:48:44Z",
      "memberState": "SECONDARY",
      "mongodbVersion": "8.0.26",
      "opTime": "2026-09-25T13:47:11Z",
      "oplogStoreType": "thirdPartyOplogStore",
      "port": 37017,
      "priority": 0.0,
      "rsId": "sgcShard_0",
      "snapshotable": true,
      "votes": 1
    },
    {
      "dbPath": "/fimongo1/data",
      "hidden": false,
      "hostname": "mdb7",
      "id": "mdb7:37017",
      "lastAgentPing": "2026-09-25T13:48:50Z",
      "memberState": "SECONDARY",
      "mongodbVersion": "8.0.26",
      "opTime": "2026-09-25T13:47:15Z",
      "oplogStoreType": "thirdPartyOplogStore",
      "port": 37017,
      "priority": 1.0,
      "rsId": "configRS",
      "snapshotable": true,
      "votes": 1
    },
    {
      "dbPath": "/fimongo1/data",
      "hidden": false,
      "hostname": "mdb9",
      "id": "mdb9:37017",
      "lastAgentPing": "2026-09-25T13:49:04Z",
      "memberState": "SECONDARY",
      "mongodbVersion": "8.0.26",
      "opTime": "2026-09-25T13:48:06Z",
      "oplogStoreType": "thirdPartyOplogStore",
      "port": 37017,
      "priority": 0.0,
      "rsId": "sgcShard_1",
      "snapshotable": true,
      "votes": 1
    }
  ],
  "state": "READY"
}
2026-09-25 08:49:15,012 [INFO] Snapshot state: READY
2026-09-25 08:49:15,012 [INFO] Waiting for fileList on mdb7:37017
2026-09-25 08:49:15,012 [DEBUG] API GET http://129.40.36.100:8080/api/public/v1.0/backup/third_party/group/6a386221ee19a6537cc68a97/clusters/6a39559ff9f8584e226bec72/snapshot/6ab67aa97c5bbb3be0ad1185/mdb7:37017/fileList
2026-09-25 08:49:15,131 [DEBUG] STATUS 200
2026-09-25 08:49:15,132 [DEBUG] {
  "fileList": [
    {
      "fileName": "/fimongo1/data/journal/WiredTigerLog.0000000043",
      "fileSize": 104857600
    },
    {
      "fileName": "/fimongo1/data/WiredTigerHS.wt",
      "fileSize": 36864
    },
    {
      "fileName": "/fimongo1/data/_mdb_catalog.wt",
      "fileSize": 45056
    },
    {
      "fileName": "/fimongo1/data/collection-0-8349017426506583381.wt",
      "fileSize": 40960
    },
    {
      "fileName": "/fimongo1/data/collection-0-8800155628005611892.wt",
      "fileSize": 94208
    },
    {
      "fileName": "/fimongo1/data/collection-10-8349017426506583381.wt",
      "fileSize": 20480
    },
    {
      "fileName": "/fimongo1/data/collection-12-8349017426506583381.wt",
      "fileSize": 36864
    },
    {
      "fileName": "/fimongo1/data/collection-14-8349017426506583381.wt",
      "fileSize": 36864
    },
    {
      "fileName": "/fimongo1/data/collection-18-8349017426506583381.wt",
      "fileSize": 182353920
    },
    {
      "fileName": "/fimongo1/data/collection-19-8349017426506583381.wt",
      "fileSize": 36864
    },
    {
      "fileName": "/fimongo1/data/collection-2-8349017426506583381.wt",
      "fileSize": 36864
    },
    {
      "fileName": "/fimongo1/data/collection-21-8349017426506583381.wt",
      "fileSize": 20480
    },
    {
      "fileName": "/fimongo1/data/collection-23-8349017426506583381.wt",
      "fileSize": 12288
    },
    {
      "fileName": "/fimongo1/data/collection-26-8349017426506583381.wt",
      "fileSize": 4096
    },
    {
      "fileName": "/fimongo1/data/collection-28-8349017426506583381.wt",
      "fileSize": 36864
    },
    {
      "fileName": "/fimongo1/data/collection-30-8349017426506583381.wt",
      "fileSize": 36864
    },
    {
      "fileName": "/fimongo1/data/collection-36-8349017426506583381.wt",
      "fileSize": 36864
    },
    {
      "fileName": "/fimongo1/data/collection-38-8349017426506583381.wt",
      "fileSize": 36864
    },
    {
      "fileName": "/fimongo1/data/collection-4-8349017426506583381.wt",
      "fileSize": 36864
    },
    {
      "fileName": "/fimongo1/data/collection-41-8349017426506583381.wt",
      "fileSize": 4096
    },
    {
      "fileName": "/fimongo1/data/collection-45-8349017426506583381.wt",
      "fileSize": 36864
    },
    {
      "fileName": "/fimongo1/data/collection-48-8349017426506583381.wt",
      "fileSize": 20480
    },
    {
      "fileName": "/fimongo1/data/collection-50-8349017426506583381.wt",
      "fileSize": 36864
    },
    {
      "fileName": "/fimongo1/data/collection-52-8349017426506583381.wt",
      "fileSize": 4096
    },
    {
      "fileName": "/fimongo1/data/collection-55-8349017426506583381.wt",
      "fileSize": 4096
    },
    {
      "fileName": "/fimongo1/data/collection-57-8349017426506583381.wt",
      "fileSize": 4096
    },
    {
      "fileName": "/fimongo1/data/collection-58-8349017426506583381.wt",
      "fileSize": 36864
    },
    {
      "fileName": "/fimongo1/data/collection-6-8349017426506583381.wt",
      "fileSize": 36864
    },
    {
      "fileName": "/fimongo1/data/collection-60-8349017426506583381.wt",
      "fileSize": 4096
    },
    {
      "fileName": "/fimongo1/data/collection-63-8349017426506583381.wt",
      "fileSize": 4096
    },
    {
      "fileName": "/fimongo1/data/collection-66-8349017426506583381.wt",
      "fileSize": 4096
    },
    {
      "fileName": "/fimongo1/data/collection-69-8349017426506583381.wt",
      "fileSize": 4096
    },
    {
      "fileName": "/fimongo1/data/collection-71-8349017426506583381.wt",
      "fileSize": 331776
    },
    {
      "fileName": "/fimongo1/data/collection-73-8349017426506583381.wt",
      "fileSize": 36864
    },
    {
      "fileName": "/fimongo1/data/collection-75-8349017426506583381.wt",
      "fileSize": 32768
    },
    {
      "fileName": "/fimongo1/data/collection-77-8349017426506583381.wt",
      "fileSize": 36864
    },
    {
      "fileName": "/fimongo1/data/collection-79-8349017426506583381.wt",
      "fileSize": 36864
    },
    {
      "fileName": "/fimongo1/data/collection-8-8349017426506583381.wt",
      "fileSize": 36864
    },
    {
      "fileName": "/fimongo1/data/collection-81-8349017426506583381.wt",
      "fileSize": 36864
    },
    {
      "fileName": "/fimongo1/data/index-1-8349017426506583381.wt",
      "fileSize": 36864
    },
    {
      "fileName": "/fimongo1/data/index-1-8800155628005611892.wt",
      "fileSize": 81920
    },
    {
      "fileName": "/fimongo1/data/index-11-8349017426506583381.wt",
      "fileSize": 20480
    },
    {
      "fileName": "/fimongo1/data/index-13-8349017426506583381.wt",
      "fileSize": 20480
    },
    {
      "fileName": "/fimongo1/data/index-15-8349017426506583381.wt",
      "fileSize": 20480
    },
    {
      "fileName": "/fimongo1/data/index-20-8349017426506583381.wt",
      "fileSize": 36864
    },
    {
      "fileName": "/fimongo1/data/index-22-8349017426506583381.wt",
      "fileSize": 20480
    },
    {
      "fileName": "/fimongo1/data/index-24-8349017426506583381.wt",
      "fileSize": 20480
    },
    {
      "fileName": "/fimongo1/data/index-25-8349017426506583381.wt",
      "fileSize": 12288
    },
    {
      "fileName": "/fimongo1/data/index-27-8349017426506583381.wt",
      "fileSize": 4096
    },
    {
      "fileName": "/fimongo1/data/index-29-8349017426506583381.wt",
      "fileSize": 36864
    },
    {
      "fileName": "/fimongo1/data/index-3-8349017426506583381.wt",
      "fileSize": 20480
    },
    {
      "fileName": "/fimongo1/data/index-31-8349017426506583381.wt",
      "fileSize": 36864
    },
    {
      "fileName": "/fimongo1/data/index-32-8349017426506583381.wt",
      "fileSize": 36864
    },
    {
      "fileName": "/fimongo1/data/index-33-8349017426506583381.wt",
      "fileSize": 36864
    },
    {
      "fileName": "/fimongo1/data/index-34-8349017426506583381.wt",
      "fileSize": 36864
    },
    {
      "fileName": "/fimongo1/data/index-35-8349017426506583381.wt",
      "fileSize": 36864
    },
    {
      "fileName": "/fimongo1/data/index-37-8349017426506583381.wt",
      "fileSize": 36864
    },
    {
      "fileName": "/fimongo1/data/index-39-8349017426506583381.wt",
      "fileSize": 36864
    },
    {
      "fileName": "/fimongo1/data/index-40-8349017426506583381.wt",
      "fileSize": 36864
    },
    {
      "fileName": "/fimongo1/data/index-42-8349017426506583381.wt",
      "fileSize": 4096
    },
    {
      "fileName": "/fimongo1/data/index-43-8349017426506583381.wt",
      "fileSize": 4096
    },
    {
      "fileName": "/fimongo1/data/index-44-8349017426506583381.wt",
      "fileSize": 4096
    },
    {
      "fileName": "/fimongo1/data/index-46-8349017426506583381.wt",
      "fileSize": 36864
    },
    {
      "fileName": "/fimongo1/data/index-47-8349017426506583381.wt",
      "fileSize": 36864
    },
    {
      "fileName": "/fimongo1/data/index-49-8349017426506583381.wt",
      "fileSize": 20480
    },
    {
      "fileName": "/fimongo1/data/index-5-8349017426506583381.wt",
      "fileSize": 20480
    },
    {
      "fileName": "/fimongo1/data/index-51-8349017426506583381.wt",
      "fileSize": 36864
    },
    {
      "fileName": "/fimongo1/data/index-53-8349017426506583381.wt",
      "fileSize": 4096
    },
    {
      "fileName": "/fimongo1/data/index-54-8349017426506583381.wt",
      "fileSize": 4096
    },
    {
      "fileName": "/fimongo1/data/index-56-8349017426506583381.wt",
      "fileSize": 4096
    },
    {
      "fileName": "/fimongo1/data/index-59-8349017426506583381.wt",
      "fileSize": 36864
    },
    {
      "fileName": "/fimongo1/data/index-61-8349017426506583381.wt",
      "fileSize": 4096
    },
    {
      "fileName": "/fimongo1/data/index-62-8349017426506583381.wt",
      "fileSize": 4096
    },
    {
      "fileName": "/fimongo1/data/index-64-8349017426506583381.wt",
      "fileSize": 4096
    },
    {
      "fileName": "/fimongo1/data/index-65-8349017426506583381.wt",
      "fileSize": 4096
    },
    {
      "fileName": "/fimongo1/data/index-67-8349017426506583381.wt",
      "fileSize": 4096
    },
    {
      "fileName": "/fimongo1/data/index-68-8349017426506583381.wt",
      "fileSize": 4096
    },
    {
      "fileName": "/fimongo1/data/index-7-8349017426506583381.wt",
      "fileSize": 20480
    },
    {
      "fileName": "/fimongo1/data/index-70-8349017426506583381.wt",
      "fileSize": 4096
    },
    {
      "fileName": "/fimongo1/data/index-72-8349017426506583381.wt",
      "fileSize": 352256
    },
    {
      "fileName": "/fimongo1/data/index-74-8349017426506583381.wt",
      "fileSize": 36864
    },
    {
      "fileName": "/fimongo1/data/index-76-8349017426506583381.wt",
      "fileSize": 32768
    },
    {
      "fileName": "/fimongo1/data/index-78-8349017426506583381.wt",
      "fileSize": 36864
    },
    {
      "fileName": "/fimongo1/data/index-80-8349017426506583381.wt",
      "fileSize": 36864
    },
    {
      "fileName": "/fimongo1/data/index-82-8349017426506583381.wt",
      "fileSize": 36864
    },
    {
      "fileName": "/fimongo1/data/index-83-8349017426506583381.wt",
      "fileSize": 36864
    },
    {
      "fileName": "/fimongo1/data/index-9-8349017426506583381.wt",
      "fileSize": 20480
    },
    {
      "fileName": "/fimongo1/data/sizeStorer.wt",
      "fileSize": 36864
    },
    {
      "fileName": "/fimongo1/data/WiredTiger.backup",
      "fileSize": 171874
    },
    {
      "fileName": "/fimongo1/data/WiredTiger",
      "fileSize": 50
    }
  ],
  "finishedToken": null,
  "nextToken": "ZDM0MjEwNmM1ZDQ2YTBiNDc2MjQ5ZTkwOTMyYWM1ZWRmOTYxYTcwMDBjMDAzZDQxYmZmMWU1YTkyYmY2MmZmZC05MGY4OTEwNDExYzljN2I0ZGM4OGM5MGY2YjNlMDMyMy01MDI3MjQ2YTlhNTIwZjYxN2YxODdjOGU1MWNlODg4ZTg5YmY2MDFiYzMxNzFjMGM3YTU0NTg3ZDVkNDkwMjM0ZTVlYjkzNmQwMDRhYzY2NzkwMTJmN2JiYWI4ZDI5MzQzNGVkNmE4NDUxZTFlNTNmOTg4NDdmZDlkN2RkNGEwZS04NzhmZTkzZWFiMDMwODg0NjliYzcwZjVhNDM2YmRhNGUyZDJlMDI1MGI3YjlhN2EyNzgwOTVhMDhhZTRkMzM0MzJlZjVhNDA5NjIxZDZmYWYyNDkxZTQ3NzVjMWNkMDkzMGNiYTkzOTJlYjBhZjU4Yzc1OTNkZTg1ZjM1MDgzYQ=="
}
2026-09-25 08:49:15,132 [INFO] fileList ready on mdb7:37017
2026-09-25 08:49:15,132 [INFO] Waiting for fileList on mdb8:37017
2026-09-25 08:49:15,132 [DEBUG] API GET http://129.40.36.100:8080/api/public/v1.0/backup/third_party/group/6a386221ee19a6537cc68a97/clusters/6a39559ff9f8584e226bec72/snapshot/6ab67aa97c5bbb3be0ad1185/mdb8:37017/fileList
2026-09-25 08:49:15,255 [DEBUG] STATUS 200
2026-09-25 08:49:15,255 [DEBUG] {
  "fileList": [
    {
      "fileName": "/fimongo1/data/journal/WiredTigerLog.0000025156",
      "fileSize": 104857600
    },
    {
      "fileName": "/fimongo1/data/WiredTigerHS.wt",
      "fileSize": 86016
    },
    {
      "fileName": "/fimongo1/data/_mdb_catalog.wt",
      "fileSize": 36864
    },
    {
      "fileName": "/fimongo1/data/collection-0-15789912344230735438.wt",
      "fileSize": 2095317516288
    },
    {
      "fileName": "/fimongo1/data/collection-0-3543678638031846080.wt",
      "fileSize": 61440
    },
    {
      "fileName": "/fimongo1/data/collection-0-8019511329440794.wt",
      "fileSize": 12066328576
    },
    {
      "fileName": "/fimongo1/data/collection-10-3543678638031846080.wt",
      "fileSize": 20480
    },
    {
      "fileName": "/fimongo1/data/collection-12-3543678638031846080.wt",
      "fileSize": 36864
    },
    {
      "fileName": "/fimongo1/data/collection-14-3543678638031846080.wt",
      "fileSize": 36864
    },
    {
      "fileName": "/fimongo1/data/collection-18-3543678638031846080.wt",
      "fileSize": 53954424832
    },
    {
      "fileName": "/fimongo1/data/collection-19-3543678638031846080.wt",
      "fileSize": 36864
    },
    {
      "fileName": "/fimongo1/data/collection-2-3543678638031846080.wt",
      "fileSize": 36864
    },
    {
      "fileName": "/fimongo1/data/collection-21-3543678638031846080.wt",
      "fileSize": 20480
    },
    {
      "fileName": "/fimongo1/data/collection-23-3543678638031846080.wt",
      "fileSize": 24576
    },
    {
      "fileName": "/fimongo1/data/collection-26-3543678638031846080.wt",
      "fileSize": 4096
    },
    {
      "fileName": "/fimongo1/data/collection-28-3543678638031846080.wt",
      "fileSize": 32768
    },
    {
      "fileName": "/fimongo1/data/collection-3-15789912344230735438.wt",
      "fileSize": 36864
    },
    {
      "fileName": "/fimongo1/data/collection-3-8019511329440794.wt",
      "fileSize": 36864
    },
    {
      "fileName": "/fimongo1/data/collection-31-3543678638031846080.wt",
      "fileSize": 24576
    },
    {
      "fileName": "/fimongo1/data/collection-33-3543678638031846080.wt",
      "fileSize": 4096
    },
    {
      "fileName": "/fimongo1/data/collection-34-3543678638031846080.wt",
      "fileSize": 4096
    },
    {
      "fileName": "/fimongo1/data/collection-37-3543678638031846080.wt",
      "fileSize": 4096
    },
    {
      "fileName": "/fimongo1/data/collection-4-3543678638031846080.wt",
      "fileSize": 36864
    },
    {
      "fileName": "/fimongo1/data/collection-40-3543678638031846080.wt",
      "fileSize": 4096
    },
    {
      "fileName": "/fimongo1/data/collection-43-3543678638031846080.wt",
      "fileSize": 36864
    },
    {
      "fileName": "/fimongo1/data/collection-45-3543678638031846080.wt",
      "fileSize": 32768
    },
    {
      "fileName": "/fimongo1/data/collection-47-3543678638031846080.wt",
      "fileSize": 32768
    },
    {
      "fileName": "/fimongo1/data/collection-49-3543678638031846080.wt",
      "fileSize": 61440
    },
    {
      "fileName": "/fimongo1/data/collection-51-17615425610039169343.wt",
      "fileSize": 32768
    },
    {
      "fileName": "/fimongo1/data/collection-51-3543678638031846080.wt",
      "fileSize": 36864
    },
    {
      "fileName": "/fimongo1/data/collection-53-3543678638031846080.wt",
      "fileSize": 36864
    },
    {
      "fileName": "/fimongo1/data/collection-55-3543678638031846080.wt",
      "fileSize": 36864
    },
    {
      "fileName": "/fimongo1/data/collection-59-3543678638031846080.wt",
      "fileSize": 1986994176
    },
    {
      "fileName": "/fimongo1/data/collection-6-3543678638031846080.wt",
      "fileSize": 36864
    },
    {
      "fileName": "/fimongo1/data/collection-62-3543678638031846080.wt",
      "fileSize": 36864
    },
    {
      "fileName": "/fimongo1/data/collection-64-3543678638031846080.wt",
      "fileSize": 36864
    },
    {
      "fileName": "/fimongo1/data/collection-8-3543678638031846080.wt",
      "fileSize": 36864
    },
    {
      "fileName": "/fimongo1/data/index-1-15789912344230735438.wt",
      "fileSize": 52746457088
    },
    {
      "fileName": "/fimongo1/data/index-1-3543678638031846080.wt",
      "fileSize": 36864
    },
    {
      "fileName": "/fimongo1/data/index-1-8019511329440794.wt",
      "fileSize": 656728064
    },
    {
      "fileName": "/fimongo1/data/index-11-3543678638031846080.wt",
      "fileSize": 20480
    },
    {
      "fileName": "/fimongo1/data/index-13-3543678638031846080.wt",
      "fileSize": 20480
    },
    {
      "fileName": "/fimongo1/data/index-15-3543678638031846080.wt",
      "fileSize": 20480
    },
    {
      "fileName": "/fimongo1/data/index-2-15789912344230735438.wt",
      "fileSize": 36791975936
    },
    {
      "fileName": "/fimongo1/data/index-2-8019511329440794.wt",
      "fileSize": 482189312
    },
    {
      "fileName": "/fimongo1/data/index-20-3543678638031846080.wt",
      "fileSize": 36864
    },
    {
      "fileName": "/fimongo1/data/index-22-3543678638031846080.wt",
      "fileSize": 20480
    },
    {
      "fileName": "/fimongo1/data/index-24-3543678638031846080.wt",
      "fileSize": 32768
    },
    {
      "fileName": "/fimongo1/data/index-25-3543678638031846080.wt",
      "fileSize": 4096
    },
    {
      "fileName": "/fimongo1/data/index-27-3543678638031846080.wt",
      "fileSize": 4096
    },
    {
      "fileName": "/fimongo1/data/index-29-3543678638031846080.wt",
      "fileSize": 32768
    },
    {
      "fileName": "/fimongo1/data/index-3-3543678638031846080.wt",
      "fileSize": 20480
    },
    {
      "fileName": "/fimongo1/data/index-30-3543678638031846080.wt",
      "fileSize": 32768
    },
    {
      "fileName": "/fimongo1/data/index-32-3543678638031846080.wt",
      "fileSize": 24576
    },
    {
      "fileName": "/fimongo1/data/index-35-3543678638031846080.wt",
      "fileSize": 4096
    },
    {
      "fileName": "/fimongo1/data/index-36-3543678638031846080.wt",
      "fileSize": 4096
    },
    {
      "fileName": "/fimongo1/data/index-38-3543678638031846080.wt",
      "fileSize": 4096
    },
    {
      "fileName": "/fimongo1/data/index-39-3543678638031846080.wt",
      "fileSize": 4096
    },
    {
      "fileName": "/fimongo1/data/index-4-15789912344230735438.wt",
      "fileSize": 36864
    },
    {
      "fileName": "/fimongo1/data/index-4-8019511329440794.wt",
      "fileSize": 36864
    },
    {
      "fileName": "/fimongo1/data/index-41-3543678638031846080.wt",
      "fileSize": 4096
    },
    {
      "fileName": "/fimongo1/data/index-42-3543678638031846080.wt",
      "fileSize": 4096
    },
    {
      "fileName": "/fimongo1/data/index-44-3543678638031846080.wt",
      "fileSize": 36864
    },
    {
      "fileName": "/fimongo1/data/index-46-3543678638031846080.wt",
      "fileSize": 32768
    },
    {
      "fileName": "/fimongo1/data/index-48-3543678638031846080.wt",
      "fileSize": 32768
    },
    {
      "fileName": "/fimongo1/data/index-5-15789912344230735438.wt",
      "fileSize": 36864
    },
    {
      "fileName": "/fimongo1/data/index-5-3543678638031846080.wt",
      "fileSize": 20480
    },
    {
      "fileName": "/fimongo1/data/index-5-8019511329440794.wt",
      "fileSize": 36864
    },
    {
      "fileName": "/fimongo1/data/index-50-3543678638031846080.wt",
      "fileSize": 102400
    },
    {
      "fileName": "/fimongo1/data/index-52-17615425610039169343.wt",
      "fileSize": 32768
    },
    {
      "fileName": "/fimongo1/data/index-52-3543678638031846080.wt",
      "fileSize": 36864
    },
    {
      "fileName": "/fimongo1/data/index-54-3543678638031846080.wt",
      "fileSize": 36864
    },
    {
      "fileName": "/fimongo1/data/index-56-3543678638031846080.wt",
      "fileSize": 36864
    },
    {
      "fileName": "/fimongo1/data/index-57-3543678638031846080.wt",
      "fileSize": 36864
    },
    {
      "fileName": "/fimongo1/data/index-58-3543678638031846080.wt",
      "fileSize": 53248
    },
    {
      "fileName": "/fimongo1/data/index-60-3543678638031846080.wt",
      "fileSize": 34365440
    },
    {
      "fileName": "/fimongo1/data/index-61-3543678638031846080.wt",
      "fileSize": 17768448
    },
    {
      "fileName": "/fimongo1/data/index-63-3543678638031846080.wt",
      "fileSize": 36864
    },
    {
      "fileName": "/fimongo1/data/index-65-3543678638031846080.wt",
      "fileSize": 36864
    },
    {
      "fileName": "/fimongo1/data/index-66-3543678638031846080.wt",
      "fileSize": 36864
    },
    {
      "fileName": "/fimongo1/data/index-7-3543678638031846080.wt",
      "fileSize": 20480
    },
    {
      "fileName": "/fimongo1/data/index-9-3543678638031846080.wt",
      "fileSize": 20480
    },
    {
      "fileName": "/fimongo1/data/sizeStorer.wt",
      "fileSize": 36864
    },
    {
      "fileName": "/fimongo1/data/WiredTiger.backup",
      "fileSize": 197701
    },
    {
      "fileName": "/fimongo1/data/WiredTiger",
      "fileSize": 50
    }
  ],
  "finishedToken": null,
  "nextToken": "ZDM0MjEwNmM1ZDQ2YTBiNDc2MjQ5ZTkwOTMyYWM1ZWRmOTYxYTcwMDBjMDAzZDQxYmZmMWU1YTkyYmY2MmZmZC05OGE0YzFhNjhjYTViYTViNzIzMTZiNTM3NzM0ZmUwZC1kYzQ0M2RjNTBmMjFiMzczYjYxMjY4M2UxYWRkNGZiNzI2ZjFjYzRjOWVjYWEzYzQwZjBmY2Q0MWM0OWRhZjdiN2E3MTExZGUwOGQwYmU3MDlhMDY4MjcyNTZhMWM3OGMzNWEwMjk2MmM1NjYzODMzMGUxZjY3ODM0ZDk1NjdhMi02M2JkMTFlZTc4OGNhNDQyNTU0YzkyOTdiODhkZGM3MWMzZjlhNDBiNTQzZTM0ODNiOWU3OGFhYjExN2NhMzc1ODljNDQ1MjllYWVjNzQyZTA2MzE4N2NmMjcxNDJhYmQ5NWE1YzI0YWE3YzIwNzcwYjZlMzU1YTg1NTk3ZjZhMQ=="
}
2026-09-25 08:49:15,255 [INFO] fileList ready on mdb8:37017
2026-09-25 08:49:15,255 [INFO] Waiting for fileList on mdb9:37017
2026-09-25 08:49:15,255 [DEBUG] API GET http://129.40.36.100:8080/api/public/v1.0/backup/third_party/group/6a386221ee19a6537cc68a97/clusters/6a39559ff9f8584e226bec72/snapshot/6ab67aa97c5bbb3be0ad1185/mdb9:37017/fileList
2026-09-25 08:49:15,378 [DEBUG] STATUS 200
2026-09-25 08:49:15,379 [DEBUG] {
  "fileList": [
    {
      "fileName": "/fimongo1/data/journal/WiredTigerLog.0000024982",
      "fileSize": 104857600
    },
    {
      "fileName": "/fimongo1/data/WiredTigerHS.wt",
      "fileSize": 12288
    },
    {
      "fileName": "/fimongo1/data/_mdb_catalog.wt",
      "fileSize": 32768
    },
    {
      "fileName": "/fimongo1/data/collection-0-10260130299857998097.wt",
      "fileSize": 2094849855488
    },
    {
      "fileName": "/fimongo1/data/collection-0-11149018524623479022.wt",
      "fileSize": 53248
    },
    {
      "fileName": "/fimongo1/data/collection-10-11149018524623479022.wt",
      "fileSize": 32768
    },
    {
      "fileName": "/fimongo1/data/collection-12-11149018524623479022.wt",
      "fileSize": 36864
    },
    {
      "fileName": "/fimongo1/data/collection-14-11149018524623479022.wt",
      "fileSize": 36864
    },
    {
      "fileName": "/fimongo1/data/collection-18-11149018524623479022.wt",
      "fileSize": 55082717184
    },
    {
      "fileName": "/fimongo1/data/collection-19-11149018524623479022.wt",
      "fileSize": 36864
    },
    {
      "fileName": "/fimongo1/data/collection-2-11149018524623479022.wt",
      "fileSize": 36864
    },
    {
      "fileName": "/fimongo1/data/collection-21-11149018524623479022.wt",
      "fileSize": 32768
    },
    {
      "fileName": "/fimongo1/data/collection-23-11149018524623479022.wt",
      "fileSize": 12288
    },
    {
      "fileName": "/fimongo1/data/collection-26-11149018524623479022.wt",
      "fileSize": 4096
    },
    {
      "fileName": "/fimongo1/data/collection-28-11149018524623479022.wt",
      "fileSize": 32768
    },
    {
      "fileName": "/fimongo1/data/collection-3-10260130299857998097.wt",
      "fileSize": 36864
    },
    {
      "fileName": "/fimongo1/data/collection-31-11149018524623479022.wt",
      "fileSize": 24576
    },
    {
      "fileName": "/fimongo1/data/collection-33-11149018524623479022.wt",
      "fileSize": 4096
    },
    {
      "fileName": "/fimongo1/data/collection-34-11149018524623479022.wt",
      "fileSize": 4096
    },
    {
      "fileName": "/fimongo1/data/collection-37-11149018524623479022.wt",
      "fileSize": 4096
    },
    {
      "fileName": "/fimongo1/data/collection-39-186000163598309275.wt",
      "fileSize": 36864
    },
    {
      "fileName": "/fimongo1/data/collection-4-11149018524623479022.wt",
      "fileSize": 36864
    },
    {
      "fileName": "/fimongo1/data/collection-40-11149018524623479022.wt",
      "fileSize": 4096
    },
    {
      "fileName": "/fimongo1/data/collection-43-11149018524623479022.wt",
      "fileSize": 36864
    },
    {
      "fileName": "/fimongo1/data/collection-45-11149018524623479022.wt",
      "fileSize": 36864
    },
    {
      "fileName": "/fimongo1/data/collection-47-11149018524623479022.wt",
      "fileSize": 36864
    },
    {
      "fileName": "/fimongo1/data/collection-50-11149018524623479022.wt",
      "fileSize": 36864
    },
    {
      "fileName": "/fimongo1/data/collection-52-11149018524623479022.wt",
      "fileSize": 24576
    },
    {
      "fileName": "/fimongo1/data/collection-53-186000163598309275.wt",
      "fileSize": 32768
    },
    {
      "fileName": "/fimongo1/data/collection-54-11149018524623479022.wt",
      "fileSize": 12288
    },
    {
      "fileName": "/fimongo1/data/collection-56-11149018524623479022.wt",
      "fileSize": 2123026432
    },
    {
      "fileName": "/fimongo1/data/collection-59-11149018524623479022.wt",
      "fileSize": 36864
    },
    {
      "fileName": "/fimongo1/data/collection-6-11149018524623479022.wt",
      "fileSize": 36864
    },
    {
      "fileName": "/fimongo1/data/collection-6-4153592803257472393.wt",
      "fileSize": 11975282688
    },
    {
      "fileName": "/fimongo1/data/collection-61-11149018524623479022.wt",
      "fileSize": 36864
    },
    {
      "fileName": "/fimongo1/data/collection-64-11149018524623479022.wt",
      "fileSize": 53248
    },
    {
      "fileName": "/fimongo1/data/collection-8-11149018524623479022.wt",
      "fileSize": 36864
    },
    {
      "fileName": "/fimongo1/data/collection-9-4153592803257472393.wt",
      "fileSize": 36864
    },
    {
      "fileName": "/fimongo1/data/index-1-10260130299857998097.wt",
      "fileSize": 52617957376
    },
    {
      "fileName": "/fimongo1/data/index-1-11149018524623479022.wt",
      "fileSize": 36864
    },
    {
      "fileName": "/fimongo1/data/index-10-4153592803257472393.wt",
      "fileSize": 36864
    },
    {
      "fileName": "/fimongo1/data/index-11-11149018524623479022.wt",
      "fileSize": 20480
    },
    {
      "fileName": "/fimongo1/data/index-11-4153592803257472393.wt",
      "fileSize": 36864
    },
    {
      "fileName": "/fimongo1/data/index-13-11149018524623479022.wt",
      "fileSize": 20480
    },
    {
      "fileName": "/fimongo1/data/index-15-11149018524623479022.wt",
      "fileSize": 20480
    },
    {
      "fileName": "/fimongo1/data/index-2-10260130299857998097.wt",
      "fileSize": 36800495616
    },
    {
      "fileName": "/fimongo1/data/index-20-11149018524623479022.wt",
      "fileSize": 36864
    },
    {
      "fileName": "/fimongo1/data/index-22-11149018524623479022.wt",
      "fileSize": 20480
    },
    {
      "fileName": "/fimongo1/data/index-24-11149018524623479022.wt",
      "fileSize": 16384
    },
    {
      "fileName": "/fimongo1/data/index-25-11149018524623479022.wt",
      "fileSize": 4096
    },
    {
      "fileName": "/fimongo1/data/index-27-11149018524623479022.wt",
      "fileSize": 4096
    },
    {
      "fileName": "/fimongo1/data/index-29-11149018524623479022.wt",
      "fileSize": 32768
    },
    {
      "fileName": "/fimongo1/data/index-3-11149018524623479022.wt",
      "fileSize": 32768
    },
    {
      "fileName": "/fimongo1/data/index-30-11149018524623479022.wt",
      "fileSize": 32768
    },
    {
      "fileName": "/fimongo1/data/index-32-11149018524623479022.wt",
      "fileSize": 24576
    },
    {
      "fileName": "/fimongo1/data/index-35-11149018524623479022.wt",
      "fileSize": 4096
    },
    {
      "fileName": "/fimongo1/data/index-36-11149018524623479022.wt",
      "fileSize": 4096
    },
    {
      "fileName": "/fimongo1/data/index-38-11149018524623479022.wt",
      "fileSize": 4096
    },
    {
      "fileName": "/fimongo1/data/index-39-11149018524623479022.wt",
      "fileSize": 4096
    },
    {
      "fileName": "/fimongo1/data/index-4-10260130299857998097.wt",
      "fileSize": 36864
    },
    {
      "fileName": "/fimongo1/data/index-40-186000163598309275.wt",
      "fileSize": 36864
    },
    {
      "fileName": "/fimongo1/data/index-41-11149018524623479022.wt",
      "fileSize": 4096
    },
    {
      "fileName": "/fimongo1/data/index-42-11149018524623479022.wt",
      "fileSize": 4096
    },
    {
      "fileName": "/fimongo1/data/index-44-11149018524623479022.wt",
      "fileSize": 36864
    },
    {
      "fileName": "/fimongo1/data/index-46-11149018524623479022.wt",
      "fileSize": 36864
    },
    {
      "fileName": "/fimongo1/data/index-48-11149018524623479022.wt",
      "fileSize": 36864
    },
    {
      "fileName": "/fimongo1/data/index-49-11149018524623479022.wt",
      "fileSize": 36864
    },
    {
      "fileName": "/fimongo1/data/index-5-10260130299857998097.wt",
      "fileSize": 36864
    },
    {
      "fileName": "/fimongo1/data/index-5-11149018524623479022.wt",
      "fileSize": 20480
    },
    {
      "fileName": "/fimongo1/data/index-51-11149018524623479022.wt",
      "fileSize": 36864
    },
    {
      "fileName": "/fimongo1/data/index-53-11149018524623479022.wt",
      "fileSize": 24576
    },
    {
      "fileName": "/fimongo1/data/index-54-186000163598309275.wt",
      "fileSize": 32768
    },
    {
      "fileName": "/fimongo1/data/index-55-11149018524623479022.wt",
      "fileSize": 32768
    },
    {
      "fileName": "/fimongo1/data/index-57-11149018524623479022.wt",
      "fileSize": 33386496
    },
    {
      "fileName": "/fimongo1/data/index-58-11149018524623479022.wt",
      "fileSize": 17616896
    },
    {
      "fileName": "/fimongo1/data/index-60-11149018524623479022.wt",
      "fileSize": 36864
    },
    {
      "fileName": "/fimongo1/data/index-62-11149018524623479022.wt",
      "fileSize": 36864
    },
    {
      "fileName": "/fimongo1/data/index-63-11149018524623479022.wt",
      "fileSize": 36864
    },
    {
      "fileName": "/fimongo1/data/index-65-11149018524623479022.wt",
      "fileSize": 53248
    },
    {
      "fileName": "/fimongo1/data/index-7-11149018524623479022.wt",
      "fileSize": 20480
    },
    {
      "fileName": "/fimongo1/data/index-7-4153592803257472393.wt",
      "fileSize": 675176448
    },
    {
      "fileName": "/fimongo1/data/index-8-4153592803257472393.wt",
      "fileSize": 484356096
    },
    {
      "fileName": "/fimongo1/data/index-9-11149018524623479022.wt",
      "fileSize": 32768
    },
    {
      "fileName": "/fimongo1/data/sizeStorer.wt",
      "fileSize": 36864
    },
    {
      "fileName": "/fimongo1/data/WiredTiger.backup",
      "fileSize": 200984
    },
    {
      "fileName": "/fimongo1/data/WiredTiger",
      "fileSize": 50
    }
  ],
  "finishedToken": null,
  "nextToken": "ZDM0MjEwNmM1ZDQ2YTBiNDc2MjQ5ZTkwOTMyYWM1ZWRmOTYxYTcwMDBjMDAzZDQxYmZmMWU1YTkyYmY2MmZmZC00MDJkYTlmMWQ5MWIzMzAwOWE3MmIzMThmOTFiZTJiMy02NzdmMzU3OTcxYmIyNDNhNTFjMDBjOTg1MzA1OGI1MmJkOTljZTA1MmJjOGI3YjMxMmY0NjhmYTU2OTU5YjNiN2RmOGQxOThiMTVmODQ1YjlkMjM3ZjFkM2ViMzBjYjIzN2NkMzA3MmM4MGFiZWRlZGUwNWE3YWNjNTNlNmMxMy01OTE1OTFlMjlhYjRjN2EwMzQ5ZDJhYzQ5MDYwNDc3MGI5ZWNlYzVmNTFlZDU4OGZhZGU0MWUxYTIxMDk3YjA0ZTc5MGMyNzIyOTU0NTA2ZTZlMjBhMjRkZTg3NTkyMjY2NDFmODgxNmM3ZDA2NTRjOWM3NDUwNTI1MTZmZThmNA=="
}
2026-09-25 08:49:15,379 [INFO] fileList ready on mdb9:37017
2026-09-25 08:49:15,379 [INFO] Flushing filesystem buffers on snapshot nodes
2026-09-25 08:49:15,379 [INFO] Running filesystem sync on mdb7
2026-09-25 08:49:16,517 [INFO] Running filesystem sync on mdb8
2026-09-25 08:49:17,697 [INFO] Running filesystem sync on mdb9
2026-09-25 08:49:18,604 [INFO] === TAKING IBM FLASHSYSTEM SNAPSHOT NOW ===
2026-09-25 08:49:18,605 [INFO] Snapshotting mdb7:37017 (shard configRS): fs9500-2.cpolab.ibm.com / ORION15-mdb7-sgcCluster as configRS_6ab67aa97c5bbb3be0ad1185
2026-09-25 08:49:18,605 [INFO] Authenticating to FlashSystem fs9500-2.cpolab.ibm.com
2026-09-25 08:49:19,715 [INFO] Snapshotting mdb8:37017 (shard sgcShard_0): fs9500-2.cpolab.ibm.com / ORION16-mdb8-sgcCluster as sgcShard_0_6ab67aa97c5bbb3be0ad1185
2026-09-25 08:49:20,170 [INFO] Snapshotting mdb9:37017 (shard sgcShard_1): fs9500-2.cpolab.ibm.com / ORION17-mdb9-sgcCluster as sgcShard_1_6ab67aa97c5bbb3be0ad1185
2026-09-25 08:49:20,614 [INFO] FlashSystem snapshot completed successfully
2026-09-25 08:49:20,614 [INFO] Opsman: Marking snapshot as finished
2026-09-25 08:49:20,614 [DEBUG] API POST http://129.40.36.100:8080/api/public/v1.0/backup/third_party/group/6a386221ee19a6537cc68a97/clusters/6a39559ff9f8584e226bec72/snapshot/6ab67aa97c5bbb3be0ad1185/finish
2026-09-25 08:49:20,733 [DEBUG] STATUS 200
2026-09-25 08:49:20,733 [DEBUG] {
  "errorCode": "NONE",
  "version": "1",
  "status": "OK"
}
2026-09-25 08:49:20,734 [INFO] Replicating Snapshots to remote facilities
2026-09-25 08:49:20,734 [INFO] Refreshing ORION15-mdb7-sgcCluster-replicated from ORION15-mdb7-sgcCluster snapshot configRS_6ab67aa97c5bbb3be0ad1185 (policy ReplicatedSnaps, target FS9500-3)
2026-09-25 08:49:21,677 [INFO] Refreshing ORION16-mdb8-sgcCluster-replicated from ORION16-mdb8-sgcCluster snapshot sgcShard_0_6ab67aa97c5bbb3be0ad1185 (policy ReplicatedSnaps, target FS9500-3)
2026-09-25 08:49:22,132 [INFO] Refreshing ORION17-mdb9-sgcCluster-replicated from ORION17-mdb9-sgcCluster snapshot sgcShard_1_6ab67aa97c5bbb3be0ad1185 (policy ReplicatedSnaps, target FS9500-3)
2026-09-25 08:49:22,593 [DEBUG] API GET http://129.40.36.100:8080/api/public/v1.0/backup/third_party/group/6a386221ee19a6537cc68a97/clusters/6a39559ff9f8584e226bec72/snapshot/6ab67aa97c5bbb3be0ad1185
2026-09-25 08:49:22,729 [DEBUG] STATUS 200
2026-09-25 08:49:22,729 [DEBUG] {
  "nodes": [
    {
      "dbPath": "/fimongo1/data",
      "hidden": false,
      "hostname": "mdb8",
      "id": "mdb8:37017",
      "lastAgentPing": "2026-09-25T13:48:44Z",
      "memberState": "SECONDARY",
      "mongodbVersion": "8.0.26",
      "opTime": "2026-09-25T13:47:11Z",
      "oplogStoreType": "thirdPartyOplogStore",
      "port": 37017,
      "priority": 0.0,
      "rsId": "sgcShard_0",
      "snapshotable": true,
      "votes": 1
    },
    {
      "dbPath": "/fimongo1/data",
      "hidden": false,
      "hostname": "mdb7",
      "id": "mdb7:37017",
      "lastAgentPing": "2026-09-25T13:48:50Z",
      "memberState": "SECONDARY",
      "mongodbVersion": "8.0.26",
      "opTime": "2026-09-25T13:47:15Z",
      "oplogStoreType": "thirdPartyOplogStore",
      "port": 37017,
      "priority": 1.0,
      "rsId": "configRS",
      "snapshotable": true,
      "votes": 1
    },
    {
      "dbPath": "/fimongo1/data",
      "hidden": false,
      "hostname": "mdb9",
      "id": "mdb9:37017",
      "lastAgentPing": "2026-09-25T13:49:04Z",
      "memberState": "SECONDARY",
      "mongodbVersion": "8.0.26",
      "opTime": "2026-09-25T13:48:06Z",
      "oplogStoreType": "thirdPartyOplogStore",
      "port": 37017,
      "priority": 0.0,
      "rsId": "sgcShard_1",
      "snapshotable": true,
      "votes": 1
    }
  ],
  "state": "FINISHING"
}
2026-09-25 08:49:22,729 [INFO] Snapshot state: FINISHING
2026-09-25 08:49:32,729 [DEBUG] API GET http://129.40.36.100:8080/api/public/v1.0/backup/third_party/group/6a386221ee19a6537cc68a97/clusters/6a39559ff9f8584e226bec72/snapshot/6ab67aa97c5bbb3be0ad1185
2026-09-25 08:49:32,928 [DEBUG] STATUS 200
2026-09-25 08:49:32,929 [DEBUG] {
  "nodes": [
    {
      "dbPath": "/fimongo1/data",
      "hidden": false,
      "hostname": "mdb8",
      "id": "mdb8:37017",
      "lastAgentPing": "2026-09-25T13:48:44Z",
      "memberState": "SECONDARY",
      "mongodbVersion": "8.0.26",
      "opTime": "2026-09-25T13:47:11Z",
      "oplogStoreType": "thirdPartyOplogStore",
      "port": 37017,
      "priority": 0.0,
      "rsId": "sgcShard_0",
      "snapshotable": true,
      "votes": 1
    },
    {
      "dbPath": "/fimongo1/data",
      "hidden": false,
      "hostname": "mdb7",
      "id": "mdb7:37017",
      "lastAgentPing": "2026-09-25T13:48:50Z",
      "memberState": "SECONDARY",
      "mongodbVersion": "8.0.26",
      "opTime": "2026-09-25T13:47:15Z",
      "oplogStoreType": "thirdPartyOplogStore",
      "port": 37017,
      "priority": 1.0,
      "rsId": "configRS",
      "snapshotable": true,
      "votes": 1
    },
    {
      "dbPath": "/fimongo1/data",
      "hidden": false,
      "hostname": "mdb9",
      "id": "mdb9:37017",
      "lastAgentPing": "2026-09-25T13:49:04Z",
      "memberState": "SECONDARY",
      "mongodbVersion": "8.0.26",
      "opTime": "2026-09-25T13:48:06Z",
      "oplogStoreType": "thirdPartyOplogStore",
      "port": 37017,
      "priority": 0.0,
      "rsId": "sgcShard_1",
      "snapshotable": true,
      "votes": 1
    }
  ],
  "state": "FINISHING"
}
2026-09-25 08:49:32,929 [INFO] Snapshot state: FINISHING
2026-09-25 08:49:42,929 [DEBUG] API GET http://129.40.36.100:8080/api/public/v1.0/backup/third_party/group/6a386221ee19a6537cc68a97/clusters/6a39559ff9f8584e226bec72/snapshot/6ab67aa97c5bbb3be0ad1185
2026-09-25 08:49:43,071 [DEBUG] STATUS 200
2026-09-25 08:49:43,071 [DEBUG] {
  "nodes": [
    {
      "dbPath": "/fimongo1/data",
      "hidden": false,
      "hostname": "mdb8",
      "id": "mdb8:37017",
      "lastAgentPing": "2026-09-25T13:48:44Z",
      "memberState": "SECONDARY",
      "mongodbVersion": "8.0.26",
      "opTime": "2026-09-25T13:47:11Z",
      "oplogStoreType": "thirdPartyOplogStore",
      "port": 37017,
      "priority": 0.0,
      "rsId": "sgcShard_0",
      "snapshotable": true,
      "votes": 1
    },
    {
      "dbPath": "/fimongo1/data",
      "hidden": false,
      "hostname": "mdb7",
      "id": "mdb7:37017",
      "lastAgentPing": "2026-09-25T13:48:50Z",
      "memberState": "SECONDARY",
      "mongodbVersion": "8.0.26",
      "opTime": "2026-09-25T13:47:15Z",
      "oplogStoreType": "thirdPartyOplogStore",
      "port": 37017,
      "priority": 1.0,
      "rsId": "configRS",
      "snapshotable": true,
      "votes": 1
    },
    {
      "dbPath": "/fimongo1/data",
      "hidden": false,
      "hostname": "mdb9",
      "id": "mdb9:37017",
      "lastAgentPing": "2026-09-25T13:49:04Z",
      "memberState": "SECONDARY",
      "mongodbVersion": "8.0.26",
      "opTime": "2026-09-25T13:48:06Z",
      "oplogStoreType": "thirdPartyOplogStore",
      "port": 37017,
      "priority": 0.0,
      "rsId": "sgcShard_1",
      "snapshotable": true,
      "votes": 1
    }
  ],
  "state": "FINISHING"
}
2026-09-25 08:49:43,071 [INFO] Snapshot state: FINISHING
2026-09-25 08:49:53,072 [DEBUG] API GET http://129.40.36.100:8080/api/public/v1.0/backup/third_party/group/6a386221ee19a6537cc68a97/clusters/6a39559ff9f8584e226bec72/snapshot/6ab67aa97c5bbb3be0ad1185
2026-09-25 08:49:53,213 [DEBUG] STATUS 200
2026-09-25 08:49:53,213 [DEBUG] {
  "nodes": [
    {
      "dbPath": "/fimongo1/data",
      "hidden": false,
      "hostname": "mdb8",
      "id": "mdb8:37017",
      "lastAgentPing": "2026-09-25T13:49:42Z",
      "memberState": "SECONDARY",
      "mongodbVersion": "8.0.26",
      "opTime": "2026-09-25T13:47:11Z",
      "oplogStoreType": "thirdPartyOplogStore",
      "port": 37017,
      "priority": 0.0,
      "rsId": "sgcShard_0",
      "snapshotable": true,
      "votes": 1
    },
    {
      "dbPath": "/fimongo1/data",
      "hidden": false,
      "hostname": "mdb7",
      "id": "mdb7:37017",
      "lastAgentPing": "2026-09-25T13:49:52Z",
      "memberState": "SECONDARY",
      "mongodbVersion": "8.0.26",
      "opTime": "2026-09-25T13:47:15Z",
      "oplogStoreType": "thirdPartyOplogStore",
      "port": 37017,
      "priority": 1.0,
      "rsId": "configRS",
      "snapshotable": true,
      "votes": 1
    },
    {
      "dbPath": "/fimongo1/data",
      "hidden": false,
      "hostname": "mdb9",
      "id": "mdb9:37017",
      "lastAgentPing": "2026-09-25T13:49:04Z",
      "memberState": "SECONDARY",
      "mongodbVersion": "8.0.26",
      "opTime": "2026-09-25T13:48:06Z",
      "oplogStoreType": "thirdPartyOplogStore",
      "port": 37017,
      "priority": 0.0,
      "rsId": "sgcShard_1",
      "snapshotable": true,
      "votes": 1
    }
  ],
  "state": "FINISHING"
}
2026-09-25 08:49:53,214 [INFO] Snapshot state: FINISHING
2026-09-25 08:50:03,214 [DEBUG] API GET http://129.40.36.100:8080/api/public/v1.0/backup/third_party/group/6a386221ee19a6537cc68a97/clusters/6a39559ff9f8584e226bec72/snapshot/6ab67aa97c5bbb3be0ad1185
2026-09-25 08:50:03,374 [DEBUG] STATUS 200
2026-09-25 08:50:03,374 [DEBUG] {
  "nodes": [
    {
      "dbPath": "/fimongo1/data",
      "hidden": false,
      "hostname": "mdb8",
      "id": "mdb8:37017",
      "lastAgentPing": "2026-09-25T13:49:42Z",
      "memberState": "SECONDARY",
      "mongodbVersion": "8.0.26",
      "opTime": "2026-09-25T13:47:11Z",
      "oplogStoreType": "thirdPartyOplogStore",
      "port": 37017,
      "priority": 0.0,
      "rsId": "sgcShard_0",
      "snapshotable": true,
      "votes": 1
    },
    {
      "dbPath": "/fimongo1/data",
      "hidden": false,
      "hostname": "mdb7",
      "id": "mdb7:37017",
      "lastAgentPing": "2026-09-25T13:49:52Z",
      "memberState": "SECONDARY",
      "mongodbVersion": "8.0.26",
      "opTime": "2026-09-25T13:47:15Z",
      "oplogStoreType": "thirdPartyOplogStore",
      "port": 37017,
      "priority": 1.0,
      "rsId": "configRS",
      "snapshotable": true,
      "votes": 1
    },
    {
      "dbPath": "/fimongo1/data",
      "hidden": false,
      "hostname": "mdb9",
      "id": "mdb9:37017",
      "lastAgentPing": "2026-09-25T13:50:01Z",
      "memberState": "SECONDARY",
      "mongodbVersion": "8.0.26",
      "opTime": "2026-09-25T13:48:06Z",
      "oplogStoreType": "thirdPartyOplogStore",
      "port": 37017,
      "priority": 0.0,
      "rsId": "sgcShard_1",
      "snapshotable": true,
      "votes": 1
    }
  ],
  "state": "FINISHING"
}
2026-09-25 08:50:03,374 [INFO] Snapshot state: FINISHING
2026-09-25 08:50:13,375 [DEBUG] API GET http://129.40.36.100:8080/api/public/v1.0/backup/third_party/group/6a386221ee19a6537cc68a97/clusters/6a39559ff9f8584e226bec72/snapshot/6ab67aa97c5bbb3be0ad1185
2026-09-25 08:50:13,520 [DEBUG] STATUS 200
2026-09-25 08:50:13,521 [DEBUG] {
  "nodes": [
    {
      "dbPath": "/fimongo1/data",
      "hidden": false,
      "hostname": "mdb8",
      "id": "mdb8:37017",
      "lastAgentPing": "2026-09-25T13:49:42Z",
      "memberState": "SECONDARY",
      "mongodbVersion": "8.0.26",
      "opTime": "2026-09-25T13:47:11Z",
      "oplogStoreType": "thirdPartyOplogStore",
      "port": 37017,
      "priority": 0.0,
      "rsId": "sgcShard_0",
      "snapshotable": true,
      "votes": 1
    },
    {
      "dbPath": "/fimongo1/data",
      "hidden": false,
      "hostname": "mdb7",
      "id": "mdb7:37017",
      "lastAgentPing": "2026-09-25T13:49:52Z",
      "memberState": "SECONDARY",
      "mongodbVersion": "8.0.26",
      "opTime": "2026-09-25T13:47:15Z",
      "oplogStoreType": "thirdPartyOplogStore",
      "port": 37017,
      "priority": 1.0,
      "rsId": "configRS",
      "snapshotable": true,
      "votes": 1
    },
    {
      "dbPath": "/fimongo1/data",
      "hidden": false,
      "hostname": "mdb9",
      "id": "mdb9:37017",
      "lastAgentPing": "2026-09-25T13:50:01Z",
      "memberState": "SECONDARY",
      "mongodbVersion": "8.0.26",
      "opTime": "2026-09-25T13:48:06Z",
      "oplogStoreType": "thirdPartyOplogStore",
      "port": 37017,
      "priority": 0.0,
      "rsId": "sgcShard_1",
      "snapshotable": true,
      "votes": 1
    }
  ],
  "snapshotMetadata": {
    "clusterId": "6a39559ff9f8584e226bec72",
    "clusterName": "sgcCluster",
    "groupId": "6a386221ee19a6537cc68a97",
    "restoreTimestamp": {
      "increment": 1,
      "time": 1790343896
    },
    "rsSnapshotsMetadata": [
      {
        "defaultRWConcern": {
          "defaultReadConcern": {
            "level": "local"
          },
          "defaultReadConcernSource": "implicit",
          "defaultWriteConcern": {
            "w": "majority",
            "wtimeout": 0
          },
          "defaultWriteConcernSource": "implicit",
          "localUpdateWallClockTime": "2026-09-25T13:47:11Z"
        },
        "encryption": false,
        "fcv": "8.0",
        "fileSize": 2254056857600,
        "incremental": true,
        "isConfigShard": false,
        "keyEncryptionUUID": null,
        "lastOplogApplied": {
          "increment": 1,
          "time": 1790343896
        },
        "member": "SHARD",
        "mongodbVersion": "8.0.26",
        "oplogStoreType": "thirdPartyOplogStore",
        "rsId": "sgcShard_0",
        "shardId": "sgcShard_0",
        "snapshotVersion": 1,
        "srcBackupName": null,
        "startupOptions": {},
        "storageEngine": "wiredTiger",
        "thisBackupName": "mdb8.37017.1790343884"
      },
      {
        "defaultRWConcern": {
          "defaultReadConcern": {
            "level": "local"
          },
          "defaultReadConcernSource": "implicit",
          "defaultWriteConcern": {
            "w": "majority",
            "wtimeout": 0
          },
          "defaultWriteConcernSource": "implicit",
          "localUpdateWallClockTime": "2026-09-25T13:47:11Z"
        },
        "encryption": false,
        "fcv": "8.0",
        "fileSize": 185581568,
        "incremental": true,
        "isConfigShard": false,
        "keyEncryptionUUID": null,
        "lastOplogApplied": {
          "increment": 1,
          "time": 1790343896
        },
        "member": "CONFIG_SERVER",
        "mongodbVersion": "8.0.26",
        "oplogStoreType": "thirdPartyOplogStore",
        "rsId": "configRS",
        "shardId": "",
        "snapshotVersion": 1,
        "srcBackupName": null,
        "startupOptions": {},
        "storageEngine": "wiredTiger",
        "thisBackupName": "mdb7.37017.1790343891"
      },
      {
        "defaultRWConcern": {
          "defaultReadConcern": {
            "level": "local"
          },
          "defaultReadConcernSource": "implicit",
          "defaultWriteConcern": {
            "w": "majority",
            "wtimeout": 0
          },
          "defaultWriteConcernSource": "implicit",
          "localUpdateWallClockTime": "2026-09-25T13:48:10Z"
        },
        "encryption": false,
        "fcv": "8.0",
        "fileSize": 2254661816320,
        "incremental": true,
        "isConfigShard": false,
        "keyEncryptionUUID": null,
        "lastOplogApplied": {
          "increment": 1,
          "time": 1790343896
        },
        "member": "SHARD",
        "mongodbVersion": "8.0.26",
        "oplogStoreType": "thirdPartyOplogStore",
        "rsId": "sgcShard_1",
        "shardId": "sgcShard_1",
        "snapshotVersion": 1,
        "srcBackupName": null,
        "startupOptions": {},
        "storageEngine": "wiredTiger",
        "thisBackupName": "mdb9.37017.1790343901"
      }
    ],
    "snapshotId": "6ab67aa97c5bbb3be0ad1185",
    "snapshotTimestamp": {
      "increment": 1,
      "time": 1790343896
    }
  },
  "state": "FINISHED"
}
2026-09-25 08:50:13,521 [INFO] Snapshot state: FINISHED
2026-09-25 08:50:13,521 [INFO] Collecting host mount metadata
2026-09-25 08:50:15,068 [INFO] Metadata saved: runs/sgcCluster_20260925T134314Z\snapshot_metadata.json
2026-09-25 08:50:15,068 [INFO] Snapshot workflow completed successfully
2026-09-25 08:50:15,068 [INFO] Sleeping for 60 seconds
2026-09-25 08:51:15,069 [INFO] === TAKING REMOTE IBM FLASHSYSTEM SNAPSHOT NOW ===
2026-09-25 08:51:15,069 [INFO] Remote snapshot on fs9500-3.cpolab.ibm.com: ORION15-mdb7-sgcCluster-replicated as configRS_6ab67aa97c5bbb3be0ad1185
2026-09-25 08:51:15,069 [INFO] Authenticating to FlashSystem fs9500-3.cpolab.ibm.com
2026-09-25 08:51:15,954 [INFO] Remote snapshot on fs9500-3.cpolab.ibm.com: ORION16-mdb8-sgcCluster-replicated as sgcShard_0_6ab67aa97c5bbb3be0ad1185
2026-09-25 08:51:17,212 [INFO] Remote snapshot on fs9500-3.cpolab.ibm.com: ORION17-mdb9-sgcCluster-replicated as sgcShard_1_6ab67aa97c5bbb3be0ad1185
2026-09-25 08:51:17,928 [INFO] Metadata saved: runs/sgcCluster_20260925T134314Z\snapshot_metadata.json
2026-09-25 08:51:17,928 [INFO] === Backup Complete ===
