2026-08-24 15:55:33,981 [INFO] Starting Ops Manager snapshot workflow
2026-08-24 15:55:33,982 [DEBUG] API GET http://129.40.36.100:8080/api/public/v1.0/backup/third_party/group/6a386221ee19a6537cc68a97/clusters
2026-08-24 15:55:34,170 [DEBUG] STATUS 200
2026-08-24 15:55:34,170 [DEBUG] {
  "clusters": [
    {
      "clusterId": "6a387fc1f9f8584e2262c8f3",
      "clusterName": "testRep",
      "groupId": "6a386221ee19a6537cc68a97",
      "jobId": "6a387fc1f9f8584e2262c8f3",
      "state": "ACTIVE"
    },
    {
      "clusterId": "6a3939acf9f8584e226a56e4",
      "clusterName": "tsetrepRestore",
      "groupId": "6a386221ee19a6537cc68a97",
      "jobId": "6a3939acf9f8584e226a56e4",
      "state": "ACTIVE"
    },
    {
      "clusterId": "6a39559ff9f8584e226bec72",
      "clusterName": "sgcCluster",
      "groupId": "6a386221ee19a6537cc68a97",
      "jobId": "6a39559ff9f8584e226bec72",
      "state": "ACTIVE"
    },
    {
      "clusterId": "6a67ab0a0b3bb92668612c59",
      "clusterName": "tgtCluster",
      "groupId": "6a386221ee19a6537cc68a97",
      "jobId": "6a67ab0a0b3bb92668612c59",
      "state": "ACTIVE"
    }
  ]
}
2026-08-24 15:55:34,171 [INFO] Cluster resolved: sgcCluster
2026-08-24 15:55:34,172 [INFO] Using explicitly provided snapshot nodes: ['mdb7:37017', 'mdb8:37017', 'mdb9:37017']
2026-08-24 15:55:34,172 [INFO] Snapshot nodes: ['mdb7:37017', 'mdb8:37017', 'mdb9:37017']
2026-08-24 15:55:34,172 [DEBUG] API POST http://129.40.36.100:8080/api/public/v1.0/backup/third_party/group/6a386221ee19a6537cc68a97/clusters/6a39559ff9f8584e226bec72/snapshot
2026-08-24 15:55:34,172 [DEBUG] {
  "nodeIds": [
    "mdb7:37017",
    "mdb8:37017",
    "mdb9:37017"
  ]
}
2026-08-24 15:55:34,323 [DEBUG] STATUS 200
2026-08-24 15:55:34,323 [DEBUG] {
  "snapshotId": "6a8cafc53d9e727fec90e022"
}
2026-08-24 15:55:34,326 [INFO] Snapshot ID: 6a8cafc53d9e727fec90e022
2026-08-24 15:55:34,331 [DEBUG] API POST http://129.40.36.100:8080/api/public/v1.0/backup/third_party/group/6a386221ee19a6537cc68a97/clusters/6a39559ff9f8584e226bec72/snapshot/6a8cafc53d9e727fec90e022/start
2026-08-24 15:55:34,467 [DEBUG] STATUS 200
2026-08-24 15:55:34,467 [DEBUG] {
  "errorCode": "NONE",
  "version": "1",
  "status": "OK"
}
2026-08-24 15:55:34,468 [DEBUG] API GET http://129.40.36.100:8080/api/public/v1.0/backup/third_party/group/6a386221ee19a6537cc68a97/clusters/6a39559ff9f8584e226bec72/snapshot/6a8cafc53d9e727fec90e022
2026-08-24 15:55:34,614 [DEBUG] STATUS 200
2026-08-24 15:55:34,614 [DEBUG] {
  "nodes": [
    {
      "dbPath": "/fimongo1/data",
      "hidden": false,
      "hostname": "mdb8",
      "id": "mdb8:37017",
      "lastAgentPing": "2026-08-24T20:55:08Z",
      "memberState": "SECONDARY",
      "mongodbVersion": "8.0.26",
      "opTime": "2026-08-24T20:54:37Z",
      "oplogStoreType": "thirdPartyOplogStore",
      "port": 37017,
      "priority": 1.0,
      "rsId": "sgcShard_0",
      "snapshotable": true,
      "votes": 1
    },
    {
      "dbPath": "/fimongo1/data",
      "hidden": false,
      "hostname": "mdb7",
      "id": "mdb7:37017",
      "lastAgentPing": "2026-08-24T20:55:04Z",
      "memberState": "SECONDARY",
      "mongodbVersion": "8.0.26",
      "opTime": "2026-08-24T20:54:37Z",
      "oplogStoreType": "thirdPartyOplogStore",
      "port": 37017,
      "priority": 1.0,
      "rsId": "configRS",
      "snapshotable": true,
      "votes": 1
    },
    {
      "dbPath": "/fimongo1/data",
      "hidden": false,
      "hostname": "mdb9",
      "id": "mdb9:37017",
      "lastAgentPing": "2026-08-24T20:55:04Z",
      "memberState": "SECONDARY",
      "mongodbVersion": "8.0.26",
      "opTime": "2026-08-24T20:54:39Z",
      "oplogStoreType": "thirdPartyOplogStore",
      "port": 37017,
      "priority": 1.0,
      "rsId": "sgcShard_1",
      "snapshotable": true,
      "votes": 1
    }
  ],
  "state": "PENDING"
}
2026-08-24 15:55:34,614 [INFO] Snapshot state: PENDING
2026-08-24 15:55:44,615 [DEBUG] API GET http://129.40.36.100:8080/api/public/v1.0/backup/third_party/group/6a386221ee19a6537cc68a97/clusters/6a39559ff9f8584e226bec72/snapshot/6a8cafc53d9e727fec90e022
2026-08-24 15:55:44,758 [DEBUG] STATUS 200
2026-08-24 15:55:44,758 [DEBUG] {
  "nodes": [
    {
      "dbPath": "/fimongo1/data",
      "hidden": false,
      "hostname": "mdb8",
      "id": "mdb8:37017",
      "lastAgentPing": "2026-08-24T20:55:08Z",
      "memberState": "SECONDARY",
      "mongodbVersion": "8.0.26",
      "opTime": "2026-08-24T20:54:37Z",
      "oplogStoreType": "thirdPartyOplogStore",
      "port": 37017,
      "priority": 1.0,
      "rsId": "sgcShard_0",
      "snapshotable": true,
      "votes": 1
    },
    {
      "dbPath": "/fimongo1/data",
      "hidden": false,
      "hostname": "mdb7",
      "id": "mdb7:37017",
      "lastAgentPing": "2026-08-24T20:55:04Z",
      "memberState": "SECONDARY",
      "mongodbVersion": "8.0.26",
      "opTime": "2026-08-24T20:54:37Z",
      "oplogStoreType": "thirdPartyOplogStore",
      "port": 37017,
      "priority": 1.0,
      "rsId": "configRS",
      "snapshotable": true,
      "votes": 1
    },
    {
      "dbPath": "/fimongo1/data",
      "hidden": false,
      "hostname": "mdb9",
      "id": "mdb9:37017",
      "lastAgentPing": "2026-08-24T20:55:04Z",
      "memberState": "SECONDARY",
      "mongodbVersion": "8.0.26",
      "opTime": "2026-08-24T20:54:39Z",
      "oplogStoreType": "thirdPartyOplogStore",
      "port": 37017,
      "priority": 1.0,
      "rsId": "sgcShard_1",
      "snapshotable": true,
      "votes": 1
    }
  ],
  "state": "PENDING"
}
2026-08-24 15:55:44,758 [INFO] Snapshot state: PENDING
2026-08-24 15:55:54,759 [DEBUG] API GET http://129.40.36.100:8080/api/public/v1.0/backup/third_party/group/6a386221ee19a6537cc68a97/clusters/6a39559ff9f8584e226bec72/snapshot/6a8cafc53d9e727fec90e022
2026-08-24 15:55:54,901 [DEBUG] STATUS 200
2026-08-24 15:55:54,902 [DEBUG] {
  "nodes": [
    {
      "dbPath": "/fimongo1/data",
      "hidden": false,
      "hostname": "mdb8",
      "id": "mdb8:37017",
      "lastAgentPing": "2026-08-24T20:55:08Z",
      "memberState": "SECONDARY",
      "mongodbVersion": "8.0.26",
      "opTime": "2026-08-24T20:54:37Z",
      "oplogStoreType": "thirdPartyOplogStore",
      "port": 37017,
      "priority": 1.0,
      "rsId": "sgcShard_0",
      "snapshotable": true,
      "votes": 1
    },
    {
      "dbPath": "/fimongo1/data",
      "hidden": false,
      "hostname": "mdb7",
      "id": "mdb7:37017",
      "lastAgentPing": "2026-08-24T20:55:04Z",
      "memberState": "SECONDARY",
      "mongodbVersion": "8.0.26",
      "opTime": "2026-08-24T20:54:37Z",
      "oplogStoreType": "thirdPartyOplogStore",
      "port": 37017,
      "priority": 1.0,
      "rsId": "configRS",
      "snapshotable": true,
      "votes": 1
    },
    {
      "dbPath": "/fimongo1/data",
      "hidden": false,
      "hostname": "mdb9",
      "id": "mdb9:37017",
      "lastAgentPing": "2026-08-24T20:55:04Z",
      "memberState": "SECONDARY",
      "mongodbVersion": "8.0.26",
      "opTime": "2026-08-24T20:54:39Z",
      "oplogStoreType": "thirdPartyOplogStore",
      "port": 37017,
      "priority": 1.0,
      "rsId": "sgcShard_1",
      "snapshotable": true,
      "votes": 1
    }
  ],
  "state": "PENDING"
}
2026-08-24 15:55:54,902 [INFO] Snapshot state: PENDING
2026-08-24 15:56:04,902 [DEBUG] API GET http://129.40.36.100:8080/api/public/v1.0/backup/third_party/group/6a386221ee19a6537cc68a97/clusters/6a39559ff9f8584e226bec72/snapshot/6a8cafc53d9e727fec90e022
2026-08-24 15:56:05,048 [DEBUG] STATUS 200
2026-08-24 15:56:05,048 [DEBUG] {
  "nodes": [
    {
      "dbPath": "/fimongo1/data",
      "hidden": false,
      "hostname": "mdb8",
      "id": "mdb8:37017",
      "lastAgentPing": "2026-08-24T20:55:08Z",
      "memberState": "SECONDARY",
      "mongodbVersion": "8.0.26",
      "opTime": "2026-08-24T20:54:37Z",
      "oplogStoreType": "thirdPartyOplogStore",
      "port": 37017,
      "priority": 1.0,
      "rsId": "sgcShard_0",
      "snapshotable": true,
      "votes": 1
    },
    {
      "dbPath": "/fimongo1/data",
      "hidden": false,
      "hostname": "mdb7",
      "id": "mdb7:37017",
      "lastAgentPing": "2026-08-24T20:56:03Z",
      "memberState": "SECONDARY",
      "mongodbVersion": "8.0.26",
      "opTime": "2026-08-24T20:54:37Z",
      "oplogStoreType": "thirdPartyOplogStore",
      "port": 37017,
      "priority": 1.0,
      "rsId": "configRS",
      "snapshotable": true,
      "votes": 1
    },
    {
      "dbPath": "/fimongo1/data",
      "hidden": false,
      "hostname": "mdb9",
      "id": "mdb9:37017",
      "lastAgentPing": "2026-08-24T20:56:02Z",
      "memberState": "SECONDARY",
      "mongodbVersion": "8.0.26",
      "opTime": "2026-08-24T20:54:39Z",
      "oplogStoreType": "thirdPartyOplogStore",
      "port": 37017,
      "priority": 1.0,
      "rsId": "sgcShard_1",
      "snapshotable": true,
      "votes": 1
    }
  ],
  "state": "PENDING"
}
2026-08-24 15:56:05,048 [INFO] Snapshot state: PENDING
2026-08-24 15:56:15,049 [DEBUG] API GET http://129.40.36.100:8080/api/public/v1.0/backup/third_party/group/6a386221ee19a6537cc68a97/clusters/6a39559ff9f8584e226bec72/snapshot/6a8cafc53d9e727fec90e022
2026-08-24 15:56:15,191 [DEBUG] STATUS 200
2026-08-24 15:56:15,192 [DEBUG] {
  "nodes": [
    {
      "dbPath": "/fimongo1/data",
      "hidden": false,
      "hostname": "mdb8",
      "id": "mdb8:37017",
      "lastAgentPing": "2026-08-24T20:56:10Z",
      "memberState": "SECONDARY",
      "mongodbVersion": "8.0.26",
      "opTime": "2026-08-24T20:54:37Z",
      "oplogStoreType": "thirdPartyOplogStore",
      "port": 37017,
      "priority": 1.0,
      "rsId": "sgcShard_0",
      "snapshotable": true,
      "votes": 1
    },
    {
      "dbPath": "/fimongo1/data",
      "hidden": false,
      "hostname": "mdb7",
      "id": "mdb7:37017",
      "lastAgentPing": "2026-08-24T20:56:03Z",
      "memberState": "SECONDARY",
      "mongodbVersion": "8.0.26",
      "opTime": "2026-08-24T20:54:37Z",
      "oplogStoreType": "thirdPartyOplogStore",
      "port": 37017,
      "priority": 1.0,
      "rsId": "configRS",
      "snapshotable": true,
      "votes": 1
    },
    {
      "dbPath": "/fimongo1/data",
      "hidden": false,
      "hostname": "mdb9",
      "id": "mdb9:37017",
      "lastAgentPing": "2026-08-24T20:56:02Z",
      "memberState": "SECONDARY",
      "mongodbVersion": "8.0.26",
      "opTime": "2026-08-24T20:54:39Z",
      "oplogStoreType": "thirdPartyOplogStore",
      "port": 37017,
      "priority": 1.0,
      "rsId": "sgcShard_1",
      "snapshotable": true,
      "votes": 1
    }
  ],
  "state": "PENDING"
}
2026-08-24 15:56:15,192 [INFO] Snapshot state: PENDING
2026-08-24 15:56:25,192 [DEBUG] API GET http://129.40.36.100:8080/api/public/v1.0/backup/third_party/group/6a386221ee19a6537cc68a97/clusters/6a39559ff9f8584e226bec72/snapshot/6a8cafc53d9e727fec90e022
2026-08-24 15:56:25,340 [DEBUG] STATUS 200
2026-08-24 15:56:25,340 [DEBUG] {
  "nodes": [
    {
      "dbPath": "/fimongo1/data",
      "hidden": false,
      "hostname": "mdb8",
      "id": "mdb8:37017",
      "lastAgentPing": "2026-08-24T20:56:10Z",
      "memberState": "SECONDARY",
      "mongodbVersion": "8.0.26",
      "opTime": "2026-08-24T20:54:37Z",
      "oplogStoreType": "thirdPartyOplogStore",
      "port": 37017,
      "priority": 1.0,
      "rsId": "sgcShard_0",
      "snapshotable": true,
      "votes": 1
    },
    {
      "dbPath": "/fimongo1/data",
      "hidden": false,
      "hostname": "mdb7",
      "id": "mdb7:37017",
      "lastAgentPing": "2026-08-24T20:56:03Z",
      "memberState": "SECONDARY",
      "mongodbVersion": "8.0.26",
      "opTime": "2026-08-24T20:54:37Z",
      "oplogStoreType": "thirdPartyOplogStore",
      "port": 37017,
      "priority": 1.0,
      "rsId": "configRS",
      "snapshotable": true,
      "votes": 1
    },
    {
      "dbPath": "/fimongo1/data",
      "hidden": false,
      "hostname": "mdb9",
      "id": "mdb9:37017",
      "lastAgentPing": "2026-08-24T20:56:02Z",
      "memberState": "SECONDARY",
      "mongodbVersion": "8.0.26",
      "opTime": "2026-08-24T20:54:39Z",
      "oplogStoreType": "thirdPartyOplogStore",
      "port": 37017,
      "priority": 1.0,
      "rsId": "sgcShard_1",
      "snapshotable": true,
      "votes": 1
    }
  ],
  "state": "PENDING"
}
2026-08-24 15:56:25,340 [INFO] Snapshot state: PENDING
2026-08-24 15:56:35,341 [DEBUG] API GET http://129.40.36.100:8080/api/public/v1.0/backup/third_party/group/6a386221ee19a6537cc68a97/clusters/6a39559ff9f8584e226bec72/snapshot/6a8cafc53d9e727fec90e022
2026-08-24 15:56:35,548 [DEBUG] STATUS 200
2026-08-24 15:56:35,548 [DEBUG] {
  "nodes": [
    {
      "dbPath": "/fimongo1/data",
      "hidden": false,
      "hostname": "mdb8",
      "id": "mdb8:37017",
      "lastAgentPing": "2026-08-24T20:56:10Z",
      "memberState": "SECONDARY",
      "mongodbVersion": "8.0.26",
      "opTime": "2026-08-24T20:54:37Z",
      "oplogStoreType": "thirdPartyOplogStore",
      "port": 37017,
      "priority": 1.0,
      "rsId": "sgcShard_0",
      "snapshotable": true,
      "votes": 1
    },
    {
      "dbPath": "/fimongo1/data",
      "hidden": false,
      "hostname": "mdb7",
      "id": "mdb7:37017",
      "lastAgentPing": "2026-08-24T20:56:03Z",
      "memberState": "SECONDARY",
      "mongodbVersion": "8.0.26",
      "opTime": "2026-08-24T20:54:37Z",
      "oplogStoreType": "thirdPartyOplogStore",
      "port": 37017,
      "priority": 1.0,
      "rsId": "configRS",
      "snapshotable": true,
      "votes": 1
    },
    {
      "dbPath": "/fimongo1/data",
      "hidden": false,
      "hostname": "mdb9",
      "id": "mdb9:37017",
      "lastAgentPing": "2026-08-24T20:56:02Z",
      "memberState": "SECONDARY",
      "mongodbVersion": "8.0.26",
      "opTime": "2026-08-24T20:54:39Z",
      "oplogStoreType": "thirdPartyOplogStore",
      "port": 37017,
      "priority": 1.0,
      "rsId": "sgcShard_1",
      "snapshotable": true,
      "votes": 1
    }
  ],
  "state": "PENDING"
}
2026-08-24 15:56:35,548 [INFO] Snapshot state: PENDING
2026-08-24 15:56:45,549 [DEBUG] API GET http://129.40.36.100:8080/api/public/v1.0/backup/third_party/group/6a386221ee19a6537cc68a97/clusters/6a39559ff9f8584e226bec72/snapshot/6a8cafc53d9e727fec90e022
2026-08-24 15:56:45,691 [DEBUG] STATUS 200
2026-08-24 15:56:45,691 [DEBUG] {
  "nodes": [
    {
      "dbPath": "/fimongo1/data",
      "hidden": false,
      "hostname": "mdb8",
      "id": "mdb8:37017",
      "lastAgentPing": "2026-08-24T20:56:10Z",
      "memberState": "SECONDARY",
      "mongodbVersion": "8.0.26",
      "opTime": "2026-08-24T20:54:37Z",
      "oplogStoreType": "thirdPartyOplogStore",
      "port": 37017,
      "priority": 1.0,
      "rsId": "sgcShard_0",
      "snapshotable": true,
      "votes": 1
    },
    {
      "dbPath": "/fimongo1/data",
      "hidden": false,
      "hostname": "mdb7",
      "id": "mdb7:37017",
      "lastAgentPing": "2026-08-24T20:56:03Z",
      "memberState": "SECONDARY",
      "mongodbVersion": "8.0.26",
      "opTime": "2026-08-24T20:54:37Z",
      "oplogStoreType": "thirdPartyOplogStore",
      "port": 37017,
      "priority": 1.0,
      "rsId": "configRS",
      "snapshotable": true,
      "votes": 1
    },
    {
      "dbPath": "/fimongo1/data",
      "hidden": false,
      "hostname": "mdb9",
      "id": "mdb9:37017",
      "lastAgentPing": "2026-08-24T20:56:02Z",
      "memberState": "SECONDARY",
      "mongodbVersion": "8.0.26",
      "opTime": "2026-08-24T20:54:39Z",
      "oplogStoreType": "thirdPartyOplogStore",
      "port": 37017,
      "priority": 1.0,
      "rsId": "sgcShard_1",
      "snapshotable": true,
      "votes": 1
    }
  ],
  "state": "PENDING"
}
2026-08-24 15:56:45,691 [INFO] Snapshot state: PENDING
2026-08-24 15:56:55,692 [DEBUG] API GET http://129.40.36.100:8080/api/public/v1.0/backup/third_party/group/6a386221ee19a6537cc68a97/clusters/6a39559ff9f8584e226bec72/snapshot/6a8cafc53d9e727fec90e022
2026-08-24 15:56:55,831 [DEBUG] STATUS 200
2026-08-24 15:56:55,831 [DEBUG] {
  "nodes": [
    {
      "dbPath": "/fimongo1/data",
      "hidden": false,
      "hostname": "mdb8",
      "id": "mdb8:37017",
      "lastAgentPing": "2026-08-24T20:56:10Z",
      "memberState": "SECONDARY",
      "mongodbVersion": "8.0.26",
      "opTime": "2026-08-24T20:54:37Z",
      "oplogStoreType": "thirdPartyOplogStore",
      "port": 37017,
      "priority": 1.0,
      "rsId": "sgcShard_0",
      "snapshotable": true,
      "votes": 1
    },
    {
      "dbPath": "/fimongo1/data",
      "hidden": false,
      "hostname": "mdb7",
      "id": "mdb7:37017",
      "lastAgentPing": "2026-08-24T20:56:03Z",
      "memberState": "SECONDARY",
      "mongodbVersion": "8.0.26",
      "opTime": "2026-08-24T20:54:37Z",
      "oplogStoreType": "thirdPartyOplogStore",
      "port": 37017,
      "priority": 1.0,
      "rsId": "configRS",
      "snapshotable": true,
      "votes": 1
    },
    {
      "dbPath": "/fimongo1/data",
      "hidden": false,
      "hostname": "mdb9",
      "id": "mdb9:37017",
      "lastAgentPing": "2026-08-24T20:56:02Z",
      "memberState": "SECONDARY",
      "mongodbVersion": "8.0.26",
      "opTime": "2026-08-24T20:54:39Z",
      "oplogStoreType": "thirdPartyOplogStore",
      "port": 37017,
      "priority": 1.0,
      "rsId": "sgcShard_1",
      "snapshotable": true,
      "votes": 1
    }
  ],
  "state": "PENDING"
}
2026-08-24 15:56:55,832 [INFO] Snapshot state: PENDING
2026-08-24 15:57:05,832 [DEBUG] API GET http://129.40.36.100:8080/api/public/v1.0/backup/third_party/group/6a386221ee19a6537cc68a97/clusters/6a39559ff9f8584e226bec72/snapshot/6a8cafc53d9e727fec90e022
2026-08-24 15:57:05,975 [DEBUG] STATUS 200
2026-08-24 15:57:05,975 [DEBUG] {
  "nodes": [
    {
      "dbPath": "/fimongo1/data",
      "hidden": false,
      "hostname": "mdb8",
      "id": "mdb8:37017",
      "lastAgentPing": "2026-08-24T20:56:10Z",
      "memberState": "SECONDARY",
      "mongodbVersion": "8.0.26",
      "opTime": "2026-08-24T20:54:37Z",
      "oplogStoreType": "thirdPartyOplogStore",
      "port": 37017,
      "priority": 1.0,
      "rsId": "sgcShard_0",
      "snapshotable": true,
      "votes": 1
    },
    {
      "dbPath": "/fimongo1/data",
      "hidden": false,
      "hostname": "mdb7",
      "id": "mdb7:37017",
      "lastAgentPing": "2026-08-24T20:56:03Z",
      "memberState": "SECONDARY",
      "mongodbVersion": "8.0.26",
      "opTime": "2026-08-24T20:54:37Z",
      "oplogStoreType": "thirdPartyOplogStore",
      "port": 37017,
      "priority": 1.0,
      "rsId": "configRS",
      "snapshotable": true,
      "votes": 1
    },
    {
      "dbPath": "/fimongo1/data",
      "hidden": false,
      "hostname": "mdb9",
      "id": "mdb9:37017",
      "lastAgentPing": "2026-08-24T20:57:02Z",
      "memberState": "SECONDARY",
      "mongodbVersion": "8.0.26",
      "opTime": "2026-08-24T20:54:39Z",
      "oplogStoreType": "thirdPartyOplogStore",
      "port": 37017,
      "priority": 1.0,
      "rsId": "sgcShard_1",
      "snapshotable": true,
      "votes": 1
    }
  ],
  "state": "PENDING"
}
2026-08-24 15:57:05,975 [INFO] Snapshot state: PENDING
2026-08-24 15:57:15,976 [DEBUG] API GET http://129.40.36.100:8080/api/public/v1.0/backup/third_party/group/6a386221ee19a6537cc68a97/clusters/6a39559ff9f8584e226bec72/snapshot/6a8cafc53d9e727fec90e022
2026-08-24 15:57:16,119 [DEBUG] STATUS 200
2026-08-24 15:57:16,119 [DEBUG] {
  "nodes": [
    {
      "dbPath": "/fimongo1/data",
      "hidden": false,
      "hostname": "mdb8",
      "id": "mdb8:37017",
      "lastAgentPing": "2026-08-24T20:57:13Z",
      "memberState": "SECONDARY",
      "mongodbVersion": "8.0.26",
      "opTime": "2026-08-24T20:54:37Z",
      "oplogStoreType": "thirdPartyOplogStore",
      "port": 37017,
      "priority": 1.0,
      "rsId": "sgcShard_0",
      "snapshotable": true,
      "votes": 1
    },
    {
      "dbPath": "/fimongo1/data",
      "hidden": false,
      "hostname": "mdb7",
      "id": "mdb7:37017",
      "lastAgentPing": "2026-08-24T20:57:06Z",
      "memberState": "SECONDARY",
      "mongodbVersion": "8.0.26",
      "opTime": "2026-08-24T20:54:37Z",
      "oplogStoreType": "thirdPartyOplogStore",
      "port": 37017,
      "priority": 1.0,
      "rsId": "configRS",
      "snapshotable": true,
      "votes": 1
    },
    {
      "dbPath": "/fimongo1/data",
      "hidden": false,
      "hostname": "mdb9",
      "id": "mdb9:37017",
      "lastAgentPing": "2026-08-24T20:57:02Z",
      "memberState": "SECONDARY",
      "mongodbVersion": "8.0.26",
      "opTime": "2026-08-24T20:54:39Z",
      "oplogStoreType": "thirdPartyOplogStore",
      "port": 37017,
      "priority": 1.0,
      "rsId": "sgcShard_1",
      "snapshotable": true,
      "votes": 1
    }
  ],
  "state": "PENDING"
}
2026-08-24 15:57:16,119 [INFO] Snapshot state: PENDING
2026-08-24 15:57:26,119 [DEBUG] API GET http://129.40.36.100:8080/api/public/v1.0/backup/third_party/group/6a386221ee19a6537cc68a97/clusters/6a39559ff9f8584e226bec72/snapshot/6a8cafc53d9e727fec90e022
2026-08-24 15:57:26,265 [DEBUG] STATUS 200
2026-08-24 15:57:26,265 [DEBUG] {
  "nodes": [
    {
      "dbPath": "/fimongo1/data",
      "hidden": false,
      "hostname": "mdb8",
      "id": "mdb8:37017",
      "lastAgentPing": "2026-08-24T20:57:13Z",
      "memberState": "SECONDARY",
      "mongodbVersion": "8.0.26",
      "opTime": "2026-08-24T20:54:37Z",
      "oplogStoreType": "thirdPartyOplogStore",
      "port": 37017,
      "priority": 1.0,
      "rsId": "sgcShard_0",
      "snapshotable": true,
      "votes": 1
    },
    {
      "dbPath": "/fimongo1/data",
      "hidden": false,
      "hostname": "mdb7",
      "id": "mdb7:37017",
      "lastAgentPing": "2026-08-24T20:57:06Z",
      "memberState": "SECONDARY",
      "mongodbVersion": "8.0.26",
      "opTime": "2026-08-24T20:54:37Z",
      "oplogStoreType": "thirdPartyOplogStore",
      "port": 37017,
      "priority": 1.0,
      "rsId": "configRS",
      "snapshotable": true,
      "votes": 1
    },
    {
      "dbPath": "/fimongo1/data",
      "hidden": false,
      "hostname": "mdb9",
      "id": "mdb9:37017",
      "lastAgentPing": "2026-08-24T20:57:02Z",
      "memberState": "SECONDARY",
      "mongodbVersion": "8.0.26",
      "opTime": "2026-08-24T20:54:39Z",
      "oplogStoreType": "thirdPartyOplogStore",
      "port": 37017,
      "priority": 1.0,
      "rsId": "sgcShard_1",
      "snapshotable": true,
      "votes": 1
    }
  ],
  "state": "PENDING"
}
2026-08-24 15:57:26,265 [INFO] Snapshot state: PENDING
2026-08-24 15:57:36,266 [DEBUG] API GET http://129.40.36.100:8080/api/public/v1.0/backup/third_party/group/6a386221ee19a6537cc68a97/clusters/6a39559ff9f8584e226bec72/snapshot/6a8cafc53d9e727fec90e022
2026-08-24 15:57:36,470 [DEBUG] STATUS 200
2026-08-24 15:57:36,470 [DEBUG] {
  "nodes": [
    {
      "dbPath": "/fimongo1/data",
      "hidden": false,
      "hostname": "mdb8",
      "id": "mdb8:37017",
      "lastAgentPing": "2026-08-24T20:57:13Z",
      "memberState": "SECONDARY",
      "mongodbVersion": "8.0.26",
      "opTime": "2026-08-24T20:54:37Z",
      "oplogStoreType": "thirdPartyOplogStore",
      "port": 37017,
      "priority": 1.0,
      "rsId": "sgcShard_0",
      "snapshotable": true,
      "votes": 1
    },
    {
      "dbPath": "/fimongo1/data",
      "hidden": false,
      "hostname": "mdb7",
      "id": "mdb7:37017",
      "lastAgentPing": "2026-08-24T20:57:06Z",
      "memberState": "SECONDARY",
      "mongodbVersion": "8.0.26",
      "opTime": "2026-08-24T20:54:37Z",
      "oplogStoreType": "thirdPartyOplogStore",
      "port": 37017,
      "priority": 1.0,
      "rsId": "configRS",
      "snapshotable": true,
      "votes": 1
    },
    {
      "dbPath": "/fimongo1/data",
      "hidden": false,
      "hostname": "mdb9",
      "id": "mdb9:37017",
      "lastAgentPing": "2026-08-24T20:57:02Z",
      "memberState": "SECONDARY",
      "mongodbVersion": "8.0.26",
      "opTime": "2026-08-24T20:54:39Z",
      "oplogStoreType": "thirdPartyOplogStore",
      "port": 37017,
      "priority": 1.0,
      "rsId": "sgcShard_1",
      "snapshotable": true,
      "votes": 1
    }
  ],
  "state": "PENDING"
}
2026-08-24 15:57:36,470 [INFO] Snapshot state: PENDING
2026-08-24 15:57:46,471 [DEBUG] API GET http://129.40.36.100:8080/api/public/v1.0/backup/third_party/group/6a386221ee19a6537cc68a97/clusters/6a39559ff9f8584e226bec72/snapshot/6a8cafc53d9e727fec90e022
2026-08-24 15:57:46,628 [DEBUG] STATUS 200
2026-08-24 15:57:46,628 [DEBUG] {
  "nodes": [
    {
      "dbPath": "/fimongo1/data",
      "hidden": false,
      "hostname": "mdb8",
      "id": "mdb8:37017",
      "lastAgentPing": "2026-08-24T20:57:13Z",
      "memberState": "SECONDARY",
      "mongodbVersion": "8.0.26",
      "opTime": "2026-08-24T20:54:37Z",
      "oplogStoreType": "thirdPartyOplogStore",
      "port": 37017,
      "priority": 1.0,
      "rsId": "sgcShard_0",
      "snapshotable": true,
      "votes": 1
    },
    {
      "dbPath": "/fimongo1/data",
      "hidden": false,
      "hostname": "mdb7",
      "id": "mdb7:37017",
      "lastAgentPing": "2026-08-24T20:57:06Z",
      "memberState": "SECONDARY",
      "mongodbVersion": "8.0.26",
      "opTime": "2026-08-24T20:54:37Z",
      "oplogStoreType": "thirdPartyOplogStore",
      "port": 37017,
      "priority": 1.0,
      "rsId": "configRS",
      "snapshotable": true,
      "votes": 1
    },
    {
      "dbPath": "/fimongo1/data",
      "hidden": false,
      "hostname": "mdb9",
      "id": "mdb9:37017",
      "lastAgentPing": "2026-08-24T20:57:02Z",
      "memberState": "SECONDARY",
      "mongodbVersion": "8.0.26",
      "opTime": "2026-08-24T20:54:39Z",
      "oplogStoreType": "thirdPartyOplogStore",
      "port": 37017,
      "priority": 1.0,
      "rsId": "sgcShard_1",
      "snapshotable": true,
      "votes": 1
    }
  ],
  "state": "PENDING"
}
2026-08-24 15:57:46,628 [INFO] Snapshot state: PENDING
2026-08-24 15:57:56,629 [DEBUG] API GET http://129.40.36.100:8080/api/public/v1.0/backup/third_party/group/6a386221ee19a6537cc68a97/clusters/6a39559ff9f8584e226bec72/snapshot/6a8cafc53d9e727fec90e022
2026-08-24 15:57:56,770 [DEBUG] STATUS 200
2026-08-24 15:57:56,771 [DEBUG] {
  "nodes": [
    {
      "dbPath": "/fimongo1/data",
      "hidden": false,
      "hostname": "mdb8",
      "id": "mdb8:37017",
      "lastAgentPing": "2026-08-24T20:57:13Z",
      "memberState": "SECONDARY",
      "mongodbVersion": "8.0.26",
      "opTime": "2026-08-24T20:54:37Z",
      "oplogStoreType": "thirdPartyOplogStore",
      "port": 37017,
      "priority": 1.0,
      "rsId": "sgcShard_0",
      "snapshotable": true,
      "votes": 1
    },
    {
      "dbPath": "/fimongo1/data",
      "hidden": false,
      "hostname": "mdb7",
      "id": "mdb7:37017",
      "lastAgentPing": "2026-08-24T20:57:06Z",
      "memberState": "SECONDARY",
      "mongodbVersion": "8.0.26",
      "opTime": "2026-08-24T20:54:37Z",
      "oplogStoreType": "thirdPartyOplogStore",
      "port": 37017,
      "priority": 1.0,
      "rsId": "configRS",
      "snapshotable": true,
      "votes": 1
    },
    {
      "dbPath": "/fimongo1/data",
      "hidden": false,
      "hostname": "mdb9",
      "id": "mdb9:37017",
      "lastAgentPing": "2026-08-24T20:57:02Z",
      "memberState": "SECONDARY",
      "mongodbVersion": "8.0.26",
      "opTime": "2026-08-24T20:54:39Z",
      "oplogStoreType": "thirdPartyOplogStore",
      "port": 37017,
      "priority": 1.0,
      "rsId": "sgcShard_1",
      "snapshotable": true,
      "votes": 1
    }
  ],
  "state": "PENDING"
}
2026-08-24 15:57:56,771 [INFO] Snapshot state: PENDING
2026-08-24 15:58:06,771 [DEBUG] API GET http://129.40.36.100:8080/api/public/v1.0/backup/third_party/group/6a386221ee19a6537cc68a97/clusters/6a39559ff9f8584e226bec72/snapshot/6a8cafc53d9e727fec90e022
2026-08-24 15:58:06,917 [DEBUG] STATUS 200
2026-08-24 15:58:06,917 [DEBUG] {
  "nodes": [
    {
      "dbPath": "/fimongo1/data",
      "hidden": false,
      "hostname": "mdb8",
      "id": "mdb8:37017",
      "lastAgentPing": "2026-08-24T20:57:13Z",
      "memberState": "SECONDARY",
      "mongodbVersion": "8.0.26",
      "opTime": "2026-08-24T20:54:37Z",
      "oplogStoreType": "thirdPartyOplogStore",
      "port": 37017,
      "priority": 1.0,
      "rsId": "sgcShard_0",
      "snapshotable": true,
      "votes": 1
    },
    {
      "dbPath": "/fimongo1/data",
      "hidden": false,
      "hostname": "mdb7",
      "id": "mdb7:37017",
      "lastAgentPing": "2026-08-24T20:58:04Z",
      "memberState": "SECONDARY",
      "mongodbVersion": "8.0.26",
      "opTime": "2026-08-24T20:54:37Z",
      "oplogStoreType": "thirdPartyOplogStore",
      "port": 37017,
      "priority": 1.0,
      "rsId": "configRS",
      "snapshotable": true,
      "votes": 1
    },
    {
      "dbPath": "/fimongo1/data",
      "hidden": false,
      "hostname": "mdb9",
      "id": "mdb9:37017",
      "lastAgentPing": "2026-08-24T20:57:02Z",
      "memberState": "SECONDARY",
      "mongodbVersion": "8.0.26",
      "opTime": "2026-08-24T20:54:39Z",
      "oplogStoreType": "thirdPartyOplogStore",
      "port": 37017,
      "priority": 1.0,
      "rsId": "sgcShard_1",
      "snapshotable": true,
      "votes": 1
    }
  ],
  "state": "PENDING"
}
2026-08-24 15:58:06,917 [INFO] Snapshot state: PENDING
2026-08-24 15:58:16,918 [DEBUG] API GET http://129.40.36.100:8080/api/public/v1.0/backup/third_party/group/6a386221ee19a6537cc68a97/clusters/6a39559ff9f8584e226bec72/snapshot/6a8cafc53d9e727fec90e022
2026-08-24 15:58:17,060 [DEBUG] STATUS 200
2026-08-24 15:58:17,060 [DEBUG] {
  "nodes": [
    {
      "dbPath": "/fimongo1/data",
      "hidden": false,
      "hostname": "mdb8",
      "id": "mdb8:37017",
      "lastAgentPing": "2026-08-24T20:58:12Z",
      "memberState": "SECONDARY",
      "mongodbVersion": "8.0.26",
      "opTime": "2026-08-24T20:54:37Z",
      "oplogStoreType": "thirdPartyOplogStore",
      "port": 37017,
      "priority": 1.0,
      "rsId": "sgcShard_0",
      "snapshotable": true,
      "votes": 1
    },
    {
      "dbPath": "/fimongo1/data",
      "hidden": false,
      "hostname": "mdb7",
      "id": "mdb7:37017",
      "lastAgentPing": "2026-08-24T20:58:04Z",
      "memberState": "SECONDARY",
      "mongodbVersion": "8.0.26",
      "opTime": "2026-08-24T20:54:37Z",
      "oplogStoreType": "thirdPartyOplogStore",
      "port": 37017,
      "priority": 1.0,
      "rsId": "configRS",
      "snapshotable": true,
      "votes": 1
    },
    {
      "dbPath": "/fimongo1/data",
      "hidden": false,
      "hostname": "mdb9",
      "id": "mdb9:37017",
      "lastAgentPing": "2026-08-24T20:58:07Z",
      "memberState": "SECONDARY",
      "mongodbVersion": "8.0.26",
      "opTime": "2026-08-24T20:54:39Z",
      "oplogStoreType": "thirdPartyOplogStore",
      "port": 37017,
      "priority": 1.0,
      "rsId": "sgcShard_1",
      "snapshotable": true,
      "votes": 1
    }
  ],
  "state": "PENDING"
}
2026-08-24 15:58:17,060 [INFO] Snapshot state: PENDING
2026-08-24 15:58:27,061 [DEBUG] API GET http://129.40.36.100:8080/api/public/v1.0/backup/third_party/group/6a386221ee19a6537cc68a97/clusters/6a39559ff9f8584e226bec72/snapshot/6a8cafc53d9e727fec90e022
2026-08-24 15:58:27,205 [DEBUG] STATUS 200
2026-08-24 15:58:27,205 [DEBUG] {
  "nodes": [
    {
      "dbPath": "/fimongo1/data",
      "hidden": false,
      "hostname": "mdb8",
      "id": "mdb8:37017",
      "lastAgentPing": "2026-08-24T20:58:12Z",
      "memberState": "SECONDARY",
      "mongodbVersion": "8.0.26",
      "opTime": "2026-08-24T20:54:37Z",
      "oplogStoreType": "thirdPartyOplogStore",
      "port": 37017,
      "priority": 1.0,
      "rsId": "sgcShard_0",
      "snapshotable": true,
      "votes": 1
    },
    {
      "dbPath": "/fimongo1/data",
      "hidden": false,
      "hostname": "mdb7",
      "id": "mdb7:37017",
      "lastAgentPing": "2026-08-24T20:58:04Z",
      "memberState": "SECONDARY",
      "mongodbVersion": "8.0.26",
      "opTime": "2026-08-24T20:54:37Z",
      "oplogStoreType": "thirdPartyOplogStore",
      "port": 37017,
      "priority": 1.0,
      "rsId": "configRS",
      "snapshotable": true,
      "votes": 1
    },
    {
      "dbPath": "/fimongo1/data",
      "hidden": false,
      "hostname": "mdb9",
      "id": "mdb9:37017",
      "lastAgentPing": "2026-08-24T20:58:07Z",
      "memberState": "SECONDARY",
      "mongodbVersion": "8.0.26",
      "opTime": "2026-08-24T20:54:39Z",
      "oplogStoreType": "thirdPartyOplogStore",
      "port": 37017,
      "priority": 1.0,
      "rsId": "sgcShard_1",
      "snapshotable": true,
      "votes": 1
    }
  ],
  "state": "PENDING"
}
2026-08-24 15:58:27,206 [INFO] Snapshot state: PENDING
2026-08-24 15:58:37,206 [DEBUG] API GET http://129.40.36.100:8080/api/public/v1.0/backup/third_party/group/6a386221ee19a6537cc68a97/clusters/6a39559ff9f8584e226bec72/snapshot/6a8cafc53d9e727fec90e022
2026-08-24 15:58:37,408 [DEBUG] STATUS 200
2026-08-24 15:58:37,408 [DEBUG] {
  "nodes": [
    {
      "dbPath": "/fimongo1/data",
      "hidden": false,
      "hostname": "mdb8",
      "id": "mdb8:37017",
      "lastAgentPing": "2026-08-24T20:58:12Z",
      "memberState": "SECONDARY",
      "mongodbVersion": "8.0.26",
      "opTime": "2026-08-24T20:58:17Z",
      "oplogStoreType": "thirdPartyOplogStore",
      "port": 37017,
      "priority": 1.0,
      "rsId": "sgcShard_0",
      "snapshotable": true,
      "votes": 1
    },
    {
      "dbPath": "/fimongo1/data",
      "hidden": false,
      "hostname": "mdb7",
      "id": "mdb7:37017",
      "lastAgentPing": "2026-08-24T20:58:04Z",
      "memberState": "SECONDARY",
      "mongodbVersion": "8.0.26",
      "opTime": "2026-08-24T20:58:23Z",
      "oplogStoreType": "thirdPartyOplogStore",
      "port": 37017,
      "priority": 1.0,
      "rsId": "configRS",
      "snapshotable": true,
      "votes": 1
    },
    {
      "dbPath": "/fimongo1/data",
      "hidden": false,
      "hostname": "mdb9",
      "id": "mdb9:37017",
      "lastAgentPing": "2026-08-24T20:58:07Z",
      "memberState": "SECONDARY",
      "mongodbVersion": "8.0.26",
      "opTime": "2026-08-24T20:58:23Z",
      "oplogStoreType": "thirdPartyOplogStore",
      "port": 37017,
      "priority": 1.0,
      "rsId": "sgcShard_1",
      "snapshotable": true,
      "votes": 1
    }
  ],
  "state": "PENDING"
}
2026-08-24 15:58:37,408 [INFO] Snapshot state: PENDING
2026-08-24 15:58:47,409 [DEBUG] API GET http://129.40.36.100:8080/api/public/v1.0/backup/third_party/group/6a386221ee19a6537cc68a97/clusters/6a39559ff9f8584e226bec72/snapshot/6a8cafc53d9e727fec90e022
2026-08-24 15:58:47,552 [DEBUG] STATUS 200
2026-08-24 15:58:47,552 [DEBUG] {
  "nodes": [
    {
      "dbPath": "/fimongo1/data",
      "hidden": false,
      "hostname": "mdb8",
      "id": "mdb8:37017",
      "lastAgentPing": "2026-08-24T20:58:12Z",
      "memberState": "SECONDARY",
      "mongodbVersion": "8.0.26",
      "opTime": "2026-08-24T20:58:17Z",
      "oplogStoreType": "thirdPartyOplogStore",
      "port": 37017,
      "priority": 1.0,
      "rsId": "sgcShard_0",
      "snapshotable": true,
      "votes": 1
    },
    {
      "dbPath": "/fimongo1/data",
      "hidden": false,
      "hostname": "mdb7",
      "id": "mdb7:37017",
      "lastAgentPing": "2026-08-24T20:58:04Z",
      "memberState": "SECONDARY",
      "mongodbVersion": "8.0.26",
      "opTime": "2026-08-24T20:58:23Z",
      "oplogStoreType": "thirdPartyOplogStore",
      "port": 37017,
      "priority": 1.0,
      "rsId": "configRS",
      "snapshotable": true,
      "votes": 1
    },
    {
      "dbPath": "/fimongo1/data",
      "hidden": false,
      "hostname": "mdb9",
      "id": "mdb9:37017",
      "lastAgentPing": "2026-08-24T20:58:07Z",
      "memberState": "SECONDARY",
      "mongodbVersion": "8.0.26",
      "opTime": "2026-08-24T20:58:23Z",
      "oplogStoreType": "thirdPartyOplogStore",
      "port": 37017,
      "priority": 1.0,
      "rsId": "sgcShard_1",
      "snapshotable": true,
      "votes": 1
    }
  ],
  "state": "PENDING"
}
2026-08-24 15:58:47,553 [INFO] Snapshot state: PENDING
2026-08-24 15:58:57,553 [DEBUG] API GET http://129.40.36.100:8080/api/public/v1.0/backup/third_party/group/6a386221ee19a6537cc68a97/clusters/6a39559ff9f8584e226bec72/snapshot/6a8cafc53d9e727fec90e022
2026-08-24 15:58:57,698 [DEBUG] STATUS 200
2026-08-24 15:58:57,698 [DEBUG] {
  "nodes": [
    {
      "dbPath": "/fimongo1/data",
      "hidden": false,
      "hostname": "mdb8",
      "id": "mdb8:37017",
      "lastAgentPing": "2026-08-24T20:58:12Z",
      "memberState": "SECONDARY",
      "mongodbVersion": "8.0.26",
      "opTime": "2026-08-24T20:58:17Z",
      "oplogStoreType": "thirdPartyOplogStore",
      "port": 37017,
      "priority": 1.0,
      "rsId": "sgcShard_0",
      "snapshotable": true,
      "votes": 1
    },
    {
      "dbPath": "/fimongo1/data",
      "hidden": false,
      "hostname": "mdb7",
      "id": "mdb7:37017",
      "lastAgentPing": "2026-08-24T20:58:04Z",
      "memberState": "SECONDARY",
      "mongodbVersion": "8.0.26",
      "opTime": "2026-08-24T20:58:23Z",
      "oplogStoreType": "thirdPartyOplogStore",
      "port": 37017,
      "priority": 1.0,
      "rsId": "configRS",
      "snapshotable": true,
      "votes": 1
    },
    {
      "dbPath": "/fimongo1/data",
      "hidden": false,
      "hostname": "mdb9",
      "id": "mdb9:37017",
      "lastAgentPing": "2026-08-24T20:58:07Z",
      "memberState": "SECONDARY",
      "mongodbVersion": "8.0.26",
      "opTime": "2026-08-24T20:58:23Z",
      "oplogStoreType": "thirdPartyOplogStore",
      "port": 37017,
      "priority": 1.0,
      "rsId": "sgcShard_1",
      "snapshotable": true,
      "votes": 1
    }
  ],
  "state": "PENDING"
}
2026-08-24 15:58:57,698 [INFO] Snapshot state: PENDING
2026-08-24 15:59:07,699 [DEBUG] API GET http://129.40.36.100:8080/api/public/v1.0/backup/third_party/group/6a386221ee19a6537cc68a97/clusters/6a39559ff9f8584e226bec72/snapshot/6a8cafc53d9e727fec90e022
2026-08-24 15:59:07,842 [DEBUG] STATUS 200
2026-08-24 15:59:07,842 [DEBUG] {
  "nodes": [
    {
      "dbPath": "/fimongo1/data",
      "hidden": false,
      "hostname": "mdb8",
      "id": "mdb8:37017",
      "lastAgentPing": "2026-08-24T20:58:12Z",
      "memberState": "SECONDARY",
      "mongodbVersion": "8.0.26",
      "opTime": "2026-08-24T20:58:17Z",
      "oplogStoreType": "thirdPartyOplogStore",
      "port": 37017,
      "priority": 1.0,
      "rsId": "sgcShard_0",
      "snapshotable": true,
      "votes": 1
    },
    {
      "dbPath": "/fimongo1/data",
      "hidden": false,
      "hostname": "mdb7",
      "id": "mdb7:37017",
      "lastAgentPing": "2026-08-24T20:59:06Z",
      "memberState": "SECONDARY",
      "mongodbVersion": "8.0.26",
      "opTime": "2026-08-24T20:58:23Z",
      "oplogStoreType": "thirdPartyOplogStore",
      "port": 37017,
      "priority": 1.0,
      "rsId": "configRS",
      "snapshotable": true,
      "votes": 1
    },
    {
      "dbPath": "/fimongo1/data",
      "hidden": false,
      "hostname": "mdb9",
      "id": "mdb9:37017",
      "lastAgentPing": "2026-08-24T20:58:07Z",
      "memberState": "SECONDARY",
      "mongodbVersion": "8.0.26",
      "opTime": "2026-08-24T20:58:23Z",
      "oplogStoreType": "thirdPartyOplogStore",
      "port": 37017,
      "priority": 1.0,
      "rsId": "sgcShard_1",
      "snapshotable": true,
      "votes": 1
    }
  ],
  "state": "PENDING"
}
2026-08-24 15:59:07,842 [INFO] Snapshot state: PENDING
2026-08-24 15:59:17,843 [DEBUG] API GET http://129.40.36.100:8080/api/public/v1.0/backup/third_party/group/6a386221ee19a6537cc68a97/clusters/6a39559ff9f8584e226bec72/snapshot/6a8cafc53d9e727fec90e022
2026-08-24 15:59:17,986 [DEBUG] STATUS 200
2026-08-24 15:59:17,986 [DEBUG] {
  "nodes": [
    {
      "dbPath": "/fimongo1/data",
      "hidden": false,
      "hostname": "mdb8",
      "id": "mdb8:37017",
      "lastAgentPing": "2026-08-24T20:59:13Z",
      "memberState": "SECONDARY",
      "mongodbVersion": "8.0.26",
      "opTime": "2026-08-24T20:58:17Z",
      "oplogStoreType": "thirdPartyOplogStore",
      "port": 37017,
      "priority": 1.0,
      "rsId": "sgcShard_0",
      "snapshotable": true,
      "votes": 1
    },
    {
      "dbPath": "/fimongo1/data",
      "hidden": false,
      "hostname": "mdb7",
      "id": "mdb7:37017",
      "lastAgentPing": "2026-08-24T20:59:06Z",
      "memberState": "SECONDARY",
      "mongodbVersion": "8.0.26",
      "opTime": "2026-08-24T20:58:23Z",
      "oplogStoreType": "thirdPartyOplogStore",
      "port": 37017,
      "priority": 1.0,
      "rsId": "configRS",
      "snapshotable": true,
      "votes": 1
    },
    {
      "dbPath": "/fimongo1/data",
      "hidden": false,
      "hostname": "mdb9",
      "id": "mdb9:37017",
      "lastAgentPing": "2026-08-24T20:59:07Z",
      "memberState": "SECONDARY",
      "mongodbVersion": "8.0.26",
      "opTime": "2026-08-24T20:58:23Z",
      "oplogStoreType": "thirdPartyOplogStore",
      "port": 37017,
      "priority": 1.0,
      "rsId": "sgcShard_1",
      "snapshotable": true,
      "votes": 1
    }
  ],
  "state": "PENDING"
}
2026-08-24 15:59:17,986 [INFO] Snapshot state: PENDING
2026-08-24 15:59:27,986 [DEBUG] API GET http://129.40.36.100:8080/api/public/v1.0/backup/third_party/group/6a386221ee19a6537cc68a97/clusters/6a39559ff9f8584e226bec72/snapshot/6a8cafc53d9e727fec90e022
2026-08-24 15:59:28,127 [DEBUG] STATUS 200
2026-08-24 15:59:28,127 [DEBUG] {
  "nodes": [
    {
      "dbPath": "/fimongo1/data",
      "hidden": false,
      "hostname": "mdb8",
      "id": "mdb8:37017",
      "lastAgentPing": "2026-08-24T20:59:13Z",
      "memberState": "SECONDARY",
      "mongodbVersion": "8.0.26",
      "opTime": "2026-08-24T20:58:17Z",
      "oplogStoreType": "thirdPartyOplogStore",
      "port": 37017,
      "priority": 1.0,
      "rsId": "sgcShard_0",
      "snapshotable": true,
      "votes": 1
    },
    {
      "dbPath": "/fimongo1/data",
      "hidden": false,
      "hostname": "mdb7",
      "id": "mdb7:37017",
      "lastAgentPing": "2026-08-24T20:59:06Z",
      "memberState": "SECONDARY",
      "mongodbVersion": "8.0.26",
      "opTime": "2026-08-24T20:58:23Z",
      "oplogStoreType": "thirdPartyOplogStore",
      "port": 37017,
      "priority": 1.0,
      "rsId": "configRS",
      "snapshotable": true,
      "votes": 1
    },
    {
      "dbPath": "/fimongo1/data",
      "hidden": false,
      "hostname": "mdb9",
      "id": "mdb9:37017",
      "lastAgentPing": "2026-08-24T20:59:07Z",
      "memberState": "SECONDARY",
      "mongodbVersion": "8.0.26",
      "opTime": "2026-08-24T20:58:23Z",
      "oplogStoreType": "thirdPartyOplogStore",
      "port": 37017,
      "priority": 1.0,
      "rsId": "sgcShard_1",
      "snapshotable": true,
      "votes": 1
    }
  ],
  "state": "PENDING"
}
2026-08-24 15:59:28,128 [INFO] Snapshot state: PENDING
2026-08-24 15:59:38,128 [DEBUG] API GET http://129.40.36.100:8080/api/public/v1.0/backup/third_party/group/6a386221ee19a6537cc68a97/clusters/6a39559ff9f8584e226bec72/snapshot/6a8cafc53d9e727fec90e022
2026-08-24 15:59:38,329 [DEBUG] STATUS 200
2026-08-24 15:59:38,329 [DEBUG] {
  "nodes": [
    {
      "dbPath": "/fimongo1/data",
      "hidden": false,
      "hostname": "mdb8",
      "id": "mdb8:37017",
      "lastAgentPing": "2026-08-24T20:59:13Z",
      "memberState": "SECONDARY",
      "mongodbVersion": "8.0.26",
      "opTime": "2026-08-24T20:58:17Z",
      "oplogStoreType": "thirdPartyOplogStore",
      "port": 37017,
      "priority": 1.0,
      "rsId": "sgcShard_0",
      "snapshotable": true,
      "votes": 1
    },
    {
      "dbPath": "/fimongo1/data",
      "hidden": false,
      "hostname": "mdb7",
      "id": "mdb7:37017",
      "lastAgentPing": "2026-08-24T20:59:06Z",
      "memberState": "SECONDARY",
      "mongodbVersion": "8.0.26",
      "opTime": "2026-08-24T20:58:23Z",
      "oplogStoreType": "thirdPartyOplogStore",
      "port": 37017,
      "priority": 1.0,
      "rsId": "configRS",
      "snapshotable": true,
      "votes": 1
    },
    {
      "dbPath": "/fimongo1/data",
      "hidden": false,
      "hostname": "mdb9",
      "id": "mdb9:37017",
      "lastAgentPing": "2026-08-24T20:59:07Z",
      "memberState": "SECONDARY",
      "mongodbVersion": "8.0.26",
      "opTime": "2026-08-24T20:58:23Z",
      "oplogStoreType": "thirdPartyOplogStore",
      "port": 37017,
      "priority": 1.0,
      "rsId": "sgcShard_1",
      "snapshotable": true,
      "votes": 1
    }
  ],
  "state": "PENDING"
}
2026-08-24 15:59:38,330 [INFO] Snapshot state: PENDING
2026-08-24 15:59:48,330 [DEBUG] API GET http://129.40.36.100:8080/api/public/v1.0/backup/third_party/group/6a386221ee19a6537cc68a97/clusters/6a39559ff9f8584e226bec72/snapshot/6a8cafc53d9e727fec90e022
2026-08-24 15:59:48,553 [DEBUG] STATUS 200
2026-08-24 15:59:48,553 [DEBUG] {
  "nodes": [
    {
      "dbPath": "/fimongo1/data",
      "hidden": false,
      "hostname": "mdb8",
      "id": "mdb8:37017",
      "lastAgentPing": "2026-08-24T20:59:13Z",
      "memberState": "SECONDARY",
      "mongodbVersion": "8.0.26",
      "opTime": "2026-08-24T20:58:17Z",
      "oplogStoreType": "thirdPartyOplogStore",
      "port": 37017,
      "priority": 1.0,
      "rsId": "sgcShard_0",
      "snapshotable": true,
      "votes": 1
    },
    {
      "dbPath": "/fimongo1/data",
      "hidden": false,
      "hostname": "mdb7",
      "id": "mdb7:37017",
      "lastAgentPing": "2026-08-24T20:59:06Z",
      "memberState": "SECONDARY",
      "mongodbVersion": "8.0.26",
      "opTime": "2026-08-24T20:58:23Z",
      "oplogStoreType": "thirdPartyOplogStore",
      "port": 37017,
      "priority": 1.0,
      "rsId": "configRS",
      "snapshotable": true,
      "votes": 1
    },
    {
      "dbPath": "/fimongo1/data",
      "hidden": false,
      "hostname": "mdb9",
      "id": "mdb9:37017",
      "lastAgentPing": "2026-08-24T20:59:07Z",
      "memberState": "SECONDARY",
      "mongodbVersion": "8.0.26",
      "opTime": "2026-08-24T20:58:23Z",
      "oplogStoreType": "thirdPartyOplogStore",
      "port": 37017,
      "priority": 1.0,
      "rsId": "sgcShard_1",
      "snapshotable": true,
      "votes": 1
    }
  ],
  "state": "PENDING"
}
2026-08-24 15:59:48,553 [INFO] Snapshot state: PENDING
2026-08-24 15:59:58,554 [DEBUG] API GET http://129.40.36.100:8080/api/public/v1.0/backup/third_party/group/6a386221ee19a6537cc68a97/clusters/6a39559ff9f8584e226bec72/snapshot/6a8cafc53d9e727fec90e022
2026-08-24 15:59:58,698 [DEBUG] STATUS 200
2026-08-24 15:59:58,698 [DEBUG] {
  "nodes": [
    {
      "dbPath": "/fimongo1/data",
      "hidden": false,
      "hostname": "mdb8",
      "id": "mdb8:37017",
      "lastAgentPing": "2026-08-24T20:59:13Z",
      "memberState": "SECONDARY",
      "mongodbVersion": "8.0.26",
      "opTime": "2026-08-24T20:58:17Z",
      "oplogStoreType": "thirdPartyOplogStore",
      "port": 37017,
      "priority": 1.0,
      "rsId": "sgcShard_0",
      "snapshotable": true,
      "votes": 1
    },
    {
      "dbPath": "/fimongo1/data",
      "hidden": false,
      "hostname": "mdb7",
      "id": "mdb7:37017",
      "lastAgentPing": "2026-08-24T20:59:06Z",
      "memberState": "SECONDARY",
      "mongodbVersion": "8.0.26",
      "opTime": "2026-08-24T20:58:23Z",
      "oplogStoreType": "thirdPartyOplogStore",
      "port": 37017,
      "priority": 1.0,
      "rsId": "configRS",
      "snapshotable": true,
      "votes": 1
    },
    {
      "dbPath": "/fimongo1/data",
      "hidden": false,
      "hostname": "mdb9",
      "id": "mdb9:37017",
      "lastAgentPing": "2026-08-24T20:59:07Z",
      "memberState": "SECONDARY",
      "mongodbVersion": "8.0.26",
      "opTime": "2026-08-24T20:58:23Z",
      "oplogStoreType": "thirdPartyOplogStore",
      "port": 37017,
      "priority": 1.0,
      "rsId": "sgcShard_1",
      "snapshotable": true,
      "votes": 1
    }
  ],
  "state": "PENDING"
}
2026-08-24 15:59:58,698 [INFO] Snapshot state: PENDING
2026-08-24 16:00:08,698 [DEBUG] API GET http://129.40.36.100:8080/api/public/v1.0/backup/third_party/group/6a386221ee19a6537cc68a97/clusters/6a39559ff9f8584e226bec72/snapshot/6a8cafc53d9e727fec90e022
2026-08-24 16:00:08,839 [DEBUG] STATUS 200
2026-08-24 16:00:08,839 [DEBUG] {
  "nodes": [
    {
      "dbPath": "/fimongo1/data",
      "hidden": false,
      "hostname": "mdb8",
      "id": "mdb8:37017",
      "lastAgentPing": "2026-08-24T20:59:13Z",
      "memberState": "SECONDARY",
      "mongodbVersion": "8.0.26",
      "opTime": "2026-08-24T20:58:17Z",
      "oplogStoreType": "thirdPartyOplogStore",
      "port": 37017,
      "priority": 1.0,
      "rsId": "sgcShard_0",
      "snapshotable": true,
      "votes": 1
    },
    {
      "dbPath": "/fimongo1/data",
      "hidden": false,
      "hostname": "mdb7",
      "id": "mdb7:37017",
      "lastAgentPing": "2026-08-24T21:00:08Z",
      "memberState": "SECONDARY",
      "mongodbVersion": "8.0.26",
      "opTime": "2026-08-24T20:58:23Z",
      "oplogStoreType": "thirdPartyOplogStore",
      "port": 37017,
      "priority": 1.0,
      "rsId": "configRS",
      "snapshotable": true,
      "votes": 1
    },
    {
      "dbPath": "/fimongo1/data",
      "hidden": false,
      "hostname": "mdb9",
      "id": "mdb9:37017",
      "lastAgentPing": "2026-08-24T21:00:04Z",
      "memberState": "SECONDARY",
      "mongodbVersion": "8.0.26",
      "opTime": "2026-08-24T20:58:23Z",
      "oplogStoreType": "thirdPartyOplogStore",
      "port": 37017,
      "priority": 1.0,
      "rsId": "sgcShard_1",
      "snapshotable": true,
      "votes": 1
    }
  ],
  "state": "PENDING"
}
2026-08-24 16:00:08,840 [INFO] Snapshot state: PENDING
2026-08-24 16:00:18,840 [DEBUG] API GET http://129.40.36.100:8080/api/public/v1.0/backup/third_party/group/6a386221ee19a6537cc68a97/clusters/6a39559ff9f8584e226bec72/snapshot/6a8cafc53d9e727fec90e022
2026-08-24 16:00:18,987 [DEBUG] STATUS 200
2026-08-24 16:00:18,987 [DEBUG] {
  "nodes": [
    {
      "dbPath": "/fimongo1/data",
      "hidden": false,
      "hostname": "mdb8",
      "id": "mdb8:37017",
      "lastAgentPing": "2026-08-24T21:00:11Z",
      "memberState": "SECONDARY",
      "mongodbVersion": "8.0.26",
      "opTime": "2026-08-24T20:58:17Z",
      "oplogStoreType": "thirdPartyOplogStore",
      "port": 37017,
      "priority": 1.0,
      "rsId": "sgcShard_0",
      "snapshotable": true,
      "votes": 1
    },
    {
      "dbPath": "/fimongo1/data",
      "hidden": false,
      "hostname": "mdb7",
      "id": "mdb7:37017",
      "lastAgentPing": "2026-08-24T21:00:08Z",
      "memberState": "SECONDARY",
      "mongodbVersion": "8.0.26",
      "opTime": "2026-08-24T20:58:23Z",
      "oplogStoreType": "thirdPartyOplogStore",
      "port": 37017,
      "priority": 1.0,
      "rsId": "configRS",
      "snapshotable": true,
      "votes": 1
    },
    {
      "dbPath": "/fimongo1/data",
      "hidden": false,
      "hostname": "mdb9",
      "id": "mdb9:37017",
      "lastAgentPing": "2026-08-24T21:00:04Z",
      "memberState": "SECONDARY",
      "mongodbVersion": "8.0.26",
      "opTime": "2026-08-24T20:58:23Z",
      "oplogStoreType": "thirdPartyOplogStore",
      "port": 37017,
      "priority": 1.0,
      "rsId": "sgcShard_1",
      "snapshotable": true,
      "votes": 1
    }
  ],
  "state": "PENDING"
}
2026-08-24 16:00:18,987 [INFO] Snapshot state: PENDING
2026-08-24 16:00:28,988 [DEBUG] API GET http://129.40.36.100:8080/api/public/v1.0/backup/third_party/group/6a386221ee19a6537cc68a97/clusters/6a39559ff9f8584e226bec72/snapshot/6a8cafc53d9e727fec90e022
2026-08-24 16:00:29,128 [DEBUG] STATUS 200
2026-08-24 16:00:29,129 [DEBUG] {
  "nodes": [
    {
      "dbPath": "/fimongo1/data",
      "hidden": false,
      "hostname": "mdb8",
      "id": "mdb8:37017",
      "lastAgentPing": "2026-08-24T21:00:11Z",
      "memberState": "SECONDARY",
      "mongodbVersion": "8.0.26",
      "opTime": "2026-08-24T20:58:17Z",
      "oplogStoreType": "thirdPartyOplogStore",
      "port": 37017,
      "priority": 1.0,
      "rsId": "sgcShard_0",
      "snapshotable": true,
      "votes": 1
    },
    {
      "dbPath": "/fimongo1/data",
      "hidden": false,
      "hostname": "mdb7",
      "id": "mdb7:37017",
      "lastAgentPing": "2026-08-24T21:00:08Z",
      "memberState": "SECONDARY",
      "mongodbVersion": "8.0.26",
      "opTime": "2026-08-24T20:58:23Z",
      "oplogStoreType": "thirdPartyOplogStore",
      "port": 37017,
      "priority": 1.0,
      "rsId": "configRS",
      "snapshotable": true,
      "votes": 1
    },
    {
      "dbPath": "/fimongo1/data",
      "hidden": false,
      "hostname": "mdb9",
      "id": "mdb9:37017",
      "lastAgentPing": "2026-08-24T21:00:04Z",
      "memberState": "SECONDARY",
      "mongodbVersion": "8.0.26",
      "opTime": "2026-08-24T20:58:23Z",
      "oplogStoreType": "thirdPartyOplogStore",
      "port": 37017,
      "priority": 1.0,
      "rsId": "sgcShard_1",
      "snapshotable": true,
      "votes": 1
    }
  ],
  "state": "PENDING"
}
2026-08-24 16:00:29,129 [INFO] Snapshot state: PENDING
2026-08-24 16:00:39,130 [DEBUG] API GET http://129.40.36.100:8080/api/public/v1.0/backup/third_party/group/6a386221ee19a6537cc68a97/clusters/6a39559ff9f8584e226bec72/snapshot/6a8cafc53d9e727fec90e022
2026-08-24 16:00:39,335 [DEBUG] STATUS 200
2026-08-24 16:00:39,336 [DEBUG] {
  "nodes": [
    {
      "dbPath": "/fimongo1/data",
      "hidden": false,
      "hostname": "mdb8",
      "id": "mdb8:37017",
      "lastAgentPing": "2026-08-24T21:00:11Z",
      "memberState": "SECONDARY",
      "mongodbVersion": "8.0.26",
      "opTime": "2026-08-24T20:58:17Z",
      "oplogStoreType": "thirdPartyOplogStore",
      "port": 37017,
      "priority": 1.0,
      "rsId": "sgcShard_0",
      "snapshotable": true,
      "votes": 1
    },
    {
      "dbPath": "/fimongo1/data",
      "hidden": false,
      "hostname": "mdb7",
      "id": "mdb7:37017",
      "lastAgentPing": "2026-08-24T21:00:08Z",
      "memberState": "SECONDARY",
      "mongodbVersion": "8.0.26",
      "opTime": "2026-08-24T20:58:23Z",
      "oplogStoreType": "thirdPartyOplogStore",
      "port": 37017,
      "priority": 1.0,
      "rsId": "configRS",
      "snapshotable": true,
      "votes": 1
    },
    {
      "dbPath": "/fimongo1/data",
      "hidden": false,
      "hostname": "mdb9",
      "id": "mdb9:37017",
      "lastAgentPing": "2026-08-24T21:00:04Z",
      "memberState": "SECONDARY",
      "mongodbVersion": "8.0.26",
      "opTime": "2026-08-24T20:58:23Z",
      "oplogStoreType": "thirdPartyOplogStore",
      "port": 37017,
      "priority": 1.0,
      "rsId": "sgcShard_1",
      "snapshotable": true,
      "votes": 1
    }
  ],
  "state": "PENDING"
}
2026-08-24 16:00:39,336 [INFO] Snapshot state: PENDING
2026-08-24 16:00:49,336 [DEBUG] API GET http://129.40.36.100:8080/api/public/v1.0/backup/third_party/group/6a386221ee19a6537cc68a97/clusters/6a39559ff9f8584e226bec72/snapshot/6a8cafc53d9e727fec90e022
2026-08-24 16:00:49,482 [DEBUG] STATUS 200
2026-08-24 16:00:49,482 [DEBUG] {
  "nodes": [
    {
      "dbPath": "/fimongo1/data",
      "hidden": false,
      "hostname": "mdb8",
      "id": "mdb8:37017",
      "lastAgentPing": "2026-08-24T21:00:11Z",
      "memberState": "SECONDARY",
      "mongodbVersion": "8.0.26",
      "opTime": "2026-08-24T20:58:17Z",
      "oplogStoreType": "thirdPartyOplogStore",
      "port": 37017,
      "priority": 1.0,
      "rsId": "sgcShard_0",
      "snapshotable": true,
      "votes": 1
    },
    {
      "dbPath": "/fimongo1/data",
      "hidden": false,
      "hostname": "mdb7",
      "id": "mdb7:37017",
      "lastAgentPing": "2026-08-24T21:00:08Z",
      "memberState": "SECONDARY",
      "mongodbVersion": "8.0.26",
      "opTime": "2026-08-24T20:58:23Z",
      "oplogStoreType": "thirdPartyOplogStore",
      "port": 37017,
      "priority": 1.0,
      "rsId": "configRS",
      "snapshotable": true,
      "votes": 1
    },
    {
      "dbPath": "/fimongo1/data",
      "hidden": false,
      "hostname": "mdb9",
      "id": "mdb9:37017",
      "lastAgentPing": "2026-08-24T21:00:04Z",
      "memberState": "SECONDARY",
      "mongodbVersion": "8.0.26",
      "opTime": "2026-08-24T20:58:23Z",
      "oplogStoreType": "thirdPartyOplogStore",
      "port": 37017,
      "priority": 1.0,
      "rsId": "sgcShard_1",
      "snapshotable": true,
      "votes": 1
    }
  ],
  "state": "PENDING"
}
2026-08-24 16:00:49,482 [INFO] Snapshot state: PENDING
2026-08-24 16:00:59,483 [DEBUG] API GET http://129.40.36.100:8080/api/public/v1.0/backup/third_party/group/6a386221ee19a6537cc68a97/clusters/6a39559ff9f8584e226bec72/snapshot/6a8cafc53d9e727fec90e022
2026-08-24 16:00:59,627 [DEBUG] STATUS 200
2026-08-24 16:00:59,627 [DEBUG] {
  "nodes": [
    {
      "dbPath": "/fimongo1/data",
      "hidden": false,
      "hostname": "mdb8",
      "id": "mdb8:37017",
      "lastAgentPing": "2026-08-24T21:00:11Z",
      "memberState": "SECONDARY",
      "mongodbVersion": "8.0.26",
      "opTime": "2026-08-24T20:58:17Z",
      "oplogStoreType": "thirdPartyOplogStore",
      "port": 37017,
      "priority": 1.0,
      "rsId": "sgcShard_0",
      "snapshotable": true,
      "votes": 1
    },
    {
      "dbPath": "/fimongo1/data",
      "hidden": false,
      "hostname": "mdb7",
      "id": "mdb7:37017",
      "lastAgentPing": "2026-08-24T21:00:08Z",
      "memberState": "SECONDARY",
      "mongodbVersion": "8.0.26",
      "opTime": "2026-08-24T20:58:23Z",
      "oplogStoreType": "thirdPartyOplogStore",
      "port": 37017,
      "priority": 1.0,
      "rsId": "configRS",
      "snapshotable": true,
      "votes": 1
    },
    {
      "dbPath": "/fimongo1/data",
      "hidden": false,
      "hostname": "mdb9",
      "id": "mdb9:37017",
      "lastAgentPing": "2026-08-24T21:00:04Z",
      "memberState": "SECONDARY",
      "mongodbVersion": "8.0.26",
      "opTime": "2026-08-24T20:58:23Z",
      "oplogStoreType": "thirdPartyOplogStore",
      "port": 37017,
      "priority": 1.0,
      "rsId": "sgcShard_1",
      "snapshotable": true,
      "votes": 1
    }
  ],
  "state": "PENDING"
}
2026-08-24 16:00:59,627 [INFO] Snapshot state: PENDING
2026-08-24 16:01:09,628 [DEBUG] API GET http://129.40.36.100:8080/api/public/v1.0/backup/third_party/group/6a386221ee19a6537cc68a97/clusters/6a39559ff9f8584e226bec72/snapshot/6a8cafc53d9e727fec90e022
2026-08-24 16:01:09,772 [DEBUG] STATUS 200
2026-08-24 16:01:09,772 [DEBUG] {
  "nodes": [
    {
      "dbPath": "/fimongo1/data",
      "hidden": false,
      "hostname": "mdb8",
      "id": "mdb8:37017",
      "lastAgentPing": "2026-08-24T21:00:11Z",
      "memberState": "SECONDARY",
      "mongodbVersion": "8.0.26",
      "opTime": "2026-08-24T20:58:17Z",
      "oplogStoreType": "thirdPartyOplogStore",
      "port": 37017,
      "priority": 1.0,
      "rsId": "sgcShard_0",
      "snapshotable": true,
      "votes": 1
    },
    {
      "dbPath": "/fimongo1/data",
      "hidden": false,
      "hostname": "mdb7",
      "id": "mdb7:37017",
      "lastAgentPing": "2026-08-24T21:00:08Z",
      "memberState": "SECONDARY",
      "mongodbVersion": "8.0.26",
      "opTime": "2026-08-24T20:58:23Z",
      "oplogStoreType": "thirdPartyOplogStore",
      "port": 37017,
      "priority": 1.0,
      "rsId": "configRS",
      "snapshotable": true,
      "votes": 1
    },
    {
      "dbPath": "/fimongo1/data",
      "hidden": false,
      "hostname": "mdb9",
      "id": "mdb9:37017",
      "lastAgentPing": "2026-08-24T21:01:05Z",
      "memberState": "SECONDARY",
      "mongodbVersion": "8.0.26",
      "opTime": "2026-08-24T20:58:23Z",
      "oplogStoreType": "thirdPartyOplogStore",
      "port": 37017,
      "priority": 1.0,
      "rsId": "sgcShard_1",
      "snapshotable": true,
      "votes": 1
    }
  ],
  "state": "PENDING"
}
2026-08-24 16:01:09,772 [INFO] Snapshot state: PENDING
2026-08-24 16:01:19,773 [DEBUG] API GET http://129.40.36.100:8080/api/public/v1.0/backup/third_party/group/6a386221ee19a6537cc68a97/clusters/6a39559ff9f8584e226bec72/snapshot/6a8cafc53d9e727fec90e022
2026-08-24 16:01:19,915 [DEBUG] STATUS 200
2026-08-24 16:01:19,915 [DEBUG] {
  "nodes": [
    {
      "dbPath": "/fimongo1/data",
      "hidden": false,
      "hostname": "mdb8",
      "id": "mdb8:37017",
      "lastAgentPing": "2026-08-24T21:01:12Z",
      "memberState": "SECONDARY",
      "mongodbVersion": "8.0.26",
      "opTime": "2026-08-24T20:58:17Z",
      "oplogStoreType": "thirdPartyOplogStore",
      "port": 37017,
      "priority": 1.0,
      "rsId": "sgcShard_0",
      "snapshotable": true,
      "votes": 1
    },
    {
      "dbPath": "/fimongo1/data",
      "hidden": false,
      "hostname": "mdb7",
      "id": "mdb7:37017",
      "lastAgentPing": "2026-08-24T21:01:10Z",
      "memberState": "SECONDARY",
      "mongodbVersion": "8.0.26",
      "opTime": "2026-08-24T20:58:23Z",
      "oplogStoreType": "thirdPartyOplogStore",
      "port": 37017,
      "priority": 1.0,
      "rsId": "configRS",
      "snapshotable": true,
      "votes": 1
    },
    {
      "dbPath": "/fimongo1/data",
      "hidden": false,
      "hostname": "mdb9",
      "id": "mdb9:37017",
      "lastAgentPing": "2026-08-24T21:01:05Z",
      "memberState": "SECONDARY",
      "mongodbVersion": "8.0.26",
      "opTime": "2026-08-24T20:58:23Z",
      "oplogStoreType": "thirdPartyOplogStore",
      "port": 37017,
      "priority": 1.0,
      "rsId": "sgcShard_1",
      "snapshotable": true,
      "votes": 1
    }
  ],
  "state": "PENDING"
}
2026-08-24 16:01:19,915 [INFO] Snapshot state: PENDING
2026-08-24 16:01:29,916 [DEBUG] API GET http://129.40.36.100:8080/api/public/v1.0/backup/third_party/group/6a386221ee19a6537cc68a97/clusters/6a39559ff9f8584e226bec72/snapshot/6a8cafc53d9e727fec90e022
2026-08-24 16:01:30,059 [DEBUG] STATUS 200
2026-08-24 16:01:30,059 [DEBUG] {
  "nodes": [
    {
      "dbPath": "/fimongo1/data",
      "hidden": false,
      "hostname": "mdb8",
      "id": "mdb8:37017",
      "lastAgentPing": "2026-08-24T21:01:12Z",
      "memberState": "SECONDARY",
      "mongodbVersion": "8.0.26",
      "opTime": "2026-08-24T20:58:17Z",
      "oplogStoreType": "thirdPartyOplogStore",
      "port": 37017,
      "priority": 1.0,
      "rsId": "sgcShard_0",
      "snapshotable": true,
      "votes": 1
    },
    {
      "dbPath": "/fimongo1/data",
      "hidden": false,
      "hostname": "mdb7",
      "id": "mdb7:37017",
      "lastAgentPing": "2026-08-24T21:01:10Z",
      "memberState": "SECONDARY",
      "mongodbVersion": "8.0.26",
      "opTime": "2026-08-24T20:58:23Z",
      "oplogStoreType": "thirdPartyOplogStore",
      "port": 37017,
      "priority": 1.0,
      "rsId": "configRS",
      "snapshotable": true,
      "votes": 1
    },
    {
      "dbPath": "/fimongo1/data",
      "hidden": false,
      "hostname": "mdb9",
      "id": "mdb9:37017",
      "lastAgentPing": "2026-08-24T21:01:05Z",
      "memberState": "SECONDARY",
      "mongodbVersion": "8.0.26",
      "opTime": "2026-08-24T20:58:23Z",
      "oplogStoreType": "thirdPartyOplogStore",
      "port": 37017,
      "priority": 1.0,
      "rsId": "sgcShard_1",
      "snapshotable": true,
      "votes": 1
    }
  ],
  "state": "PENDING"
}
2026-08-24 16:01:30,060 [INFO] Snapshot state: PENDING
2026-08-24 16:01:40,060 [DEBUG] API GET http://129.40.36.100:8080/api/public/v1.0/backup/third_party/group/6a386221ee19a6537cc68a97/clusters/6a39559ff9f8584e226bec72/snapshot/6a8cafc53d9e727fec90e022
2026-08-24 16:01:40,264 [DEBUG] STATUS 200
2026-08-24 16:01:40,264 [DEBUG] {
  "nodes": [
    {
      "dbPath": "/fimongo1/data",
      "hidden": false,
      "hostname": "mdb8",
      "id": "mdb8:37017",
      "lastAgentPing": "2026-08-24T21:01:12Z",
      "memberState": "SECONDARY",
      "mongodbVersion": "8.0.26",
      "opTime": "2026-08-24T20:58:17Z",
      "oplogStoreType": "thirdPartyOplogStore",
      "port": 37017,
      "priority": 1.0,
      "rsId": "sgcShard_0",
      "snapshotable": true,
      "votes": 1
    },
    {
      "dbPath": "/fimongo1/data",
      "hidden": false,
      "hostname": "mdb7",
      "id": "mdb7:37017",
      "lastAgentPing": "2026-08-24T21:01:10Z",
      "memberState": "SECONDARY",
      "mongodbVersion": "8.0.26",
      "opTime": "2026-08-24T20:58:23Z",
      "oplogStoreType": "thirdPartyOplogStore",
      "port": 37017,
      "priority": 1.0,
      "rsId": "configRS",
      "snapshotable": true,
      "votes": 1
    },
    {
      "dbPath": "/fimongo1/data",
      "hidden": false,
      "hostname": "mdb9",
      "id": "mdb9:37017",
      "lastAgentPing": "2026-08-24T21:01:05Z",
      "memberState": "SECONDARY",
      "mongodbVersion": "8.0.26",
      "opTime": "2026-08-24T20:58:23Z",
      "oplogStoreType": "thirdPartyOplogStore",
      "port": 37017,
      "priority": 1.0,
      "rsId": "sgcShard_1",
      "snapshotable": true,
      "votes": 1
    }
  ],
  "state": "PENDING"
}
2026-08-24 16:01:40,265 [INFO] Snapshot state: PENDING
2026-08-24 16:01:50,265 [DEBUG] API GET http://129.40.36.100:8080/api/public/v1.0/backup/third_party/group/6a386221ee19a6537cc68a97/clusters/6a39559ff9f8584e226bec72/snapshot/6a8cafc53d9e727fec90e022
2026-08-24 16:01:50,414 [DEBUG] STATUS 200
2026-08-24 16:01:50,414 [DEBUG] {
  "nodes": [
    {
      "dbPath": "/fimongo1/data",
      "hidden": false,
      "hostname": "mdb8",
      "id": "mdb8:37017",
      "lastAgentPing": "2026-08-24T21:01:12Z",
      "memberState": "SECONDARY",
      "mongodbVersion": "8.0.26",
      "opTime": "2026-08-24T20:58:17Z",
      "oplogStoreType": "thirdPartyOplogStore",
      "port": 37017,
      "priority": 1.0,
      "rsId": "sgcShard_0",
      "snapshotable": true,
      "votes": 1
    },
    {
      "dbPath": "/fimongo1/data",
      "hidden": false,
      "hostname": "mdb7",
      "id": "mdb7:37017",
      "lastAgentPing": "2026-08-24T21:01:10Z",
      "memberState": "SECONDARY",
      "mongodbVersion": "8.0.26",
      "opTime": "2026-08-24T20:58:23Z",
      "oplogStoreType": "thirdPartyOplogStore",
      "port": 37017,
      "priority": 1.0,
      "rsId": "configRS",
      "snapshotable": true,
      "votes": 1
    },
    {
      "dbPath": "/fimongo1/data",
      "hidden": false,
      "hostname": "mdb9",
      "id": "mdb9:37017",
      "lastAgentPing": "2026-08-24T21:01:05Z",
      "memberState": "SECONDARY",
      "mongodbVersion": "8.0.26",
      "opTime": "2026-08-24T20:58:23Z",
      "oplogStoreType": "thirdPartyOplogStore",
      "port": 37017,
      "priority": 1.0,
      "rsId": "sgcShard_1",
      "snapshotable": true,
      "votes": 1
    }
  ],
  "state": "PENDING"
}
2026-08-24 16:01:50,415 [INFO] Snapshot state: PENDING
2026-08-24 16:02:00,415 [DEBUG] API GET http://129.40.36.100:8080/api/public/v1.0/backup/third_party/group/6a386221ee19a6537cc68a97/clusters/6a39559ff9f8584e226bec72/snapshot/6a8cafc53d9e727fec90e022
2026-08-24 16:02:00,559 [DEBUG] STATUS 200
2026-08-24 16:02:00,559 [DEBUG] {
  "nodes": [
    {
      "dbPath": "/fimongo1/data",
      "hidden": false,
      "hostname": "mdb8",
      "id": "mdb8:37017",
      "lastAgentPing": "2026-08-24T21:01:12Z",
      "memberState": "SECONDARY",
      "mongodbVersion": "8.0.26",
      "opTime": "2026-08-24T20:58:17Z",
      "oplogStoreType": "thirdPartyOplogStore",
      "port": 37017,
      "priority": 1.0,
      "rsId": "sgcShard_0",
      "snapshotable": true,
      "votes": 1
    },
    {
      "dbPath": "/fimongo1/data",
      "hidden": false,
      "hostname": "mdb7",
      "id": "mdb7:37017",
      "lastAgentPing": "2026-08-24T21:01:10Z",
      "memberState": "SECONDARY",
      "mongodbVersion": "8.0.26",
      "opTime": "2026-08-24T20:58:23Z",
      "oplogStoreType": "thirdPartyOplogStore",
      "port": 37017,
      "priority": 1.0,
      "rsId": "configRS",
      "snapshotable": true,
      "votes": 1
    },
    {
      "dbPath": "/fimongo1/data",
      "hidden": false,
      "hostname": "mdb9",
      "id": "mdb9:37017",
      "lastAgentPing": "2026-08-24T21:01:05Z",
      "memberState": "SECONDARY",
      "mongodbVersion": "8.0.26",
      "opTime": "2026-08-24T20:58:23Z",
      "oplogStoreType": "thirdPartyOplogStore",
      "port": 37017,
      "priority": 1.0,
      "rsId": "sgcShard_1",
      "snapshotable": true,
      "votes": 1
    }
  ],
  "state": "PENDING"
}
2026-08-24 16:02:00,560 [INFO] Snapshot state: PENDING
2026-08-24 16:02:10,560 [DEBUG] API GET http://129.40.36.100:8080/api/public/v1.0/backup/third_party/group/6a386221ee19a6537cc68a97/clusters/6a39559ff9f8584e226bec72/snapshot/6a8cafc53d9e727fec90e022
2026-08-24 16:02:10,707 [DEBUG] STATUS 200
2026-08-24 16:02:10,707 [DEBUG] {
  "nodes": [
    {
      "dbPath": "/fimongo1/data",
      "hidden": false,
      "hostname": "mdb8",
      "id": "mdb8:37017",
      "lastAgentPing": "2026-08-24T21:01:12Z",
      "memberState": "SECONDARY",
      "mongodbVersion": "8.0.26",
      "opTime": "2026-08-24T20:58:17Z",
      "oplogStoreType": "thirdPartyOplogStore",
      "port": 37017,
      "priority": 1.0,
      "rsId": "sgcShard_0",
      "snapshotable": true,
      "votes": 1
    },
    {
      "dbPath": "/fimongo1/data",
      "hidden": false,
      "hostname": "mdb7",
      "id": "mdb7:37017",
      "lastAgentPing": "2026-08-24T21:01:10Z",
      "memberState": "SECONDARY",
      "mongodbVersion": "8.0.26",
      "opTime": "2026-08-24T20:58:23Z",
      "oplogStoreType": "thirdPartyOplogStore",
      "port": 37017,
      "priority": 1.0,
      "rsId": "configRS",
      "snapshotable": true,
      "votes": 1
    },
    {
      "dbPath": "/fimongo1/data",
      "hidden": false,
      "hostname": "mdb9",
      "id": "mdb9:37017",
      "lastAgentPing": "2026-08-24T21:02:03Z",
      "memberState": "SECONDARY",
      "mongodbVersion": "8.0.26",
      "opTime": "2026-08-24T20:58:23Z",
      "oplogStoreType": "thirdPartyOplogStore",
      "port": 37017,
      "priority": 1.0,
      "rsId": "sgcShard_1",
      "snapshotable": true,
      "votes": 1
    }
  ],
  "state": "PENDING"
}
2026-08-24 16:02:10,708 [INFO] Snapshot state: PENDING
2026-08-24 16:02:20,708 [DEBUG] API GET http://129.40.36.100:8080/api/public/v1.0/backup/third_party/group/6a386221ee19a6537cc68a97/clusters/6a39559ff9f8584e226bec72/snapshot/6a8cafc53d9e727fec90e022
2026-08-24 16:02:20,857 [DEBUG] STATUS 200
2026-08-24 16:02:20,857 [DEBUG] {
  "nodes": [
    {
      "dbPath": "/fimongo1/data",
      "hidden": false,
      "hostname": "mdb8",
      "id": "mdb8:37017",
      "lastAgentPing": "2026-08-24T21:02:14Z",
      "memberState": "SECONDARY",
      "mongodbVersion": "8.0.26",
      "opTime": "2026-08-24T21:02:07Z",
      "oplogStoreType": "thirdPartyOplogStore",
      "port": 37017,
      "priority": 1.0,
      "rsId": "sgcShard_0",
      "snapshotable": true,
      "votes": 1
    },
    {
      "dbPath": "/fimongo1/data",
      "hidden": false,
      "hostname": "mdb7",
      "id": "mdb7:37017",
      "lastAgentPing": "2026-08-24T21:02:10Z",
      "memberState": "SECONDARY",
      "mongodbVersion": "8.0.26",
      "opTime": "2026-08-24T21:02:07Z",
      "oplogStoreType": "thirdPartyOplogStore",
      "port": 37017,
      "priority": 1.0,
      "rsId": "configRS",
      "snapshotable": true,
      "votes": 1
    },
    {
      "dbPath": "/fimongo1/data",
      "hidden": false,
      "hostname": "mdb9",
      "id": "mdb9:37017",
      "lastAgentPing": "2026-08-24T21:02:03Z",
      "memberState": "SECONDARY",
      "mongodbVersion": "8.0.26",
      "opTime": "2026-08-24T21:02:09Z",
      "oplogStoreType": "thirdPartyOplogStore",
      "port": 37017,
      "priority": 1.0,
      "rsId": "sgcShard_1",
      "snapshotable": true,
      "votes": 1
    }
  ],
  "state": "PENDING"
}
2026-08-24 16:02:20,857 [INFO] Snapshot state: PENDING
2026-08-24 16:02:30,858 [DEBUG] API GET http://129.40.36.100:8080/api/public/v1.0/backup/third_party/group/6a386221ee19a6537cc68a97/clusters/6a39559ff9f8584e226bec72/snapshot/6a8cafc53d9e727fec90e022
2026-08-24 16:02:31,003 [DEBUG] STATUS 200
2026-08-24 16:02:31,003 [DEBUG] {
  "nodes": [
    {
      "dbPath": "/fimongo1/data",
      "hidden": false,
      "hostname": "mdb8",
      "id": "mdb8:37017",
      "lastAgentPing": "2026-08-24T21:02:14Z",
      "memberState": "SECONDARY",
      "mongodbVersion": "8.0.26",
      "opTime": "2026-08-24T21:02:07Z",
      "oplogStoreType": "thirdPartyOplogStore",
      "port": 37017,
      "priority": 1.0,
      "rsId": "sgcShard_0",
      "snapshotable": true,
      "votes": 1
    },
    {
      "dbPath": "/fimongo1/data",
      "hidden": false,
      "hostname": "mdb7",
      "id": "mdb7:37017",
      "lastAgentPing": "2026-08-24T21:02:10Z",
      "memberState": "SECONDARY",
      "mongodbVersion": "8.0.26",
      "opTime": "2026-08-24T21:02:07Z",
      "oplogStoreType": "thirdPartyOplogStore",
      "port": 37017,
      "priority": 1.0,
      "rsId": "configRS",
      "snapshotable": true,
      "votes": 1
    },
    {
      "dbPath": "/fimongo1/data",
      "hidden": false,
      "hostname": "mdb9",
      "id": "mdb9:37017",
      "lastAgentPing": "2026-08-24T21:02:03Z",
      "memberState": "SECONDARY",
      "mongodbVersion": "8.0.26",
      "opTime": "2026-08-24T21:02:09Z",
      "oplogStoreType": "thirdPartyOplogStore",
      "port": 37017,
      "priority": 1.0,
      "rsId": "sgcShard_1",
      "snapshotable": true,
      "votes": 1
    }
  ],
  "state": "PENDING"
}
2026-08-24 16:02:31,003 [INFO] Snapshot state: PENDING
2026-08-24 16:02:41,004 [DEBUG] API GET http://129.40.36.100:8080/api/public/v1.0/backup/third_party/group/6a386221ee19a6537cc68a97/clusters/6a39559ff9f8584e226bec72/snapshot/6a8cafc53d9e727fec90e022
2026-08-24 16:02:41,210 [DEBUG] STATUS 200
2026-08-24 16:02:41,210 [DEBUG] {
  "nodes": [
    {
      "dbPath": "/fimongo1/data",
      "hidden": false,
      "hostname": "mdb8",
      "id": "mdb8:37017",
      "lastAgentPing": "2026-08-24T21:02:14Z",
      "memberState": "SECONDARY",
      "mongodbVersion": "8.0.26",
      "opTime": "2026-08-24T21:02:07Z",
      "oplogStoreType": "thirdPartyOplogStore",
      "port": 37017,
      "priority": 1.0,
      "rsId": "sgcShard_0",
      "snapshotable": true,
      "votes": 1
    },
    {
      "dbPath": "/fimongo1/data",
      "hidden": false,
      "hostname": "mdb7",
      "id": "mdb7:37017",
      "lastAgentPing": "2026-08-24T21:02:10Z",
      "memberState": "SECONDARY",
      "mongodbVersion": "8.0.26",
      "opTime": "2026-08-24T21:02:07Z",
      "oplogStoreType": "thirdPartyOplogStore",
      "port": 37017,
      "priority": 1.0,
      "rsId": "configRS",
      "snapshotable": true,
      "votes": 1
    },
    {
      "dbPath": "/fimongo1/data",
      "hidden": false,
      "hostname": "mdb9",
      "id": "mdb9:37017",
      "lastAgentPing": "2026-08-24T21:02:03Z",
      "memberState": "SECONDARY",
      "mongodbVersion": "8.0.26",
      "opTime": "2026-08-24T21:02:09Z",
      "oplogStoreType": "thirdPartyOplogStore",
      "port": 37017,
      "priority": 1.0,
      "rsId": "sgcShard_1",
      "snapshotable": true,
      "votes": 1
    }
  ],
  "state": "PENDING"
}
2026-08-24 16:02:41,210 [INFO] Snapshot state: PENDING
2026-08-24 16:02:51,211 [DEBUG] API GET http://129.40.36.100:8080/api/public/v1.0/backup/third_party/group/6a386221ee19a6537cc68a97/clusters/6a39559ff9f8584e226bec72/snapshot/6a8cafc53d9e727fec90e022
2026-08-24 16:02:51,361 [DEBUG] STATUS 200
2026-08-24 16:02:51,361 [DEBUG] {
  "nodes": [
    {
      "dbPath": "/fimongo1/data",
      "hidden": false,
      "hostname": "mdb8",
      "id": "mdb8:37017",
      "lastAgentPing": "2026-08-24T21:02:14Z",
      "memberState": "SECONDARY",
      "mongodbVersion": "8.0.26",
      "opTime": "2026-08-24T21:02:07Z",
      "oplogStoreType": "thirdPartyOplogStore",
      "port": 37017,
      "priority": 1.0,
      "rsId": "sgcShard_0",
      "snapshotable": true,
      "votes": 1
    },
    {
      "dbPath": "/fimongo1/data",
      "hidden": false,
      "hostname": "mdb7",
      "id": "mdb7:37017",
      "lastAgentPing": "2026-08-24T21:02:10Z",
      "memberState": "SECONDARY",
      "mongodbVersion": "8.0.26",
      "opTime": "2026-08-24T21:02:07Z",
      "oplogStoreType": "thirdPartyOplogStore",
      "port": 37017,
      "priority": 1.0,
      "rsId": "configRS",
      "snapshotable": true,
      "votes": 1
    },
    {
      "dbPath": "/fimongo1/data",
      "hidden": false,
      "hostname": "mdb9",
      "id": "mdb9:37017",
      "lastAgentPing": "2026-08-24T21:02:03Z",
      "memberState": "SECONDARY",
      "mongodbVersion": "8.0.26",
      "opTime": "2026-08-24T21:02:09Z",
      "oplogStoreType": "thirdPartyOplogStore",
      "port": 37017,
      "priority": 1.0,
      "rsId": "sgcShard_1",
      "snapshotable": true,
      "votes": 1
    }
  ],
  "state": "PENDING"
}
2026-08-24 16:02:51,361 [INFO] Snapshot state: PENDING
2026-08-24 16:03:01,362 [DEBUG] API GET http://129.40.36.100:8080/api/public/v1.0/backup/third_party/group/6a386221ee19a6537cc68a97/clusters/6a39559ff9f8584e226bec72/snapshot/6a8cafc53d9e727fec90e022
2026-08-24 16:03:01,503 [DEBUG] STATUS 200
2026-08-24 16:03:01,503 [DEBUG] {
  "nodes": [
    {
      "dbPath": "/fimongo1/data",
      "hidden": false,
      "hostname": "mdb8",
      "id": "mdb8:37017",
      "lastAgentPing": "2026-08-24T21:02:14Z",
      "memberState": "SECONDARY",
      "mongodbVersion": "8.0.26",
      "opTime": "2026-08-24T21:02:07Z",
      "oplogStoreType": "thirdPartyOplogStore",
      "port": 37017,
      "priority": 1.0,
      "rsId": "sgcShard_0",
      "snapshotable": true,
      "votes": 1
    },
    {
      "dbPath": "/fimongo1/data",
      "hidden": false,
      "hostname": "mdb7",
      "id": "mdb7:37017",
      "lastAgentPing": "2026-08-24T21:02:10Z",
      "memberState": "SECONDARY",
      "mongodbVersion": "8.0.26",
      "opTime": "2026-08-24T21:02:07Z",
      "oplogStoreType": "thirdPartyOplogStore",
      "port": 37017,
      "priority": 1.0,
      "rsId": "configRS",
      "snapshotable": true,
      "votes": 1
    },
    {
      "dbPath": "/fimongo1/data",
      "hidden": false,
      "hostname": "mdb9",
      "id": "mdb9:37017",
      "lastAgentPing": "2026-08-24T21:02:03Z",
      "memberState": "SECONDARY",
      "mongodbVersion": "8.0.26",
      "opTime": "2026-08-24T21:02:09Z",
      "oplogStoreType": "thirdPartyOplogStore",
      "port": 37017,
      "priority": 1.0,
      "rsId": "sgcShard_1",
      "snapshotable": true,
      "votes": 1
    }
  ],
  "state": "PENDING"
}
2026-08-24 16:03:01,503 [INFO] Snapshot state: PENDING
2026-08-24 16:03:11,504 [DEBUG] API GET http://129.40.36.100:8080/api/public/v1.0/backup/third_party/group/6a386221ee19a6537cc68a97/clusters/6a39559ff9f8584e226bec72/snapshot/6a8cafc53d9e727fec90e022
2026-08-24 16:03:11,650 [DEBUG] STATUS 200
2026-08-24 16:03:11,650 [DEBUG] {
  "nodes": [
    {
      "dbPath": "/fimongo1/data",
      "hidden": false,
      "hostname": "mdb8",
      "id": "mdb8:37017",
      "lastAgentPing": "2026-08-24T21:02:14Z",
      "memberState": "SECONDARY",
      "mongodbVersion": "8.0.26",
      "opTime": "2026-08-24T21:02:07Z",
      "oplogStoreType": "thirdPartyOplogStore",
      "port": 37017,
      "priority": 1.0,
      "rsId": "sgcShard_0",
      "snapshotable": true,
      "votes": 1
    },
    {
      "dbPath": "/fimongo1/data",
      "hidden": false,
      "hostname": "mdb7",
      "id": "mdb7:37017",
      "lastAgentPing": "2026-08-24T21:03:08Z",
      "memberState": "SECONDARY",
      "mongodbVersion": "8.0.26",
      "opTime": "2026-08-24T21:02:07Z",
      "oplogStoreType": "thirdPartyOplogStore",
      "port": 37017,
      "priority": 1.0,
      "rsId": "configRS",
      "snapshotable": true,
      "votes": 1
    },
    {
      "dbPath": "/fimongo1/data",
      "hidden": false,
      "hostname": "mdb9",
      "id": "mdb9:37017",
      "lastAgentPing": "2026-08-24T21:03:06Z",
      "memberState": "SECONDARY",
      "mongodbVersion": "8.0.26",
      "opTime": "2026-08-24T21:02:09Z",
      "oplogStoreType": "thirdPartyOplogStore",
      "port": 37017,
      "priority": 1.0,
      "rsId": "sgcShard_1",
      "snapshotable": true,
      "votes": 1
    }
  ],
  "state": "PENDING"
}
2026-08-24 16:03:11,650 [INFO] Snapshot state: PENDING
2026-08-24 16:03:21,651 [DEBUG] API GET http://129.40.36.100:8080/api/public/v1.0/backup/third_party/group/6a386221ee19a6537cc68a97/clusters/6a39559ff9f8584e226bec72/snapshot/6a8cafc53d9e727fec90e022
2026-08-24 16:03:21,797 [DEBUG] STATUS 200
2026-08-24 16:03:21,797 [DEBUG] {
  "nodes": [
    {
      "dbPath": "/fimongo1/data",
      "hidden": false,
      "hostname": "mdb8",
      "id": "mdb8:37017",
      "lastAgentPing": "2026-08-24T21:03:15Z",
      "memberState": "SECONDARY",
      "mongodbVersion": "8.0.26",
      "opTime": "2026-08-24T21:02:07Z",
      "oplogStoreType": "thirdPartyOplogStore",
      "port": 37017,
      "priority": 1.0,
      "rsId": "sgcShard_0",
      "snapshotable": true,
      "votes": 1
    },
    {
      "dbPath": "/fimongo1/data",
      "hidden": false,
      "hostname": "mdb7",
      "id": "mdb7:37017",
      "lastAgentPing": "2026-08-24T21:03:08Z",
      "memberState": "SECONDARY",
      "mongodbVersion": "8.0.26",
      "opTime": "2026-08-24T21:02:07Z",
      "oplogStoreType": "thirdPartyOplogStore",
      "port": 37017,
      "priority": 1.0,
      "rsId": "configRS",
      "snapshotable": true,
      "votes": 1
    },
    {
      "dbPath": "/fimongo1/data",
      "hidden": false,
      "hostname": "mdb9",
      "id": "mdb9:37017",
      "lastAgentPing": "2026-08-24T21:03:06Z",
      "memberState": "SECONDARY",
      "mongodbVersion": "8.0.26",
      "opTime": "2026-08-24T21:02:09Z",
      "oplogStoreType": "thirdPartyOplogStore",
      "port": 37017,
      "priority": 1.0,
      "rsId": "sgcShard_1",
      "snapshotable": true,
      "votes": 1
    }
  ],
  "state": "READY"
}
2026-08-24 16:03:21,797 [INFO] Snapshot state: READY
2026-08-24 16:03:21,798 [INFO] Waiting for fileList on mdb7:37017
2026-08-24 16:03:21,798 [DEBUG] API GET http://129.40.36.100:8080/api/public/v1.0/backup/third_party/group/6a386221ee19a6537cc68a97/clusters/6a39559ff9f8584e226bec72/snapshot/6a8cafc53d9e727fec90e022/mdb7:37017/fileList
2026-08-24 16:03:21,932 [DEBUG] STATUS 200
2026-08-24 16:03:21,933 [DEBUG] {
  "fileList": [
    {
      "fileName": "/fimongo1/data/journal/WiredTigerLog.0000000035",
      "fileSize": 104857600
    },
    {
      "fileName": "/fimongo1/data/WiredTigerHS.wt",
      "fileSize": 40960
    },
    {
      "fileName": "/fimongo1/data/_mdb_catalog.wt",
      "fileSize": 45056
    },
    {
      "fileName": "/fimongo1/data/collection-0-8349017426506583381.wt",
      "fileSize": 36864
    },
    {
      "fileName": "/fimongo1/data/collection-0-8800155628005611892.wt",
      "fileSize": 102400
    },
    {
      "fileName": "/fimongo1/data/collection-10-8349017426506583381.wt",
      "fileSize": 20480
    },
    {
      "fileName": "/fimongo1/data/collection-12-8349017426506583381.wt",
      "fileSize": 36864
    },
    {
      "fileName": "/fimongo1/data/collection-14-8349017426506583381.wt",
      "fileSize": 36864
    },
    {
      "fileName": "/fimongo1/data/collection-18-8349017426506583381.wt",
      "fileSize": 118550528
    },
    {
      "fileName": "/fimongo1/data/collection-19-8349017426506583381.wt",
      "fileSize": 36864
    },
    {
      "fileName": "/fimongo1/data/collection-2-8349017426506583381.wt",
      "fileSize": 36864
    },
    {
      "fileName": "/fimongo1/data/collection-21-8349017426506583381.wt",
      "fileSize": 20480
    },
    {
      "fileName": "/fimongo1/data/collection-23-8349017426506583381.wt",
      "fileSize": 24576
    },
    {
      "fileName": "/fimongo1/data/collection-26-8349017426506583381.wt",
      "fileSize": 4096
    },
    {
      "fileName": "/fimongo1/data/collection-28-8349017426506583381.wt",
      "fileSize": 36864
    },
    {
      "fileName": "/fimongo1/data/collection-30-8349017426506583381.wt",
      "fileSize": 36864
    },
    {
      "fileName": "/fimongo1/data/collection-36-8349017426506583381.wt",
      "fileSize": 36864
    },
    {
      "fileName": "/fimongo1/data/collection-38-8349017426506583381.wt",
      "fileSize": 36864
    },
    {
      "fileName": "/fimongo1/data/collection-4-8349017426506583381.wt",
      "fileSize": 36864
    },
    {
      "fileName": "/fimongo1/data/collection-41-8349017426506583381.wt",
      "fileSize": 4096
    },
    {
      "fileName": "/fimongo1/data/collection-45-8349017426506583381.wt",
      "fileSize": 36864
    },
    {
      "fileName": "/fimongo1/data/collection-48-8349017426506583381.wt",
      "fileSize": 4096
    },
    {
      "fileName": "/fimongo1/data/collection-50-8349017426506583381.wt",
      "fileSize": 36864
    },
    {
      "fileName": "/fimongo1/data/collection-52-8349017426506583381.wt",
      "fileSize": 4096
    },
    {
      "fileName": "/fimongo1/data/collection-55-8349017426506583381.wt",
      "fileSize": 4096
    },
    {
      "fileName": "/fimongo1/data/collection-57-8349017426506583381.wt",
      "fileSize": 4096
    },
    {
      "fileName": "/fimongo1/data/collection-58-8349017426506583381.wt",
      "fileSize": 36864
    },
    {
      "fileName": "/fimongo1/data/collection-6-8349017426506583381.wt",
      "fileSize": 36864
    },
    {
      "fileName": "/fimongo1/data/collection-60-8349017426506583381.wt",
      "fileSize": 4096
    },
    {
      "fileName": "/fimongo1/data/collection-63-8349017426506583381.wt",
      "fileSize": 4096
    },
    {
      "fileName": "/fimongo1/data/collection-66-8349017426506583381.wt",
      "fileSize": 4096
    },
    {
      "fileName": "/fimongo1/data/collection-69-8349017426506583381.wt",
      "fileSize": 4096
    },
    {
      "fileName": "/fimongo1/data/collection-71-8349017426506583381.wt",
      "fileSize": 241664
    },
    {
      "fileName": "/fimongo1/data/collection-73-8349017426506583381.wt",
      "fileSize": 36864
    },
    {
      "fileName": "/fimongo1/data/collection-75-8349017426506583381.wt",
      "fileSize": 32768
    },
    {
      "fileName": "/fimongo1/data/collection-77-8349017426506583381.wt",
      "fileSize": 36864
    },
    {
      "fileName": "/fimongo1/data/collection-79-8349017426506583381.wt",
      "fileSize": 36864
    },
    {
      "fileName": "/fimongo1/data/collection-8-8349017426506583381.wt",
      "fileSize": 36864
    },
    {
      "fileName": "/fimongo1/data/collection-81-8349017426506583381.wt",
      "fileSize": 36864
    },
    {
      "fileName": "/fimongo1/data/index-1-8349017426506583381.wt",
      "fileSize": 36864
    },
    {
      "fileName": "/fimongo1/data/index-1-8800155628005611892.wt",
      "fileSize": 106496
    },
    {
      "fileName": "/fimongo1/data/index-11-8349017426506583381.wt",
      "fileSize": 20480
    },
    {
      "fileName": "/fimongo1/data/index-13-8349017426506583381.wt",
      "fileSize": 20480
    },
    {
      "fileName": "/fimongo1/data/index-15-8349017426506583381.wt",
      "fileSize": 20480
    },
    {
      "fileName": "/fimongo1/data/index-20-8349017426506583381.wt",
      "fileSize": 36864
    },
    {
      "fileName": "/fimongo1/data/index-22-8349017426506583381.wt",
      "fileSize": 20480
    },
    {
      "fileName": "/fimongo1/data/index-24-8349017426506583381.wt",
      "fileSize": 24576
    },
    {
      "fileName": "/fimongo1/data/index-25-8349017426506583381.wt",
      "fileSize": 32768
    },
    {
      "fileName": "/fimongo1/data/index-27-8349017426506583381.wt",
      "fileSize": 4096
    },
    {
      "fileName": "/fimongo1/data/index-29-8349017426506583381.wt",
      "fileSize": 36864
    },
    {
      "fileName": "/fimongo1/data/index-3-8349017426506583381.wt",
      "fileSize": 20480
    },
    {
      "fileName": "/fimongo1/data/index-31-8349017426506583381.wt",
      "fileSize": 36864
    },
    {
      "fileName": "/fimongo1/data/index-32-8349017426506583381.wt",
      "fileSize": 36864
    },
    {
      "fileName": "/fimongo1/data/index-33-8349017426506583381.wt",
      "fileSize": 36864
    },
    {
      "fileName": "/fimongo1/data/index-34-8349017426506583381.wt",
      "fileSize": 36864
    },
    {
      "fileName": "/fimongo1/data/index-35-8349017426506583381.wt",
      "fileSize": 36864
    },
    {
      "fileName": "/fimongo1/data/index-37-8349017426506583381.wt",
      "fileSize": 36864
    },
    {
      "fileName": "/fimongo1/data/index-39-8349017426506583381.wt",
      "fileSize": 36864
    },
    {
      "fileName": "/fimongo1/data/index-40-8349017426506583381.wt",
      "fileSize": 36864
    },
    {
      "fileName": "/fimongo1/data/index-42-8349017426506583381.wt",
      "fileSize": 4096
    },
    {
      "fileName": "/fimongo1/data/index-43-8349017426506583381.wt",
      "fileSize": 4096
    },
    {
      "fileName": "/fimongo1/data/index-44-8349017426506583381.wt",
      "fileSize": 4096
    },
    {
      "fileName": "/fimongo1/data/index-46-8349017426506583381.wt",
      "fileSize": 36864
    },
    {
      "fileName": "/fimongo1/data/index-47-8349017426506583381.wt",
      "fileSize": 36864
    },
    {
      "fileName": "/fimongo1/data/index-49-8349017426506583381.wt",
      "fileSize": 4096
    },
    {
      "fileName": "/fimongo1/data/index-5-8349017426506583381.wt",
      "fileSize": 20480
    },
    {
      "fileName": "/fimongo1/data/index-51-8349017426506583381.wt",
      "fileSize": 36864
    },
    {
      "fileName": "/fimongo1/data/index-53-8349017426506583381.wt",
      "fileSize": 4096
    },
    {
      "fileName": "/fimongo1/data/index-54-8349017426506583381.wt",
      "fileSize": 4096
    },
    {
      "fileName": "/fimongo1/data/index-56-8349017426506583381.wt",
      "fileSize": 4096
    },
    {
      "fileName": "/fimongo1/data/index-59-8349017426506583381.wt",
      "fileSize": 36864
    },
    {
      "fileName": "/fimongo1/data/index-61-8349017426506583381.wt",
      "fileSize": 4096
    },
    {
      "fileName": "/fimongo1/data/index-62-8349017426506583381.wt",
      "fileSize": 4096
    },
    {
      "fileName": "/fimongo1/data/index-64-8349017426506583381.wt",
      "fileSize": 4096
    },
    {
      "fileName": "/fimongo1/data/index-65-8349017426506583381.wt",
      "fileSize": 4096
    },
    {
      "fileName": "/fimongo1/data/index-67-8349017426506583381.wt",
      "fileSize": 4096
    },
    {
      "fileName": "/fimongo1/data/index-68-8349017426506583381.wt",
      "fileSize": 4096
    },
    {
      "fileName": "/fimongo1/data/index-7-8349017426506583381.wt",
      "fileSize": 20480
    },
    {
      "fileName": "/fimongo1/data/index-70-8349017426506583381.wt",
      "fileSize": 4096
    },
    {
      "fileName": "/fimongo1/data/index-72-8349017426506583381.wt",
      "fileSize": 299008
    },
    {
      "fileName": "/fimongo1/data/index-74-8349017426506583381.wt",
      "fileSize": 36864
    },
    {
      "fileName": "/fimongo1/data/index-76-8349017426506583381.wt",
      "fileSize": 32768
    },
    {
      "fileName": "/fimongo1/data/index-78-8349017426506583381.wt",
      "fileSize": 36864
    },
    {
      "fileName": "/fimongo1/data/index-80-8349017426506583381.wt",
      "fileSize": 36864
    },
    {
      "fileName": "/fimongo1/data/index-82-8349017426506583381.wt",
      "fileSize": 36864
    },
    {
      "fileName": "/fimongo1/data/index-83-8349017426506583381.wt",
      "fileSize": 36864
    },
    {
      "fileName": "/fimongo1/data/index-9-8349017426506583381.wt",
      "fileSize": 20480
    },
    {
      "fileName": "/fimongo1/data/sizeStorer.wt",
      "fileSize": 36864
    },
    {
      "fileName": "/fimongo1/data/WiredTiger.backup",
      "fileSize": 170088
    },
    {
      "fileName": "/fimongo1/data/WiredTiger",
      "fileSize": 50
    }
  ],
  "finishedToken": null,
  "nextToken": "ZDM0MjEwNmM1ZDQ2YTBiNDc2MjQ5ZTkwOTMyYWM1ZWRmOTYxYTcwMDBjMDAzZDQxYmZmMWU1YTkyYmY2MmZmZC03YmExOWU0NjE5MTFhZjQ0NzE0ZDAzMzQ0ZDY1NWZhMC1lNDA1Yzc1M2UzYjgyM2ZkZDIxM2FmZTlhOThmYzAxNjY3ZWIyYTA0ZDA0NjQ4NjIzYzcwNzc3OWVkMmFhYjFhODVmMmNiZWJlMzE3MTdlNzkyNDkwYTVlYzNmNjdkMzMwMTY5MDNmYThhMDM1NmUyMGNhMDM5MmFiODFlNGI5MC1hZTVlODYzMDI2MTVhMWRhMTA4MmQ3ZWQ0ZmEzMmFkMzNmMzQyMzRlMDE3NGQyNGY0MjM2ZTY1MTljMzc5Yzk4MGUzM2EyNjdkZWIwN2U1N2M4MTg5ODNiYjJhMGY4MDFkZDMxODEzOThkZDM5ZjZkNjI3MWQ2MzBkYzNiMjEzYQ=="
}
2026-08-24 16:03:21,933 [INFO] fileList ready on mdb7:37017
2026-08-24 16:03:21,934 [INFO] Waiting for fileList on mdb8:37017
2026-08-24 16:03:21,934 [DEBUG] API GET http://129.40.36.100:8080/api/public/v1.0/backup/third_party/group/6a386221ee19a6537cc68a97/clusters/6a39559ff9f8584e226bec72/snapshot/6a8cafc53d9e727fec90e022/mdb8:37017/fileList
2026-08-24 16:03:22,065 [DEBUG] STATUS 200
2026-08-24 16:03:22,065 [DEBUG] {
  "fileList": [
    {
      "fileName": "/fimongo1/data/journal/WiredTigerLog.0000000045",
      "fileSize": 104857600
    },
    {
      "fileName": "/fimongo1/data/WiredTigerHS.wt",
      "fileSize": 45056
    },
    {
      "fileName": "/fimongo1/data/_mdb_catalog.wt",
      "fileSize": 36864
    },
    {
      "fileName": "/fimongo1/data/collection-0-3543678638031846080.wt",
      "fileSize": 53248
    },
    {
      "fileName": "/fimongo1/data/collection-10-3543678638031846080.wt",
      "fileSize": 20480
    },
    {
      "fileName": "/fimongo1/data/collection-12-3543678638031846080.wt",
      "fileSize": 36864
    },
    {
      "fileName": "/fimongo1/data/collection-14-3543678638031846080.wt",
      "fileSize": 36864
    },
    {
      "fileName": "/fimongo1/data/collection-18-3543678638031846080.wt",
      "fileSize": 1769009152
    },
    {
      "fileName": "/fimongo1/data/collection-19-3543678638031846080.wt",
      "fileSize": 36864
    },
    {
      "fileName": "/fimongo1/data/collection-2-3543678638031846080.wt",
      "fileSize": 36864
    },
    {
      "fileName": "/fimongo1/data/collection-21-3543678638031846080.wt",
      "fileSize": 20480
    },
    {
      "fileName": "/fimongo1/data/collection-23-3543678638031846080.wt",
      "fileSize": 32768
    },
    {
      "fileName": "/fimongo1/data/collection-26-3543678638031846080.wt",
      "fileSize": 4096
    },
    {
      "fileName": "/fimongo1/data/collection-28-3543678638031846080.wt",
      "fileSize": 4096
    },
    {
      "fileName": "/fimongo1/data/collection-31-3543678638031846080.wt",
      "fileSize": 4096
    },
    {
      "fileName": "/fimongo1/data/collection-33-3543678638031846080.wt",
      "fileSize": 4096
    },
    {
      "fileName": "/fimongo1/data/collection-34-3543678638031846080.wt",
      "fileSize": 4096
    },
    {
      "fileName": "/fimongo1/data/collection-37-3543678638031846080.wt",
      "fileSize": 4096
    },
    {
      "fileName": "/fimongo1/data/collection-4-3543678638031846080.wt",
      "fileSize": 36864
    },
    {
      "fileName": "/fimongo1/data/collection-40-3543678638031846080.wt",
      "fileSize": 4096
    },
    {
      "fileName": "/fimongo1/data/collection-43-3543678638031846080.wt",
      "fileSize": 36864
    },
    {
      "fileName": "/fimongo1/data/collection-45-3543678638031846080.wt",
      "fileSize": 24576
    },
    {
      "fileName": "/fimongo1/data/collection-47-3543678638031846080.wt",
      "fileSize": 32768
    },
    {
      "fileName": "/fimongo1/data/collection-49-3543678638031846080.wt",
      "fileSize": 53248
    },
    {
      "fileName": "/fimongo1/data/collection-51-3543678638031846080.wt",
      "fileSize": 36864
    },
    {
      "fileName": "/fimongo1/data/collection-53-3543678638031846080.wt",
      "fileSize": 36864
    },
    {
      "fileName": "/fimongo1/data/collection-55-3543678638031846080.wt",
      "fileSize": 36864
    },
    {
      "fileName": "/fimongo1/data/collection-59-3543678638031846080.wt",
      "fileSize": 1986994176
    },
    {
      "fileName": "/fimongo1/data/collection-6-3543678638031846080.wt",
      "fileSize": 36864
    },
    {
      "fileName": "/fimongo1/data/collection-62-3543678638031846080.wt",
      "fileSize": 36864
    },
    {
      "fileName": "/fimongo1/data/collection-64-3543678638031846080.wt",
      "fileSize": 36864
    },
    {
      "fileName": "/fimongo1/data/collection-8-3543678638031846080.wt",
      "fileSize": 36864
    },
    {
      "fileName": "/fimongo1/data/index-1-3543678638031846080.wt",
      "fileSize": 36864
    },
    {
      "fileName": "/fimongo1/data/index-11-3543678638031846080.wt",
      "fileSize": 20480
    },
    {
      "fileName": "/fimongo1/data/index-13-3543678638031846080.wt",
      "fileSize": 20480
    },
    {
      "fileName": "/fimongo1/data/index-15-3543678638031846080.wt",
      "fileSize": 20480
    },
    {
      "fileName": "/fimongo1/data/index-20-3543678638031846080.wt",
      "fileSize": 36864
    },
    {
      "fileName": "/fimongo1/data/index-22-3543678638031846080.wt",
      "fileSize": 20480
    },
    {
      "fileName": "/fimongo1/data/index-24-3543678638031846080.wt",
      "fileSize": 32768
    },
    {
      "fileName": "/fimongo1/data/index-25-3543678638031846080.wt",
      "fileSize": 4096
    },
    {
      "fileName": "/fimongo1/data/index-27-3543678638031846080.wt",
      "fileSize": 4096
    },
    {
      "fileName": "/fimongo1/data/index-29-3543678638031846080.wt",
      "fileSize": 4096
    },
    {
      "fileName": "/fimongo1/data/index-3-3543678638031846080.wt",
      "fileSize": 20480
    },
    {
      "fileName": "/fimongo1/data/index-30-3543678638031846080.wt",
      "fileSize": 4096
    },
    {
      "fileName": "/fimongo1/data/index-32-3543678638031846080.wt",
      "fileSize": 4096
    },
    {
      "fileName": "/fimongo1/data/index-35-3543678638031846080.wt",
      "fileSize": 4096
    },
    {
      "fileName": "/fimongo1/data/index-36-3543678638031846080.wt",
      "fileSize": 4096
    },
    {
      "fileName": "/fimongo1/data/index-38-3543678638031846080.wt",
      "fileSize": 4096
    },
    {
      "fileName": "/fimongo1/data/index-39-3543678638031846080.wt",
      "fileSize": 4096
    },
    {
      "fileName": "/fimongo1/data/index-41-3543678638031846080.wt",
      "fileSize": 4096
    },
    {
      "fileName": "/fimongo1/data/index-42-3543678638031846080.wt",
      "fileSize": 4096
    },
    {
      "fileName": "/fimongo1/data/index-44-3543678638031846080.wt",
      "fileSize": 36864
    },
    {
      "fileName": "/fimongo1/data/index-46-3543678638031846080.wt",
      "fileSize": 24576
    },
    {
      "fileName": "/fimongo1/data/index-48-3543678638031846080.wt",
      "fileSize": 32768
    },
    {
      "fileName": "/fimongo1/data/index-5-3543678638031846080.wt",
      "fileSize": 20480
    },
    {
      "fileName": "/fimongo1/data/index-50-3543678638031846080.wt",
      "fileSize": 98304
    },
    {
      "fileName": "/fimongo1/data/index-52-3543678638031846080.wt",
      "fileSize": 36864
    },
    {
      "fileName": "/fimongo1/data/index-54-3543678638031846080.wt",
      "fileSize": 36864
    },
    {
      "fileName": "/fimongo1/data/index-56-3543678638031846080.wt",
      "fileSize": 36864
    },
    {
      "fileName": "/fimongo1/data/index-57-3543678638031846080.wt",
      "fileSize": 36864
    },
    {
      "fileName": "/fimongo1/data/index-58-3543678638031846080.wt",
      "fileSize": 61440
    },
    {
      "fileName": "/fimongo1/data/index-60-3543678638031846080.wt",
      "fileSize": 34365440
    },
    {
      "fileName": "/fimongo1/data/index-61-3543678638031846080.wt",
      "fileSize": 17768448
    },
    {
      "fileName": "/fimongo1/data/index-63-3543678638031846080.wt",
      "fileSize": 36864
    },
    {
      "fileName": "/fimongo1/data/index-65-3543678638031846080.wt",
      "fileSize": 36864
    },
    {
      "fileName": "/fimongo1/data/index-66-3543678638031846080.wt",
      "fileSize": 36864
    },
    {
      "fileName": "/fimongo1/data/index-7-3543678638031846080.wt",
      "fileSize": 20480
    },
    {
      "fileName": "/fimongo1/data/index-9-3543678638031846080.wt",
      "fileSize": 20480
    },
    {
      "fileName": "/fimongo1/data/sizeStorer.wt",
      "fileSize": 36864
    },
    {
      "fileName": "/fimongo1/data/WiredTiger.backup",
      "fileSize": 133586
    },
    {
      "fileName": "/fimongo1/data/WiredTiger",
      "fileSize": 50
    }
  ],
  "finishedToken": null,
  "nextToken": "ZDM0MjEwNmM1ZDQ2YTBiNDc2MjQ5ZTkwOTMyYWM1ZWRmOTYxYTcwMDBjMDAzZDQxYmZmMWU1YTkyYmY2MmZmZC02MDNjMWY5MDEwNWIwNzJjNDdhNmYwNmRhMTExMmI2MC04NTU3ZTU2Mjk3ZTA4MmQ2MjQzOWZhNjM4YzZjN2Y1ZTg3Mjg4ZGJkMjYxYmI3MjQ2MjRiMWNhNzE5NzFmMWY2MjUzODBhYTc0Yzc0NTU2ZTdhMWUyMTkyNGQ4OWZjNTVmZDhjZDhlYmI4N2I4MTZmMTNkNGFjNzgzOGQ4ZjBhMy1kODhjN2EwNzUwY2FiMzIxMDc1ZjgyNzhlNzUzZmYyZjFjNWY0MTA3MDMwNWIwYjEwNGJkODNjMDkyZTQzODM0YWUyYmY3YjdmODhhZDdhNWY4YzlkYTU3ZTU4M2VlYzFmNzY0ZjI5YzZlNzRmNjY3NmE1ZDcyYjk5Y2JlNWY5MA=="
}
2026-08-24 16:03:22,065 [INFO] fileList ready on mdb8:37017
2026-08-24 16:03:22,066 [INFO] Waiting for fileList on mdb9:37017
2026-08-24 16:03:22,066 [DEBUG] API GET http://129.40.36.100:8080/api/public/v1.0/backup/third_party/group/6a386221ee19a6537cc68a97/clusters/6a39559ff9f8584e226bec72/snapshot/6a8cafc53d9e727fec90e022/mdb9:37017/fileList
2026-08-24 16:03:22,199 [DEBUG] STATUS 200
2026-08-24 16:03:22,199 [DEBUG] {
  "fileList": [
    {
      "fileName": "/fimongo1/data/journal/WiredTigerLog.0000000275",
      "fileSize": 104857600
    },
    {
      "fileName": "/fimongo1/data/WiredTigerHS.wt",
      "fileSize": 4125581312
    },
    {
      "fileName": "/fimongo1/data/_mdb_catalog.wt",
      "fileSize": 36864
    },
    {
      "fileName": "/fimongo1/data/collection-0-11149018524623479022.wt",
      "fileSize": 36864
    },
    {
      "fileName": "/fimongo1/data/collection-10-11149018524623479022.wt",
      "fileSize": 20480
    },
    {
      "fileName": "/fimongo1/data/collection-12-11149018524623479022.wt",
      "fileSize": 36864
    },
    {
      "fileName": "/fimongo1/data/collection-14-11149018524623479022.wt",
      "fileSize": 36864
    },
    {
      "fileName": "/fimongo1/data/collection-18-11149018524623479022.wt",
      "fileSize": 5886156800
    },
    {
      "fileName": "/fimongo1/data/collection-19-11149018524623479022.wt",
      "fileSize": 36864
    },
    {
      "fileName": "/fimongo1/data/collection-2-11149018524623479022.wt",
      "fileSize": 36864
    },
    {
      "fileName": "/fimongo1/data/collection-21-11149018524623479022.wt",
      "fileSize": 20480
    },
    {
      "fileName": "/fimongo1/data/collection-23-11149018524623479022.wt",
      "fileSize": 24576
    },
    {
      "fileName": "/fimongo1/data/collection-26-11149018524623479022.wt",
      "fileSize": 4096
    },
    {
      "fileName": "/fimongo1/data/collection-28-11149018524623479022.wt",
      "fileSize": 4096
    },
    {
      "fileName": "/fimongo1/data/collection-31-11149018524623479022.wt",
      "fileSize": 24576
    },
    {
      "fileName": "/fimongo1/data/collection-33-11149018524623479022.wt",
      "fileSize": 4096
    },
    {
      "fileName": "/fimongo1/data/collection-34-11149018524623479022.wt",
      "fileSize": 4096
    },
    {
      "fileName": "/fimongo1/data/collection-37-11149018524623479022.wt",
      "fileSize": 4096
    },
    {
      "fileName": "/fimongo1/data/collection-4-11149018524623479022.wt",
      "fileSize": 36864
    },
    {
      "fileName": "/fimongo1/data/collection-4-4153592803257472393.wt",
      "fileSize": 33137696768
    },
    {
      "fileName": "/fimongo1/data/collection-40-11149018524623479022.wt",
      "fileSize": 4096
    },
    {
      "fileName": "/fimongo1/data/collection-43-11149018524623479022.wt",
      "fileSize": 36864
    },
    {
      "fileName": "/fimongo1/data/collection-45-11149018524623479022.wt",
      "fileSize": 36864
    },
    {
      "fileName": "/fimongo1/data/collection-47-11149018524623479022.wt",
      "fileSize": 36864
    },
    {
      "fileName": "/fimongo1/data/collection-50-11149018524623479022.wt",
      "fileSize": 36864
    },
    {
      "fileName": "/fimongo1/data/collection-52-11149018524623479022.wt",
      "fileSize": 24576
    },
    {
      "fileName": "/fimongo1/data/collection-54-11149018524623479022.wt",
      "fileSize": 24576
    },
    {
      "fileName": "/fimongo1/data/collection-56-11149018524623479022.wt",
      "fileSize": 2123026432
    },
    {
      "fileName": "/fimongo1/data/collection-59-11149018524623479022.wt",
      "fileSize": 36864
    },
    {
      "fileName": "/fimongo1/data/collection-6-11149018524623479022.wt",
      "fileSize": 36864
    },
    {
      "fileName": "/fimongo1/data/collection-61-11149018524623479022.wt",
      "fileSize": 36864
    },
    {
      "fileName": "/fimongo1/data/collection-64-11149018524623479022.wt",
      "fileSize": 53248
    },
    {
      "fileName": "/fimongo1/data/collection-8-11149018524623479022.wt",
      "fileSize": 36864
    },
    {
      "fileName": "/fimongo1/data/index-1-11149018524623479022.wt",
      "fileSize": 36864
    },
    {
      "fileName": "/fimongo1/data/index-11-11149018524623479022.wt",
      "fileSize": 20480
    },
    {
      "fileName": "/fimongo1/data/index-13-11149018524623479022.wt",
      "fileSize": 20480
    },
    {
      "fileName": "/fimongo1/data/index-15-11149018524623479022.wt",
      "fileSize": 20480
    },
    {
      "fileName": "/fimongo1/data/index-20-11149018524623479022.wt",
      "fileSize": 36864
    },
    {
      "fileName": "/fimongo1/data/index-22-11149018524623479022.wt",
      "fileSize": 20480
    },
    {
      "fileName": "/fimongo1/data/index-24-11149018524623479022.wt",
      "fileSize": 24576
    },
    {
      "fileName": "/fimongo1/data/index-25-11149018524623479022.wt",
      "fileSize": 4096
    },
    {
      "fileName": "/fimongo1/data/index-27-11149018524623479022.wt",
      "fileSize": 4096
    },
    {
      "fileName": "/fimongo1/data/index-29-11149018524623479022.wt",
      "fileSize": 4096
    },
    {
      "fileName": "/fimongo1/data/index-3-11149018524623479022.wt",
      "fileSize": 20480
    },
    {
      "fileName": "/fimongo1/data/index-30-11149018524623479022.wt",
      "fileSize": 4096
    },
    {
      "fileName": "/fimongo1/data/index-32-11149018524623479022.wt",
      "fileSize": 24576
    },
    {
      "fileName": "/fimongo1/data/index-35-11149018524623479022.wt",
      "fileSize": 4096
    },
    {
      "fileName": "/fimongo1/data/index-36-11149018524623479022.wt",
      "fileSize": 4096
    },
    {
      "fileName": "/fimongo1/data/index-38-11149018524623479022.wt",
      "fileSize": 4096
    },
    {
      "fileName": "/fimongo1/data/index-39-11149018524623479022.wt",
      "fileSize": 4096
    },
    {
      "fileName": "/fimongo1/data/index-41-11149018524623479022.wt",
      "fileSize": 4096
    },
    {
      "fileName": "/fimongo1/data/index-42-11149018524623479022.wt",
      "fileSize": 4096
    },
    {
      "fileName": "/fimongo1/data/index-44-11149018524623479022.wt",
      "fileSize": 36864
    },
    {
      "fileName": "/fimongo1/data/index-46-11149018524623479022.wt",
      "fileSize": 36864
    },
    {
      "fileName": "/fimongo1/data/index-48-11149018524623479022.wt",
      "fileSize": 36864
    },
    {
      "fileName": "/fimongo1/data/index-49-11149018524623479022.wt",
      "fileSize": 36864
    },
    {
      "fileName": "/fimongo1/data/index-5-11149018524623479022.wt",
      "fileSize": 20480
    },
    {
      "fileName": "/fimongo1/data/index-5-4153592803257472393.wt",
      "fileSize": 1420865536
    },
    {
      "fileName": "/fimongo1/data/index-51-11149018524623479022.wt",
      "fileSize": 36864
    },
    {
      "fileName": "/fimongo1/data/index-53-11149018524623479022.wt",
      "fileSize": 24576
    },
    {
      "fileName": "/fimongo1/data/index-55-11149018524623479022.wt",
      "fileSize": 24576
    },
    {
      "fileName": "/fimongo1/data/index-57-11149018524623479022.wt",
      "fileSize": 33386496
    },
    {
      "fileName": "/fimongo1/data/index-58-11149018524623479022.wt",
      "fileSize": 17616896
    },
    {
      "fileName": "/fimongo1/data/index-60-11149018524623479022.wt",
      "fileSize": 36864
    },
    {
      "fileName": "/fimongo1/data/index-62-11149018524623479022.wt",
      "fileSize": 36864
    },
    {
      "fileName": "/fimongo1/data/index-63-11149018524623479022.wt",
      "fileSize": 36864
    },
    {
      "fileName": "/fimongo1/data/index-65-11149018524623479022.wt",
      "fileSize": 53248
    },
    {
      "fileName": "/fimongo1/data/index-7-11149018524623479022.wt",
      "fileSize": 20480
    },
    {
      "fileName": "/fimongo1/data/index-9-11149018524623479022.wt",
      "fileSize": 20480
    },
    {
      "fileName": "/fimongo1/data/sizeStorer.wt",
      "fileSize": 36864
    },
    {
      "fileName": "/fimongo1/data/WiredTiger.backup",
      "fileSize": 137097
    },
    {
      "fileName": "/fimongo1/data/WiredTiger",
      "fileSize": 50
    }
  ],
  "finishedToken": null,
  "nextToken": "ZDM0MjEwNmM1ZDQ2YTBiNDc2MjQ5ZTkwOTMyYWM1ZWRmOTYxYTcwMDBjMDAzZDQxYmZmMWU1YTkyYmY2MmZmZC1kMTRjYTJhMzYwOWM5NTE2NTAyMmNiZjljMzY0NmJjOC0yYTczZjA3YWIzOThhYjEzYmJhYWUzMzA0MGM5YzU3Mjk0ODNhNTU3MzcxOGE5MDYyNDViMTc5ZjgwOGVmZDExOWVjYTM5MDExNzJlNDM4OTAyZTc4MmY5NTQyMzNmYmJjMzdmODYyNDM2MWQyNzE0MWQ2MWFlODgzYzAzYzk3My1lZmZiODc3NzRlMWM3ZTMxMTkyMGQyMTY1MTAzZjY5NjVhZTg4NmI2MWQ3YzFmNDI3NWZlNjA3MzQ1ODViMzA0MDI5OWU1NmE1MmI4MjNiMTIxZTdkYzE4MzNlMjM5NDVjMjA4ZTIyNmE1OWYyMmYzMzdkZjUwNWUwZDZiYWJjNw=="
}
2026-08-24 16:03:22,199 [INFO] fileList ready on mdb9:37017
2026-08-24 16:03:22,200 [INFO] Flushing filesystem buffers on snapshot nodes
2026-08-24 16:03:22,200 [INFO] Running filesystem sync on mdb7
2026-08-24 16:03:23,122 [INFO] Running filesystem sync on mdb8
2026-08-24 16:03:23,990 [INFO] Running filesystem sync on mdb9
2026-08-24 16:03:25,886 [INFO] === TAKING IBM FLASHSYSTEM SNAPSHOT NOW ===
2026-08-24 16:03:29,021 [INFO] FlashSystem snapshot completed successfully
2026-08-24 16:03:29,022 [INFO] Replicating Snapshots to remote facilities
2026-08-24 16:03:32,904 [DEBUG] API POST http://129.40.36.100:8080/api/public/v1.0/backup/third_party/group/6a386221ee19a6537cc68a97/clusters/6a39559ff9f8584e226bec72/snapshot/6a8cafc53d9e727fec90e022/finish
2026-08-24 16:03:33,034 [DEBUG] STATUS 200
2026-08-24 16:03:33,034 [DEBUG] {
  "errorCode": "NONE",
  "version": "1",
  "status": "OK"
}
2026-08-24 16:03:33,035 [DEBUG] API GET http://129.40.36.100:8080/api/public/v1.0/backup/third_party/group/6a386221ee19a6537cc68a97/clusters/6a39559ff9f8584e226bec72/snapshot/6a8cafc53d9e727fec90e022
2026-08-24 16:03:33,176 [DEBUG] STATUS 200
2026-08-24 16:03:33,176 [DEBUG] {
  "nodes": [
    {
      "dbPath": "/fimongo1/data",
      "hidden": false,
      "hostname": "mdb8",
      "id": "mdb8:37017",
      "lastAgentPing": "2026-08-24T21:03:15Z",
      "memberState": "SECONDARY",
      "mongodbVersion": "8.0.26",
      "opTime": "2026-08-24T21:02:07Z",
      "oplogStoreType": "thirdPartyOplogStore",
      "port": 37017,
      "priority": 1.0,
      "rsId": "sgcShard_0",
      "snapshotable": true,
      "votes": 1
    },
    {
      "dbPath": "/fimongo1/data",
      "hidden": false,
      "hostname": "mdb7",
      "id": "mdb7:37017",
      "lastAgentPing": "2026-08-24T21:03:08Z",
      "memberState": "SECONDARY",
      "mongodbVersion": "8.0.26",
      "opTime": "2026-08-24T21:02:07Z",
      "oplogStoreType": "thirdPartyOplogStore",
      "port": 37017,
      "priority": 1.0,
      "rsId": "configRS",
      "snapshotable": true,
      "votes": 1
    },
    {
      "dbPath": "/fimongo1/data",
      "hidden": false,
      "hostname": "mdb9",
      "id": "mdb9:37017",
      "lastAgentPing": "2026-08-24T21:03:06Z",
      "memberState": "SECONDARY",
      "mongodbVersion": "8.0.26",
      "opTime": "2026-08-24T21:02:09Z",
      "oplogStoreType": "thirdPartyOplogStore",
      "port": 37017,
      "priority": 1.0,
      "rsId": "sgcShard_1",
      "snapshotable": true,
      "votes": 1
    }
  ],
  "state": "FINISHING"
}
2026-08-24 16:03:33,177 [INFO] Snapshot state: FINISHING
2026-08-24 16:03:43,177 [DEBUG] API GET http://129.40.36.100:8080/api/public/v1.0/backup/third_party/group/6a386221ee19a6537cc68a97/clusters/6a39559ff9f8584e226bec72/snapshot/6a8cafc53d9e727fec90e022
2026-08-24 16:03:43,379 [DEBUG] STATUS 200
2026-08-24 16:03:43,379 [DEBUG] {
  "nodes": [
    {
      "dbPath": "/fimongo1/data",
      "hidden": false,
      "hostname": "mdb8",
      "id": "mdb8:37017",
      "lastAgentPing": "2026-08-24T21:03:15Z",
      "memberState": "SECONDARY",
      "mongodbVersion": "8.0.26",
      "opTime": "2026-08-24T21:02:07Z",
      "oplogStoreType": "thirdPartyOplogStore",
      "port": 37017,
      "priority": 1.0,
      "rsId": "sgcShard_0",
      "snapshotable": true,
      "votes": 1
    },
    {
      "dbPath": "/fimongo1/data",
      "hidden": false,
      "hostname": "mdb7",
      "id": "mdb7:37017",
      "lastAgentPing": "2026-08-24T21:03:08Z",
      "memberState": "SECONDARY",
      "mongodbVersion": "8.0.26",
      "opTime": "2026-08-24T21:02:07Z",
      "oplogStoreType": "thirdPartyOplogStore",
      "port": 37017,
      "priority": 1.0,
      "rsId": "configRS",
      "snapshotable": true,
      "votes": 1
    },
    {
      "dbPath": "/fimongo1/data",
      "hidden": false,
      "hostname": "mdb9",
      "id": "mdb9:37017",
      "lastAgentPing": "2026-08-24T21:03:06Z",
      "memberState": "SECONDARY",
      "mongodbVersion": "8.0.26",
      "opTime": "2026-08-24T21:02:09Z",
      "oplogStoreType": "thirdPartyOplogStore",
      "port": 37017,
      "priority": 1.0,
      "rsId": "sgcShard_1",
      "snapshotable": true,
      "votes": 1
    }
  ],
  "state": "FINISHING"
}
2026-08-24 16:03:43,380 [INFO] Snapshot state: FINISHING
2026-08-24 16:03:53,381 [DEBUG] API GET http://129.40.36.100:8080/api/public/v1.0/backup/third_party/group/6a386221ee19a6537cc68a97/clusters/6a39559ff9f8584e226bec72/snapshot/6a8cafc53d9e727fec90e022
2026-08-24 16:03:53,524 [DEBUG] STATUS 200
2026-08-24 16:03:53,525 [DEBUG] {
  "nodes": [
    {
      "dbPath": "/fimongo1/data",
      "hidden": false,
      "hostname": "mdb8",
      "id": "mdb8:37017",
      "lastAgentPing": "2026-08-24T21:03:15Z",
      "memberState": "SECONDARY",
      "mongodbVersion": "8.0.26",
      "opTime": "2026-08-24T21:02:07Z",
      "oplogStoreType": "thirdPartyOplogStore",
      "port": 37017,
      "priority": 1.0,
      "rsId": "sgcShard_0",
      "snapshotable": true,
      "votes": 1
    },
    {
      "dbPath": "/fimongo1/data",
      "hidden": false,
      "hostname": "mdb7",
      "id": "mdb7:37017",
      "lastAgentPing": "2026-08-24T21:03:08Z",
      "memberState": "SECONDARY",
      "mongodbVersion": "8.0.26",
      "opTime": "2026-08-24T21:02:07Z",
      "oplogStoreType": "thirdPartyOplogStore",
      "port": 37017,
      "priority": 1.0,
      "rsId": "configRS",
      "snapshotable": true,
      "votes": 1
    },
    {
      "dbPath": "/fimongo1/data",
      "hidden": false,
      "hostname": "mdb9",
      "id": "mdb9:37017",
      "lastAgentPing": "2026-08-24T21:03:06Z",
      "memberState": "SECONDARY",
      "mongodbVersion": "8.0.26",
      "opTime": "2026-08-24T21:02:09Z",
      "oplogStoreType": "thirdPartyOplogStore",
      "port": 37017,
      "priority": 1.0,
      "rsId": "sgcShard_1",
      "snapshotable": true,
      "votes": 1
    }
  ],
  "state": "FINISHING"
}
2026-08-24 16:03:53,525 [INFO] Snapshot state: FINISHING
2026-08-24 16:04:03,526 [DEBUG] API GET http://129.40.36.100:8080/api/public/v1.0/backup/third_party/group/6a386221ee19a6537cc68a97/clusters/6a39559ff9f8584e226bec72/snapshot/6a8cafc53d9e727fec90e022
2026-08-24 16:04:03,668 [DEBUG] STATUS 200
2026-08-24 16:04:03,668 [DEBUG] {
  "nodes": [
    {
      "dbPath": "/fimongo1/data",
      "hidden": false,
      "hostname": "mdb8",
      "id": "mdb8:37017",
      "lastAgentPing": "2026-08-24T21:03:15Z",
      "memberState": "SECONDARY",
      "mongodbVersion": "8.0.26",
      "opTime": "2026-08-24T21:02:07Z",
      "oplogStoreType": "thirdPartyOplogStore",
      "port": 37017,
      "priority": 1.0,
      "rsId": "sgcShard_0",
      "snapshotable": true,
      "votes": 1
    },
    {
      "dbPath": "/fimongo1/data",
      "hidden": false,
      "hostname": "mdb7",
      "id": "mdb7:37017",
      "lastAgentPing": "2026-08-24T21:03:08Z",
      "memberState": "SECONDARY",
      "mongodbVersion": "8.0.26",
      "opTime": "2026-08-24T21:02:07Z",
      "oplogStoreType": "thirdPartyOplogStore",
      "port": 37017,
      "priority": 1.0,
      "rsId": "configRS",
      "snapshotable": true,
      "votes": 1
    },
    {
      "dbPath": "/fimongo1/data",
      "hidden": false,
      "hostname": "mdb9",
      "id": "mdb9:37017",
      "lastAgentPing": "2026-08-24T21:03:06Z",
      "memberState": "SECONDARY",
      "mongodbVersion": "8.0.26",
      "opTime": "2026-08-24T21:02:09Z",
      "oplogStoreType": "thirdPartyOplogStore",
      "port": 37017,
      "priority": 1.0,
      "rsId": "sgcShard_1",
      "snapshotable": true,
      "votes": 1
    }
  ],
  "state": "FINISHING"
}
2026-08-24 16:04:03,669 [INFO] Snapshot state: FINISHING
2026-08-24 16:04:13,669 [DEBUG] API GET http://129.40.36.100:8080/api/public/v1.0/backup/third_party/group/6a386221ee19a6537cc68a97/clusters/6a39559ff9f8584e226bec72/snapshot/6a8cafc53d9e727fec90e022
2026-08-24 16:04:13,812 [DEBUG] STATUS 200
2026-08-24 16:04:13,812 [DEBUG] {
  "nodes": [
    {
      "dbPath": "/fimongo1/data",
      "hidden": false,
      "hostname": "mdb8",
      "id": "mdb8:37017",
      "lastAgentPing": "2026-08-24T21:03:15Z",
      "memberState": "SECONDARY",
      "mongodbVersion": "8.0.26",
      "opTime": "2026-08-24T21:02:07Z",
      "oplogStoreType": "thirdPartyOplogStore",
      "port": 37017,
      "priority": 1.0,
      "rsId": "sgcShard_0",
      "snapshotable": true,
      "votes": 1
    },
    {
      "dbPath": "/fimongo1/data",
      "hidden": false,
      "hostname": "mdb7",
      "id": "mdb7:37017",
      "lastAgentPing": "2026-08-24T21:04:11Z",
      "memberState": "SECONDARY",
      "mongodbVersion": "8.0.26",
      "opTime": "2026-08-24T21:02:07Z",
      "oplogStoreType": "thirdPartyOplogStore",
      "port": 37017,
      "priority": 1.0,
      "rsId": "configRS",
      "snapshotable": true,
      "votes": 1
    },
    {
      "dbPath": "/fimongo1/data",
      "hidden": false,
      "hostname": "mdb9",
      "id": "mdb9:37017",
      "lastAgentPing": "2026-08-24T21:04:09Z",
      "memberState": "SECONDARY",
      "mongodbVersion": "8.0.26",
      "opTime": "2026-08-24T21:02:09Z",
      "oplogStoreType": "thirdPartyOplogStore",
      "port": 37017,
      "priority": 1.0,
      "rsId": "sgcShard_1",
      "snapshotable": true,
      "votes": 1
    }
  ],
  "state": "FINISHING"
}
2026-08-24 16:04:13,813 [INFO] Snapshot state: FINISHING
2026-08-24 16:04:23,813 [DEBUG] API GET http://129.40.36.100:8080/api/public/v1.0/backup/third_party/group/6a386221ee19a6537cc68a97/clusters/6a39559ff9f8584e226bec72/snapshot/6a8cafc53d9e727fec90e022
2026-08-24 16:04:23,968 [DEBUG] STATUS 200
2026-08-24 16:04:23,968 [DEBUG] {
  "nodes": [
    {
      "dbPath": "/fimongo1/data",
      "hidden": false,
      "hostname": "mdb8",
      "id": "mdb8:37017",
      "lastAgentPing": "2026-08-24T21:04:14Z",
      "memberState": "SECONDARY",
      "mongodbVersion": "8.0.26",
      "opTime": "2026-08-24T21:02:07Z",
      "oplogStoreType": "thirdPartyOplogStore",
      "port": 37017,
      "priority": 1.0,
      "rsId": "sgcShard_0",
      "snapshotable": true,
      "votes": 1
    },
    {
      "dbPath": "/fimongo1/data",
      "hidden": false,
      "hostname": "mdb7",
      "id": "mdb7:37017",
      "lastAgentPing": "2026-08-24T21:04:11Z",
      "memberState": "SECONDARY",
      "mongodbVersion": "8.0.26",
      "opTime": "2026-08-24T21:02:07Z",
      "oplogStoreType": "thirdPartyOplogStore",
      "port": 37017,
      "priority": 1.0,
      "rsId": "configRS",
      "snapshotable": true,
      "votes": 1
    },
    {
      "dbPath": "/fimongo1/data",
      "hidden": false,
      "hostname": "mdb9",
      "id": "mdb9:37017",
      "lastAgentPing": "2026-08-24T21:04:09Z",
      "memberState": "SECONDARY",
      "mongodbVersion": "8.0.26",
      "opTime": "2026-08-24T21:02:09Z",
      "oplogStoreType": "thirdPartyOplogStore",
      "port": 37017,
      "priority": 1.0,
      "rsId": "sgcShard_1",
      "snapshotable": true,
      "votes": 1
    }
  ],
  "snapshotMetadata": {
    "clusterId": "6a39559ff9f8584e226bec72",
    "clusterName": "sgcCluster",
    "groupId": "6a386221ee19a6537cc68a97",
    "restoreTimestamp": {
      "increment": 4710,
      "time": 1787605025
    },
    "rsSnapshotsMetadata": [
      {
        "defaultRWConcern": {
          "defaultReadConcern": {
            "level": "local"
          },
          "defaultReadConcernSource": "implicit",
          "defaultWriteConcern": {
            "w": "majority",
            "wtimeout": 0
          },
          "defaultWriteConcernSource": "implicit",
          "localUpdateWallClockTime": "2026-08-24T20:58:11Z"
        },
        "encryption": false,
        "fcv": "8.0",
        "fileSize": 3809800192,
        "incremental": true,
        "isConfigShard": false,
        "keyEncryptionUUID": null,
        "lastOplogApplied": {
          "increment": 4710,
          "time": 1787605025
        },
        "member": "SHARD",
        "mongodbVersion": "8.0.26",
        "oplogStoreType": "thirdPartyOplogStore",
        "rsId": "sgcShard_0",
        "shardId": "sgcShard_0",
        "snapshotVersion": 1,
        "srcBackupName": null,
        "startupOptions": {},
        "storageEngine": "wiredTiger",
        "thisBackupName": "mdb8.37017.1787604970"
      },
      {
        "defaultRWConcern": {
          "defaultReadConcern": {
            "level": "local"
          },
          "defaultReadConcernSource": "implicit",
          "defaultWriteConcern": {
            "w": "majority",
            "wtimeout": 0
          },
          "defaultWriteConcernSource": "implicit",
          "localUpdateWallClockTime": "2026-08-24T20:58:11Z"
        },
        "encryption": false,
        "fcv": "8.0",
        "fileSize": 121348096,
        "incremental": true,
        "isConfigShard": false,
        "keyEncryptionUUID": null,
        "lastOplogApplied": {
          "increment": 4710,
          "time": 1787605025
        },
        "member": "CONFIG_SERVER",
        "mongodbVersion": "8.0.26",
        "oplogStoreType": "thirdPartyOplogStore",
        "rsId": "configRS",
        "shardId": "",
        "snapshotVersion": 1,
        "srcBackupName": null,
        "startupOptions": {},
        "storageEngine": "wiredTiger",
        "thisBackupName": "mdb7.37017.1787605026"
      },
      {
        "defaultRWConcern": {
          "defaultReadConcern": {
            "level": "local"
          },
          "defaultReadConcernSource": "implicit",
          "defaultWriteConcern": {
            "w": "majority",
            "wtimeout": 0
          },
          "defaultWriteConcernSource": "implicit",
          "localUpdateWallClockTime": "2026-08-24T21:02:56Z"
        },
        "encryption": false,
        "fcv": "8.0",
        "fileSize": 61636231168,
        "incremental": true,
        "isConfigShard": false,
        "keyEncryptionUUID": null,
        "lastOplogApplied": {
          "increment": 4710,
          "time": 1787605025
        },
        "member": "SHARD",
        "mongodbVersion": "8.0.26",
        "oplogStoreType": "thirdPartyOplogStore",
        "rsId": "sgcShard_1",
        "shardId": "sgcShard_1",
        "snapshotVersion": 1,
        "srcBackupName": null,
        "startupOptions": {},
        "storageEngine": "wiredTiger",
        "thisBackupName": "mdb9.37017.1787605022"
      }
    ],
    "snapshotId": "6a8cafc53d9e727fec90e022",
    "snapshotTimestamp": {
      "increment": 4710,
      "time": 1787605025
    }
  },
  "state": "FINISHED"
}
2026-08-24 16:04:23,969 [INFO] Snapshot state: FINISHED
2026-08-24 16:04:23,969 [INFO] Collecting host mount metadata
2026-08-24 16:04:25,093 [INFO] Metadata saved: runs/sgcCluster_20260824T205533Z\snapshot_metadata.json
2026-08-24 16:04:25,093 [INFO] Snapshot workflow completed successfully
2026-08-24 16:04:25,093 [INFO] Sleeping for 60 seconds
2026-08-24 16:05:25,094 [INFO] === TAKING REMOTE IBM FLASHSYSTEM SNAPSHOT NOW ===
2026-08-24 16:05:30,084 [INFO] === Backup Complete ===
