2026-07-14 09:24:44,038 [INFO] Starting Ops Manager restore workflow
2026-07-14 09:24:45,293 [DEBUG] Validating FlashSystem snapshot: fs9500-2.cpolab.ibm.com | ORION16-FiServRep-mdb7 | ORION16-FiServRep-mdb7_6a563ed484006855ce536b50
2026-07-14 09:24:45,765 [INFO] Valid FlashSystem snapshot found: ORION16-FiServRep-mdb7_6a563ed484006855ce536b50 (VG=ORION16-FiServRep-mdb7, system=fs9500-2.cpolab.ibm.com)
2026-07-14 09:24:45,766 [DEBUG] Validating FlashSystem snapshot: fs9500-2.cpolab.ibm.com | ORION16-FiServRep-mdb8 | ORION16-FiServRep-mdb8_6a563ed484006855ce536b50
2026-07-14 09:24:46,222 [INFO] Valid FlashSystem snapshot found: ORION16-FiServRep-mdb8_6a563ed484006855ce536b50 (VG=ORION16-FiServRep-mdb8, system=fs9500-2.cpolab.ibm.com)
2026-07-14 09:24:46,224 [DEBUG] Validating FlashSystem snapshot: fs9500-2.cpolab.ibm.com | ORION16-FiServRep-mdb9 | ORION16-FiServRep-mdb9_6a563ed484006855ce536b50
2026-07-14 09:24:46,732 [INFO] Valid FlashSystem snapshot found: ORION16-FiServRep-mdb9_6a563ed484006855ce536b50 (VG=ORION16-FiServRep-mdb9, system=fs9500-2.cpolab.ibm.com)
2026-07-14 09:24:46,733 [DEBUG] Validating FlashSystem snapshot: fs9500-2.cpolab.ibm.com | ORION16-FiServRep-mdb7 | ORION16-FiServRep-mdb7_6a56352484006855ce52776a
2026-07-14 09:24:47,318 [INFO] Valid FlashSystem snapshot found: ORION16-FiServRep-mdb7_6a56352484006855ce52776a (VG=ORION16-FiServRep-mdb7, system=fs9500-2.cpolab.ibm.com)
2026-07-14 09:24:47,319 [DEBUG] Validating FlashSystem snapshot: fs9500-2.cpolab.ibm.com | ORION16-FiServRep-mdb8 | ORION16-FiServRep-mdb8_6a56352484006855ce52776a
2026-07-14 09:24:47,792 [INFO] Valid FlashSystem snapshot found: ORION16-FiServRep-mdb8_6a56352484006855ce52776a (VG=ORION16-FiServRep-mdb8, system=fs9500-2.cpolab.ibm.com)
2026-07-14 09:24:47,794 [DEBUG] Validating FlashSystem snapshot: fs9500-2.cpolab.ibm.com | ORION16-FiServRep-mdb9 | ORION16-FiServRep-mdb9_6a56352484006855ce52776a
2026-07-14 09:24:48,273 [INFO] Valid FlashSystem snapshot found: ORION16-FiServRep-mdb9_6a56352484006855ce52776a (VG=ORION16-FiServRep-mdb9, system=fs9500-2.cpolab.ibm.com)
2026-07-14 09:24:48,275 [DEBUG] Validating FlashSystem snapshot: fs9500-2.cpolab.ibm.com | ORION16-FiServRep-mdb7 | ORION16-FiServRep-mdb7_6a56339184006855ce5254ea
2026-07-14 09:24:48,746 [INFO] Valid FlashSystem snapshot found: ORION16-FiServRep-mdb7_6a56339184006855ce5254ea (VG=ORION16-FiServRep-mdb7, system=fs9500-2.cpolab.ibm.com)
2026-07-14 09:24:48,749 [DEBUG] Validating FlashSystem snapshot: fs9500-2.cpolab.ibm.com | ORION16-FiServRep-mdb8 | ORION16-FiServRep-mdb8_6a56339184006855ce5254ea
2026-07-14 09:24:49,205 [INFO] Valid FlashSystem snapshot found: ORION16-FiServRep-mdb8_6a56339184006855ce5254ea (VG=ORION16-FiServRep-mdb8, system=fs9500-2.cpolab.ibm.com)
2026-07-14 09:24:49,206 [DEBUG] Validating FlashSystem snapshot: fs9500-2.cpolab.ibm.com | ORION16-FiServRep-mdb9 | ORION16-FiServRep-mdb9_6a56339184006855ce5254ea
2026-07-14 09:24:49,668 [INFO] Valid FlashSystem snapshot found: ORION16-FiServRep-mdb9_6a56339184006855ce5254ea (VG=ORION16-FiServRep-mdb9, system=fs9500-2.cpolab.ibm.com)
2026-07-14 09:24:49,670 [DEBUG] Validating FlashSystem snapshot: fs9500-2.cpolab.ibm.com | ORION16-FiServRep-mdb7 | ORION16-FiServRep-mdb7_6a4e5a6f84006855cea7de7d
2026-07-14 09:24:50,131 [INFO] Valid FlashSystem snapshot found: ORION16-FiServRep-mdb7_6a4e5a6f84006855cea7de7d (VG=ORION16-FiServRep-mdb7, system=fs9500-2.cpolab.ibm.com)
2026-07-14 09:24:50,132 [DEBUG] Validating FlashSystem snapshot: fs9500-2.cpolab.ibm.com | ORION16-FiServRep-mdb8 | ORION16-FiServRep-mdb8_6a4e5a6f84006855cea7de7d
2026-07-14 09:24:50,608 [INFO] Valid FlashSystem snapshot found: ORION16-FiServRep-mdb8_6a4e5a6f84006855cea7de7d (VG=ORION16-FiServRep-mdb8, system=fs9500-2.cpolab.ibm.com)
2026-07-14 09:24:50,610 [DEBUG] Validating FlashSystem snapshot: fs9500-2.cpolab.ibm.com | ORION16-FiServRep-mdb9 | ORION16-FiServRep-mdb9_6a4e5a6f84006855cea7de7d
2026-07-14 09:24:51,078 [INFO] Valid FlashSystem snapshot found: ORION16-FiServRep-mdb9_6a4e5a6f84006855cea7de7d (VG=ORION16-FiServRep-mdb9, system=fs9500-2.cpolab.ibm.com)
2026-07-14 09:24:51,080 [DEBUG] Validating FlashSystem snapshot: fs9500-2.cpolab.ibm.com | ORION16-FiServRep-mdb7 | ORION16-FiServRep-mdb7_6a4e4dca84006855cea6a399
2026-07-14 09:24:51,597 [INFO] Valid FlashSystem snapshot found: ORION16-FiServRep-mdb7_6a4e4dca84006855cea6a399 (VG=ORION16-FiServRep-mdb7, system=fs9500-2.cpolab.ibm.com)
2026-07-14 09:24:51,600 [DEBUG] Validating FlashSystem snapshot: fs9500-2.cpolab.ibm.com | ORION16-FiServRep-mdb8 | ORION16-FiServRep-mdb8_6a4e4dca84006855cea6a399
2026-07-14 09:24:52,111 [INFO] Valid FlashSystem snapshot found: ORION16-FiServRep-mdb8_6a4e4dca84006855cea6a399 (VG=ORION16-FiServRep-mdb8, system=fs9500-2.cpolab.ibm.com)
2026-07-14 09:24:52,112 [DEBUG] Validating FlashSystem snapshot: fs9500-2.cpolab.ibm.com | ORION16-FiServRep-mdb9 | ORION16-FiServRep-mdb9_6a4e4dca84006855cea6a399
2026-07-14 09:24:52,640 [INFO] Valid FlashSystem snapshot found: ORION16-FiServRep-mdb9_6a4e4dca84006855cea6a399 (VG=ORION16-FiServRep-mdb9, system=fs9500-2.cpolab.ibm.com)
2026-07-14 09:24:52,642 [DEBUG] Validating FlashSystem snapshot: fs9500-2.cpolab.ibm.com | ORION16-FiServRep-mdb7 | ORION16-FiServRep-mdb7_6a4280b4f9f8584e2237151c
2026-07-14 09:24:53,103 [INFO] Expired snapshot: ORION16-FiServRep-mdb7_6a4280b4f9f8584e2237151c (VG=ORION16-FiServRep-mdb7, system=fs9500-2.cpolab.ibm.com)
2026-07-14 09:24:53,104 [DEBUG] Validating FlashSystem snapshot: fs9500-2.cpolab.ibm.com | ORION16-FiServRep-mdb8 | ORION16-FiServRep-mdb8_6a4280b4f9f8584e2237151c
2026-07-14 09:24:53,563 [INFO] Expired snapshot: ORION16-FiServRep-mdb8_6a4280b4f9f8584e2237151c (VG=ORION16-FiServRep-mdb8, system=fs9500-2.cpolab.ibm.com)
2026-07-14 09:24:53,564 [DEBUG] Validating FlashSystem snapshot: fs9500-2.cpolab.ibm.com | ORION16-FiServRep-mdb9 | ORION16-FiServRep-mdb9_6a4280b4f9f8584e2237151c
2026-07-14 09:24:54,018 [INFO] Expired snapshot: ORION16-FiServRep-mdb9_6a4280b4f9f8584e2237151c (VG=ORION16-FiServRep-mdb9, system=fs9500-2.cpolab.ibm.com)
2026-07-14 09:24:54,020 [DEBUG] Validating FlashSystem snapshot: fs9500-2.cpolab.ibm.com | ORION16-FiServRep-mdb7 | ORION16-FiServRep-mdb7_6a427f1ef9f8584e2236f01b
2026-07-14 09:24:54,474 [INFO] Expired snapshot: ORION16-FiServRep-mdb7_6a427f1ef9f8584e2236f01b (VG=ORION16-FiServRep-mdb7, system=fs9500-2.cpolab.ibm.com)
2026-07-14 09:24:54,475 [DEBUG] Validating FlashSystem snapshot: fs9500-2.cpolab.ibm.com | ORION16-FiServRep-mdb8 | ORION16-FiServRep-mdb8_6a427f1ef9f8584e2236f01b
2026-07-14 09:24:54,934 [INFO] Expired snapshot: ORION16-FiServRep-mdb8_6a427f1ef9f8584e2236f01b (VG=ORION16-FiServRep-mdb8, system=fs9500-2.cpolab.ibm.com)
2026-07-14 09:24:54,935 [DEBUG] Validating FlashSystem snapshot: fs9500-2.cpolab.ibm.com | ORION16-FiServRep-mdb9 | ORION16-FiServRep-mdb9_6a427f1ef9f8584e2236f01b
2026-07-14 09:24:55,375 [INFO] Expired snapshot: ORION16-FiServRep-mdb9_6a427f1ef9f8584e2236f01b (VG=ORION16-FiServRep-mdb9, system=fs9500-2.cpolab.ibm.com)
2026-07-14 09:24:55,376 [DEBUG] Validating FlashSystem snapshot: fs9500-2.cpolab.ibm.com | ORION16-FiServRep-mdb7 | ORION16-FiServRep-mdb7_6a42777bf9f8584e223647b0
2026-07-14 09:24:55,844 [INFO] Expired snapshot: ORION16-FiServRep-mdb7_6a42777bf9f8584e223647b0 (VG=ORION16-FiServRep-mdb7, system=fs9500-2.cpolab.ibm.com)
2026-07-14 09:24:55,845 [DEBUG] Validating FlashSystem snapshot: fs9500-2.cpolab.ibm.com | ORION16-FiServRep-mdb8 | ORION16-FiServRep-mdb8_6a42777bf9f8584e223647b0
2026-07-14 09:24:56,296 [INFO] Expired snapshot: ORION16-FiServRep-mdb8_6a42777bf9f8584e223647b0 (VG=ORION16-FiServRep-mdb8, system=fs9500-2.cpolab.ibm.com)
2026-07-14 09:24:56,297 [DEBUG] Validating FlashSystem snapshot: fs9500-2.cpolab.ibm.com | ORION16-FiServRep-mdb9 | ORION16-FiServRep-mdb9_6a42777bf9f8584e223647b0
2026-07-14 09:24:56,744 [INFO] Expired snapshot: ORION16-FiServRep-mdb9_6a42777bf9f8584e223647b0 (VG=ORION16-FiServRep-mdb9, system=fs9500-2.cpolab.ibm.com)
2026-07-14 09:24:56,746 [DEBUG] Validating FlashSystem snapshot: fs9500-2.cpolab.ibm.com | ORION16-FiServRep-mdb7 | ORION16-FiServRep-mdb7_6a4275cff9f8584e2236226f
2026-07-14 09:24:57,194 [INFO] Expired snapshot: ORION16-FiServRep-mdb7_6a4275cff9f8584e2236226f (VG=ORION16-FiServRep-mdb7, system=fs9500-2.cpolab.ibm.com)
2026-07-14 09:24:57,195 [DEBUG] Validating FlashSystem snapshot: fs9500-2.cpolab.ibm.com | ORION16-FiServRep-mdb8 | ORION16-FiServRep-mdb8_6a4275cff9f8584e2236226f
2026-07-14 09:24:57,657 [INFO] Expired snapshot: ORION16-FiServRep-mdb8_6a4275cff9f8584e2236226f (VG=ORION16-FiServRep-mdb8, system=fs9500-2.cpolab.ibm.com)
2026-07-14 09:24:57,659 [DEBUG] Validating FlashSystem snapshot: fs9500-2.cpolab.ibm.com | ORION16-FiServRep-mdb9 | ORION16-FiServRep-mdb9_6a4275cff9f8584e2236226f
2026-07-14 09:24:58,102 [INFO] Expired snapshot: ORION16-FiServRep-mdb9_6a4275cff9f8584e2236226f (VG=ORION16-FiServRep-mdb9, system=fs9500-2.cpolab.ibm.com)
2026-07-14 09:24:58,103 [DEBUG] Validating FlashSystem snapshot: fs9500-2.cpolab.ibm.com | ORION16-FiServRep-mdb7 | ORION16-FiServRep-mdb7_6a42727bf9f8584e2235d88a
2026-07-14 09:24:58,557 [INFO] Expired snapshot: ORION16-FiServRep-mdb7_6a42727bf9f8584e2235d88a (VG=ORION16-FiServRep-mdb7, system=fs9500-2.cpolab.ibm.com)
2026-07-14 09:24:58,558 [DEBUG] Validating FlashSystem snapshot: fs9500-2.cpolab.ibm.com | ORION16-FiServRep-mdb8 | ORION16-FiServRep-mdb8_6a42727bf9f8584e2235d88a
2026-07-14 09:24:59,173 [INFO] Expired snapshot: ORION16-FiServRep-mdb8_6a42727bf9f8584e2235d88a (VG=ORION16-FiServRep-mdb8, system=fs9500-2.cpolab.ibm.com)
2026-07-14 09:24:59,174 [DEBUG] Validating FlashSystem snapshot: fs9500-2.cpolab.ibm.com | ORION16-FiServRep-mdb9 | ORION16-FiServRep-mdb9_6a42727bf9f8584e2235d88a
2026-07-14 09:24:59,659 [INFO] Expired snapshot: ORION16-FiServRep-mdb9_6a42727bf9f8584e2235d88a (VG=ORION16-FiServRep-mdb9, system=fs9500-2.cpolab.ibm.com)
2026-07-14 09:24:59,660 [DEBUG] API GET http://129.40.36.100:8080/api/public/v1.0/backup/third_party/group/6a386221ee19a6537cc68a97/clusters
2026-07-14 09:24:59,855 [DEBUG] STATUS 200
2026-07-14 09:24:59,856 [DEBUG] {
  "clusters": [
    {
      "clusterId": "6a387fc1f9f8584e2262c8f3",
      "clusterName": "testRep",
      "groupId": "6a386221ee19a6537cc68a97",
      "jobId": "6a387fc1f9f8584e2262c8f3",
      "state": "ACTIVE"
    },
    {
      "clusterId": "6a3939acf9f8584e226a56e4",
      "clusterName": "tsetrepRestore",
      "groupId": "6a386221ee19a6537cc68a97",
      "jobId": "6a3939acf9f8584e226a56e4",
      "state": "ACTIVE"
    },
    {
      "clusterId": "6a39559ff9f8584e226bec72",
      "clusterName": "sgcCluster",
      "groupId": "6a386221ee19a6537cc68a97",
      "jobId": "6a39559ff9f8584e226bec72",
      "state": "ACTIVE"
    },
    {
      "clusterId": "6a39582af9f8584e226c2953",
      "clusterName": "tgtCluster",
      "groupId": "6a386221ee19a6537cc68a97",
      "jobId": "6a39582af9f8584e226c2953",
      "state": "ACTIVE"
    }
  ]
}
2026-07-14 09:24:59,856 [DEBUG] API GET http://129.40.36.100:8080/api/public/v1.0/backup/third_party/group/6a386221ee19a6537cc68a97/clusters/6a3939acf9f8584e226a56e4
2026-07-14 09:24:59,981 [DEBUG] STATUS 200
2026-07-14 09:24:59,982 [DEBUG] {
  "replicaSets": [
    {
      "id": "tsetrepRestore",
      "nodes": [
        {
          "dbPath": "/fimongo/data",
          "hidden": false,
          "hostname": "rmdb9",
          "id": "rmdb9:27017",
          "lastAgentPing": "2026-07-14T14:24:36Z",
          "memberState": "SECONDARY",
          "mongodbVersion": "8.0.26",
          "opTime": "2026-07-14T14:24:39Z",
          "oplogStoreType": "thirdPartyOplogStore",
          "port": 27017,
          "priority": 1.0,
          "rsId": "tsetrepRestore",
          "snapshotable": true,
          "votes": 1
        },
        {
          "dbPath": "/fimongo/data",
          "hidden": false,
          "hostname": "rmdb7",
          "id": "rmdb7:27017",
          "lastAgentPing": "2026-07-14T14:24:11Z",
          "memberState": "SECONDARY",
          "mongodbVersion": "8.0.26",
          "opTime": "2026-07-14T14:24:39Z",
          "oplogStoreType": "thirdPartyOplogStore",
          "port": 27017,
          "priority": 1.0,
          "rsId": "tsetrepRestore",
          "snapshotable": true,
          "votes": 1
        },
        {
          "dbPath": "/fimongo/data",
          "hidden": false,
          "hostname": "rmdb8",
          "id": "rmdb8:27017",
          "lastAgentPing": "2026-07-14T14:24:27Z",
          "memberState": "PRIMARY",
          "mongodbVersion": "8.0.26",
          "opTime": "2026-07-14T14:24:39Z",
          "oplogStoreType": "thirdPartyOplogStore",
          "port": 27017,
          "priority": 1.0,
          "rsId": "tsetrepRestore",
          "snapshotable": true,
          "votes": 1
        }
      ],
      "oplogType": "thirdParty"
    }
  ],
  "restoreId": "6a563fba8a91cdade89e36bc"
}
2026-07-14 09:24:59,982 [INFO] Source replica sets : 1
2026-07-14 09:24:59,982 [INFO] Destination replica sets : 1
2026-07-14 09:24:59,982 [INFO] Cluster topology validation passed
2026-07-14 09:24:59,982 [DEBUG] API GET http://129.40.36.100:8080/api/public/v1.0/backup/third_party/group/6a386221ee19a6537cc68a97/clusters/6a3939acf9f8584e226a56e4
2026-07-14 09:25:00,111 [DEBUG] STATUS 200
2026-07-14 09:25:00,111 [DEBUG] {
  "replicaSets": [
    {
      "id": "tsetrepRestore",
      "nodes": [
        {
          "dbPath": "/fimongo/data",
          "hidden": false,
          "hostname": "rmdb9",
          "id": "rmdb9:27017",
          "lastAgentPing": "2026-07-14T14:24:36Z",
          "memberState": "SECONDARY",
          "mongodbVersion": "8.0.26",
          "opTime": "2026-07-14T14:24:39Z",
          "oplogStoreType": "thirdPartyOplogStore",
          "port": 27017,
          "priority": 1.0,
          "rsId": "tsetrepRestore",
          "snapshotable": true,
          "votes": 1
        },
        {
          "dbPath": "/fimongo/data",
          "hidden": false,
          "hostname": "rmdb7",
          "id": "rmdb7:27017",
          "lastAgentPing": "2026-07-14T14:24:11Z",
          "memberState": "SECONDARY",
          "mongodbVersion": "8.0.26",
          "opTime": "2026-07-14T14:24:39Z",
          "oplogStoreType": "thirdPartyOplogStore",
          "port": 27017,
          "priority": 1.0,
          "rsId": "tsetrepRestore",
          "snapshotable": true,
          "votes": 1
        },
        {
          "dbPath": "/fimongo/data",
          "hidden": false,
          "hostname": "rmdb8",
          "id": "rmdb8:27017",
          "lastAgentPing": "2026-07-14T14:24:27Z",
          "memberState": "PRIMARY",
          "mongodbVersion": "8.0.26",
          "opTime": "2026-07-14T14:24:39Z",
          "oplogStoreType": "thirdPartyOplogStore",
          "port": 27017,
          "priority": 1.0,
          "rsId": "tsetrepRestore",
          "snapshotable": true,
          "votes": 1
        }
      ],
      "oplogType": "thirdParty"
    }
  ],
  "restoreId": "6a563fba8a91cdade89e36bc"
}
2026-07-14 09:25:00,111 [DEBUG] API POST http://129.40.36.100:8080/api/public/v1.0/backup/third_party/group/6a386221ee19a6537cc68a97/clusters/6a3939acf9f8584e226a56e4/restore
2026-07-14 09:25:00,112 [DEBUG] {
  "snapshotsMetadata": [
    {
      "clusterId": "6a387fc1f9f8584e2262c8f3",
      "clusterName": "testRep",
      "groupId": "6a386221ee19a6537cc68a97",
      "restoreTimestamp": {
        "increment": 1,
        "time": 1784034609
      },
      "rsSnapshotsMetadata": [
        {
          "defaultRWConcern": {
            "defaultReadConcern": {
              "level": "local"
            },
            "defaultReadConcernSource": "implicit",
            "defaultWriteConcern": {
              "w": "majority",
              "wtimeout": 0
            },
            "defaultWriteConcernSource": "implicit",
            "localUpdateWallClockTime": "2026-07-14T13:10:29Z"
          },
          "encryption": false,
          "fcv": "8.0",
          "fileSize": 9830400,
          "incremental": true,
          "isConfigShard": false,
          "keyEncryptionUUID": null,
          "lastOplogApplied": {
            "increment": 1,
            "time": 1784034609
          },
          "member": "REPLICA_SET",
          "mongodbVersion": "8.0.26",
          "oplogStoreType": "thirdPartyOplogStore",
          "rsId": "testRep",
          "shardId": null,
          "snapshotVersion": 1,
          "srcBackupName": null,
          "startupOptions": {},
          "storageEngine": "wiredTiger",
          "thisBackupName": "mdb8.27017.1784034611"
        }
      ],
      "snapshotId": "6a56352484006855ce52776a",
      "snapshotTimestamp": {
        "increment": 1,
        "time": 1784034609
      }
    }
  ],
  "nodes": [
    {
      "id": "rmdb9:27017",
      "restoreRole": "RESTORE"
    },
    {
      "id": "rmdb7:27017",
      "restoreRole": "RESTORE"
    },
    {
      "id": "rmdb8:27017",
      "restoreRole": "RESTORE"
    }
  ]
}
2026-07-14 09:25:00,258 [DEBUG] STATUS 200
2026-07-14 09:25:00,258 [DEBUG] {
  "clusterMapping": [
    {
      "nodes": [
        {
          "error": null,
          "hostname": "rmdb9",
          "id": "rmdb9:27017",
          "port": 27017,
          "rsId": "tsetrepRestore",
          "state": "INITIAL",
          "stateUpdateTime": null
        },
        {
          "error": null,
          "hostname": "rmdb7",
          "id": "rmdb7:27017",
          "port": 27017,
          "rsId": "tsetrepRestore",
          "state": "INITIAL",
          "stateUpdateTime": null
        },
        {
          "error": null,
          "hostname": "rmdb8",
          "id": "rmdb8:27017",
          "port": 27017,
          "rsId": "tsetrepRestore",
          "state": "INITIAL",
          "stateUpdateTime": null
        }
      ],
      "rsId": "testRep",
      "targetRsId": "tsetrepRestore"
    }
  ],
  "restoreId": "6a5646ba8a91cdade89e3b2f"
}
2026-07-14 09:25:00,260 [INFO] Restore ID: 6a5646ba8a91cdade89e3b2f
2026-07-14 09:25:00,261 [DEBUG] API POST http://129.40.36.100:8080/api/public/v1.0/backup/third_party/group/6a386221ee19a6537cc68a97/restore/6a5646ba8a91cdade89e3b2f/start
2026-07-14 09:25:00,554 [DEBUG] STATUS 200
2026-07-14 09:25:00,554 [DEBUG] {
  "errorCode": "NONE",
  "version": "1",
  "status": "OK"
}
2026-07-14 09:25:00,554 [DEBUG] API GET http://129.40.36.100:8080/api/public/v1.0/backup/third_party/group/6a386221ee19a6537cc68a97/restore/6a5646ba8a91cdade89e3b2f
2026-07-14 09:25:00,687 [DEBUG] STATUS 200
2026-07-14 09:25:00,688 [DEBUG] {
  "clusterMapping": [
    {
      "rsId": "testRep",
      "targetRsId": "tsetrepRestore"
    }
  ],
  "nodes": [
    {
      "error": null,
      "hostname": "rmdb9",
      "id": "rmdb9:27017",
      "port": 27017,
      "rsId": "tsetrepRestore",
      "state": "PENDING",
      "stateUpdateTime": 1784039099
    },
    {
      "error": null,
      "hostname": "rmdb7",
      "id": "rmdb7:27017",
      "port": 27017,
      "rsId": "tsetrepRestore",
      "state": "PENDING",
      "stateUpdateTime": 1784039099
    },
    {
      "error": null,
      "hostname": "rmdb8",
      "id": "rmdb8:27017",
      "port": 27017,
      "rsId": "tsetrepRestore",
      "state": "PENDING",
      "stateUpdateTime": 1784039099
    }
  ],
  "state": "PENDING"
}
2026-07-14 09:25:00,688 [INFO] Restore state: PENDING
2026-07-14 09:25:10,689 [DEBUG] API GET http://129.40.36.100:8080/api/public/v1.0/backup/third_party/group/6a386221ee19a6537cc68a97/restore/6a5646ba8a91cdade89e3b2f
2026-07-14 09:25:10,823 [DEBUG] STATUS 200
2026-07-14 09:25:10,823 [DEBUG] {
  "clusterMapping": [
    {
      "rsId": "testRep",
      "targetRsId": "tsetrepRestore"
    }
  ],
  "nodes": [
    {
      "error": null,
      "hostname": "rmdb9",
      "id": "rmdb9:27017",
      "port": 27017,
      "rsId": "tsetrepRestore",
      "state": "PENDING",
      "stateUpdateTime": 1784039099
    },
    {
      "error": null,
      "hostname": "rmdb7",
      "id": "rmdb7:27017",
      "port": 27017,
      "rsId": "tsetrepRestore",
      "state": "PENDING",
      "stateUpdateTime": 1784039099
    },
    {
      "error": null,
      "hostname": "rmdb8",
      "id": "rmdb8:27017",
      "port": 27017,
      "rsId": "tsetrepRestore",
      "state": "PENDING",
      "stateUpdateTime": 1784039099
    }
  ],
  "state": "PENDING"
}
2026-07-14 09:25:10,823 [INFO] Restore state: PENDING
2026-07-14 09:25:20,824 [DEBUG] API GET http://129.40.36.100:8080/api/public/v1.0/backup/third_party/group/6a386221ee19a6537cc68a97/restore/6a5646ba8a91cdade89e3b2f
2026-07-14 09:25:20,979 [DEBUG] STATUS 200
2026-07-14 09:25:20,979 [DEBUG] {
  "clusterMapping": [
    {
      "rsId": "testRep",
      "targetRsId": "tsetrepRestore"
    }
  ],
  "nodes": [
    {
      "error": null,
      "hostname": "rmdb9",
      "id": "rmdb9:27017",
      "port": 27017,
      "rsId": "tsetrepRestore",
      "state": "PENDING",
      "stateUpdateTime": 1784039099
    },
    {
      "error": null,
      "hostname": "rmdb7",
      "id": "rmdb7:27017",
      "port": 27017,
      "rsId": "tsetrepRestore",
      "state": "PENDING",
      "stateUpdateTime": 1784039099
    },
    {
      "error": null,
      "hostname": "rmdb8",
      "id": "rmdb8:27017",
      "port": 27017,
      "rsId": "tsetrepRestore",
      "state": "PENDING",
      "stateUpdateTime": 1784039099
    }
  ],
  "state": "PENDING"
}
2026-07-14 09:25:20,979 [INFO] Restore state: PENDING
2026-07-14 09:25:30,980 [DEBUG] API GET http://129.40.36.100:8080/api/public/v1.0/backup/third_party/group/6a386221ee19a6537cc68a97/restore/6a5646ba8a91cdade89e3b2f
2026-07-14 09:25:31,116 [DEBUG] STATUS 200
2026-07-14 09:25:31,116 [DEBUG] {
  "clusterMapping": [
    {
      "rsId": "testRep",
      "targetRsId": "tsetrepRestore"
    }
  ],
  "nodes": [
    {
      "error": null,
      "hostname": "rmdb9",
      "id": "rmdb9:27017",
      "port": 27017,
      "rsId": "tsetrepRestore",
      "state": "PENDING",
      "stateUpdateTime": 1784039099
    },
    {
      "error": null,
      "hostname": "rmdb7",
      "id": "rmdb7:27017",
      "port": 27017,
      "rsId": "tsetrepRestore",
      "state": "PENDING",
      "stateUpdateTime": 1784039099
    },
    {
      "error": null,
      "hostname": "rmdb8",
      "id": "rmdb8:27017",
      "port": 27017,
      "rsId": "tsetrepRestore",
      "state": "PENDING",
      "stateUpdateTime": 1784039099
    }
  ],
  "state": "PENDING"
}
2026-07-14 09:25:31,116 [INFO] Restore state: PENDING
2026-07-14 09:25:41,116 [DEBUG] API GET http://129.40.36.100:8080/api/public/v1.0/backup/third_party/group/6a386221ee19a6537cc68a97/restore/6a5646ba8a91cdade89e3b2f
2026-07-14 09:25:41,269 [DEBUG] STATUS 200
2026-07-14 09:25:41,270 [DEBUG] {
  "clusterMapping": [
    {
      "rsId": "testRep",
      "targetRsId": "tsetrepRestore"
    }
  ],
  "nodes": [
    {
      "error": null,
      "hostname": "rmdb9",
      "id": "rmdb9:27017",
      "port": 27017,
      "rsId": "tsetrepRestore",
      "state": "SHUTDOWN_IN_PROGRESS",
      "stateUpdateTime": 1784039139
    },
    {
      "error": null,
      "hostname": "rmdb7",
      "id": "rmdb7:27017",
      "port": 27017,
      "rsId": "tsetrepRestore",
      "state": "SHUTDOWN_IN_PROGRESS",
      "stateUpdateTime": 1784039139
    },
    {
      "error": null,
      "hostname": "rmdb8",
      "id": "rmdb8:27017",
      "port": 27017,
      "rsId": "tsetrepRestore",
      "state": "SHUTDOWN_IN_PROGRESS",
      "stateUpdateTime": 1784039139
    }
  ],
  "state": "SHUTDOWN_IN_PROGRESS"
}
2026-07-14 09:25:41,270 [INFO] Restore state: SHUTDOWN_IN_PROGRESS
2026-07-14 09:25:51,270 [DEBUG] API GET http://129.40.36.100:8080/api/public/v1.0/backup/third_party/group/6a386221ee19a6537cc68a97/restore/6a5646ba8a91cdade89e3b2f
2026-07-14 09:25:51,407 [DEBUG] STATUS 200
2026-07-14 09:25:51,407 [DEBUG] {
  "clusterMapping": [
    {
      "rsId": "testRep",
      "targetRsId": "tsetrepRestore"
    }
  ],
  "nodes": [
    {
      "error": null,
      "hostname": "rmdb9",
      "id": "rmdb9:27017",
      "port": 27017,
      "rsId": "tsetrepRestore",
      "state": "SHUTDOWN_IN_PROGRESS",
      "stateUpdateTime": 1784039139
    },
    {
      "error": null,
      "hostname": "rmdb7",
      "id": "rmdb7:27017",
      "port": 27017,
      "rsId": "tsetrepRestore",
      "state": "SHUTDOWN_IN_PROGRESS",
      "stateUpdateTime": 1784039139
    },
    {
      "error": null,
      "hostname": "rmdb8",
      "id": "rmdb8:27017",
      "port": 27017,
      "rsId": "tsetrepRestore",
      "state": "SHUTDOWN_IN_PROGRESS",
      "stateUpdateTime": 1784039139
    }
  ],
  "state": "SHUTDOWN_IN_PROGRESS"
}
2026-07-14 09:25:51,408 [INFO] Restore state: SHUTDOWN_IN_PROGRESS
2026-07-14 09:26:01,408 [DEBUG] API GET http://129.40.36.100:8080/api/public/v1.0/backup/third_party/group/6a386221ee19a6537cc68a97/restore/6a5646ba8a91cdade89e3b2f
2026-07-14 09:26:01,603 [DEBUG] STATUS 200
2026-07-14 09:26:01,603 [DEBUG] {
  "clusterMapping": [
    {
      "rsId": "testRep",
      "targetRsId": "tsetrepRestore"
    }
  ],
  "nodes": [
    {
      "error": null,
      "hostname": "rmdb9",
      "id": "rmdb9:27017",
      "port": 27017,
      "rsId": "tsetrepRestore",
      "state": "SHUTDOWN_IN_PROGRESS",
      "stateUpdateTime": 1784039139
    },
    {
      "error": null,
      "hostname": "rmdb7",
      "id": "rmdb7:27017",
      "port": 27017,
      "rsId": "tsetrepRestore",
      "state": "SHUTDOWN_IN_PROGRESS",
      "stateUpdateTime": 1784039139
    },
    {
      "error": null,
      "hostname": "rmdb8",
      "id": "rmdb8:27017",
      "port": 27017,
      "rsId": "tsetrepRestore",
      "state": "SHUTDOWN_IN_PROGRESS",
      "stateUpdateTime": 1784039139
    }
  ],
  "state": "SHUTDOWN_IN_PROGRESS"
}
2026-07-14 09:26:01,603 [INFO] Restore state: SHUTDOWN_IN_PROGRESS
2026-07-14 09:26:11,604 [DEBUG] API GET http://129.40.36.100:8080/api/public/v1.0/backup/third_party/group/6a386221ee19a6537cc68a97/restore/6a5646ba8a91cdade89e3b2f
2026-07-14 09:26:11,742 [DEBUG] STATUS 200
2026-07-14 09:26:11,742 [DEBUG] {
  "clusterMapping": [
    {
      "rsId": "testRep",
      "targetRsId": "tsetrepRestore"
    }
  ],
  "nodes": [
    {
      "error": null,
      "hostname": "rmdb9",
      "id": "rmdb9:27017",
      "port": 27017,
      "rsId": "tsetrepRestore",
      "state": "SHUTDOWN_IN_PROGRESS",
      "stateUpdateTime": 1784039139
    },
    {
      "error": null,
      "hostname": "rmdb7",
      "id": "rmdb7:27017",
      "port": 27017,
      "rsId": "tsetrepRestore",
      "state": "SHUTDOWN_IN_PROGRESS",
      "stateUpdateTime": 1784039139
    },
    {
      "error": null,
      "hostname": "rmdb8",
      "id": "rmdb8:27017",
      "port": 27017,
      "rsId": "tsetrepRestore",
      "state": "SHUTDOWN_IN_PROGRESS",
      "stateUpdateTime": 1784039139
    }
  ],
  "state": "SHUTDOWN_IN_PROGRESS"
}
2026-07-14 09:26:11,742 [INFO] Restore state: SHUTDOWN_IN_PROGRESS
2026-07-14 09:26:21,743 [DEBUG] API GET http://129.40.36.100:8080/api/public/v1.0/backup/third_party/group/6a386221ee19a6537cc68a97/restore/6a5646ba8a91cdade89e3b2f
2026-07-14 09:26:21,878 [DEBUG] STATUS 200
2026-07-14 09:26:21,878 [DEBUG] {
  "clusterMapping": [
    {
      "rsId": "testRep",
      "targetRsId": "tsetrepRestore"
    }
  ],
  "nodes": [
    {
      "error": null,
      "hostname": "rmdb9",
      "id": "rmdb9:27017",
      "port": 27017,
      "rsId": "tsetrepRestore",
      "state": "SHUTDOWN_IN_PROGRESS",
      "stateUpdateTime": 1784039139
    },
    {
      "error": null,
      "hostname": "rmdb7",
      "id": "rmdb7:27017",
      "port": 27017,
      "rsId": "tsetrepRestore",
      "state": "SHUTDOWN_IN_PROGRESS",
      "stateUpdateTime": 1784039139
    },
    {
      "error": null,
      "hostname": "rmdb8",
      "id": "rmdb8:27017",
      "port": 27017,
      "rsId": "tsetrepRestore",
      "state": "SHUTDOWN_IN_PROGRESS",
      "stateUpdateTime": 1784039139
    }
  ],
  "state": "SHUTDOWN_IN_PROGRESS"
}
2026-07-14 09:26:21,878 [INFO] Restore state: SHUTDOWN_IN_PROGRESS
2026-07-14 09:26:31,879 [DEBUG] API GET http://129.40.36.100:8080/api/public/v1.0/backup/third_party/group/6a386221ee19a6537cc68a97/restore/6a5646ba8a91cdade89e3b2f
2026-07-14 09:26:32,018 [DEBUG] STATUS 200
2026-07-14 09:26:32,018 [DEBUG] {
  "clusterMapping": [
    {
      "rsId": "testRep",
      "targetRsId": "tsetrepRestore"
    }
  ],
  "nodes": [
    {
      "error": null,
      "hostname": "rmdb9",
      "id": "rmdb9:27017",
      "port": 27017,
      "rsId": "tsetrepRestore",
      "state": "SHUTDOWN_IN_PROGRESS",
      "stateUpdateTime": 1784039139
    },
    {
      "error": null,
      "hostname": "rmdb7",
      "id": "rmdb7:27017",
      "port": 27017,
      "rsId": "tsetrepRestore",
      "state": "SHUTDOWN_IN_PROGRESS",
      "stateUpdateTime": 1784039139
    },
    {
      "error": null,
      "hostname": "rmdb8",
      "id": "rmdb8:27017",
      "port": 27017,
      "rsId": "tsetrepRestore",
      "state": "SHUTDOWN_IN_PROGRESS",
      "stateUpdateTime": 1784039139
    }
  ],
  "state": "SHUTDOWN_IN_PROGRESS"
}
2026-07-14 09:26:32,019 [INFO] Restore state: SHUTDOWN_IN_PROGRESS
2026-07-14 09:26:42,019 [DEBUG] API GET http://129.40.36.100:8080/api/public/v1.0/backup/third_party/group/6a386221ee19a6537cc68a97/restore/6a5646ba8a91cdade89e3b2f
2026-07-14 09:26:42,156 [DEBUG] STATUS 200
2026-07-14 09:26:42,156 [DEBUG] {
  "clusterMapping": [
    {
      "rsId": "testRep",
      "targetRsId": "tsetrepRestore"
    }
  ],
  "nodes": [
    {
      "error": null,
      "hostname": "rmdb9",
      "id": "rmdb9:27017",
      "port": 27017,
      "rsId": "tsetrepRestore",
      "state": "SHUTDOWN_IN_PROGRESS",
      "stateUpdateTime": 1784039139
    },
    {
      "error": null,
      "hostname": "rmdb7",
      "id": "rmdb7:27017",
      "port": 27017,
      "rsId": "tsetrepRestore",
      "state": "SHUTDOWN_IN_PROGRESS",
      "stateUpdateTime": 1784039139
    },
    {
      "error": null,
      "hostname": "rmdb8",
      "id": "rmdb8:27017",
      "port": 27017,
      "rsId": "tsetrepRestore",
      "state": "SHUTDOWN_IN_PROGRESS",
      "stateUpdateTime": 1784039139
    }
  ],
  "state": "SHUTDOWN_IN_PROGRESS"
}
2026-07-14 09:26:42,157 [INFO] Restore state: SHUTDOWN_IN_PROGRESS
2026-07-14 09:26:52,157 [DEBUG] API GET http://129.40.36.100:8080/api/public/v1.0/backup/third_party/group/6a386221ee19a6537cc68a97/restore/6a5646ba8a91cdade89e3b2f
2026-07-14 09:26:52,294 [DEBUG] STATUS 200
2026-07-14 09:26:52,294 [DEBUG] {
  "clusterMapping": [
    {
      "rsId": "testRep",
      "targetRsId": "tsetrepRestore"
    }
  ],
  "nodes": [
    {
      "error": null,
      "hostname": "rmdb9",
      "id": "rmdb9:27017",
      "port": 27017,
      "rsId": "tsetrepRestore",
      "state": "COPY_FILES",
      "stateUpdateTime": 1784039203
    },
    {
      "error": null,
      "hostname": "rmdb7",
      "id": "rmdb7:27017",
      "port": 27017,
      "rsId": "tsetrepRestore",
      "state": "COPY_FILES",
      "stateUpdateTime": 1784039204
    },
    {
      "error": null,
      "hostname": "rmdb8",
      "id": "rmdb8:27017",
      "port": 27017,
      "rsId": "tsetrepRestore",
      "state": "COPY_FILES",
      "stateUpdateTime": 1784039204
    }
  ],
  "state": "COPY_FILES"
}
2026-07-14 09:26:52,295 [INFO] Restore state: COPY_FILES
2026-07-14 09:27:02,296 [INFO] Unmounting MongoDB data volumes on all hosts
2026-07-14 09:27:03,076 [INFO] Host rmdb9 is currently busy
2026-07-14 09:27:03,897 [INFO] Host rmdb7 is currently busy
2026-07-14 09:27:04,678 [INFO] Host rmdb8 is currently busy
2026-07-14 09:27:04,678 [INFO] Busy hosts: 3
2026-07-14 09:27:15,490 [INFO] Host rmdb9 is currently busy
2026-07-14 09:27:16,260 [INFO] Host rmdb7 is currently busy
2026-07-14 09:27:17,048 [INFO] Host rmdb8 is currently busy
2026-07-14 09:27:17,048 [INFO] Busy hosts: 3
2026-07-14 09:27:27,812 [INFO] Host rmdb9 is currently busy
2026-07-14 09:27:28,581 [INFO] Host rmdb7 is currently busy
2026-07-14 09:27:29,348 [INFO] Host rmdb8 is currently busy
2026-07-14 09:27:29,348 [INFO] Busy hosts: 3
2026-07-14 09:27:40,115 [INFO] Host rmdb9 is currently busy
2026-07-14 09:27:40,940 [INFO] Host rmdb7 is currently busy
2026-07-14 09:27:41,707 [INFO] Host rmdb8 is currently busy
2026-07-14 09:27:41,708 [INFO] Busy hosts: 3
2026-07-14 09:27:52,536 [INFO] Host rmdb9 is currently busy
2026-07-14 09:27:53,306 [INFO] Host rmdb7 is currently busy
2026-07-14 09:27:54,075 [INFO] Host rmdb8 is currently busy
2026-07-14 09:27:54,075 [INFO] Busy hosts: 3
2026-07-14 09:28:04,854 [INFO] Host rmdb9 is currently busy
2026-07-14 09:28:05,687 [INFO] Host rmdb7 is currently busy
2026-07-14 09:28:06,519 [INFO] Host rmdb8 is currently busy
2026-07-14 09:28:06,519 [INFO] Busy hosts: 3
2026-07-14 09:28:17,342 [INFO] Host rmdb9 is currently busy
2026-07-14 09:28:18,100 [INFO] Host rmdb7 is currently busy
2026-07-14 09:28:18,869 [INFO] Host rmdb8 is currently busy
2026-07-14 09:28:18,869 [INFO] Busy hosts: 3
2026-07-14 09:28:29,643 [INFO] Host rmdb9 is currently busy
2026-07-14 09:28:30,411 [INFO] Host rmdb7 is currently busy
2026-07-14 09:28:31,192 [INFO] Host rmdb8 is currently busy
2026-07-14 09:28:31,192 [INFO] Busy hosts: 3
2026-07-14 09:28:42,221 [INFO] Host rmdb9 is currently busy
2026-07-14 09:28:43,033 [INFO] Host rmdb7 is currently busy
2026-07-14 09:28:43,852 [INFO] Host rmdb8 is currently busy
2026-07-14 09:28:43,853 [INFO] Busy hosts: 3
2026-07-14 09:28:54,696 [INFO] Host rmdb9 is currently busy
2026-07-14 09:28:55,540 [INFO] Host rmdb7 is currently busy
2026-07-14 09:28:56,336 [INFO] Host rmdb8 is currently busy
2026-07-14 09:28:56,337 [INFO] Busy hosts: 3
2026-07-14 09:29:07,094 [INFO] Host rmdb9 is currently busy
2026-07-14 09:29:07,893 [INFO] Host rmdb7 is currently busy
2026-07-14 09:29:08,720 [INFO] Host rmdb8 is currently busy
2026-07-14 09:29:08,721 [INFO] Busy hosts: 3
2026-07-14 09:29:19,513 [INFO] Host rmdb9 is currently busy
2026-07-14 09:29:20,289 [INFO] Host rmdb7 is currently busy
2026-07-14 09:29:21,066 [INFO] Host rmdb8 is currently busy
2026-07-14 09:29:21,066 [INFO] Busy hosts: 3
2026-07-14 09:29:31,860 [INFO] Host rmdb9 is currently busy
2026-07-14 09:29:32,629 [INFO] Host rmdb7 is currently busy
2026-07-14 09:29:33,462 [INFO] Host rmdb8 is currently busy
2026-07-14 09:29:33,463 [INFO] Busy hosts: 3
2026-07-14 09:29:44,247 [INFO] Host rmdb9 is currently busy
2026-07-14 09:29:45,081 [INFO] Host rmdb7 is currently busy
2026-07-14 09:29:45,860 [INFO] Host rmdb8 is currently busy
2026-07-14 09:29:45,861 [INFO] Busy hosts: 3
2026-07-14 09:29:57,043 [INFO] Host rmdb9 is currently busy
2026-07-14 09:29:57,828 [INFO] Host rmdb7 is currently busy
2026-07-14 09:29:58,640 [INFO] Host rmdb8 is currently busy
2026-07-14 09:29:58,640 [INFO] Busy hosts: 3
2026-07-14 09:30:09,446 [INFO] Host rmdb9 is currently busy
2026-07-14 09:30:10,263 [INFO] Host rmdb7 is currently busy
2026-07-14 09:30:11,033 [INFO] Host rmdb8 is currently busy
2026-07-14 09:30:11,034 [INFO] Busy hosts: 3
2026-07-14 09:30:21,802 [INFO] Host rmdb9 is currently busy
2026-07-14 09:30:22,587 [INFO] Host rmdb7 is currently busy
2026-07-14 09:31:25,289 [INFO] Host rmdb8 is currently busy
2026-07-14 09:31:25,289 [INFO] Busy hosts: 3
2026-07-14 09:31:37,719 [INFO] Host rmdb8 is currently busy
2026-07-14 09:31:37,719 [INFO] Busy hosts: 1
2026-07-14 09:31:50,084 [INFO] Busy hosts: 0
2026-07-14 09:31:50,084 [INFO] Resolving KVM cache on host: mdb-kvm1
2026-07-14 09:31:50,085 [INFO] Resolving KVM cache on host: mdb-kvm2
2026-07-14 09:31:50,085 [INFO] Resolving KVM cache on host: mdb-kvm3
2026-07-14 09:31:55,139 [INFO] Target nodes unmounted
2026-07-14 09:31:55,140 [INFO] Refreshing target volumes from snapshots
2026-07-14 09:32:10,157 [INFO] Mounting, verifying, and marking nodes as filesCopied
2026-07-14 09:32:10,158 [INFO] Mounting filesystem on target host rmdb9:27017
2026-07-14 09:32:10,158 [INFO] Mounting UUID=74e80e43-bc28-47e8-93f7-7aa89f7364dc on rmdb9 at /fimongo
2026-07-14 09:32:11,010 [INFO] Mounted successfully on rmdb9
2026-07-14 09:32:11,846 [INFO] chown mongod:mongod applied on rmdb9 at /fimongo
2026-07-14 09:32:21,847 [INFO] Verifying mount on target host rmdb9:27017
2026-07-14 09:32:22,981 [INFO] Mount verified on rmdb9: /fimongo
2026-07-14 09:32:24,185 [WARNING] rmdb9: /fimongo/data/fileList.txt does not exist
2026-07-14 09:32:24,185 [INFO] Marking node rmdb9:27017 as filesCopied
2026-07-14 09:32:24,186 [DEBUG] API POST http://129.40.36.100:8080/api/public/v1.0/backup/third_party/group/6a386221ee19a6537cc68a97/restore/6a5646ba8a91cdade89e3b2f/filesCopied
2026-07-14 09:32:24,186 [DEBUG] {
  "id": "rmdb9:27017",
  "dbPath": "/fimongo/data"
}
2026-07-14 09:32:24,419 [DEBUG] STATUS 200
2026-07-14 09:32:24,420 [DEBUG] {
  "errorCode": "NONE",
  "version": "1",
  "status": "OK"
}
2026-07-14 09:32:29,420 [INFO] Mounting filesystem on target host rmdb7:27017
2026-07-14 09:32:29,421 [INFO] Mounting UUID=74e80e43-bc28-47e8-93f7-7aa89f7364dc on rmdb7 at /fimongo
2026-07-14 09:32:30,435 [INFO] Mounted successfully on rmdb7
2026-07-14 09:32:31,447 [INFO] chown mongod:mongod applied on rmdb7 at /fimongo
2026-07-14 09:32:41,448 [INFO] Verifying mount on target host rmdb7:27017
2026-07-14 09:32:42,250 [INFO] Mount verified on rmdb7: /fimongo
2026-07-14 09:32:43,042 [WARNING] rmdb7: /fimongo/data/fileList.txt does not exist
2026-07-14 09:32:43,042 [INFO] Marking node rmdb7:27017 as filesCopied
2026-07-14 09:32:43,042 [DEBUG] API POST http://129.40.36.100:8080/api/public/v1.0/backup/third_party/group/6a386221ee19a6537cc68a97/restore/6a5646ba8a91cdade89e3b2f/filesCopied
2026-07-14 09:32:43,043 [DEBUG] {
  "id": "rmdb7:27017",
  "dbPath": "/fimongo/data"
}
2026-07-14 09:32:43,166 [DEBUG] STATUS 200
2026-07-14 09:32:43,166 [DEBUG] {
  "errorCode": "NONE",
  "version": "1",
  "status": "OK"
}
2026-07-14 09:32:48,167 [INFO] Mounting filesystem on target host rmdb8:27017
2026-07-14 09:32:48,167 [INFO] Mounting UUID=74e80e43-bc28-47e8-93f7-7aa89f7364dc on rmdb8 at /fimongo
2026-07-14 09:32:49,014 [INFO] Mounted successfully on rmdb8
2026-07-14 09:32:49,779 [INFO] chown mongod:mongod applied on rmdb8 at /fimongo
2026-07-14 09:32:59,780 [INFO] Verifying mount on target host rmdb8:27017
2026-07-14 09:33:00,612 [INFO] Mount verified on rmdb8: /fimongo
2026-07-14 09:33:01,417 [INFO] rmdb8: /fimongo/data/fileList.txt exists with correct mongod:mongod ownership
2026-07-14 09:33:01,417 [INFO] Marking node rmdb8:27017 as filesCopied
2026-07-14 09:33:01,417 [DEBUG] API POST http://129.40.36.100:8080/api/public/v1.0/backup/third_party/group/6a386221ee19a6537cc68a97/restore/6a5646ba8a91cdade89e3b2f/filesCopied
2026-07-14 09:33:01,417 [DEBUG] {
  "id": "rmdb8:27017",
  "dbPath": "/fimongo/data"
}
2026-07-14 09:33:01,540 [DEBUG] STATUS 200
2026-07-14 09:33:01,540 [DEBUG] {
  "errorCode": "NONE",
  "version": "1",
  "status": "OK"
}
2026-07-14 09:33:06,541 [DEBUG] API GET http://129.40.36.100:8080/api/public/v1.0/backup/third_party/group/6a386221ee19a6537cc68a97/restore/6a5646ba8a91cdade89e3b2f
2026-07-14 09:33:06,680 [DEBUG] STATUS 200
2026-07-14 09:33:06,680 [DEBUG] {
  "clusterMapping": [
    {
      "rsId": "testRep",
      "targetRsId": "tsetrepRestore"
    }
  ],
  "nodes": [
    {
      "error": null,
      "hostname": "rmdb9",
      "id": "rmdb9:27017",
      "port": 27017,
      "rsId": "tsetrepRestore",
      "state": "COPY_FILES",
      "stateUpdateTime": 1784039567
    },
    {
      "error": null,
      "hostname": "rmdb7",
      "id": "rmdb7:27017",
      "port": 27017,
      "rsId": "tsetrepRestore",
      "state": "COPY_FILES",
      "stateUpdateTime": 1784039570
    },
    {
      "error": null,
      "hostname": "rmdb8",
      "id": "rmdb8:27017",
      "port": 27017,
      "rsId": "tsetrepRestore",
      "state": "RECOVERY_IN_PROGRESS",
      "stateUpdateTime": 1784039580
    }
  ],
  "state": "COPY_FILES"
}
2026-07-14 09:33:06,680 [INFO] Restore state: COPY_FILES
2026-07-14 09:33:16,681 [DEBUG] API GET http://129.40.36.100:8080/api/public/v1.0/backup/third_party/group/6a386221ee19a6537cc68a97/restore/6a5646ba8a91cdade89e3b2f
2026-07-14 09:33:16,819 [DEBUG] STATUS 200
2026-07-14 09:33:16,819 [DEBUG] {
  "clusterMapping": [
    {
      "rsId": "testRep",
      "targetRsId": "tsetrepRestore"
    }
  ],
  "nodes": [
    {
      "error": null,
      "hostname": "rmdb9",
      "id": "rmdb9:27017",
      "port": 27017,
      "rsId": "tsetrepRestore",
      "state": "COPY_FILES",
      "stateUpdateTime": 1784039567
    },
    {
      "error": null,
      "hostname": "rmdb7",
      "id": "rmdb7:27017",
      "port": 27017,
      "rsId": "tsetrepRestore",
      "state": "COPY_FILES",
      "stateUpdateTime": 1784039570
    },
    {
      "error": null,
      "hostname": "rmdb8",
      "id": "rmdb8:27017",
      "port": 27017,
      "rsId": "tsetrepRestore",
      "state": "RECOVERY_IN_PROGRESS",
      "stateUpdateTime": 1784039580
    }
  ],
  "state": "COPY_FILES"
}
2026-07-14 09:33:16,820 [INFO] Restore state: COPY_FILES
2026-07-14 09:33:26,821 [DEBUG] API GET http://129.40.36.100:8080/api/public/v1.0/backup/third_party/group/6a386221ee19a6537cc68a97/restore/6a5646ba8a91cdade89e3b2f
2026-07-14 09:33:27,083 [DEBUG] STATUS 200
2026-07-14 09:33:27,083 [DEBUG] {
  "clusterMapping": [
    {
      "rsId": "testRep",
      "targetRsId": "tsetrepRestore"
    }
  ],
  "nodes": [
    {
      "error": null,
      "hostname": "rmdb9",
      "id": "rmdb9:27017",
      "port": 27017,
      "rsId": "tsetrepRestore",
      "state": "COPY_FILES",
      "stateUpdateTime": 1784039567
    },
    {
      "error": null,
      "hostname": "rmdb7",
      "id": "rmdb7:27017",
      "port": 27017,
      "rsId": "tsetrepRestore",
      "state": "COPY_FILES",
      "stateUpdateTime": 1784039570
    },
    {
      "error": null,
      "hostname": "rmdb8",
      "id": "rmdb8:27017",
      "port": 27017,
      "rsId": "tsetrepRestore",
      "state": "RECOVERY_IN_PROGRESS",
      "stateUpdateTime": 1784039580
    }
  ],
  "state": "COPY_FILES"
}
2026-07-14 09:33:27,083 [INFO] Restore state: COPY_FILES
2026-07-14 09:33:37,084 [DEBUG] API GET http://129.40.36.100:8080/api/public/v1.0/backup/third_party/group/6a386221ee19a6537cc68a97/restore/6a5646ba8a91cdade89e3b2f
2026-07-14 09:33:37,236 [DEBUG] STATUS 200
2026-07-14 09:33:37,236 [DEBUG] {
  "clusterMapping": [
    {
      "rsId": "testRep",
      "targetRsId": "tsetrepRestore"
    }
  ],
  "nodes": [
    {
      "error": null,
      "hostname": "rmdb9",
      "id": "rmdb9:27017",
      "port": 27017,
      "rsId": "tsetrepRestore",
      "state": "COPY_FILES",
      "stateUpdateTime": 1784039567
    },
    {
      "error": null,
      "hostname": "rmdb7",
      "id": "rmdb7:27017",
      "port": 27017,
      "rsId": "tsetrepRestore",
      "state": "COPY_FILES",
      "stateUpdateTime": 1784039570
    },
    {
      "error": null,
      "hostname": "rmdb8",
      "id": "rmdb8:27017",
      "port": 27017,
      "rsId": "tsetrepRestore",
      "state": "RECOVERY_IN_PROGRESS",
      "stateUpdateTime": 1784039580
    }
  ],
  "state": "COPY_FILES"
}
2026-07-14 09:33:37,236 [INFO] Restore state: COPY_FILES
2026-07-14 09:33:47,237 [DEBUG] API GET http://129.40.36.100:8080/api/public/v1.0/backup/third_party/group/6a386221ee19a6537cc68a97/restore/6a5646ba8a91cdade89e3b2f
2026-07-14 09:33:47,373 [DEBUG] STATUS 200
2026-07-14 09:33:47,373 [DEBUG] {
  "clusterMapping": [
    {
      "rsId": "testRep",
      "targetRsId": "tsetrepRestore"
    }
  ],
  "nodes": [
    {
      "error": null,
      "hostname": "rmdb9",
      "id": "rmdb9:27017",
      "port": 27017,
      "rsId": "tsetrepRestore",
      "state": "COPY_FILES",
      "stateUpdateTime": 1784039567
    },
    {
      "error": null,
      "hostname": "rmdb7",
      "id": "rmdb7:27017",
      "port": 27017,
      "rsId": "tsetrepRestore",
      "state": "COPY_FILES",
      "stateUpdateTime": 1784039570
    },
    {
      "error": null,
      "hostname": "rmdb8",
      "id": "rmdb8:27017",
      "port": 27017,
      "rsId": "tsetrepRestore",
      "state": "RECOVERY_IN_PROGRESS",
      "stateUpdateTime": 1784039580
    }
  ],
  "state": "COPY_FILES"
}
2026-07-14 09:33:47,373 [INFO] Restore state: COPY_FILES
2026-07-14 09:33:57,374 [DEBUG] API GET http://129.40.36.100:8080/api/public/v1.0/backup/third_party/group/6a386221ee19a6537cc68a97/restore/6a5646ba8a91cdade89e3b2f
2026-07-14 09:33:57,509 [DEBUG] STATUS 200
2026-07-14 09:33:57,509 [DEBUG] {
  "clusterMapping": [
    {
      "rsId": "testRep",
      "targetRsId": "tsetrepRestore"
    }
  ],
  "nodes": [
    {
      "error": null,
      "hostname": "rmdb9",
      "id": "rmdb9:27017",
      "port": 27017,
      "rsId": "tsetrepRestore",
      "state": "COPY_FILES",
      "stateUpdateTime": 1784039567
    },
    {
      "error": null,
      "hostname": "rmdb7",
      "id": "rmdb7:27017",
      "port": 27017,
      "rsId": "tsetrepRestore",
      "state": "COPY_FILES",
      "stateUpdateTime": 1784039570
    },
    {
      "error": null,
      "hostname": "rmdb8",
      "id": "rmdb8:27017",
      "port": 27017,
      "rsId": "tsetrepRestore",
      "state": "RECOVERY_IN_PROGRESS",
      "stateUpdateTime": 1784039580
    }
  ],
  "state": "COPY_FILES"
}
2026-07-14 09:33:57,510 [INFO] Restore state: COPY_FILES
2026-07-14 09:34:07,510 [DEBUG] API GET http://129.40.36.100:8080/api/public/v1.0/backup/third_party/group/6a386221ee19a6537cc68a97/restore/6a5646ba8a91cdade89e3b2f
2026-07-14 09:34:07,647 [DEBUG] STATUS 200
2026-07-14 09:34:07,647 [DEBUG] {
  "clusterMapping": [
    {
      "rsId": "testRep",
      "targetRsId": "tsetrepRestore"
    }
  ],
  "nodes": [
    {
      "error": null,
      "hostname": "rmdb9",
      "id": "rmdb9:27017",
      "port": 27017,
      "rsId": "tsetrepRestore",
      "state": "COPY_FILES",
      "stateUpdateTime": 1784039567
    },
    {
      "error": null,
      "hostname": "rmdb7",
      "id": "rmdb7:27017",
      "port": 27017,
      "rsId": "tsetrepRestore",
      "state": "COPY_FILES",
      "stateUpdateTime": 1784039570
    },
    {
      "error": null,
      "hostname": "rmdb8",
      "id": "rmdb8:27017",
      "port": 27017,
      "rsId": "tsetrepRestore",
      "state": "RECOVERY_IN_PROGRESS",
      "stateUpdateTime": 1784039580
    }
  ],
  "state": "COPY_FILES"
}
2026-07-14 09:34:07,647 [INFO] Restore state: COPY_FILES
2026-07-14 09:34:17,647 [DEBUG] API GET http://129.40.36.100:8080/api/public/v1.0/backup/third_party/group/6a386221ee19a6537cc68a97/restore/6a5646ba8a91cdade89e3b2f
2026-07-14 09:34:17,783 [DEBUG] STATUS 200
2026-07-14 09:34:17,783 [DEBUG] {
  "clusterMapping": [
    {
      "rsId": "testRep",
      "targetRsId": "tsetrepRestore"
    }
  ],
  "nodes": [
    {
      "error": null,
      "hostname": "rmdb9",
      "id": "rmdb9:27017",
      "port": 27017,
      "rsId": "tsetrepRestore",
      "state": "COPY_FILES",
      "stateUpdateTime": 1784039567
    },
    {
      "error": null,
      "hostname": "rmdb7",
      "id": "rmdb7:27017",
      "port": 27017,
      "rsId": "tsetrepRestore",
      "state": "COPY_FILES",
      "stateUpdateTime": 1784039570
    },
    {
      "error": null,
      "hostname": "rmdb8",
      "id": "rmdb8:27017",
      "port": 27017,
      "rsId": "tsetrepRestore",
      "state": "RECOVERY_IN_PROGRESS",
      "stateUpdateTime": 1784039580
    }
  ],
  "state": "COPY_FILES"
}
2026-07-14 09:34:17,784 [INFO] Restore state: COPY_FILES
2026-07-14 09:34:27,784 [DEBUG] API GET http://129.40.36.100:8080/api/public/v1.0/backup/third_party/group/6a386221ee19a6537cc68a97/restore/6a5646ba8a91cdade89e3b2f
2026-07-14 09:34:27,978 [DEBUG] STATUS 200
2026-07-14 09:34:27,978 [DEBUG] {
  "clusterMapping": [
    {
      "rsId": "testRep",
      "targetRsId": "tsetrepRestore"
    }
  ],
  "nodes": [
    {
      "error": null,
      "hostname": "rmdb9",
      "id": "rmdb9:27017",
      "port": 27017,
      "rsId": "tsetrepRestore",
      "state": "COPY_FILES",
      "stateUpdateTime": 1784039567
    },
    {
      "error": null,
      "hostname": "rmdb7",
      "id": "rmdb7:27017",
      "port": 27017,
      "rsId": "tsetrepRestore",
      "state": "COPY_FILES",
      "stateUpdateTime": 1784039570
    },
    {
      "error": null,
      "hostname": "rmdb8",
      "id": "rmdb8:27017",
      "port": 27017,
      "rsId": "tsetrepRestore",
      "state": "RECOVERY_IN_PROGRESS",
      "stateUpdateTime": 1784039580
    }
  ],
  "state": "COPY_FILES"
}
2026-07-14 09:34:27,978 [INFO] Restore state: COPY_FILES
2026-07-14 09:34:37,979 [DEBUG] API GET http://129.40.36.100:8080/api/public/v1.0/backup/third_party/group/6a386221ee19a6537cc68a97/restore/6a5646ba8a91cdade89e3b2f
2026-07-14 09:34:38,115 [DEBUG] STATUS 200
2026-07-14 09:34:38,116 [DEBUG] {
  "clusterMapping": [
    {
      "rsId": "testRep",
      "targetRsId": "tsetrepRestore"
    }
  ],
  "nodes": [
    {
      "error": null,
      "hostname": "rmdb9",
      "id": "rmdb9:27017",
      "port": 27017,
      "rsId": "tsetrepRestore",
      "state": "COPY_FILES",
      "stateUpdateTime": 1784039567
    },
    {
      "error": null,
      "hostname": "rmdb7",
      "id": "rmdb7:27017",
      "port": 27017,
      "rsId": "tsetrepRestore",
      "state": "COPY_FILES",
      "stateUpdateTime": 1784039570
    },
    {
      "error": null,
      "hostname": "rmdb8",
      "id": "rmdb8:27017",
      "port": 27017,
      "rsId": "tsetrepRestore",
      "state": "RECOVERY_IN_PROGRESS",
      "stateUpdateTime": 1784039580
    }
  ],
  "state": "COPY_FILES"
}
2026-07-14 09:34:38,116 [INFO] Restore state: COPY_FILES
2026-07-14 09:34:48,117 [DEBUG] API GET http://129.40.36.100:8080/api/public/v1.0/backup/third_party/group/6a386221ee19a6537cc68a97/restore/6a5646ba8a91cdade89e3b2f
2026-07-14 09:34:48,255 [DEBUG] STATUS 200
2026-07-14 09:34:48,255 [DEBUG] {
  "clusterMapping": [
    {
      "rsId": "testRep",
      "targetRsId": "tsetrepRestore"
    }
  ],
  "nodes": [
    {
      "error": null,
      "hostname": "rmdb9",
      "id": "rmdb9:27017",
      "port": 27017,
      "rsId": "tsetrepRestore",
      "state": "COPY_FILES",
      "stateUpdateTime": 1784039567
    },
    {
      "error": null,
      "hostname": "rmdb7",
      "id": "rmdb7:27017",
      "port": 27017,
      "rsId": "tsetrepRestore",
      "state": "COPY_FILES",
      "stateUpdateTime": 1784039570
    },
    {
      "error": null,
      "hostname": "rmdb8",
      "id": "rmdb8:27017",
      "port": 27017,
      "rsId": "tsetrepRestore",
      "state": "RECOVERY_IN_PROGRESS",
      "stateUpdateTime": 1784039580
    }
  ],
  "state": "COPY_FILES"
}
2026-07-14 09:34:48,255 [INFO] Restore state: COPY_FILES
2026-07-14 09:34:58,256 [DEBUG] API GET http://129.40.36.100:8080/api/public/v1.0/backup/third_party/group/6a386221ee19a6537cc68a97/restore/6a5646ba8a91cdade89e3b2f
2026-07-14 09:34:58,392 [DEBUG] STATUS 200
2026-07-14 09:34:58,392 [DEBUG] {
  "clusterMapping": [
    {
      "rsId": "testRep",
      "targetRsId": "tsetrepRestore"
    }
  ],
  "nodes": [
    {
      "error": null,
      "hostname": "rmdb9",
      "id": "rmdb9:27017",
      "port": 27017,
      "rsId": "tsetrepRestore",
      "state": "COPY_FILES",
      "stateUpdateTime": 1784039567
    },
    {
      "error": null,
      "hostname": "rmdb7",
      "id": "rmdb7:27017",
      "port": 27017,
      "rsId": "tsetrepRestore",
      "state": "COPY_FILES",
      "stateUpdateTime": 1784039570
    },
    {
      "error": null,
      "hostname": "rmdb8",
      "id": "rmdb8:27017",
      "port": 27017,
      "rsId": "tsetrepRestore",
      "state": "RECOVERY_IN_PROGRESS",
      "stateUpdateTime": 1784039580
    }
  ],
  "state": "COPY_FILES"
}
2026-07-14 09:34:58,392 [INFO] Restore state: COPY_FILES
2026-07-14 09:35:08,393 [DEBUG] API GET http://129.40.36.100:8080/api/public/v1.0/backup/third_party/group/6a386221ee19a6537cc68a97/restore/6a5646ba8a91cdade89e3b2f
2026-07-14 09:35:08,531 [DEBUG] STATUS 200
2026-07-14 09:35:08,531 [DEBUG] {
  "clusterMapping": [
    {
      "rsId": "testRep",
      "targetRsId": "tsetrepRestore"
    }
  ],
  "nodes": [
    {
      "error": null,
      "hostname": "rmdb9",
      "id": "rmdb9:27017",
      "port": 27017,
      "rsId": "tsetrepRestore",
      "state": "COPY_FILES",
      "stateUpdateTime": 1784039567
    },
    {
      "error": null,
      "hostname": "rmdb7",
      "id": "rmdb7:27017",
      "port": 27017,
      "rsId": "tsetrepRestore",
      "state": "COPY_FILES",
      "stateUpdateTime": 1784039570
    },
    {
      "error": null,
      "hostname": "rmdb8",
      "id": "rmdb8:27017",
      "port": 27017,
      "rsId": "tsetrepRestore",
      "state": "RECOVERY_IN_PROGRESS",
      "stateUpdateTime": 1784039580
    }
  ],
  "state": "COPY_FILES"
}
2026-07-14 09:35:08,532 [INFO] Restore state: COPY_FILES
2026-07-14 09:35:18,532 [DEBUG] API GET http://129.40.36.100:8080/api/public/v1.0/backup/third_party/group/6a386221ee19a6537cc68a97/restore/6a5646ba8a91cdade89e3b2f
2026-07-14 09:35:18,671 [DEBUG] STATUS 200
2026-07-14 09:35:18,671 [DEBUG] {
  "clusterMapping": [
    {
      "rsId": "testRep",
      "targetRsId": "tsetrepRestore"
    }
  ],
  "nodes": [
    {
      "error": null,
      "hostname": "rmdb9",
      "id": "rmdb9:27017",
      "port": 27017,
      "rsId": "tsetrepRestore",
      "state": "COPY_FILES",
      "stateUpdateTime": 1784039567
    },
    {
      "error": null,
      "hostname": "rmdb7",
      "id": "rmdb7:27017",
      "port": 27017,
      "rsId": "tsetrepRestore",
      "state": "COPY_FILES",
      "stateUpdateTime": 1784039570
    },
    {
      "error": null,
      "hostname": "rmdb8",
      "id": "rmdb8:27017",
      "port": 27017,
      "rsId": "tsetrepRestore",
      "state": "RECOVERY_IN_PROGRESS",
      "stateUpdateTime": 1784039580
    }
  ],
  "state": "COPY_FILES"
}
2026-07-14 09:35:18,671 [INFO] Restore state: COPY_FILES
2026-07-14 09:35:28,672 [DEBUG] API GET http://129.40.36.100:8080/api/public/v1.0/backup/third_party/group/6a386221ee19a6537cc68a97/restore/6a5646ba8a91cdade89e3b2f
2026-07-14 09:35:28,863 [DEBUG] STATUS 200
2026-07-14 09:35:28,863 [DEBUG] {
  "clusterMapping": [
    {
      "rsId": "testRep",
      "targetRsId": "tsetrepRestore"
    }
  ],
  "nodes": [
    {
      "error": null,
      "hostname": "rmdb9",
      "id": "rmdb9:27017",
      "port": 27017,
      "rsId": "tsetrepRestore",
      "state": "COPY_FILES",
      "stateUpdateTime": 1784039567
    },
    {
      "error": null,
      "hostname": "rmdb7",
      "id": "rmdb7:27017",
      "port": 27017,
      "rsId": "tsetrepRestore",
      "state": "COPY_FILES",
      "stateUpdateTime": 1784039570
    },
    {
      "error": null,
      "hostname": "rmdb8",
      "id": "rmdb8:27017",
      "port": 27017,
      "rsId": "tsetrepRestore",
      "state": "RECOVERY_IN_PROGRESS",
      "stateUpdateTime": 1784039580
    }
  ],
  "state": "COPY_FILES"
}
2026-07-14 09:35:28,864 [INFO] Restore state: COPY_FILES
2026-07-14 09:35:38,864 [DEBUG] API GET http://129.40.36.100:8080/api/public/v1.0/backup/third_party/group/6a386221ee19a6537cc68a97/restore/6a5646ba8a91cdade89e3b2f
2026-07-14 09:35:39,013 [DEBUG] STATUS 200
2026-07-14 09:35:39,013 [DEBUG] {
  "clusterMapping": [
    {
      "rsId": "testRep",
      "targetRsId": "tsetrepRestore"
    }
  ],
  "nodes": [
    {
      "error": null,
      "hostname": "rmdb9",
      "id": "rmdb9:27017",
      "port": 27017,
      "rsId": "tsetrepRestore",
      "state": "COPY_FILES",
      "stateUpdateTime": 1784039567
    },
    {
      "error": null,
      "hostname": "rmdb7",
      "id": "rmdb7:27017",
      "port": 27017,
      "rsId": "tsetrepRestore",
      "state": "COPY_FILES",
      "stateUpdateTime": 1784039570
    },
    {
      "error": null,
      "hostname": "rmdb8",
      "id": "rmdb8:27017",
      "port": 27017,
      "rsId": "tsetrepRestore",
      "state": "RECOVERY_IN_PROGRESS",
      "stateUpdateTime": 1784039580
    }
  ],
  "state": "COPY_FILES"
}
2026-07-14 09:35:39,013 [INFO] Restore state: COPY_FILES
2026-07-14 09:35:49,013 [DEBUG] API GET http://129.40.36.100:8080/api/public/v1.0/backup/third_party/group/6a386221ee19a6537cc68a97/restore/6a5646ba8a91cdade89e3b2f
2026-07-14 09:35:49,149 [DEBUG] STATUS 200
2026-07-14 09:35:49,149 [DEBUG] {
  "clusterMapping": [
    {
      "rsId": "testRep",
      "targetRsId": "tsetrepRestore"
    }
  ],
  "nodes": [
    {
      "error": null,
      "hostname": "rmdb9",
      "id": "rmdb9:27017",
      "port": 27017,
      "rsId": "tsetrepRestore",
      "state": "COPY_FILES",
      "stateUpdateTime": 1784039567
    },
    {
      "error": null,
      "hostname": "rmdb7",
      "id": "rmdb7:27017",
      "port": 27017,
      "rsId": "tsetrepRestore",
      "state": "COPY_FILES",
      "stateUpdateTime": 1784039570
    },
    {
      "error": null,
      "hostname": "rmdb8",
      "id": "rmdb8:27017",
      "port": 27017,
      "rsId": "tsetrepRestore",
      "state": "RECOVERY_IN_PROGRESS",
      "stateUpdateTime": 1784039580
    }
  ],
  "state": "COPY_FILES"
}
2026-07-14 09:35:49,150 [INFO] Restore state: COPY_FILES
2026-07-14 09:35:59,150 [DEBUG] API GET http://129.40.36.100:8080/api/public/v1.0/backup/third_party/group/6a386221ee19a6537cc68a97/restore/6a5646ba8a91cdade89e3b2f
2026-07-14 09:35:59,288 [DEBUG] STATUS 200
2026-07-14 09:35:59,288 [DEBUG] {
  "clusterMapping": [
    {
      "rsId": "testRep",
      "targetRsId": "tsetrepRestore"
    }
  ],
  "nodes": [
    {
      "error": null,
      "hostname": "rmdb9",
      "id": "rmdb9:27017",
      "port": 27017,
      "rsId": "tsetrepRestore",
      "state": "COPY_FILES",
      "stateUpdateTime": 1784039567
    },
    {
      "error": null,
      "hostname": "rmdb7",
      "id": "rmdb7:27017",
      "port": 27017,
      "rsId": "tsetrepRestore",
      "state": "COPY_FILES",
      "stateUpdateTime": 1784039570
    },
    {
      "error": null,
      "hostname": "rmdb8",
      "id": "rmdb8:27017",
      "port": 27017,
      "rsId": "tsetrepRestore",
      "state": "RECOVERY_IN_PROGRESS",
      "stateUpdateTime": 1784039580
    }
  ],
  "state": "COPY_FILES"
}
2026-07-14 09:35:59,288 [INFO] Restore state: COPY_FILES
2026-07-14 09:36:09,289 [DEBUG] API GET http://129.40.36.100:8080/api/public/v1.0/backup/third_party/group/6a386221ee19a6537cc68a97/restore/6a5646ba8a91cdade89e3b2f
2026-07-14 09:36:09,428 [DEBUG] STATUS 200
2026-07-14 09:36:09,428 [DEBUG] {
  "clusterMapping": [
    {
      "rsId": "testRep",
      "targetRsId": "tsetrepRestore"
    }
  ],
  "nodes": [
    {
      "error": null,
      "hostname": "rmdb9",
      "id": "rmdb9:27017",
      "port": 27017,
      "rsId": "tsetrepRestore",
      "state": "COPY_FILES",
      "stateUpdateTime": 1784039567
    },
    {
      "error": null,
      "hostname": "rmdb7",
      "id": "rmdb7:27017",
      "port": 27017,
      "rsId": "tsetrepRestore",
      "state": "COPY_FILES",
      "stateUpdateTime": 1784039570
    },
    {
      "error": null,
      "hostname": "rmdb8",
      "id": "rmdb8:27017",
      "port": 27017,
      "rsId": "tsetrepRestore",
      "state": "RECOVERY_IN_PROGRESS",
      "stateUpdateTime": 1784039580
    }
  ],
  "state": "COPY_FILES"
}
2026-07-14 09:36:09,428 [INFO] Restore state: COPY_FILES
2026-07-14 09:36:19,429 [DEBUG] API GET http://129.40.36.100:8080/api/public/v1.0/backup/third_party/group/6a386221ee19a6537cc68a97/restore/6a5646ba8a91cdade89e3b2f
2026-07-14 09:36:19,567 [DEBUG] STATUS 200
2026-07-14 09:36:19,567 [DEBUG] {
  "clusterMapping": [
    {
      "rsId": "testRep",
      "targetRsId": "tsetrepRestore"
    }
  ],
  "nodes": [
    {
      "error": null,
      "hostname": "rmdb9",
      "id": "rmdb9:27017",
      "port": 27017,
      "rsId": "tsetrepRestore",
      "state": "COPY_FILES",
      "stateUpdateTime": 1784039567
    },
    {
      "error": null,
      "hostname": "rmdb7",
      "id": "rmdb7:27017",
      "port": 27017,
      "rsId": "tsetrepRestore",
      "state": "COPY_FILES",
      "stateUpdateTime": 1784039570
    },
    {
      "error": null,
      "hostname": "rmdb8",
      "id": "rmdb8:27017",
      "port": 27017,
      "rsId": "tsetrepRestore",
      "state": "RECOVERY_IN_PROGRESS",
      "stateUpdateTime": 1784039580
    }
  ],
  "state": "COPY_FILES"
}
2026-07-14 09:36:19,568 [INFO] Restore state: COPY_FILES
2026-07-14 09:36:29,569 [DEBUG] API GET http://129.40.36.100:8080/api/public/v1.0/backup/third_party/group/6a386221ee19a6537cc68a97/restore/6a5646ba8a91cdade89e3b2f
2026-07-14 09:36:29,818 [DEBUG] STATUS 200
2026-07-14 09:36:29,818 [DEBUG] {
  "clusterMapping": [
    {
      "rsId": "testRep",
      "targetRsId": "tsetrepRestore"
    }
  ],
  "nodes": [
    {
      "error": null,
      "hostname": "rmdb9",
      "id": "rmdb9:27017",
      "port": 27017,
      "rsId": "tsetrepRestore",
      "state": "COPY_FILES",
      "stateUpdateTime": 1784039567
    },
    {
      "error": null,
      "hostname": "rmdb7",
      "id": "rmdb7:27017",
      "port": 27017,
      "rsId": "tsetrepRestore",
      "state": "COPY_FILES",
      "stateUpdateTime": 1784039570
    },
    {
      "error": null,
      "hostname": "rmdb8",
      "id": "rmdb8:27017",
      "port": 27017,
      "rsId": "tsetrepRestore",
      "state": "RECOVERY_IN_PROGRESS",
      "stateUpdateTime": 1784039580
    }
  ],
  "state": "COPY_FILES"
}
2026-07-14 09:36:29,818 [INFO] Restore state: COPY_FILES
2026-07-14 09:36:39,819 [DEBUG] API GET http://129.40.36.100:8080/api/public/v1.0/backup/third_party/group/6a386221ee19a6537cc68a97/restore/6a5646ba8a91cdade89e3b2f
2026-07-14 09:36:40,013 [DEBUG] STATUS 200
2026-07-14 09:36:40,013 [DEBUG] {
  "clusterMapping": [
    {
      "rsId": "testRep",
      "targetRsId": "tsetrepRestore"
    }
  ],
  "nodes": [
    {
      "error": null,
      "hostname": "rmdb9",
      "id": "rmdb9:27017",
      "port": 27017,
      "rsId": "tsetrepRestore",
      "state": "COPY_FILES",
      "stateUpdateTime": 1784039567
    },
    {
      "error": null,
      "hostname": "rmdb7",
      "id": "rmdb7:27017",
      "port": 27017,
      "rsId": "tsetrepRestore",
      "state": "COPY_FILES",
      "stateUpdateTime": 1784039570
    },
    {
      "error": null,
      "hostname": "rmdb8",
      "id": "rmdb8:27017",
      "port": 27017,
      "rsId": "tsetrepRestore",
      "state": "RECOVERY_IN_PROGRESS",
      "stateUpdateTime": 1784039580
    }
  ],
  "state": "COPY_FILES"
}
2026-07-14 09:36:40,013 [INFO] Restore state: COPY_FILES
2026-07-14 09:36:50,014 [DEBUG] API GET http://129.40.36.100:8080/api/public/v1.0/backup/third_party/group/6a386221ee19a6537cc68a97/restore/6a5646ba8a91cdade89e3b2f
2026-07-14 09:36:50,151 [DEBUG] STATUS 200
2026-07-14 09:36:50,151 [DEBUG] {
  "clusterMapping": [
    {
      "rsId": "testRep",
      "targetRsId": "tsetrepRestore"
    }
  ],
  "nodes": [
    {
      "error": null,
      "hostname": "rmdb9",
      "id": "rmdb9:27017",
      "port": 27017,
      "rsId": "tsetrepRestore",
      "state": "COPY_FILES",
      "stateUpdateTime": 1784039567
    },
    {
      "error": null,
      "hostname": "rmdb7",
      "id": "rmdb7:27017",
      "port": 27017,
      "rsId": "tsetrepRestore",
      "state": "COPY_FILES",
      "stateUpdateTime": 1784039570
    },
    {
      "error": null,
      "hostname": "rmdb8",
      "id": "rmdb8:27017",
      "port": 27017,
      "rsId": "tsetrepRestore",
      "state": "RECOVERY_IN_PROGRESS",
      "stateUpdateTime": 1784039580
    }
  ],
  "state": "COPY_FILES"
}
2026-07-14 09:36:50,152 [INFO] Restore state: COPY_FILES
2026-07-14 09:37:00,153 [DEBUG] API GET http://129.40.36.100:8080/api/public/v1.0/backup/third_party/group/6a386221ee19a6537cc68a97/restore/6a5646ba8a91cdade89e3b2f
2026-07-14 09:37:00,289 [DEBUG] STATUS 200
2026-07-14 09:37:00,289 [DEBUG] {
  "clusterMapping": [
    {
      "rsId": "testRep",
      "targetRsId": "tsetrepRestore"
    }
  ],
  "nodes": [
    {
      "error": null,
      "hostname": "rmdb9",
      "id": "rmdb9:27017",
      "port": 27017,
      "rsId": "tsetrepRestore",
      "state": "COPY_FILES",
      "stateUpdateTime": 1784039567
    },
    {
      "error": null,
      "hostname": "rmdb7",
      "id": "rmdb7:27017",
      "port": 27017,
      "rsId": "tsetrepRestore",
      "state": "COPY_FILES",
      "stateUpdateTime": 1784039570
    },
    {
      "error": null,
      "hostname": "rmdb8",
      "id": "rmdb8:27017",
      "port": 27017,
      "rsId": "tsetrepRestore",
      "state": "RECOVERY_IN_PROGRESS",
      "stateUpdateTime": 1784039580
    }
  ],
  "state": "COPY_FILES"
}
2026-07-14 09:37:00,290 [INFO] Restore state: COPY_FILES
2026-07-14 09:37:10,291 [DEBUG] API GET http://129.40.36.100:8080/api/public/v1.0/backup/third_party/group/6a386221ee19a6537cc68a97/restore/6a5646ba8a91cdade89e3b2f
2026-07-14 09:37:10,448 [DEBUG] STATUS 200
2026-07-14 09:37:10,448 [DEBUG] {
  "clusterMapping": [
    {
      "rsId": "testRep",
      "targetRsId": "tsetrepRestore"
    }
  ],
  "nodes": [
    {
      "error": null,
      "hostname": "rmdb9",
      "id": "rmdb9:27017",
      "port": 27017,
      "rsId": "tsetrepRestore",
      "state": "COPY_FILES",
      "stateUpdateTime": 1784039567
    },
    {
      "error": null,
      "hostname": "rmdb7",
      "id": "rmdb7:27017",
      "port": 27017,
      "rsId": "tsetrepRestore",
      "state": "COPY_FILES",
      "stateUpdateTime": 1784039570
    },
    {
      "error": null,
      "hostname": "rmdb8",
      "id": "rmdb8:27017",
      "port": 27017,
      "rsId": "tsetrepRestore",
      "state": "RECOVERY_IN_PROGRESS",
      "stateUpdateTime": 1784039580
    }
  ],
  "state": "COPY_FILES"
}
2026-07-14 09:37:10,448 [INFO] Restore state: COPY_FILES
2026-07-14 09:37:20,449 [DEBUG] API GET http://129.40.36.100:8080/api/public/v1.0/backup/third_party/group/6a386221ee19a6537cc68a97/restore/6a5646ba8a91cdade89e3b2f
2026-07-14 09:37:20,586 [DEBUG] STATUS 200
2026-07-14 09:37:20,586 [DEBUG] {
  "clusterMapping": [
    {
      "rsId": "testRep",
      "targetRsId": "tsetrepRestore"
    }
  ],
  "nodes": [
    {
      "error": null,
      "hostname": "rmdb9",
      "id": "rmdb9:27017",
      "port": 27017,
      "rsId": "tsetrepRestore",
      "state": "COPY_FILES",
      "stateUpdateTime": 1784039567
    },
    {
      "error": null,
      "hostname": "rmdb7",
      "id": "rmdb7:27017",
      "port": 27017,
      "rsId": "tsetrepRestore",
      "state": "COPY_FILES",
      "stateUpdateTime": 1784039570
    },
    {
      "error": null,
      "hostname": "rmdb8",
      "id": "rmdb8:27017",
      "port": 27017,
      "rsId": "tsetrepRestore",
      "state": "RECOVERY_IN_PROGRESS",
      "stateUpdateTime": 1784039580
    }
  ],
  "state": "COPY_FILES"
}
2026-07-14 09:37:20,587 [INFO] Restore state: COPY_FILES
2026-07-14 09:37:30,588 [DEBUG] API GET http://129.40.36.100:8080/api/public/v1.0/backup/third_party/group/6a386221ee19a6537cc68a97/restore/6a5646ba8a91cdade89e3b2f
2026-07-14 09:37:30,779 [DEBUG] STATUS 200
2026-07-14 09:37:30,779 [DEBUG] {
  "clusterMapping": [
    {
      "rsId": "testRep",
      "targetRsId": "tsetrepRestore"
    }
  ],
  "nodes": [
    {
      "error": null,
      "hostname": "rmdb9",
      "id": "rmdb9:27017",
      "port": 27017,
      "rsId": "tsetrepRestore",
      "state": "COPY_FILES",
      "stateUpdateTime": 1784039567
    },
    {
      "error": null,
      "hostname": "rmdb7",
      "id": "rmdb7:27017",
      "port": 27017,
      "rsId": "tsetrepRestore",
      "state": "COPY_FILES",
      "stateUpdateTime": 1784039570
    },
    {
      "error": null,
      "hostname": "rmdb8",
      "id": "rmdb8:27017",
      "port": 27017,
      "rsId": "tsetrepRestore",
      "state": "RECOVERY_IN_PROGRESS",
      "stateUpdateTime": 1784039580
    }
  ],
  "state": "COPY_FILES"
}
2026-07-14 09:37:30,779 [INFO] Restore state: COPY_FILES
2026-07-14 09:37:40,780 [DEBUG] API GET http://129.40.36.100:8080/api/public/v1.0/backup/third_party/group/6a386221ee19a6537cc68a97/restore/6a5646ba8a91cdade89e3b2f
2026-07-14 09:37:40,922 [DEBUG] STATUS 200
2026-07-14 09:37:40,923 [DEBUG] {
  "clusterMapping": [
    {
      "rsId": "testRep",
      "targetRsId": "tsetrepRestore"
    }
  ],
  "nodes": [
    {
      "error": null,
      "hostname": "rmdb9",
      "id": "rmdb9:27017",
      "port": 27017,
      "rsId": "tsetrepRestore",
      "state": "COPY_FILES",
      "stateUpdateTime": 1784039567
    },
    {
      "error": null,
      "hostname": "rmdb7",
      "id": "rmdb7:27017",
      "port": 27017,
      "rsId": "tsetrepRestore",
      "state": "COPY_FILES",
      "stateUpdateTime": 1784039570
    },
    {
      "error": null,
      "hostname": "rmdb8",
      "id": "rmdb8:27017",
      "port": 27017,
      "rsId": "tsetrepRestore",
      "state": "RECOVERY_IN_PROGRESS",
      "stateUpdateTime": 1784039580
    }
  ],
  "state": "COPY_FILES"
}
2026-07-14 09:37:40,923 [INFO] Restore state: COPY_FILES
2026-07-14 09:37:50,924 [DEBUG] API GET http://129.40.36.100:8080/api/public/v1.0/backup/third_party/group/6a386221ee19a6537cc68a97/restore/6a5646ba8a91cdade89e3b2f
2026-07-14 09:37:51,071 [DEBUG] STATUS 200
2026-07-14 09:37:51,072 [DEBUG] {
  "clusterMapping": [
    {
      "rsId": "testRep",
      "targetRsId": "tsetrepRestore"
    }
  ],
  "nodes": [
    {
      "error": null,
      "hostname": "rmdb9",
      "id": "rmdb9:27017",
      "port": 27017,
      "rsId": "tsetrepRestore",
      "state": "COPY_FILES",
      "stateUpdateTime": 1784039567
    },
    {
      "error": null,
      "hostname": "rmdb7",
      "id": "rmdb7:27017",
      "port": 27017,
      "rsId": "tsetrepRestore",
      "state": "COPY_FILES",
      "stateUpdateTime": 1784039570
    },
    {
      "error": null,
      "hostname": "rmdb8",
      "id": "rmdb8:27017",
      "port": 27017,
      "rsId": "tsetrepRestore",
      "state": "RECOVERY_IN_PROGRESS",
      "stateUpdateTime": 1784039580
    }
  ],
  "state": "COPY_FILES"
}
2026-07-14 09:37:51,072 [INFO] Restore state: COPY_FILES
2026-07-14 09:38:01,073 [DEBUG] API GET http://129.40.36.100:8080/api/public/v1.0/backup/third_party/group/6a386221ee19a6537cc68a97/restore/6a5646ba8a91cdade89e3b2f
2026-07-14 09:38:01,210 [DEBUG] STATUS 200
2026-07-14 09:38:01,210 [DEBUG] {
  "clusterMapping": [
    {
      "rsId": "testRep",
      "targetRsId": "tsetrepRestore"
    }
  ],
  "nodes": [
    {
      "error": null,
      "hostname": "rmdb9",
      "id": "rmdb9:27017",
      "port": 27017,
      "rsId": "tsetrepRestore",
      "state": "COPY_FILES",
      "stateUpdateTime": 1784039567
    },
    {
      "error": null,
      "hostname": "rmdb7",
      "id": "rmdb7:27017",
      "port": 27017,
      "rsId": "tsetrepRestore",
      "state": "COPY_FILES",
      "stateUpdateTime": 1784039570
    },
    {
      "error": null,
      "hostname": "rmdb8",
      "id": "rmdb8:27017",
      "port": 27017,
      "rsId": "tsetrepRestore",
      "state": "RECOVERY_IN_PROGRESS",
      "stateUpdateTime": 1784039580
    }
  ],
  "state": "COPY_FILES"
}
2026-07-14 09:38:01,210 [INFO] Restore state: COPY_FILES
2026-07-14 09:38:11,211 [DEBUG] API GET http://129.40.36.100:8080/api/public/v1.0/backup/third_party/group/6a386221ee19a6537cc68a97/restore/6a5646ba8a91cdade89e3b2f
2026-07-14 09:38:11,347 [DEBUG] STATUS 200
2026-07-14 09:38:11,347 [DEBUG] {
  "clusterMapping": [
    {
      "rsId": "testRep",
      "targetRsId": "tsetrepRestore"
    }
  ],
  "nodes": [
    {
      "error": null,
      "hostname": "rmdb9",
      "id": "rmdb9:27017",
      "port": 27017,
      "rsId": "tsetrepRestore",
      "state": "COPY_FILES",
      "stateUpdateTime": 1784039567
    },
    {
      "error": null,
      "hostname": "rmdb7",
      "id": "rmdb7:27017",
      "port": 27017,
      "rsId": "tsetrepRestore",
      "state": "COPY_FILES",
      "stateUpdateTime": 1784039570
    },
    {
      "error": null,
      "hostname": "rmdb8",
      "id": "rmdb8:27017",
      "port": 27017,
      "rsId": "tsetrepRestore",
      "state": "RECOVERY_IN_PROGRESS",
      "stateUpdateTime": 1784039580
    }
  ],
  "state": "COPY_FILES"
}
2026-07-14 09:38:11,348 [INFO] Restore state: COPY_FILES
2026-07-14 09:38:21,348 [DEBUG] API GET http://129.40.36.100:8080/api/public/v1.0/backup/third_party/group/6a386221ee19a6537cc68a97/restore/6a5646ba8a91cdade89e3b2f
2026-07-14 09:38:22,554 [DEBUG] STATUS 200
2026-07-14 09:38:22,554 [DEBUG] {
  "clusterMapping": [
    {
      "rsId": "testRep",
      "targetRsId": "tsetrepRestore"
    }
  ],
  "nodes": [
    {
      "error": null,
      "hostname": "rmdb9",
      "id": "rmdb9:27017",
      "port": 27017,
      "rsId": "tsetrepRestore",
      "state": "COPY_FILES",
      "stateUpdateTime": 1784039567
    },
    {
      "error": null,
      "hostname": "rmdb7",
      "id": "rmdb7:27017",
      "port": 27017,
      "rsId": "tsetrepRestore",
      "state": "COPY_FILES",
      "stateUpdateTime": 1784039570
    },
    {
      "error": null,
      "hostname": "rmdb8",
      "id": "rmdb8:27017",
      "port": 27017,
      "rsId": "tsetrepRestore",
      "state": "RECOVERY_IN_PROGRESS",
      "stateUpdateTime": 1784039580
    }
  ],
  "state": "COPY_FILES"
}
2026-07-14 09:38:22,554 [INFO] Restore state: COPY_FILES
2026-07-14 09:38:32,556 [DEBUG] API GET http://129.40.36.100:8080/api/public/v1.0/backup/third_party/group/6a386221ee19a6537cc68a97/restore/6a5646ba8a91cdade89e3b2f
2026-07-14 09:38:32,753 [DEBUG] STATUS 200
2026-07-14 09:38:32,753 [DEBUG] {
  "clusterMapping": [
    {
      "rsId": "testRep",
      "targetRsId": "tsetrepRestore"
    }
  ],
  "nodes": [
    {
      "error": null,
      "hostname": "rmdb9",
      "id": "rmdb9:27017",
      "port": 27017,
      "rsId": "tsetrepRestore",
      "state": "COPY_FILES",
      "stateUpdateTime": 1784039567
    },
    {
      "error": null,
      "hostname": "rmdb7",
      "id": "rmdb7:27017",
      "port": 27017,
      "rsId": "tsetrepRestore",
      "state": "COPY_FILES",
      "stateUpdateTime": 1784039570
    },
    {
      "error": null,
      "hostname": "rmdb8",
      "id": "rmdb8:27017",
      "port": 27017,
      "rsId": "tsetrepRestore",
      "state": "RECOVERY_IN_PROGRESS",
      "stateUpdateTime": 1784039580
    }
  ],
  "state": "COPY_FILES"
}
2026-07-14 09:38:32,754 [INFO] Restore state: COPY_FILES
2026-07-14 09:38:42,755 [DEBUG] API GET http://129.40.36.100:8080/api/public/v1.0/backup/third_party/group/6a386221ee19a6537cc68a97/restore/6a5646ba8a91cdade89e3b2f
2026-07-14 09:38:42,891 [DEBUG] STATUS 200
2026-07-14 09:38:42,891 [DEBUG] {
  "clusterMapping": [
    {
      "rsId": "testRep",
      "targetRsId": "tsetrepRestore"
    }
  ],
  "nodes": [
    {
      "error": null,
      "hostname": "rmdb9",
      "id": "rmdb9:27017",
      "port": 27017,
      "rsId": "tsetrepRestore",
      "state": "COPY_FILES",
      "stateUpdateTime": 1784039567
    },
    {
      "error": null,
      "hostname": "rmdb7",
      "id": "rmdb7:27017",
      "port": 27017,
      "rsId": "tsetrepRestore",
      "state": "COPY_FILES",
      "stateUpdateTime": 1784039570
    },
    {
      "error": null,
      "hostname": "rmdb8",
      "id": "rmdb8:27017",
      "port": 27017,
      "rsId": "tsetrepRestore",
      "state": "RECOVERY_IN_PROGRESS",
      "stateUpdateTime": 1784039580
    }
  ],
  "state": "COPY_FILES"
}
2026-07-14 09:38:42,891 [INFO] Restore state: COPY_FILES
2026-07-14 09:38:52,892 [DEBUG] API GET http://129.40.36.100:8080/api/public/v1.0/backup/third_party/group/6a386221ee19a6537cc68a97/restore/6a5646ba8a91cdade89e3b2f
2026-07-14 09:38:53,038 [DEBUG] STATUS 200
2026-07-14 09:38:53,038 [DEBUG] {
  "clusterMapping": [
    {
      "rsId": "testRep",
      "targetRsId": "tsetrepRestore"
    }
  ],
  "nodes": [
    {
      "error": null,
      "hostname": "rmdb9",
      "id": "rmdb9:27017",
      "port": 27017,
      "rsId": "tsetrepRestore",
      "state": "COPY_FILES",
      "stateUpdateTime": 1784039567
    },
    {
      "error": null,
      "hostname": "rmdb7",
      "id": "rmdb7:27017",
      "port": 27017,
      "rsId": "tsetrepRestore",
      "state": "COPY_FILES",
      "stateUpdateTime": 1784039570
    },
    {
      "error": null,
      "hostname": "rmdb8",
      "id": "rmdb8:27017",
      "port": 27017,
      "rsId": "tsetrepRestore",
      "state": "RECOVERY_IN_PROGRESS",
      "stateUpdateTime": 1784039580
    }
  ],
  "state": "COPY_FILES"
}
2026-07-14 09:38:53,039 [INFO] Restore state: COPY_FILES
2026-07-14 09:39:03,039 [DEBUG] API GET http://129.40.36.100:8080/api/public/v1.0/backup/third_party/group/6a386221ee19a6537cc68a97/restore/6a5646ba8a91cdade89e3b2f
2026-07-14 09:39:03,178 [DEBUG] STATUS 200
2026-07-14 09:39:03,178 [DEBUG] {
  "clusterMapping": [
    {
      "rsId": "testRep",
      "targetRsId": "tsetrepRestore"
    }
  ],
  "nodes": [
    {
      "error": null,
      "hostname": "rmdb9",
      "id": "rmdb9:27017",
      "port": 27017,
      "rsId": "tsetrepRestore",
      "state": "COPY_FILES",
      "stateUpdateTime": 1784039567
    },
    {
      "error": null,
      "hostname": "rmdb7",
      "id": "rmdb7:27017",
      "port": 27017,
      "rsId": "tsetrepRestore",
      "state": "COPY_FILES",
      "stateUpdateTime": 1784039570
    },
    {
      "error": null,
      "hostname": "rmdb8",
      "id": "rmdb8:27017",
      "port": 27017,
      "rsId": "tsetrepRestore",
      "state": "RECOVERY_IN_PROGRESS",
      "stateUpdateTime": 1784039580
    }
  ],
  "state": "COPY_FILES"
}
2026-07-14 09:39:03,179 [INFO] Restore state: COPY_FILES
2026-07-14 09:39:13,179 [DEBUG] API GET http://129.40.36.100:8080/api/public/v1.0/backup/third_party/group/6a386221ee19a6537cc68a97/restore/6a5646ba8a91cdade89e3b2f
2026-07-14 09:39:13,318 [DEBUG] STATUS 200
2026-07-14 09:39:13,319 [DEBUG] {
  "clusterMapping": [
    {
      "rsId": "testRep",
      "targetRsId": "tsetrepRestore"
    }
  ],
  "nodes": [
    {
      "error": null,
      "hostname": "rmdb9",
      "id": "rmdb9:27017",
      "port": 27017,
      "rsId": "tsetrepRestore",
      "state": "COPY_FILES",
      "stateUpdateTime": 1784039567
    },
    {
      "error": null,
      "hostname": "rmdb7",
      "id": "rmdb7:27017",
      "port": 27017,
      "rsId": "tsetrepRestore",
      "state": "COPY_FILES",
      "stateUpdateTime": 1784039570
    },
    {
      "error": null,
      "hostname": "rmdb8",
      "id": "rmdb8:27017",
      "port": 27017,
      "rsId": "tsetrepRestore",
      "state": "RECOVERY_IN_PROGRESS",
      "stateUpdateTime": 1784039580
    }
  ],
  "state": "COPY_FILES"
}
2026-07-14 09:39:13,319 [INFO] Restore state: COPY_FILES
2026-07-14 09:39:23,320 [DEBUG] API GET http://129.40.36.100:8080/api/public/v1.0/backup/third_party/group/6a386221ee19a6537cc68a97/restore/6a5646ba8a91cdade89e3b2f
2026-07-14 09:39:23,458 [DEBUG] STATUS 200
2026-07-14 09:39:23,459 [DEBUG] {
  "clusterMapping": [
    {
      "rsId": "testRep",
      "targetRsId": "tsetrepRestore"
    }
  ],
  "nodes": [
    {
      "error": null,
      "hostname": "rmdb9",
      "id": "rmdb9:27017",
      "port": 27017,
      "rsId": "tsetrepRestore",
      "state": "COPY_FILES",
      "stateUpdateTime": 1784039567
    },
    {
      "error": null,
      "hostname": "rmdb7",
      "id": "rmdb7:27017",
      "port": 27017,
      "rsId": "tsetrepRestore",
      "state": "COPY_FILES",
      "stateUpdateTime": 1784039570
    },
    {
      "error": null,
      "hostname": "rmdb8",
      "id": "rmdb8:27017",
      "port": 27017,
      "rsId": "tsetrepRestore",
      "state": "RECOVERY_IN_PROGRESS",
      "stateUpdateTime": 1784039580
    }
  ],
  "state": "COPY_FILES"
}
2026-07-14 09:39:23,459 [INFO] Restore state: COPY_FILES
2026-07-14 09:39:33,460 [DEBUG] API GET http://129.40.36.100:8080/api/public/v1.0/backup/third_party/group/6a386221ee19a6537cc68a97/restore/6a5646ba8a91cdade89e3b2f
2026-07-14 09:39:33,673 [DEBUG] STATUS 200
2026-07-14 09:39:33,673 [DEBUG] {
  "clusterMapping": [
    {
      "rsId": "testRep",
      "targetRsId": "tsetrepRestore"
    }
  ],
  "nodes": [
    {
      "error": null,
      "hostname": "rmdb9",
      "id": "rmdb9:27017",
      "port": 27017,
      "rsId": "tsetrepRestore",
      "state": "COPY_FILES",
      "stateUpdateTime": 1784039567
    },
    {
      "error": null,
      "hostname": "rmdb7",
      "id": "rmdb7:27017",
      "port": 27017,
      "rsId": "tsetrepRestore",
      "state": "COPY_FILES",
      "stateUpdateTime": 1784039570
    },
    {
      "error": null,
      "hostname": "rmdb8",
      "id": "rmdb8:27017",
      "port": 27017,
      "rsId": "tsetrepRestore",
      "state": "RECOVERY_IN_PROGRESS",
      "stateUpdateTime": 1784039580
    }
  ],
  "state": "COPY_FILES"
}
2026-07-14 09:39:33,673 [INFO] Restore state: COPY_FILES
2026-07-14 09:39:43,674 [DEBUG] API GET http://129.40.36.100:8080/api/public/v1.0/backup/third_party/group/6a386221ee19a6537cc68a97/restore/6a5646ba8a91cdade89e3b2f
2026-07-14 09:39:43,823 [DEBUG] STATUS 200
2026-07-14 09:39:43,823 [DEBUG] {
  "clusterMapping": [
    {
      "rsId": "testRep",
      "targetRsId": "tsetrepRestore"
    }
  ],
  "nodes": [
    {
      "error": null,
      "hostname": "rmdb9",
      "id": "rmdb9:27017",
      "port": 27017,
      "rsId": "tsetrepRestore",
      "state": "COPY_FILES",
      "stateUpdateTime": 1784039567
    },
    {
      "error": null,
      "hostname": "rmdb7",
      "id": "rmdb7:27017",
      "port": 27017,
      "rsId": "tsetrepRestore",
      "state": "COPY_FILES",
      "stateUpdateTime": 1784039570
    },
    {
      "error": null,
      "hostname": "rmdb8",
      "id": "rmdb8:27017",
      "port": 27017,
      "rsId": "tsetrepRestore",
      "state": "RECOVERY_IN_PROGRESS",
      "stateUpdateTime": 1784039580
    }
  ],
  "state": "COPY_FILES"
}
2026-07-14 09:39:43,824 [INFO] Restore state: COPY_FILES
2026-07-14 09:39:53,825 [DEBUG] API GET http://129.40.36.100:8080/api/public/v1.0/backup/third_party/group/6a386221ee19a6537cc68a97/restore/6a5646ba8a91cdade89e3b2f
2026-07-14 09:39:53,964 [DEBUG] STATUS 200
2026-07-14 09:39:53,964 [DEBUG] {
  "clusterMapping": [
    {
      "rsId": "testRep",
      "targetRsId": "tsetrepRestore"
    }
  ],
  "nodes": [
    {
      "error": null,
      "hostname": "rmdb9",
      "id": "rmdb9:27017",
      "port": 27017,
      "rsId": "tsetrepRestore",
      "state": "COPY_FILES",
      "stateUpdateTime": 1784039567
    },
    {
      "error": null,
      "hostname": "rmdb7",
      "id": "rmdb7:27017",
      "port": 27017,
      "rsId": "tsetrepRestore",
      "state": "COPY_FILES",
      "stateUpdateTime": 1784039570
    },
    {
      "error": null,
      "hostname": "rmdb8",
      "id": "rmdb8:27017",
      "port": 27017,
      "rsId": "tsetrepRestore",
      "state": "RECOVERY_IN_PROGRESS",
      "stateUpdateTime": 1784039580
    }
  ],
  "state": "COPY_FILES"
}
2026-07-14 09:39:53,964 [INFO] Restore state: COPY_FILES
2026-07-14 09:40:03,965 [DEBUG] API GET http://129.40.36.100:8080/api/public/v1.0/backup/third_party/group/6a386221ee19a6537cc68a97/restore/6a5646ba8a91cdade89e3b2f
2026-07-14 09:40:04,112 [DEBUG] STATUS 200
2026-07-14 09:40:04,112 [DEBUG] {
  "clusterMapping": [
    {
      "rsId": "testRep",
      "targetRsId": "tsetrepRestore"
    }
  ],
  "nodes": [
    {
      "error": null,
      "hostname": "rmdb9",
      "id": "rmdb9:27017",
      "port": 27017,
      "rsId": "tsetrepRestore",
      "state": "COPY_FILES",
      "stateUpdateTime": 1784039567
    },
    {
      "error": null,
      "hostname": "rmdb7",
      "id": "rmdb7:27017",
      "port": 27017,
      "rsId": "tsetrepRestore",
      "state": "COPY_FILES",
      "stateUpdateTime": 1784039570
    },
    {
      "error": null,
      "hostname": "rmdb8",
      "id": "rmdb8:27017",
      "port": 27017,
      "rsId": "tsetrepRestore",
      "state": "RECOVERY_IN_PROGRESS",
      "stateUpdateTime": 1784039580
    }
  ],
  "state": "COPY_FILES"
}
2026-07-14 09:40:04,112 [INFO] Restore state: COPY_FILES
2026-07-14 09:40:14,113 [DEBUG] API GET http://129.40.36.100:8080/api/public/v1.0/backup/third_party/group/6a386221ee19a6537cc68a97/restore/6a5646ba8a91cdade89e3b2f
2026-07-14 09:40:14,247 [DEBUG] STATUS 200
2026-07-14 09:40:14,248 [DEBUG] {
  "clusterMapping": [
    {
      "rsId": "testRep",
      "targetRsId": "tsetrepRestore"
    }
  ],
  "nodes": [
    {
      "error": null,
      "hostname": "rmdb9",
      "id": "rmdb9:27017",
      "port": 27017,
      "rsId": "tsetrepRestore",
      "state": "COPY_FILES",
      "stateUpdateTime": 1784039567
    },
    {
      "error": null,
      "hostname": "rmdb7",
      "id": "rmdb7:27017",
      "port": 27017,
      "rsId": "tsetrepRestore",
      "state": "COPY_FILES",
      "stateUpdateTime": 1784039570
    },
    {
      "error": null,
      "hostname": "rmdb8",
      "id": "rmdb8:27017",
      "port": 27017,
      "rsId": "tsetrepRestore",
      "state": "RECOVERY_IN_PROGRESS",
      "stateUpdateTime": 1784039580
    }
  ],
  "state": "COPY_FILES"
}
2026-07-14 09:40:14,248 [INFO] Restore state: COPY_FILES
2026-07-14 09:40:24,249 [DEBUG] API GET http://129.40.36.100:8080/api/public/v1.0/backup/third_party/group/6a386221ee19a6537cc68a97/restore/6a5646ba8a91cdade89e3b2f
2026-07-14 09:40:24,383 [DEBUG] STATUS 200
2026-07-14 09:40:24,383 [DEBUG] {
  "clusterMapping": [
    {
      "rsId": "testRep",
      "targetRsId": "tsetrepRestore"
    }
  ],
  "nodes": [
    {
      "error": null,
      "hostname": "rmdb9",
      "id": "rmdb9:27017",
      "port": 27017,
      "rsId": "tsetrepRestore",
      "state": "COPY_FILES",
      "stateUpdateTime": 1784039567
    },
    {
      "error": null,
      "hostname": "rmdb7",
      "id": "rmdb7:27017",
      "port": 27017,
      "rsId": "tsetrepRestore",
      "state": "COPY_FILES",
      "stateUpdateTime": 1784039570
    },
    {
      "error": null,
      "hostname": "rmdb8",
      "id": "rmdb8:27017",
      "port": 27017,
      "rsId": "tsetrepRestore",
      "state": "RECOVERY_IN_PROGRESS",
      "stateUpdateTime": 1784039580
    }
  ],
  "state": "COPY_FILES"
}
2026-07-14 09:40:24,383 [INFO] Restore state: COPY_FILES
2026-07-14 09:40:34,384 [DEBUG] API GET http://129.40.36.100:8080/api/public/v1.0/backup/third_party/group/6a386221ee19a6537cc68a97/restore/6a5646ba8a91cdade89e3b2f
2026-07-14 09:40:34,577 [DEBUG] STATUS 200
2026-07-14 09:40:34,577 [DEBUG] {
  "clusterMapping": [
    {
      "rsId": "testRep",
      "targetRsId": "tsetrepRestore"
    }
  ],
  "nodes": [
    {
      "error": null,
      "hostname": "rmdb9",
      "id": "rmdb9:27017",
      "port": 27017,
      "rsId": "tsetrepRestore",
      "state": "COPY_FILES",
      "stateUpdateTime": 1784039567
    },
    {
      "error": null,
      "hostname": "rmdb7",
      "id": "rmdb7:27017",
      "port": 27017,
      "rsId": "tsetrepRestore",
      "state": "COPY_FILES",
      "stateUpdateTime": 1784039570
    },
    {
      "error": null,
      "hostname": "rmdb8",
      "id": "rmdb8:27017",
      "port": 27017,
      "rsId": "tsetrepRestore",
      "state": "RECOVERY_IN_PROGRESS",
      "stateUpdateTime": 1784039580
    }
  ],
  "state": "COPY_FILES"
}
2026-07-14 09:40:34,578 [INFO] Restore state: COPY_FILES
2026-07-14 09:40:44,579 [DEBUG] API GET http://129.40.36.100:8080/api/public/v1.0/backup/third_party/group/6a386221ee19a6537cc68a97/restore/6a5646ba8a91cdade89e3b2f
2026-07-14 09:40:44,715 [DEBUG] STATUS 200
2026-07-14 09:40:44,715 [DEBUG] {
  "clusterMapping": [
    {
      "rsId": "testRep",
      "targetRsId": "tsetrepRestore"
    }
  ],
  "nodes": [
    {
      "error": null,
      "hostname": "rmdb9",
      "id": "rmdb9:27017",
      "port": 27017,
      "rsId": "tsetrepRestore",
      "state": "COPY_FILES",
      "stateUpdateTime": 1784039567
    },
    {
      "error": null,
      "hostname": "rmdb7",
      "id": "rmdb7:27017",
      "port": 27017,
      "rsId": "tsetrepRestore",
      "state": "COPY_FILES",
      "stateUpdateTime": 1784039570
    },
    {
      "error": null,
      "hostname": "rmdb8",
      "id": "rmdb8:27017",
      "port": 27017,
      "rsId": "tsetrepRestore",
      "state": "RECOVERY_IN_PROGRESS",
      "stateUpdateTime": 1784039580
    }
  ],
  "state": "COPY_FILES"
}
2026-07-14 09:40:44,716 [INFO] Restore state: COPY_FILES
2026-07-14 09:40:54,716 [DEBUG] API GET http://129.40.36.100:8080/api/public/v1.0/backup/third_party/group/6a386221ee19a6537cc68a97/restore/6a5646ba8a91cdade89e3b2f
2026-07-14 09:40:54,853 [DEBUG] STATUS 200
2026-07-14 09:40:54,853 [DEBUG] {
  "clusterMapping": [
    {
      "rsId": "testRep",
      "targetRsId": "tsetrepRestore"
    }
  ],
  "nodes": [
    {
      "error": null,
      "hostname": "rmdb9",
      "id": "rmdb9:27017",
      "port": 27017,
      "rsId": "tsetrepRestore",
      "state": "COPY_FILES",
      "stateUpdateTime": 1784039567
    },
    {
      "error": null,
      "hostname": "rmdb7",
      "id": "rmdb7:27017",
      "port": 27017,
      "rsId": "tsetrepRestore",
      "state": "COPY_FILES",
      "stateUpdateTime": 1784039570
    },
    {
      "error": null,
      "hostname": "rmdb8",
      "id": "rmdb8:27017",
      "port": 27017,
      "rsId": "tsetrepRestore",
      "state": "RECOVERY_IN_PROGRESS",
      "stateUpdateTime": 1784039580
    }
  ],
  "state": "COPY_FILES"
}
2026-07-14 09:40:54,853 [INFO] Restore state: COPY_FILES
2026-07-14 09:41:04,854 [DEBUG] API GET http://129.40.36.100:8080/api/public/v1.0/backup/third_party/group/6a386221ee19a6537cc68a97/restore/6a5646ba8a91cdade89e3b2f
2026-07-14 09:41:04,995 [DEBUG] STATUS 200
2026-07-14 09:41:04,995 [DEBUG] {
  "clusterMapping": [
    {
      "rsId": "testRep",
      "targetRsId": "tsetrepRestore"
    }
  ],
  "nodes": [
    {
      "error": null,
      "hostname": "rmdb9",
      "id": "rmdb9:27017",
      "port": 27017,
      "rsId": "tsetrepRestore",
      "state": "COPY_FILES",
      "stateUpdateTime": 1784039567
    },
    {
      "error": null,
      "hostname": "rmdb7",
      "id": "rmdb7:27017",
      "port": 27017,
      "rsId": "tsetrepRestore",
      "state": "COPY_FILES",
      "stateUpdateTime": 1784039570
    },
    {
      "error": null,
      "hostname": "rmdb8",
      "id": "rmdb8:27017",
      "port": 27017,
      "rsId": "tsetrepRestore",
      "state": "RECOVERY_IN_PROGRESS",
      "stateUpdateTime": 1784039580
    }
  ],
  "state": "COPY_FILES"
}
2026-07-14 09:41:04,995 [INFO] Restore state: COPY_FILES
2026-07-14 09:41:14,996 [DEBUG] API GET http://129.40.36.100:8080/api/public/v1.0/backup/third_party/group/6a386221ee19a6537cc68a97/restore/6a5646ba8a91cdade89e3b2f
2026-07-14 09:41:15,132 [DEBUG] STATUS 200
2026-07-14 09:41:15,133 [DEBUG] {
  "clusterMapping": [
    {
      "rsId": "testRep",
      "targetRsId": "tsetrepRestore"
    }
  ],
  "nodes": [
    {
      "error": null,
      "hostname": "rmdb9",
      "id": "rmdb9:27017",
      "port": 27017,
      "rsId": "tsetrepRestore",
      "state": "COPY_FILES",
      "stateUpdateTime": 1784039567
    },
    {
      "error": null,
      "hostname": "rmdb7",
      "id": "rmdb7:27017",
      "port": 27017,
      "rsId": "tsetrepRestore",
      "state": "COPY_FILES",
      "stateUpdateTime": 1784039570
    },
    {
      "error": null,
      "hostname": "rmdb8",
      "id": "rmdb8:27017",
      "port": 27017,
      "rsId": "tsetrepRestore",
      "state": "RECOVERY_IN_PROGRESS",
      "stateUpdateTime": 1784039580
    }
  ],
  "state": "COPY_FILES"
}
2026-07-14 09:41:15,133 [INFO] Restore state: COPY_FILES
2026-07-14 09:41:25,134 [DEBUG] API GET http://129.40.36.100:8080/api/public/v1.0/backup/third_party/group/6a386221ee19a6537cc68a97/restore/6a5646ba8a91cdade89e3b2f
2026-07-14 09:41:25,269 [DEBUG] STATUS 200
2026-07-14 09:41:25,269 [DEBUG] {
  "clusterMapping": [
    {
      "rsId": "testRep",
      "targetRsId": "tsetrepRestore"
    }
  ],
  "nodes": [
    {
      "error": null,
      "hostname": "rmdb9",
      "id": "rmdb9:27017",
      "port": 27017,
      "rsId": "tsetrepRestore",
      "state": "COPY_FILES",
      "stateUpdateTime": 1784039567
    },
    {
      "error": null,
      "hostname": "rmdb7",
      "id": "rmdb7:27017",
      "port": 27017,
      "rsId": "tsetrepRestore",
      "state": "COPY_FILES",
      "stateUpdateTime": 1784039570
    },
    {
      "error": null,
      "hostname": "rmdb8",
      "id": "rmdb8:27017",
      "port": 27017,
      "rsId": "tsetrepRestore",
      "state": "RECOVERY_IN_PROGRESS",
      "stateUpdateTime": 1784039580
    }
  ],
  "state": "COPY_FILES"
}
2026-07-14 09:41:25,270 [INFO] Restore state: COPY_FILES
2026-07-14 09:41:35,272 [DEBUG] API GET http://129.40.36.100:8080/api/public/v1.0/backup/third_party/group/6a386221ee19a6537cc68a97/restore/6a5646ba8a91cdade89e3b2f
2026-07-14 09:41:35,470 [DEBUG] STATUS 200
2026-07-14 09:41:35,470 [DEBUG] {
  "clusterMapping": [
    {
      "rsId": "testRep",
      "targetRsId": "tsetrepRestore"
    }
  ],
  "nodes": [
    {
      "error": null,
      "hostname": "rmdb9",
      "id": "rmdb9:27017",
      "port": 27017,
      "rsId": "tsetrepRestore",
      "state": "COPY_FILES",
      "stateUpdateTime": 1784039567
    },
    {
      "error": null,
      "hostname": "rmdb7",
      "id": "rmdb7:27017",
      "port": 27017,
      "rsId": "tsetrepRestore",
      "state": "COPY_FILES",
      "stateUpdateTime": 1784039570
    },
    {
      "error": null,
      "hostname": "rmdb8",
      "id": "rmdb8:27017",
      "port": 27017,
      "rsId": "tsetrepRestore",
      "state": "RECOVERY_IN_PROGRESS",
      "stateUpdateTime": 1784039580
    }
  ],
  "state": "COPY_FILES"
}
2026-07-14 09:41:35,471 [INFO] Restore state: COPY_FILES
2026-07-14 09:41:45,471 [DEBUG] API GET http://129.40.36.100:8080/api/public/v1.0/backup/third_party/group/6a386221ee19a6537cc68a97/restore/6a5646ba8a91cdade89e3b2f
2026-07-14 09:41:45,614 [DEBUG] STATUS 200
2026-07-14 09:41:45,614 [DEBUG] {
  "clusterMapping": [
    {
      "rsId": "testRep",
      "targetRsId": "tsetrepRestore"
    }
  ],
  "nodes": [
    {
      "error": null,
      "hostname": "rmdb9",
      "id": "rmdb9:27017",
      "port": 27017,
      "rsId": "tsetrepRestore",
      "state": "COPY_FILES",
      "stateUpdateTime": 1784039567
    },
    {
      "error": null,
      "hostname": "rmdb7",
      "id": "rmdb7:27017",
      "port": 27017,
      "rsId": "tsetrepRestore",
      "state": "COPY_FILES",
      "stateUpdateTime": 1784039570
    },
    {
      "error": null,
      "hostname": "rmdb8",
      "id": "rmdb8:27017",
      "port": 27017,
      "rsId": "tsetrepRestore",
      "state": "RECOVERY_IN_PROGRESS",
      "stateUpdateTime": 1784039580
    }
  ],
  "state": "COPY_FILES"
}
2026-07-14 09:41:45,614 [INFO] Restore state: COPY_FILES
2026-07-14 09:41:55,615 [DEBUG] API GET http://129.40.36.100:8080/api/public/v1.0/backup/third_party/group/6a386221ee19a6537cc68a97/restore/6a5646ba8a91cdade89e3b2f
2026-07-14 09:41:55,753 [DEBUG] STATUS 200
2026-07-14 09:41:55,754 [DEBUG] {
  "clusterMapping": [
    {
      "rsId": "testRep",
      "targetRsId": "tsetrepRestore"
    }
  ],
  "nodes": [
    {
      "error": null,
      "hostname": "rmdb9",
      "id": "rmdb9:27017",
      "port": 27017,
      "rsId": "tsetrepRestore",
      "state": "COPY_FILES",
      "stateUpdateTime": 1784039567
    },
    {
      "error": null,
      "hostname": "rmdb7",
      "id": "rmdb7:27017",
      "port": 27017,
      "rsId": "tsetrepRestore",
      "state": "COPY_FILES",
      "stateUpdateTime": 1784039570
    },
    {
      "error": null,
      "hostname": "rmdb8",
      "id": "rmdb8:27017",
      "port": 27017,
      "rsId": "tsetrepRestore",
      "state": "RECOVERY_IN_PROGRESS",
      "stateUpdateTime": 1784039580
    }
  ],
  "state": "COPY_FILES"
}
2026-07-14 09:41:55,754 [INFO] Restore state: COPY_FILES
2026-07-14 09:42:05,755 [DEBUG] API GET http://129.40.36.100:8080/api/public/v1.0/backup/third_party/group/6a386221ee19a6537cc68a97/restore/6a5646ba8a91cdade89e3b2f
2026-07-14 09:42:05,893 [DEBUG] STATUS 200
2026-07-14 09:42:05,893 [DEBUG] {
  "clusterMapping": [
    {
      "rsId": "testRep",
      "targetRsId": "tsetrepRestore"
    }
  ],
  "nodes": [
    {
      "error": null,
      "hostname": "rmdb9",
      "id": "rmdb9:27017",
      "port": 27017,
      "rsId": "tsetrepRestore",
      "state": "COPY_FILES",
      "stateUpdateTime": 1784039567
    },
    {
      "error": null,
      "hostname": "rmdb7",
      "id": "rmdb7:27017",
      "port": 27017,
      "rsId": "tsetrepRestore",
      "state": "COPY_FILES",
      "stateUpdateTime": 1784039570
    },
    {
      "error": null,
      "hostname": "rmdb8",
      "id": "rmdb8:27017",
      "port": 27017,
      "rsId": "tsetrepRestore",
      "state": "RECOVERY_IN_PROGRESS",
      "stateUpdateTime": 1784039580
    }
  ],
  "state": "COPY_FILES"
}
2026-07-14 09:42:05,893 [INFO] Restore state: COPY_FILES
2026-07-14 09:42:15,894 [DEBUG] API GET http://129.40.36.100:8080/api/public/v1.0/backup/third_party/group/6a386221ee19a6537cc68a97/restore/6a5646ba8a91cdade89e3b2f
2026-07-14 09:42:16,033 [DEBUG] STATUS 200
2026-07-14 09:42:16,033 [DEBUG] {
  "clusterMapping": [
    {
      "rsId": "testRep",
      "targetRsId": "tsetrepRestore"
    }
  ],
  "nodes": [
    {
      "error": null,
      "hostname": "rmdb9",
      "id": "rmdb9:27017",
      "port": 27017,
      "rsId": "tsetrepRestore",
      "state": "COPY_FILES",
      "stateUpdateTime": 1784039567
    },
    {
      "error": null,
      "hostname": "rmdb7",
      "id": "rmdb7:27017",
      "port": 27017,
      "rsId": "tsetrepRestore",
      "state": "COPY_FILES",
      "stateUpdateTime": 1784039570
    },
    {
      "error": null,
      "hostname": "rmdb8",
      "id": "rmdb8:27017",
      "port": 27017,
      "rsId": "tsetrepRestore",
      "state": "RECOVERY_IN_PROGRESS",
      "stateUpdateTime": 1784039580
    }
  ],
  "state": "COPY_FILES"
}
2026-07-14 09:42:16,034 [INFO] Restore state: COPY_FILES
2026-07-14 09:42:26,034 [DEBUG] API GET http://129.40.36.100:8080/api/public/v1.0/backup/third_party/group/6a386221ee19a6537cc68a97/restore/6a5646ba8a91cdade89e3b2f
2026-07-14 09:42:26,172 [DEBUG] STATUS 200
2026-07-14 09:42:26,172 [DEBUG] {
  "clusterMapping": [
    {
      "rsId": "testRep",
      "targetRsId": "tsetrepRestore"
    }
  ],
  "nodes": [
    {
      "error": null,
      "hostname": "rmdb9",
      "id": "rmdb9:27017",
      "port": 27017,
      "rsId": "tsetrepRestore",
      "state": "COPY_FILES",
      "stateUpdateTime": 1784039567
    },
    {
      "error": null,
      "hostname": "rmdb7",
      "id": "rmdb7:27017",
      "port": 27017,
      "rsId": "tsetrepRestore",
      "state": "COPY_FILES",
      "stateUpdateTime": 1784039570
    },
    {
      "error": null,
      "hostname": "rmdb8",
      "id": "rmdb8:27017",
      "port": 27017,
      "rsId": "tsetrepRestore",
      "state": "RECOVERY_IN_PROGRESS",
      "stateUpdateTime": 1784039580
    }
  ],
  "state": "COPY_FILES"
}
2026-07-14 09:42:26,173 [INFO] Restore state: COPY_FILES
2026-07-14 09:42:36,173 [DEBUG] API GET http://129.40.36.100:8080/api/public/v1.0/backup/third_party/group/6a386221ee19a6537cc68a97/restore/6a5646ba8a91cdade89e3b2f
2026-07-14 09:42:36,365 [DEBUG] STATUS 200
2026-07-14 09:42:36,366 [DEBUG] {
  "clusterMapping": [
    {
      "rsId": "testRep",
      "targetRsId": "tsetrepRestore"
    }
  ],
  "nodes": [
    {
      "error": null,
      "hostname": "rmdb9",
      "id": "rmdb9:27017",
      "port": 27017,
      "rsId": "tsetrepRestore",
      "state": "COPY_FILES",
      "stateUpdateTime": 1784039567
    },
    {
      "error": null,
      "hostname": "rmdb7",
      "id": "rmdb7:27017",
      "port": 27017,
      "rsId": "tsetrepRestore",
      "state": "COPY_FILES",
      "stateUpdateTime": 1784039570
    },
    {
      "error": null,
      "hostname": "rmdb8",
      "id": "rmdb8:27017",
      "port": 27017,
      "rsId": "tsetrepRestore",
      "state": "RECOVERY_IN_PROGRESS",
      "stateUpdateTime": 1784039580
    }
  ],
  "state": "COPY_FILES"
}
2026-07-14 09:42:36,366 [INFO] Restore state: COPY_FILES
2026-07-14 09:42:46,367 [DEBUG] API GET http://129.40.36.100:8080/api/public/v1.0/backup/third_party/group/6a386221ee19a6537cc68a97/restore/6a5646ba8a91cdade89e3b2f
2026-07-14 09:42:46,505 [DEBUG] STATUS 200
2026-07-14 09:42:46,505 [DEBUG] {
  "clusterMapping": [
    {
      "rsId": "testRep",
      "targetRsId": "tsetrepRestore"
    }
  ],
  "nodes": [
    {
      "error": null,
      "hostname": "rmdb9",
      "id": "rmdb9:27017",
      "port": 27017,
      "rsId": "tsetrepRestore",
      "state": "COPY_FILES",
      "stateUpdateTime": 1784039567
    },
    {
      "error": null,
      "hostname": "rmdb7",
      "id": "rmdb7:27017",
      "port": 27017,
      "rsId": "tsetrepRestore",
      "state": "COPY_FILES",
      "stateUpdateTime": 1784039570
    },
    {
      "error": null,
      "hostname": "rmdb8",
      "id": "rmdb8:27017",
      "port": 27017,
      "rsId": "tsetrepRestore",
      "state": "RECOVERY_IN_PROGRESS",
      "stateUpdateTime": 1784039580
    }
  ],
  "state": "COPY_FILES"
}
2026-07-14 09:42:46,505 [INFO] Restore state: COPY_FILES
2026-07-14 09:42:56,506 [DEBUG] API GET http://129.40.36.100:8080/api/public/v1.0/backup/third_party/group/6a386221ee19a6537cc68a97/restore/6a5646ba8a91cdade89e3b2f
2026-07-14 09:42:56,660 [DEBUG] STATUS 200
2026-07-14 09:42:56,660 [DEBUG] {
  "clusterMapping": [
    {
      "rsId": "testRep",
      "targetRsId": "tsetrepRestore"
    }
  ],
  "nodes": [
    {
      "error": null,
      "hostname": "rmdb9",
      "id": "rmdb9:27017",
      "port": 27017,
      "rsId": "tsetrepRestore",
      "state": "COPY_FILES",
      "stateUpdateTime": 1784039567
    },
    {
      "error": null,
      "hostname": "rmdb7",
      "id": "rmdb7:27017",
      "port": 27017,
      "rsId": "tsetrepRestore",
      "state": "COPY_FILES",
      "stateUpdateTime": 1784039570
    },
    {
      "error": null,
      "hostname": "rmdb8",
      "id": "rmdb8:27017",
      "port": 27017,
      "rsId": "tsetrepRestore",
      "state": "RECOVERY_IN_PROGRESS",
      "stateUpdateTime": 1784039580
    }
  ],
  "state": "COPY_FILES"
}
2026-07-14 09:42:56,660 [INFO] Restore state: COPY_FILES
2026-07-14 09:43:06,661 [DEBUG] API GET http://129.40.36.100:8080/api/public/v1.0/backup/third_party/group/6a386221ee19a6537cc68a97/restore/6a5646ba8a91cdade89e3b2f
2026-07-14 09:43:06,799 [DEBUG] STATUS 200
2026-07-14 09:43:06,799 [DEBUG] {
  "clusterMapping": [
    {
      "rsId": "testRep",
      "targetRsId": "tsetrepRestore"
    }
  ],
  "nodes": [
    {
      "error": null,
      "hostname": "rmdb9",
      "id": "rmdb9:27017",
      "port": 27017,
      "rsId": "tsetrepRestore",
      "state": "COPY_FILES",
      "stateUpdateTime": 1784039567
    },
    {
      "error": null,
      "hostname": "rmdb7",
      "id": "rmdb7:27017",
      "port": 27017,
      "rsId": "tsetrepRestore",
      "state": "COPY_FILES",
      "stateUpdateTime": 1784039570
    },
    {
      "error": null,
      "hostname": "rmdb8",
      "id": "rmdb8:27017",
      "port": 27017,
      "rsId": "tsetrepRestore",
      "state": "RECOVERY_IN_PROGRESS",
      "stateUpdateTime": 1784039580
    }
  ],
  "state": "COPY_FILES"
}
2026-07-14 09:43:06,799 [INFO] Restore state: COPY_FILES
2026-07-14 09:43:16,800 [DEBUG] API GET http://129.40.36.100:8080/api/public/v1.0/backup/third_party/group/6a386221ee19a6537cc68a97/restore/6a5646ba8a91cdade89e3b2f
2026-07-14 09:43:16,960 [DEBUG] STATUS 200
2026-07-14 09:43:16,960 [DEBUG] {
  "clusterMapping": [
    {
      "rsId": "testRep",
      "targetRsId": "tsetrepRestore"
    }
  ],
  "nodes": [
    {
      "error": null,
      "hostname": "rmdb9",
      "id": "rmdb9:27017",
      "port": 27017,
      "rsId": "tsetrepRestore",
      "state": "COPY_FILES",
      "stateUpdateTime": 1784039567
    },
    {
      "error": null,
      "hostname": "rmdb7",
      "id": "rmdb7:27017",
      "port": 27017,
      "rsId": "tsetrepRestore",
      "state": "COPY_FILES",
      "stateUpdateTime": 1784039570
    },
    {
      "error": null,
      "hostname": "rmdb8",
      "id": "rmdb8:27017",
      "port": 27017,
      "rsId": "tsetrepRestore",
      "state": "RECOVERY_IN_PROGRESS",
      "stateUpdateTime": 1784039580
    }
  ],
  "state": "COPY_FILES"
}
2026-07-14 09:43:16,960 [INFO] Restore state: COPY_FILES
2026-07-14 09:43:26,961 [DEBUG] API GET http://129.40.36.100:8080/api/public/v1.0/backup/third_party/group/6a386221ee19a6537cc68a97/restore/6a5646ba8a91cdade89e3b2f
2026-07-14 09:43:27,098 [DEBUG] STATUS 200
2026-07-14 09:43:27,098 [DEBUG] {
  "clusterMapping": [
    {
      "rsId": "testRep",
      "targetRsId": "tsetrepRestore"
    }
  ],
  "nodes": [
    {
      "error": null,
      "hostname": "rmdb9",
      "id": "rmdb9:27017",
      "port": 27017,
      "rsId": "tsetrepRestore",
      "state": "COPY_FILES",
      "stateUpdateTime": 1784039567
    },
    {
      "error": null,
      "hostname": "rmdb7",
      "id": "rmdb7:27017",
      "port": 27017,
      "rsId": "tsetrepRestore",
      "state": "COPY_FILES",
      "stateUpdateTime": 1784039570
    },
    {
      "error": null,
      "hostname": "rmdb8",
      "id": "rmdb8:27017",
      "port": 27017,
      "rsId": "tsetrepRestore",
      "state": "RECOVERY_IN_PROGRESS",
      "stateUpdateTime": 1784039580
    }
  ],
  "state": "COPY_FILES"
}
2026-07-14 09:43:27,099 [INFO] Restore state: COPY_FILES
2026-07-14 09:43:37,099 [DEBUG] API GET http://129.40.36.100:8080/api/public/v1.0/backup/third_party/group/6a386221ee19a6537cc68a97/restore/6a5646ba8a91cdade89e3b2f
2026-07-14 09:43:37,303 [DEBUG] STATUS 200
2026-07-14 09:43:37,303 [DEBUG] {
  "clusterMapping": [
    {
      "rsId": "testRep",
      "targetRsId": "tsetrepRestore"
    }
  ],
  "nodes": [
    {
      "error": null,
      "hostname": "rmdb9",
      "id": "rmdb9:27017",
      "port": 27017,
      "rsId": "tsetrepRestore",
      "state": "COPY_FILES",
      "stateUpdateTime": 1784039567
    },
    {
      "error": null,
      "hostname": "rmdb7",
      "id": "rmdb7:27017",
      "port": 27017,
      "rsId": "tsetrepRestore",
      "state": "COPY_FILES",
      "stateUpdateTime": 1784039570
    },
    {
      "error": null,
      "hostname": "rmdb8",
      "id": "rmdb8:27017",
      "port": 27017,
      "rsId": "tsetrepRestore",
      "state": "RECOVERY_IN_PROGRESS",
      "stateUpdateTime": 1784039580
    }
  ],
  "state": "COPY_FILES"
}
2026-07-14 09:43:37,304 [INFO] Restore state: COPY_FILES
2026-07-14 09:43:47,304 [DEBUG] API GET http://129.40.36.100:8080/api/public/v1.0/backup/third_party/group/6a386221ee19a6537cc68a97/restore/6a5646ba8a91cdade89e3b2f
2026-07-14 09:43:47,443 [DEBUG] STATUS 200
2026-07-14 09:43:47,443 [DEBUG] {
  "clusterMapping": [
    {
      "rsId": "testRep",
      "targetRsId": "tsetrepRestore"
    }
  ],
  "nodes": [
    {
      "error": null,
      "hostname": "rmdb9",
      "id": "rmdb9:27017",
      "port": 27017,
      "rsId": "tsetrepRestore",
      "state": "COPY_FILES",
      "stateUpdateTime": 1784039567
    },
    {
      "error": null,
      "hostname": "rmdb7",
      "id": "rmdb7:27017",
      "port": 27017,
      "rsId": "tsetrepRestore",
      "state": "COPY_FILES",
      "stateUpdateTime": 1784039570
    },
    {
      "error": null,
      "hostname": "rmdb8",
      "id": "rmdb8:27017",
      "port": 27017,
      "rsId": "tsetrepRestore",
      "state": "RECOVERY_IN_PROGRESS",
      "stateUpdateTime": 1784039580
    }
  ],
  "state": "COPY_FILES"
}
2026-07-14 09:43:47,444 [INFO] Restore state: COPY_FILES
2026-07-14 09:43:57,445 [DEBUG] API GET http://129.40.36.100:8080/api/public/v1.0/backup/third_party/group/6a386221ee19a6537cc68a97/restore/6a5646ba8a91cdade89e3b2f
2026-07-14 09:43:57,580 [DEBUG] STATUS 200
2026-07-14 09:43:57,581 [DEBUG] {
  "clusterMapping": [
    {
      "rsId": "testRep",
      "targetRsId": "tsetrepRestore"
    }
  ],
  "nodes": [
    {
      "error": null,
      "hostname": "rmdb9",
      "id": "rmdb9:27017",
      "port": 27017,
      "rsId": "tsetrepRestore",
      "state": "COPY_FILES",
      "stateUpdateTime": 1784039567
    },
    {
      "error": null,
      "hostname": "rmdb7",
      "id": "rmdb7:27017",
      "port": 27017,
      "rsId": "tsetrepRestore",
      "state": "COPY_FILES",
      "stateUpdateTime": 1784039570
    },
    {
      "error": null,
      "hostname": "rmdb8",
      "id": "rmdb8:27017",
      "port": 27017,
      "rsId": "tsetrepRestore",
      "state": "RECOVERY_IN_PROGRESS",
      "stateUpdateTime": 1784039580
    }
  ],
  "state": "COPY_FILES"
}
2026-07-14 09:43:57,581 [INFO] Restore state: COPY_FILES
2026-07-14 09:44:07,582 [DEBUG] API GET http://129.40.36.100:8080/api/public/v1.0/backup/third_party/group/6a386221ee19a6537cc68a97/restore/6a5646ba8a91cdade89e3b2f
2026-07-14 09:44:07,734 [DEBUG] STATUS 200
2026-07-14 09:44:07,735 [DEBUG] {
  "clusterMapping": [
    {
      "rsId": "testRep",
      "targetRsId": "tsetrepRestore"
    }
  ],
  "nodes": [
    {
      "error": null,
      "hostname": "rmdb9",
      "id": "rmdb9:27017",
      "port": 27017,
      "rsId": "tsetrepRestore",
      "state": "COPY_FILES",
      "stateUpdateTime": 1784039567
    },
    {
      "error": null,
      "hostname": "rmdb7",
      "id": "rmdb7:27017",
      "port": 27017,
      "rsId": "tsetrepRestore",
      "state": "COPY_FILES",
      "stateUpdateTime": 1784039570
    },
    {
      "error": null,
      "hostname": "rmdb8",
      "id": "rmdb8:27017",
      "port": 27017,
      "rsId": "tsetrepRestore",
      "state": "RECOVERY_IN_PROGRESS",
      "stateUpdateTime": 1784039580
    }
  ],
  "state": "COPY_FILES"
}
2026-07-14 09:44:07,735 [INFO] Restore state: COPY_FILES
2026-07-14 09:44:17,736 [DEBUG] API GET http://129.40.36.100:8080/api/public/v1.0/backup/third_party/group/6a386221ee19a6537cc68a97/restore/6a5646ba8a91cdade89e3b2f
2026-07-14 09:44:17,875 [DEBUG] STATUS 200
2026-07-14 09:44:17,875 [DEBUG] {
  "clusterMapping": [
    {
      "rsId": "testRep",
      "targetRsId": "tsetrepRestore"
    }
  ],
  "nodes": [
    {
      "error": null,
      "hostname": "rmdb9",
      "id": "rmdb9:27017",
      "port": 27017,
      "rsId": "tsetrepRestore",
      "state": "COPY_FILES",
      "stateUpdateTime": 1784039567
    },
    {
      "error": null,
      "hostname": "rmdb7",
      "id": "rmdb7:27017",
      "port": 27017,
      "rsId": "tsetrepRestore",
      "state": "COPY_FILES",
      "stateUpdateTime": 1784039570
    },
    {
      "error": null,
      "hostname": "rmdb8",
      "id": "rmdb8:27017",
      "port": 27017,
      "rsId": "tsetrepRestore",
      "state": "RECOVERY_IN_PROGRESS",
      "stateUpdateTime": 1784039580
    }
  ],
  "state": "COPY_FILES"
}
2026-07-14 09:44:17,875 [INFO] Restore state: COPY_FILES
2026-07-14 09:44:27,876 [DEBUG] API GET http://129.40.36.100:8080/api/public/v1.0/backup/third_party/group/6a386221ee19a6537cc68a97/restore/6a5646ba8a91cdade89e3b2f
2026-07-14 09:44:28,023 [DEBUG] STATUS 200
2026-07-14 09:44:28,024 [DEBUG] {
  "clusterMapping": [
    {
      "rsId": "testRep",
      "targetRsId": "tsetrepRestore"
    }
  ],
  "nodes": [
    {
      "error": null,
      "hostname": "rmdb9",
      "id": "rmdb9:27017",
      "port": 27017,
      "rsId": "tsetrepRestore",
      "state": "COPY_FILES",
      "stateUpdateTime": 1784039567
    },
    {
      "error": null,
      "hostname": "rmdb7",
      "id": "rmdb7:27017",
      "port": 27017,
      "rsId": "tsetrepRestore",
      "state": "COPY_FILES",
      "stateUpdateTime": 1784039570
    },
    {
      "error": null,
      "hostname": "rmdb8",
      "id": "rmdb8:27017",
      "port": 27017,
      "rsId": "tsetrepRestore",
      "state": "RECOVERY_IN_PROGRESS",
      "stateUpdateTime": 1784039580
    }
  ],
  "state": "COPY_FILES"
}
2026-07-14 09:44:28,024 [INFO] Restore state: COPY_FILES
2026-07-14 09:44:38,025 [DEBUG] API GET http://129.40.36.100:8080/api/public/v1.0/backup/third_party/group/6a386221ee19a6537cc68a97/restore/6a5646ba8a91cdade89e3b2f
2026-07-14 09:44:38,220 [DEBUG] STATUS 200
2026-07-14 09:44:38,220 [DEBUG] {
  "clusterMapping": [
    {
      "rsId": "testRep",
      "targetRsId": "tsetrepRestore"
    }
  ],
  "nodes": [
    {
      "error": null,
      "hostname": "rmdb9",
      "id": "rmdb9:27017",
      "port": 27017,
      "rsId": "tsetrepRestore",
      "state": "COPY_FILES",
      "stateUpdateTime": 1784039567
    },
    {
      "error": null,
      "hostname": "rmdb7",
      "id": "rmdb7:27017",
      "port": 27017,
      "rsId": "tsetrepRestore",
      "state": "COPY_FILES",
      "stateUpdateTime": 1784039570
    },
    {
      "error": null,
      "hostname": "rmdb8",
      "id": "rmdb8:27017",
      "port": 27017,
      "rsId": "tsetrepRestore",
      "state": "RECOVERY_IN_PROGRESS",
      "stateUpdateTime": 1784039580
    }
  ],
  "state": "COPY_FILES"
}
2026-07-14 09:44:38,221 [INFO] Restore state: COPY_FILES
2026-07-14 09:44:48,222 [DEBUG] API GET http://129.40.36.100:8080/api/public/v1.0/backup/third_party/group/6a386221ee19a6537cc68a97/restore/6a5646ba8a91cdade89e3b2f
2026-07-14 09:44:48,383 [DEBUG] STATUS 200
2026-07-14 09:44:48,383 [DEBUG] {
  "clusterMapping": [
    {
      "rsId": "testRep",
      "targetRsId": "tsetrepRestore"
    }
  ],
  "nodes": [
    {
      "error": null,
      "hostname": "rmdb9",
      "id": "rmdb9:27017",
      "port": 27017,
      "rsId": "tsetrepRestore",
      "state": "COPY_FILES",
      "stateUpdateTime": 1784039567
    },
    {
      "error": null,
      "hostname": "rmdb7",
      "id": "rmdb7:27017",
      "port": 27017,
      "rsId": "tsetrepRestore",
      "state": "COPY_FILES",
      "stateUpdateTime": 1784039570
    },
    {
      "error": null,
      "hostname": "rmdb8",
      "id": "rmdb8:27017",
      "port": 27017,
      "rsId": "tsetrepRestore",
      "state": "RECOVERY_IN_PROGRESS",
      "stateUpdateTime": 1784039580
    }
  ],
  "state": "COPY_FILES"
}
2026-07-14 09:44:48,383 [INFO] Restore state: COPY_FILES
2026-07-14 09:44:58,384 [DEBUG] API GET http://129.40.36.100:8080/api/public/v1.0/backup/third_party/group/6a386221ee19a6537cc68a97/restore/6a5646ba8a91cdade89e3b2f
2026-07-14 09:44:58,521 [DEBUG] STATUS 200
2026-07-14 09:44:58,521 [DEBUG] {
  "clusterMapping": [
    {
      "rsId": "testRep",
      "targetRsId": "tsetrepRestore"
    }
  ],
  "nodes": [
    {
      "error": null,
      "hostname": "rmdb9",
      "id": "rmdb9:27017",
      "port": 27017,
      "rsId": "tsetrepRestore",
      "state": "COPY_FILES",
      "stateUpdateTime": 1784039567
    },
    {
      "error": null,
      "hostname": "rmdb7",
      "id": "rmdb7:27017",
      "port": 27017,
      "rsId": "tsetrepRestore",
      "state": "COPY_FILES",
      "stateUpdateTime": 1784039570
    },
    {
      "error": null,
      "hostname": "rmdb8",
      "id": "rmdb8:27017",
      "port": 27017,
      "rsId": "tsetrepRestore",
      "state": "RECOVERY_IN_PROGRESS",
      "stateUpdateTime": 1784039580
    }
  ],
  "state": "COPY_FILES"
}
2026-07-14 09:44:58,522 [INFO] Restore state: COPY_FILES
2026-07-14 09:45:08,523 [DEBUG] API GET http://129.40.36.100:8080/api/public/v1.0/backup/third_party/group/6a386221ee19a6537cc68a97/restore/6a5646ba8a91cdade89e3b2f
2026-07-14 09:45:08,659 [DEBUG] STATUS 200
2026-07-14 09:45:08,660 [DEBUG] {
  "clusterMapping": [
    {
      "rsId": "testRep",
      "targetRsId": "tsetrepRestore"
    }
  ],
  "nodes": [
    {
      "error": null,
      "hostname": "rmdb9",
      "id": "rmdb9:27017",
      "port": 27017,
      "rsId": "tsetrepRestore",
      "state": "COPY_FILES",
      "stateUpdateTime": 1784039567
    },
    {
      "error": null,
      "hostname": "rmdb7",
      "id": "rmdb7:27017",
      "port": 27017,
      "rsId": "tsetrepRestore",
      "state": "COPY_FILES",
      "stateUpdateTime": 1784039570
    },
    {
      "error": null,
      "hostname": "rmdb8",
      "id": "rmdb8:27017",
      "port": 27017,
      "rsId": "tsetrepRestore",
      "state": "RECOVERY_IN_PROGRESS",
      "stateUpdateTime": 1784039580
    }
  ],
  "state": "COPY_FILES"
}
2026-07-14 09:45:08,660 [INFO] Restore state: COPY_FILES
2026-07-14 09:45:18,661 [DEBUG] API GET http://129.40.36.100:8080/api/public/v1.0/backup/third_party/group/6a386221ee19a6537cc68a97/restore/6a5646ba8a91cdade89e3b2f
2026-07-14 09:45:18,796 [DEBUG] STATUS 200
2026-07-14 09:45:18,796 [DEBUG] {
  "clusterMapping": [
    {
      "rsId": "testRep",
      "targetRsId": "tsetrepRestore"
    }
  ],
  "nodes": [
    {
      "error": null,
      "hostname": "rmdb9",
      "id": "rmdb9:27017",
      "port": 27017,
      "rsId": "tsetrepRestore",
      "state": "COPY_FILES",
      "stateUpdateTime": 1784039567
    },
    {
      "error": null,
      "hostname": "rmdb7",
      "id": "rmdb7:27017",
      "port": 27017,
      "rsId": "tsetrepRestore",
      "state": "COPY_FILES",
      "stateUpdateTime": 1784039570
    },
    {
      "error": null,
      "hostname": "rmdb8",
      "id": "rmdb8:27017",
      "port": 27017,
      "rsId": "tsetrepRestore",
      "state": "RECOVERY_IN_PROGRESS",
      "stateUpdateTime": 1784039580
    }
  ],
  "state": "COPY_FILES"
}
2026-07-14 09:45:18,797 [INFO] Restore state: COPY_FILES
2026-07-14 09:45:28,797 [DEBUG] API GET http://129.40.36.100:8080/api/public/v1.0/backup/third_party/group/6a386221ee19a6537cc68a97/restore/6a5646ba8a91cdade89e3b2f
2026-07-14 09:45:28,933 [DEBUG] STATUS 200
2026-07-14 09:45:28,934 [DEBUG] {
  "clusterMapping": [
    {
      "rsId": "testRep",
      "targetRsId": "tsetrepRestore"
    }
  ],
  "nodes": [
    {
      "error": null,
      "hostname": "rmdb9",
      "id": "rmdb9:27017",
      "port": 27017,
      "rsId": "tsetrepRestore",
      "state": "COPY_FILES",
      "stateUpdateTime": 1784039567
    },
    {
      "error": null,
      "hostname": "rmdb7",
      "id": "rmdb7:27017",
      "port": 27017,
      "rsId": "tsetrepRestore",
      "state": "COPY_FILES",
      "stateUpdateTime": 1784039570
    },
    {
      "error": null,
      "hostname": "rmdb8",
      "id": "rmdb8:27017",
      "port": 27017,
      "rsId": "tsetrepRestore",
      "state": "RECOVERY_IN_PROGRESS",
      "stateUpdateTime": 1784039580
    }
  ],
  "state": "COPY_FILES"
}
2026-07-14 09:45:28,934 [INFO] Restore state: COPY_FILES
2026-07-14 09:45:38,934 [DEBUG] API GET http://129.40.36.100:8080/api/public/v1.0/backup/third_party/group/6a386221ee19a6537cc68a97/restore/6a5646ba8a91cdade89e3b2f
2026-07-14 09:45:39,126 [DEBUG] STATUS 200
2026-07-14 09:45:39,126 [DEBUG] {
  "clusterMapping": [
    {
      "rsId": "testRep",
      "targetRsId": "tsetrepRestore"
    }
  ],
  "nodes": [
    {
      "error": null,
      "hostname": "rmdb9",
      "id": "rmdb9:27017",
      "port": 27017,
      "rsId": "tsetrepRestore",
      "state": "RECOVERY_IN_PROGRESS",
      "stateUpdateTime": 1784040335
    },
    {
      "error": null,
      "hostname": "rmdb7",
      "id": "rmdb7:27017",
      "port": 27017,
      "rsId": "tsetrepRestore",
      "state": "COPY_FILES",
      "stateUpdateTime": 1784039570
    },
    {
      "error": null,
      "hostname": "rmdb8",
      "id": "rmdb8:27017",
      "port": 27017,
      "rsId": "tsetrepRestore",
      "state": "RECOVERY_IN_PROGRESS",
      "stateUpdateTime": 1784039580
    }
  ],
  "state": "COPY_FILES"
}
2026-07-14 09:45:39,126 [INFO] Restore state: COPY_FILES
2026-07-14 09:45:49,127 [DEBUG] API GET http://129.40.36.100:8080/api/public/v1.0/backup/third_party/group/6a386221ee19a6537cc68a97/restore/6a5646ba8a91cdade89e3b2f
2026-07-14 09:45:49,264 [DEBUG] STATUS 200
2026-07-14 09:45:49,264 [DEBUG] {
  "clusterMapping": [
    {
      "rsId": "testRep",
      "targetRsId": "tsetrepRestore"
    }
  ],
  "nodes": [
    {
      "error": null,
      "hostname": "rmdb9",
      "id": "rmdb9:27017",
      "port": 27017,
      "rsId": "tsetrepRestore",
      "state": "RECOVERY_IN_PROGRESS",
      "stateUpdateTime": 1784040335
    },
    {
      "error": null,
      "hostname": "rmdb7",
      "id": "rmdb7:27017",
      "port": 27017,
      "rsId": "tsetrepRestore",
      "state": "RECOVERY_IN_PROGRESS",
      "stateUpdateTime": 1784040340
    },
    {
      "error": null,
      "hostname": "rmdb8",
      "id": "rmdb8:27017",
      "port": 27017,
      "rsId": "tsetrepRestore",
      "state": "RECOVERY_IN_PROGRESS",
      "stateUpdateTime": 1784039580
    }
  ],
  "state": "RECOVERY_IN_PROGRESS"
}
2026-07-14 09:45:49,264 [INFO] Restore state: RECOVERY_IN_PROGRESS
2026-07-14 09:45:59,265 [DEBUG] API GET http://129.40.36.100:8080/api/public/v1.0/backup/third_party/group/6a386221ee19a6537cc68a97/restore/6a5646ba8a91cdade89e3b2f
2026-07-14 09:45:59,404 [DEBUG] STATUS 200
2026-07-14 09:45:59,404 [DEBUG] {
  "clusterMapping": [
    {
      "rsId": "testRep",
      "targetRsId": "tsetrepRestore"
    }
  ],
  "nodes": [
    {
      "error": null,
      "hostname": "rmdb9",
      "id": "rmdb9:27017",
      "port": 27017,
      "rsId": "tsetrepRestore",
      "state": "RECOVERY_IN_PROGRESS",
      "stateUpdateTime": 1784040335
    },
    {
      "error": null,
      "hostname": "rmdb7",
      "id": "rmdb7:27017",
      "port": 27017,
      "rsId": "tsetrepRestore",
      "state": "RECOVERY_IN_PROGRESS",
      "stateUpdateTime": 1784040340
    },
    {
      "error": null,
      "hostname": "rmdb8",
      "id": "rmdb8:27017",
      "port": 27017,
      "rsId": "tsetrepRestore",
      "state": "RECOVERY_IN_PROGRESS",
      "stateUpdateTime": 1784039580
    }
  ],
  "state": "RECOVERY_IN_PROGRESS"
}
2026-07-14 09:45:59,404 [INFO] Restore state: RECOVERY_IN_PROGRESS
2026-07-14 09:46:09,405 [DEBUG] API GET http://129.40.36.100:8080/api/public/v1.0/backup/third_party/group/6a386221ee19a6537cc68a97/restore/6a5646ba8a91cdade89e3b2f
2026-07-14 09:46:09,539 [DEBUG] STATUS 200
2026-07-14 09:46:09,539 [DEBUG] {
  "clusterMapping": [
    {
      "rsId": "testRep",
      "targetRsId": "tsetrepRestore"
    }
  ],
  "nodes": [
    {
      "error": null,
      "hostname": "rmdb9",
      "id": "rmdb9:27017",
      "port": 27017,
      "rsId": "tsetrepRestore",
      "state": "RECOVERY_IN_PROGRESS",
      "stateUpdateTime": 1784040335
    },
    {
      "error": null,
      "hostname": "rmdb7",
      "id": "rmdb7:27017",
      "port": 27017,
      "rsId": "tsetrepRestore",
      "state": "RECOVERY_IN_PROGRESS",
      "stateUpdateTime": 1784040340
    },
    {
      "error": null,
      "hostname": "rmdb8",
      "id": "rmdb8:27017",
      "port": 27017,
      "rsId": "tsetrepRestore",
      "state": "RECOVERY_IN_PROGRESS",
      "stateUpdateTime": 1784039580
    }
  ],
  "state": "RECOVERY_IN_PROGRESS"
}
2026-07-14 09:46:09,539 [INFO] Restore state: RECOVERY_IN_PROGRESS
2026-07-14 09:46:19,540 [DEBUG] API GET http://129.40.36.100:8080/api/public/v1.0/backup/third_party/group/6a386221ee19a6537cc68a97/restore/6a5646ba8a91cdade89e3b2f
2026-07-14 09:46:19,675 [DEBUG] STATUS 200
2026-07-14 09:46:19,675 [DEBUG] {
  "clusterMapping": [
    {
      "rsId": "testRep",
      "targetRsId": "tsetrepRestore"
    }
  ],
  "nodes": [
    {
      "error": null,
      "hostname": "rmdb9",
      "id": "rmdb9:27017",
      "port": 27017,
      "rsId": "tsetrepRestore",
      "state": "COMPLETED",
      "stateUpdateTime": 0
    },
    {
      "error": null,
      "hostname": "rmdb7",
      "id": "rmdb7:27017",
      "port": 27017,
      "rsId": "tsetrepRestore",
      "state": "COMPLETED",
      "stateUpdateTime": 0
    },
    {
      "error": null,
      "hostname": "rmdb8",
      "id": "rmdb8:27017",
      "port": 27017,
      "rsId": "tsetrepRestore",
      "state": "COMPLETED",
      "stateUpdateTime": 0
    }
  ],
  "state": "COMPLETED"
}
2026-07-14 09:46:19,675 [INFO] Restore state: COMPLETED
2026-07-14 09:46:29,676 [INFO] Restore completed successfully
