2026-02-02 14:08:03,874 [INFO] Starting Ops Manager restore workflow
2026-02-02 14:08:04,505 [DEBUG] Validating FlashSystem snapshot: fs9500-2.cpolab.ibm.com | ORION15-mdb7 | ORION15-mdb7_6980f36e3e4bf100f3d674e5
2026-02-02 14:08:04,715 [INFO] Valid FlashSystem snapshot found: ORION15-mdb7_6980f36e3e4bf100f3d674e5 (VG=ORION15-mdb7, system=fs9500-2.cpolab.ibm.com)
2026-02-02 14:08:04,715 [DEBUG] Validating FlashSystem snapshot: fs9500-2.cpolab.ibm.com | ORION17-mdb9 | ORION17-mdb9_6980f36e3e4bf100f3d674e5
2026-02-02 14:08:04,924 [INFO] Valid FlashSystem snapshot found: ORION17-mdb9_6980f36e3e4bf100f3d674e5 (VG=ORION17-mdb9, system=fs9500-2.cpolab.ibm.com)
2026-02-02 14:08:04,927 [DEBUG] Validating FlashSystem snapshot: fs9500-2.cpolab.ibm.com | ORION16-mdb8 | ORION16-mdb8_6980f36e3e4bf100f3d674e5
2026-02-02 14:08:05,177 [INFO] Valid FlashSystem snapshot found: ORION16-mdb8_6980f36e3e4bf100f3d674e5 (VG=ORION16-mdb8, system=fs9500-2.cpolab.ibm.com)
2026-02-02 14:08:05,177 [DEBUG] Validating FlashSystem snapshot: fs9500-3.cpolab.ibm.com | RecoveryShards | RecoveryShards_6980f36e3e4bf100f3d674e5
2026-02-02 14:08:05,386 [INFO] Valid FlashSystem snapshot found: RecoveryShards_6980f36e3e4bf100f3d674e5 (VG=RecoveryShards, system=fs9500-3.cpolab.ibm.com)
2026-02-02 14:08:05,387 [DEBUG] Validating FlashSystem snapshot: fs9500-2.cpolab.ibm.com | ORION15-mdb7 | ORION15-mdb7_697a535e3e4bf100f3e7bec5
2026-02-02 14:08:05,610 [INFO] Expired snapshot: ORION15-mdb7_697a535e3e4bf100f3e7bec5 (VG=ORION15-mdb7, system=fs9500-2.cpolab.ibm.com)
2026-02-02 14:08:05,610 [DEBUG] Validating FlashSystem snapshot: fs9500-2.cpolab.ibm.com | ORION17-mdb9 | ORION17-mdb9_697a535e3e4bf100f3e7bec5
2026-02-02 14:08:05,837 [INFO] Expired snapshot: ORION17-mdb9_697a535e3e4bf100f3e7bec5 (VG=ORION17-mdb9, system=fs9500-2.cpolab.ibm.com)
2026-02-02 14:08:05,837 [DEBUG] Validating FlashSystem snapshot: fs9500-2.cpolab.ibm.com | ORION16-mdb8 | ORION16-mdb8_697a535e3e4bf100f3e7bec5
2026-02-02 14:08:06,050 [INFO] Expired snapshot: ORION16-mdb8_697a535e3e4bf100f3e7bec5 (VG=ORION16-mdb8, system=fs9500-2.cpolab.ibm.com)
2026-02-02 14:08:06,050 [DEBUG] Validating FlashSystem snapshot: fs9500-2.cpolab.ibm.com | ORION15-mdb7 | ORION15-mdb7_697902f73e4bf100f3b7b9b7
2026-02-02 14:08:06,258 [INFO] Expired snapshot: ORION15-mdb7_697902f73e4bf100f3b7b9b7 (VG=ORION15-mdb7, system=fs9500-2.cpolab.ibm.com)
2026-02-02 14:08:06,258 [DEBUG] Validating FlashSystem snapshot: fs9500-2.cpolab.ibm.com | ORION17-mdb9 | ORION17-mdb9_697902f73e4bf100f3b7b9b7
2026-02-02 14:08:06,485 [INFO] Expired snapshot: ORION17-mdb9_697902f73e4bf100f3b7b9b7 (VG=ORION17-mdb9, system=fs9500-2.cpolab.ibm.com)
2026-02-02 14:08:06,486 [DEBUG] Validating FlashSystem snapshot: fs9500-2.cpolab.ibm.com | ORION16-mdb8 | ORION16-mdb8_697902f73e4bf100f3b7b9b7
2026-02-02 14:08:06,714 [INFO] Expired snapshot: ORION16-mdb8_697902f73e4bf100f3b7b9b7 (VG=ORION16-mdb8, system=fs9500-2.cpolab.ibm.com)
2026-02-02 14:08:06,715 [DEBUG] API GET http://sb1.cpolab.ibm.com:8080/api/public/v1.0/backup/third_party/group/67eed68e0ba1970a07e16b77/clusters
2026-02-02 14:08:06,908 [DEBUG] STATUS 200
2026-02-02 14:08:06,908 [DEBUG] {
  "clusters": [
    {
      "clusterId": "693ed1793e4bf100f3a694cf",
      "clusterName": "FiServRep",
      "groupId": "67eed68e0ba1970a07e16b77",
      "jobId": "693ed1793e4bf100f3a694cf",
      "state": "ACTIVE"
    },
    {
      "clusterId": "694168133e4bf100f33eda80",
      "clusterName": "md10rep",
      "groupId": "67eed68e0ba1970a07e16b77",
      "jobId": "694168133e4bf100f33eda80",
      "state": "ACTIVE"
    },
    {
      "clusterId": "695154083e4bf100f30af512",
      "clusterName": "sgcCluster",
      "groupId": "67eed68e0ba1970a07e16b77",
      "jobId": "695154083e4bf100f30af512",
      "state": "ACTIVE"
    }
  ]
}
2026-02-02 14:08:06,908 [DEBUG] API GET http://sb1.cpolab.ibm.com:8080/api/public/v1.0/backup/third_party/group/67eed68e0ba1970a07e16b77/clusters/695154083e4bf100f30af512
2026-02-02 14:08:07,067 [DEBUG] STATUS 200
2026-02-02 14:08:07,067 [DEBUG] {
  "replicaSets": [
    {
      "id": "sgcShard_0",
      "nodes": [
        {
          "dbPath": "/fimongo1/data",
          "hidden": false,
          "hostname": "mdb1",
          "id": "mdb1:37017",
          "lastAgentPing": "2026-02-02T20:07:19Z",
          "memberState": "SECONDARY",
          "mongodbVersion": "8.0.10",
          "opTime": "2026-02-02T20:06:15Z",
          "oplogPath": "/oplog",
          "oplogStoreType": "thirdPartyOplogStore",
          "port": 37017,
          "priority": 1.0,
          "rsId": "sgcShard_0",
          "snapshotable": true,
          "votes": 1
        },
        {
          "dbPath": "/fimongo1/data",
          "hidden": false,
          "hostname": "mdb8",
          "id": "mdb8:37017",
          "lastAgentPing": "2026-02-02T20:07:59Z",
          "memberState": "SECONDARY",
          "mongodbVersion": "8.0.10",
          "opTime": "2026-02-02T20:06:15Z",
          "oplogPath": "/oplog",
          "oplogStoreType": "thirdPartyOplogStore",
          "port": 37017,
          "priority": 0.0,
          "rsId": "sgcShard_0",
          "snapshotable": true,
          "votes": 1
        },
        {
          "dbPath": "/fimongo1/data",
          "hidden": false,
          "hostname": "mdb3",
          "id": "mdb3:37017",
          "lastAgentPing": "2026-02-02T20:07:56Z",
          "memberState": "PRIMARY",
          "mongodbVersion": "8.0.10",
          "opTime": "2026-02-02T20:06:15Z",
          "oplogPath": "/oplog",
          "oplogStoreType": "thirdPartyOplogStore",
          "port": 37017,
          "priority": 1.0,
          "rsId": "sgcShard_0",
          "snapshotable": true,
          "votes": 1
        }
      ],
      "oplogType": "thirdParty"
    },
    {
      "id": "sgcShard_1",
      "nodes": [
        {
          "dbPath": "/fimongo1/data",
          "hidden": false,
          "hostname": "mdb9",
          "id": "mdb9:37017",
          "lastAgentPing": "2026-02-02T20:07:54Z",
          "memberState": "SECONDARY",
          "mongodbVersion": "8.0.10",
          "opTime": "2026-02-02T20:06:15Z",
          "oplogPath": "/oplog",
          "oplogStoreType": "thirdPartyOplogStore",
          "port": 37017,
          "priority": 0.0,
          "rsId": "sgcShard_1",
          "snapshotable": true,
          "votes": 1
        },
        {
          "dbPath": "/fimongo1/data",
          "hidden": false,
          "hostname": "mdb2",
          "id": "mdb2:37017",
          "lastAgentPing": "2026-02-02T20:07:54Z",
          "memberState": "SECONDARY",
          "mongodbVersion": "8.0.10",
          "opTime": "2026-02-02T20:06:15Z",
          "oplogPath": "/oplog",
          "oplogStoreType": "thirdPartyOplogStore",
          "port": 37017,
          "priority": 1.0,
          "rsId": "sgcShard_1",
          "snapshotable": true,
          "votes": 1
        },
        {
          "dbPath": "/fimongo1/data",
          "hidden": false,
          "hostname": "mdb4",
          "id": "mdb4:37017",
          "lastAgentPing": "2026-02-02T20:07:27Z",
          "memberState": "PRIMARY",
          "mongodbVersion": "8.0.10",
          "opTime": "2026-02-02T20:06:15Z",
          "oplogPath": "/oplog",
          "oplogStoreType": "thirdPartyOplogStore",
          "port": 37017,
          "priority": 1.0,
          "rsId": "sgcShard_1",
          "snapshotable": true,
          "votes": 1
        }
      ],
      "oplogType": "thirdParty"
    },
    {
      "id": "configRS",
      "nodes": [
        {
          "dbPath": "/fimongo1/data",
          "hidden": false,
          "hostname": "mdb-config2",
          "id": "mdb-config2:37017",
          "lastAgentPing": "2026-02-02T20:08:01Z",
          "memberState": "SECONDARY",
          "mongodbVersion": "8.0.10",
          "opTime": "2026-02-02T20:06:23Z",
          "oplogPath": "/oplog",
          "oplogStoreType": "thirdPartyOplogStore",
          "port": 37017,
          "priority": 1.0,
          "rsId": "configRS",
          "snapshotable": true,
          "votes": 1
        },
        {
          "dbPath": "/fimongo1/data",
          "hidden": false,
          "hostname": "mdb-config1",
          "id": "mdb-config1:37017",
          "lastAgentPing": "2026-02-02T20:07:49Z",
          "memberState": "PRIMARY",
          "mongodbVersion": "8.0.10",
          "opTime": "2026-02-02T20:06:23Z",
          "oplogPath": "/oplog",
          "oplogStoreType": "thirdPartyOplogStore",
          "port": 37017,
          "priority": 1.0,
          "rsId": "configRS",
          "snapshotable": true,
          "votes": 1
        },
        {
          "dbPath": "/fimongo1/data",
          "hidden": false,
          "hostname": "mdb7",
          "id": "mdb7:37017",
          "lastAgentPing": "2026-02-02T20:07:54Z",
          "memberState": "SECONDARY",
          "mongodbVersion": "8.0.10",
          "opTime": "2026-02-02T20:06:23Z",
          "oplogPath": "/oplog",
          "oplogStoreType": "thirdPartyOplogStore",
          "port": 37017,
          "priority": 0.0,
          "rsId": "configRS",
          "snapshotable": true,
          "votes": 1
        }
      ],
      "oplogType": "thirdParty"
    }
  ],
  "restoreId": "697a583a4ad5445e026c99dc",
  "snapshotId": "6980f36e3e4bf100f3d674e5"
}
2026-02-02 14:08:07,067 [INFO] Source replica sets : 3
2026-02-02 14:08:07,068 [INFO] Destination replica sets : 3
2026-02-02 14:08:07,068 [INFO] Cluster topology validation passed
2026-02-02 14:08:07,068 [DEBUG] API GET http://sb1.cpolab.ibm.com:8080/api/public/v1.0/backup/third_party/group/67eed68e0ba1970a07e16b77/clusters/695154083e4bf100f30af512
2026-02-02 14:08:07,228 [DEBUG] STATUS 200
2026-02-02 14:08:07,229 [DEBUG] {
  "replicaSets": [
    {
      "id": "sgcShard_0",
      "nodes": [
        {
          "dbPath": "/fimongo1/data",
          "hidden": false,
          "hostname": "mdb1",
          "id": "mdb1:37017",
          "lastAgentPing": "2026-02-02T20:07:19Z",
          "memberState": "SECONDARY",
          "mongodbVersion": "8.0.10",
          "opTime": "2026-02-02T20:06:15Z",
          "oplogPath": "/oplog",
          "oplogStoreType": "thirdPartyOplogStore",
          "port": 37017,
          "priority": 1.0,
          "rsId": "sgcShard_0",
          "snapshotable": true,
          "votes": 1
        },
        {
          "dbPath": "/fimongo1/data",
          "hidden": false,
          "hostname": "mdb8",
          "id": "mdb8:37017",
          "lastAgentPing": "2026-02-02T20:07:59Z",
          "memberState": "SECONDARY",
          "mongodbVersion": "8.0.10",
          "opTime": "2026-02-02T20:06:15Z",
          "oplogPath": "/oplog",
          "oplogStoreType": "thirdPartyOplogStore",
          "port": 37017,
          "priority": 0.0,
          "rsId": "sgcShard_0",
          "snapshotable": true,
          "votes": 1
        },
        {
          "dbPath": "/fimongo1/data",
          "hidden": false,
          "hostname": "mdb3",
          "id": "mdb3:37017",
          "lastAgentPing": "2026-02-02T20:07:56Z",
          "memberState": "PRIMARY",
          "mongodbVersion": "8.0.10",
          "opTime": "2026-02-02T20:06:15Z",
          "oplogPath": "/oplog",
          "oplogStoreType": "thirdPartyOplogStore",
          "port": 37017,
          "priority": 1.0,
          "rsId": "sgcShard_0",
          "snapshotable": true,
          "votes": 1
        }
      ],
      "oplogType": "thirdParty"
    },
    {
      "id": "sgcShard_1",
      "nodes": [
        {
          "dbPath": "/fimongo1/data",
          "hidden": false,
          "hostname": "mdb9",
          "id": "mdb9:37017",
          "lastAgentPing": "2026-02-02T20:07:54Z",
          "memberState": "SECONDARY",
          "mongodbVersion": "8.0.10",
          "opTime": "2026-02-02T20:06:15Z",
          "oplogPath": "/oplog",
          "oplogStoreType": "thirdPartyOplogStore",
          "port": 37017,
          "priority": 0.0,
          "rsId": "sgcShard_1",
          "snapshotable": true,
          "votes": 1
        },
        {
          "dbPath": "/fimongo1/data",
          "hidden": false,
          "hostname": "mdb2",
          "id": "mdb2:37017",
          "lastAgentPing": "2026-02-02T20:07:54Z",
          "memberState": "SECONDARY",
          "mongodbVersion": "8.0.10",
          "opTime": "2026-02-02T20:06:15Z",
          "oplogPath": "/oplog",
          "oplogStoreType": "thirdPartyOplogStore",
          "port": 37017,
          "priority": 1.0,
          "rsId": "sgcShard_1",
          "snapshotable": true,
          "votes": 1
        },
        {
          "dbPath": "/fimongo1/data",
          "hidden": false,
          "hostname": "mdb4",
          "id": "mdb4:37017",
          "lastAgentPing": "2026-02-02T20:07:27Z",
          "memberState": "PRIMARY",
          "mongodbVersion": "8.0.10",
          "opTime": "2026-02-02T20:06:15Z",
          "oplogPath": "/oplog",
          "oplogStoreType": "thirdPartyOplogStore",
          "port": 37017,
          "priority": 1.0,
          "rsId": "sgcShard_1",
          "snapshotable": true,
          "votes": 1
        }
      ],
      "oplogType": "thirdParty"
    },
    {
      "id": "configRS",
      "nodes": [
        {
          "dbPath": "/fimongo1/data",
          "hidden": false,
          "hostname": "mdb-config2",
          "id": "mdb-config2:37017",
          "lastAgentPing": "2026-02-02T20:08:01Z",
          "memberState": "SECONDARY",
          "mongodbVersion": "8.0.10",
          "opTime": "2026-02-02T20:06:23Z",
          "oplogPath": "/oplog",
          "oplogStoreType": "thirdPartyOplogStore",
          "port": 37017,
          "priority": 1.0,
          "rsId": "configRS",
          "snapshotable": true,
          "votes": 1
        },
        {
          "dbPath": "/fimongo1/data",
          "hidden": false,
          "hostname": "mdb-config1",
          "id": "mdb-config1:37017",
          "lastAgentPing": "2026-02-02T20:07:49Z",
          "memberState": "PRIMARY",
          "mongodbVersion": "8.0.10",
          "opTime": "2026-02-02T20:06:23Z",
          "oplogPath": "/oplog",
          "oplogStoreType": "thirdPartyOplogStore",
          "port": 37017,
          "priority": 1.0,
          "rsId": "configRS",
          "snapshotable": true,
          "votes": 1
        },
        {
          "dbPath": "/fimongo1/data",
          "hidden": false,
          "hostname": "mdb7",
          "id": "mdb7:37017",
          "lastAgentPing": "2026-02-02T20:07:54Z",
          "memberState": "SECONDARY",
          "mongodbVersion": "8.0.10",
          "opTime": "2026-02-02T20:06:23Z",
          "oplogPath": "/oplog",
          "oplogStoreType": "thirdPartyOplogStore",
          "port": 37017,
          "priority": 0.0,
          "rsId": "configRS",
          "snapshotable": true,
          "votes": 1
        }
      ],
      "oplogType": "thirdParty"
    }
  ],
  "restoreId": "697a583a4ad5445e026c99dc",
  "snapshotId": "6980f36e3e4bf100f3d674e5"
}
2026-02-02 14:08:07,229 [DEBUG] API POST http://sb1.cpolab.ibm.com:8080/api/public/v1.0/backup/third_party/group/67eed68e0ba1970a07e16b77/clusters/695154083e4bf100f30af512/restore
2026-02-02 14:08:07,229 [DEBUG] {
  "snapshotsMetadata": [
    {
      "clusterId": "695154083e4bf100f30af512",
      "clusterName": "sgcCluster",
      "groupId": "67eed68e0ba1970a07e16b77",
      "restoreTimestamp": {
        "increment": 1,
        "time": 1770058715
      },
      "rsSnapshotsMetadata": [
        {
          "defaultRWConcern": {
            "defaultReadConcern": {
              "level": "local"
            },
            "defaultReadConcernSource": "implicit",
            "defaultWriteConcern": {
              "w": "majority",
              "wtimeout": 0
            },
            "defaultWriteConcernSource": "implicit",
            "localUpdateWallClockTime": "2026-02-02T19:01:15Z"
          },
          "encryption": false,
          "fcv": "8.0",
          "incremental": true,
          "isConfigShard": false,
          "keyEncryptionUUID": null,
          "lastOplogApplied": {
            "increment": 1,
            "time": 1770058715
          },
          "member": "SHARD",
          "mongodbVersion": "8.0.10",
          "oplogStoreType": "thirdPartyOplogStore",
          "rsId": "sgcShard_1",
          "shardId": "sgcShard_1",
          "snapshotVersion": 1,
          "srcBackupName": null,
          "startupOptions": {},
          "storageEngine": "wiredTiger",
          "thisBackupName": "mdb9.37017.1770058716"
        },
        {
          "defaultRWConcern": {
            "defaultReadConcern": {
              "level": "local"
            },
            "defaultReadConcernSource": "implicit",
            "defaultWriteConcern": {
              "w": "majority",
              "wtimeout": 0
            },
            "defaultWriteConcernSource": "implicit",
            "localUpdateWallClockTime": "2026-02-02T19:01:15Z"
          },
          "encryption": false,
          "fcv": "8.0",
          "incremental": true,
          "isConfigShard": false,
          "keyEncryptionUUID": null,
          "lastOplogApplied": {
            "increment": 1,
            "time": 1770058715
          },
          "member": "SHARD",
          "mongodbVersion": "8.0.10",
          "oplogStoreType": "thirdPartyOplogStore",
          "rsId": "sgcShard_0",
          "shardId": "sgcShard_0",
          "snapshotVersion": 1,
          "srcBackupName": null,
          "startupOptions": {},
          "storageEngine": "wiredTiger",
          "thisBackupName": "mdb8.37017.1770058657"
        },
        {
          "defaultRWConcern": {
            "defaultReadConcern": {
              "level": "local"
            },
            "defaultReadConcernSource": "implicit",
            "defaultWriteConcern": {
              "w": "majority",
              "wtimeout": 0
            },
            "defaultWriteConcernSource": "implicit",
            "localUpdateWallClockTime": "2026-02-02T19:01:15Z"
          },
          "encryption": false,
          "fcv": "8.0",
          "incremental": true,
          "isConfigShard": false,
          "keyEncryptionUUID": null,
          "lastOplogApplied": {
            "increment": 1,
            "time": 1770058715
          },
          "member": "CONFIG_SERVER",
          "mongodbVersion": "8.0.10",
          "oplogStoreType": "thirdPartyOplogStore",
          "rsId": "configRS",
          "shardId": "",
          "snapshotVersion": 1,
          "srcBackupName": null,
          "startupOptions": {},
          "storageEngine": "wiredTiger",
          "thisBackupName": "mdb7.37017.1770058658"
        }
      ],
      "snapshotId": "6980f36e3e4bf100f3d674e5",
      "snapshotTimestamp": {
        "increment": 1,
        "time": 1770058715
      }
    }
  ],
  "nodes": [
    {
      "id": "mdb1:37017",
      "restoreRole": "RESTORE"
    },
    {
      "id": "mdb8:37017",
      "restoreRole": "RESTORE"
    },
    {
      "id": "mdb3:37017",
      "restoreRole": "RESTORE"
    },
    {
      "id": "mdb9:37017",
      "restoreRole": "RESTORE"
    },
    {
      "id": "mdb2:37017",
      "restoreRole": "RESTORE"
    },
    {
      "id": "mdb4:37017",
      "restoreRole": "RESTORE"
    },
    {
      "id": "mdb-config2:37017",
      "restoreRole": "RESTORE"
    },
    {
      "id": "mdb-config1:37017",
      "restoreRole": "RESTORE"
    },
    {
      "id": "mdb7:37017",
      "restoreRole": "RESTORE"
    }
  ]
}
2026-02-02 14:08:07,370 [DEBUG] STATUS 200
2026-02-02 14:08:07,371 [DEBUG] {
  "clusterMapping": [
    {
      "nodes": [
        {
          "error": null,
          "hostname": "mdb-config2",
          "id": "mdb-config2:37017",
          "port": 37017,
          "rsId": "configRS",
          "state": "INITIAL",
          "stateUpdateTime": null
        },
        {
          "error": null,
          "hostname": "mdb-config1",
          "id": "mdb-config1:37017",
          "port": 37017,
          "rsId": "configRS",
          "state": "INITIAL",
          "stateUpdateTime": null
        },
        {
          "error": null,
          "hostname": "mdb7",
          "id": "mdb7:37017",
          "port": 37017,
          "rsId": "configRS",
          "state": "INITIAL",
          "stateUpdateTime": null
        }
      ],
      "rsId": "configRS",
      "targetRsId": "configRS"
    },
    {
      "nodes": [
        {
          "error": null,
          "hostname": "mdb1",
          "id": "mdb1:37017",
          "port": 37017,
          "rsId": "sgcShard_0",
          "state": "INITIAL",
          "stateUpdateTime": null
        },
        {
          "error": null,
          "hostname": "mdb8",
          "id": "mdb8:37017",
          "port": 37017,
          "rsId": "sgcShard_0",
          "state": "INITIAL",
          "stateUpdateTime": null
        },
        {
          "error": null,
          "hostname": "mdb3",
          "id": "mdb3:37017",
          "port": 37017,
          "rsId": "sgcShard_0",
          "state": "INITIAL",
          "stateUpdateTime": null
        }
      ],
      "rsId": "sgcShard_0",
      "targetRsId": "sgcShard_0"
    },
    {
      "nodes": [
        {
          "error": null,
          "hostname": "mdb9",
          "id": "mdb9:37017",
          "port": 37017,
          "rsId": "sgcShard_1",
          "state": "INITIAL",
          "stateUpdateTime": null
        },
        {
          "error": null,
          "hostname": "mdb2",
          "id": "mdb2:37017",
          "port": 37017,
          "rsId": "sgcShard_1",
          "state": "INITIAL",
          "stateUpdateTime": null
        },
        {
          "error": null,
          "hostname": "mdb4",
          "id": "mdb4:37017",
          "port": 37017,
          "rsId": "sgcShard_1",
          "state": "INITIAL",
          "stateUpdateTime": null
        }
      ],
      "rsId": "sgcShard_1",
      "targetRsId": "sgcShard_1"
    }
  ],
  "restoreId": "698104274ad5445e026ff044"
}
2026-02-02 14:08:07,372 [INFO] Restore ID: 698104274ad5445e026ff044
2026-02-02 14:08:07,372 [DEBUG] API POST http://sb1.cpolab.ibm.com:8080/api/public/v1.0/backup/third_party/group/67eed68e0ba1970a07e16b77/restore/698104274ad5445e026ff044/start
2026-02-02 14:08:07,721 [DEBUG] STATUS 200
2026-02-02 14:08:07,721 [DEBUG] {
  "errorCode": "NONE",
  "version": "1",
  "status": "OK"
}
2026-02-02 14:08:07,722 [DEBUG] API GET http://sb1.cpolab.ibm.com:8080/api/public/v1.0/backup/third_party/group/67eed68e0ba1970a07e16b77/restore/698104274ad5445e026ff044
2026-02-02 14:08:07,876 [DEBUG] STATUS 200
2026-02-02 14:08:07,876 [DEBUG] {
  "clusterMapping": [
    {
      "rsId": "sgcShard_0",
      "targetRsId": "sgcShard_0"
    },
    {
      "rsId": "sgcShard_1",
      "targetRsId": "sgcShard_1"
    },
    {
      "rsId": "configRS",
      "targetRsId": "configRS"
    }
  ],
  "nodes": [
    {
      "error": null,
      "hostname": "mdb1",
      "id": "mdb1:37017",
      "port": 37017,
      "rsId": "sgcShard_0",
      "state": "PENDING",
      "stateUpdateTime": 1770062887
    },
    {
      "error": null,
      "hostname": "mdb8",
      "id": "mdb8:37017",
      "port": 37017,
      "rsId": "sgcShard_0",
      "state": "PENDING",
      "stateUpdateTime": 1770062887
    },
    {
      "error": null,
      "hostname": "mdb3",
      "id": "mdb3:37017",
      "port": 37017,
      "rsId": "sgcShard_0",
      "state": "PENDING",
      "stateUpdateTime": 1770062887
    },
    {
      "error": null,
      "hostname": "mdb9",
      "id": "mdb9:37017",
      "port": 37017,
      "rsId": "sgcShard_1",
      "state": "PENDING",
      "stateUpdateTime": 1770062887
    },
    {
      "error": null,
      "hostname": "mdb2",
      "id": "mdb2:37017",
      "port": 37017,
      "rsId": "sgcShard_1",
      "state": "PENDING",
      "stateUpdateTime": 1770062887
    },
    {
      "error": null,
      "hostname": "mdb4",
      "id": "mdb4:37017",
      "port": 37017,
      "rsId": "sgcShard_1",
      "state": "PENDING",
      "stateUpdateTime": 1770062887
    },
    {
      "error": null,
      "hostname": "mdb-config2",
      "id": "mdb-config2:37017",
      "port": 37017,
      "rsId": "configRS",
      "state": "PENDING",
      "stateUpdateTime": 1770062887
    },
    {
      "error": null,
      "hostname": "mdb-config1",
      "id": "mdb-config1:37017",
      "port": 37017,
      "rsId": "configRS",
      "state": "PENDING",
      "stateUpdateTime": 1770062887
    },
    {
      "error": null,
      "hostname": "mdb7",
      "id": "mdb7:37017",
      "port": 37017,
      "rsId": "configRS",
      "state": "PENDING",
      "stateUpdateTime": 1770062887
    }
  ],
  "state": "PENDING"
}
2026-02-02 14:08:07,876 [INFO] Restore state: PENDING
2026-02-02 14:08:17,876 [DEBUG] API GET http://sb1.cpolab.ibm.com:8080/api/public/v1.0/backup/third_party/group/67eed68e0ba1970a07e16b77/restore/698104274ad5445e026ff044
2026-02-02 14:08:18,073 [DEBUG] STATUS 200
2026-02-02 14:08:18,073 [DEBUG] {
  "clusterMapping": [
    {
      "rsId": "sgcShard_0",
      "targetRsId": "sgcShard_0"
    },
    {
      "rsId": "sgcShard_1",
      "targetRsId": "sgcShard_1"
    },
    {
      "rsId": "configRS",
      "targetRsId": "configRS"
    }
  ],
  "nodes": [
    {
      "error": null,
      "hostname": "mdb1",
      "id": "mdb1:37017",
      "port": 37017,
      "rsId": "sgcShard_0",
      "state": "COMPLETED",
      "stateUpdateTime": 0
    },
    {
      "error": null,
      "hostname": "mdb8",
      "id": "mdb8:37017",
      "port": 37017,
      "rsId": "sgcShard_0",
      "state": "COMPLETED",
      "stateUpdateTime": 0
    },
    {
      "error": null,
      "hostname": "mdb3",
      "id": "mdb3:37017",
      "port": 37017,
      "rsId": "sgcShard_0",
      "state": "COMPLETED",
      "stateUpdateTime": 0
    },
    {
      "error": null,
      "hostname": "mdb9",
      "id": "mdb9:37017",
      "port": 37017,
      "rsId": "sgcShard_1",
      "state": "COMPLETED",
      "stateUpdateTime": 0
    },
    {
      "error": null,
      "hostname": "mdb2",
      "id": "mdb2:37017",
      "port": 37017,
      "rsId": "sgcShard_1",
      "state": "COMPLETED",
      "stateUpdateTime": 0
    },
    {
      "error": null,
      "hostname": "mdb4",
      "id": "mdb4:37017",
      "port": 37017,
      "rsId": "sgcShard_1",
      "state": "COMPLETED",
      "stateUpdateTime": 0
    },
    {
      "error": null,
      "hostname": "mdb-config2",
      "id": "mdb-config2:37017",
      "port": 37017,
      "rsId": "configRS",
      "state": "COMPLETED",
      "stateUpdateTime": 0
    },
    {
      "error": null,
      "hostname": "mdb-config1",
      "id": "mdb-config1:37017",
      "port": 37017,
      "rsId": "configRS",
      "state": "COMPLETED",
      "stateUpdateTime": 0
    },
    {
      "error": null,
      "hostname": "mdb7",
      "id": "mdb7:37017",
      "port": 37017,
      "rsId": "configRS",
      "state": "COMPLETED",
      "stateUpdateTime": 0
    }
  ],
  "state": "PENDING"
}
2026-02-02 14:08:18,074 [INFO] Restore state: PENDING
2026-02-02 14:08:28,074 [DEBUG] API GET http://sb1.cpolab.ibm.com:8080/api/public/v1.0/backup/third_party/group/67eed68e0ba1970a07e16b77/restore/698104274ad5445e026ff044
2026-02-02 14:08:28,252 [DEBUG] STATUS 200
2026-02-02 14:08:28,252 [DEBUG] {
  "clusterMapping": [
    {
      "rsId": "sgcShard_0",
      "targetRsId": "sgcShard_0"
    },
    {
      "rsId": "sgcShard_1",
      "targetRsId": "sgcShard_1"
    },
    {
      "rsId": "configRS",
      "targetRsId": "configRS"
    }
  ],
  "nodes": [
    {
      "error": null,
      "hostname": "mdb1",
      "id": "mdb1:37017",
      "port": 37017,
      "rsId": "sgcShard_0",
      "state": "COMPLETED",
      "stateUpdateTime": 0
    },
    {
      "error": null,
      "hostname": "mdb8",
      "id": "mdb8:37017",
      "port": 37017,
      "rsId": "sgcShard_0",
      "state": "COMPLETED",
      "stateUpdateTime": 0
    },
    {
      "error": null,
      "hostname": "mdb3",
      "id": "mdb3:37017",
      "port": 37017,
      "rsId": "sgcShard_0",
      "state": "COMPLETED",
      "stateUpdateTime": 0
    },
    {
      "error": null,
      "hostname": "mdb9",
      "id": "mdb9:37017",
      "port": 37017,
      "rsId": "sgcShard_1",
      "state": "COMPLETED",
      "stateUpdateTime": 0
    },
    {
      "error": null,
      "hostname": "mdb2",
      "id": "mdb2:37017",
      "port": 37017,
      "rsId": "sgcShard_1",
      "state": "COMPLETED",
      "stateUpdateTime": 0
    },
    {
      "error": null,
      "hostname": "mdb4",
      "id": "mdb4:37017",
      "port": 37017,
      "rsId": "sgcShard_1",
      "state": "COMPLETED",
      "stateUpdateTime": 0
    },
    {
      "error": null,
      "hostname": "mdb-config2",
      "id": "mdb-config2:37017",
      "port": 37017,
      "rsId": "configRS",
      "state": "COMPLETED",
      "stateUpdateTime": 0
    },
    {
      "error": null,
      "hostname": "mdb-config1",
      "id": "mdb-config1:37017",
      "port": 37017,
      "rsId": "configRS",
      "state": "COMPLETED",
      "stateUpdateTime": 0
    },
    {
      "error": null,
      "hostname": "mdb7",
      "id": "mdb7:37017",
      "port": 37017,
      "rsId": "configRS",
      "state": "COMPLETED",
      "stateUpdateTime": 0
    }
  ],
  "state": "PENDING"
}
2026-02-02 14:08:28,253 [INFO] Restore state: PENDING
2026-02-02 14:08:38,254 [DEBUG] API GET http://sb1.cpolab.ibm.com:8080/api/public/v1.0/backup/third_party/group/67eed68e0ba1970a07e16b77/restore/698104274ad5445e026ff044
2026-02-02 14:08:38,434 [DEBUG] STATUS 200
2026-02-02 14:08:38,434 [DEBUG] {
  "clusterMapping": [
    {
      "rsId": "sgcShard_0",
      "targetRsId": "sgcShard_0"
    },
    {
      "rsId": "sgcShard_1",
      "targetRsId": "sgcShard_1"
    },
    {
      "rsId": "configRS",
      "targetRsId": "configRS"
    }
  ],
  "nodes": [
    {
      "error": null,
      "hostname": "mdb1",
      "id": "mdb1:37017",
      "port": 37017,
      "rsId": "sgcShard_0",
      "state": "COMPLETED",
      "stateUpdateTime": 0
    },
    {
      "error": null,
      "hostname": "mdb8",
      "id": "mdb8:37017",
      "port": 37017,
      "rsId": "sgcShard_0",
      "state": "COMPLETED",
      "stateUpdateTime": 0
    },
    {
      "error": null,
      "hostname": "mdb3",
      "id": "mdb3:37017",
      "port": 37017,
      "rsId": "sgcShard_0",
      "state": "COMPLETED",
      "stateUpdateTime": 0
    },
    {
      "error": null,
      "hostname": "mdb9",
      "id": "mdb9:37017",
      "port": 37017,
      "rsId": "sgcShard_1",
      "state": "COMPLETED",
      "stateUpdateTime": 0
    },
    {
      "error": null,
      "hostname": "mdb2",
      "id": "mdb2:37017",
      "port": 37017,
      "rsId": "sgcShard_1",
      "state": "COMPLETED",
      "stateUpdateTime": 0
    },
    {
      "error": null,
      "hostname": "mdb4",
      "id": "mdb4:37017",
      "port": 37017,
      "rsId": "sgcShard_1",
      "state": "COMPLETED",
      "stateUpdateTime": 0
    },
    {
      "error": null,
      "hostname": "mdb-config2",
      "id": "mdb-config2:37017",
      "port": 37017,
      "rsId": "configRS",
      "state": "COMPLETED",
      "stateUpdateTime": 0
    },
    {
      "error": null,
      "hostname": "mdb-config1",
      "id": "mdb-config1:37017",
      "port": 37017,
      "rsId": "configRS",
      "state": "COMPLETED",
      "stateUpdateTime": 0
    },
    {
      "error": null,
      "hostname": "mdb7",
      "id": "mdb7:37017",
      "port": 37017,
      "rsId": "configRS",
      "state": "COMPLETED",
      "stateUpdateTime": 0
    }
  ],
  "state": "PENDING"
}
2026-02-02 14:08:38,434 [INFO] Restore state: PENDING
2026-02-02 14:08:48,435 [DEBUG] API GET http://sb1.cpolab.ibm.com:8080/api/public/v1.0/backup/third_party/group/67eed68e0ba1970a07e16b77/restore/698104274ad5445e026ff044
2026-02-02 14:08:48,604 [DEBUG] STATUS 200
2026-02-02 14:08:48,604 [DEBUG] {
  "clusterMapping": [
    {
      "rsId": "sgcShard_0",
      "targetRsId": "sgcShard_0"
    },
    {
      "rsId": "sgcShard_1",
      "targetRsId": "sgcShard_1"
    },
    {
      "rsId": "configRS",
      "targetRsId": "configRS"
    }
  ],
  "nodes": [
    {
      "error": null,
      "hostname": "mdb1",
      "id": "mdb1:37017",
      "port": 37017,
      "rsId": "sgcShard_0",
      "state": "SHUTDOWN_IN_PROGRESS",
      "stateUpdateTime": 1770062926
    },
    {
      "error": null,
      "hostname": "mdb8",
      "id": "mdb8:37017",
      "port": 37017,
      "rsId": "sgcShard_0",
      "state": "SHUTDOWN_IN_PROGRESS",
      "stateUpdateTime": 1770062926
    },
    {
      "error": null,
      "hostname": "mdb3",
      "id": "mdb3:37017",
      "port": 37017,
      "rsId": "sgcShard_0",
      "state": "SHUTDOWN_IN_PROGRESS",
      "stateUpdateTime": 1770062926
    },
    {
      "error": null,
      "hostname": "mdb9",
      "id": "mdb9:37017",
      "port": 37017,
      "rsId": "sgcShard_1",
      "state": "SHUTDOWN_IN_PROGRESS",
      "stateUpdateTime": 1770062926
    },
    {
      "error": null,
      "hostname": "mdb2",
      "id": "mdb2:37017",
      "port": 37017,
      "rsId": "sgcShard_1",
      "state": "SHUTDOWN_IN_PROGRESS",
      "stateUpdateTime": 1770062926
    },
    {
      "error": null,
      "hostname": "mdb4",
      "id": "mdb4:37017",
      "port": 37017,
      "rsId": "sgcShard_1",
      "state": "SHUTDOWN_IN_PROGRESS",
      "stateUpdateTime": 1770062926
    },
    {
      "error": null,
      "hostname": "mdb-config2",
      "id": "mdb-config2:37017",
      "port": 37017,
      "rsId": "configRS",
      "state": "SHUTDOWN_IN_PROGRESS",
      "stateUpdateTime": 1770062926
    },
    {
      "error": null,
      "hostname": "mdb-config1",
      "id": "mdb-config1:37017",
      "port": 37017,
      "rsId": "configRS",
      "state": "SHUTDOWN_IN_PROGRESS",
      "stateUpdateTime": 1770062926
    },
    {
      "error": null,
      "hostname": "mdb7",
      "id": "mdb7:37017",
      "port": 37017,
      "rsId": "configRS",
      "state": "SHUTDOWN_IN_PROGRESS",
      "stateUpdateTime": 1770062926
    }
  ],
  "state": "SHUTDOWN_IN_PROGRESS"
}
2026-02-02 14:08:48,604 [INFO] Restore state: SHUTDOWN_IN_PROGRESS
2026-02-02 14:08:58,605 [DEBUG] API GET http://sb1.cpolab.ibm.com:8080/api/public/v1.0/backup/third_party/group/67eed68e0ba1970a07e16b77/restore/698104274ad5445e026ff044
2026-02-02 14:08:58,787 [DEBUG] STATUS 200
2026-02-02 14:08:58,787 [DEBUG] {
  "clusterMapping": [
    {
      "rsId": "sgcShard_0",
      "targetRsId": "sgcShard_0"
    },
    {
      "rsId": "sgcShard_1",
      "targetRsId": "sgcShard_1"
    },
    {
      "rsId": "configRS",
      "targetRsId": "configRS"
    }
  ],
  "nodes": [
    {
      "error": null,
      "hostname": "mdb1",
      "id": "mdb1:37017",
      "port": 37017,
      "rsId": "sgcShard_0",
      "state": "SHUTDOWN_IN_PROGRESS",
      "stateUpdateTime": 1770062926
    },
    {
      "error": null,
      "hostname": "mdb8",
      "id": "mdb8:37017",
      "port": 37017,
      "rsId": "sgcShard_0",
      "state": "SHUTDOWN_IN_PROGRESS",
      "stateUpdateTime": 1770062926
    },
    {
      "error": null,
      "hostname": "mdb3",
      "id": "mdb3:37017",
      "port": 37017,
      "rsId": "sgcShard_0",
      "state": "SHUTDOWN_IN_PROGRESS",
      "stateUpdateTime": 1770062926
    },
    {
      "error": null,
      "hostname": "mdb9",
      "id": "mdb9:37017",
      "port": 37017,
      "rsId": "sgcShard_1",
      "state": "SHUTDOWN_IN_PROGRESS",
      "stateUpdateTime": 1770062926
    },
    {
      "error": null,
      "hostname": "mdb2",
      "id": "mdb2:37017",
      "port": 37017,
      "rsId": "sgcShard_1",
      "state": "SHUTDOWN_IN_PROGRESS",
      "stateUpdateTime": 1770062926
    },
    {
      "error": null,
      "hostname": "mdb4",
      "id": "mdb4:37017",
      "port": 37017,
      "rsId": "sgcShard_1",
      "state": "SHUTDOWN_IN_PROGRESS",
      "stateUpdateTime": 1770062926
    },
    {
      "error": null,
      "hostname": "mdb-config2",
      "id": "mdb-config2:37017",
      "port": 37017,
      "rsId": "configRS",
      "state": "SHUTDOWN_IN_PROGRESS",
      "stateUpdateTime": 1770062926
    },
    {
      "error": null,
      "hostname": "mdb-config1",
      "id": "mdb-config1:37017",
      "port": 37017,
      "rsId": "configRS",
      "state": "SHUTDOWN_IN_PROGRESS",
      "stateUpdateTime": 1770062926
    },
    {
      "error": null,
      "hostname": "mdb7",
      "id": "mdb7:37017",
      "port": 37017,
      "rsId": "configRS",
      "state": "SHUTDOWN_IN_PROGRESS",
      "stateUpdateTime": 1770062926
    }
  ],
  "state": "SHUTDOWN_IN_PROGRESS"
}
2026-02-02 14:08:58,787 [INFO] Restore state: SHUTDOWN_IN_PROGRESS
2026-02-02 14:09:08,787 [DEBUG] API GET http://sb1.cpolab.ibm.com:8080/api/public/v1.0/backup/third_party/group/67eed68e0ba1970a07e16b77/restore/698104274ad5445e026ff044
2026-02-02 14:09:09,013 [DEBUG] STATUS 200
2026-02-02 14:09:09,013 [DEBUG] {
  "clusterMapping": [
    {
      "rsId": "sgcShard_0",
      "targetRsId": "sgcShard_0"
    },
    {
      "rsId": "sgcShard_1",
      "targetRsId": "sgcShard_1"
    },
    {
      "rsId": "configRS",
      "targetRsId": "configRS"
    }
  ],
  "nodes": [
    {
      "error": null,
      "hostname": "mdb1",
      "id": "mdb1:37017",
      "port": 37017,
      "rsId": "sgcShard_0",
      "state": "SHUTDOWN_IN_PROGRESS",
      "stateUpdateTime": 1770062926
    },
    {
      "error": null,
      "hostname": "mdb8",
      "id": "mdb8:37017",
      "port": 37017,
      "rsId": "sgcShard_0",
      "state": "SHUTDOWN_IN_PROGRESS",
      "stateUpdateTime": 1770062926
    },
    {
      "error": null,
      "hostname": "mdb3",
      "id": "mdb3:37017",
      "port": 37017,
      "rsId": "sgcShard_0",
      "state": "SHUTDOWN_IN_PROGRESS",
      "stateUpdateTime": 1770062926
    },
    {
      "error": null,
      "hostname": "mdb9",
      "id": "mdb9:37017",
      "port": 37017,
      "rsId": "sgcShard_1",
      "state": "SHUTDOWN_IN_PROGRESS",
      "stateUpdateTime": 1770062926
    },
    {
      "error": null,
      "hostname": "mdb2",
      "id": "mdb2:37017",
      "port": 37017,
      "rsId": "sgcShard_1",
      "state": "SHUTDOWN_IN_PROGRESS",
      "stateUpdateTime": 1770062926
    },
    {
      "error": null,
      "hostname": "mdb4",
      "id": "mdb4:37017",
      "port": 37017,
      "rsId": "sgcShard_1",
      "state": "SHUTDOWN_IN_PROGRESS",
      "stateUpdateTime": 1770062926
    },
    {
      "error": null,
      "hostname": "mdb-config2",
      "id": "mdb-config2:37017",
      "port": 37017,
      "rsId": "configRS",
      "state": "SHUTDOWN_IN_PROGRESS",
      "stateUpdateTime": 1770062926
    },
    {
      "error": null,
      "hostname": "mdb-config1",
      "id": "mdb-config1:37017",
      "port": 37017,
      "rsId": "configRS",
      "state": "SHUTDOWN_IN_PROGRESS",
      "stateUpdateTime": 1770062926
    },
    {
      "error": null,
      "hostname": "mdb7",
      "id": "mdb7:37017",
      "port": 37017,
      "rsId": "configRS",
      "state": "SHUTDOWN_IN_PROGRESS",
      "stateUpdateTime": 1770062926
    }
  ],
  "state": "SHUTDOWN_IN_PROGRESS"
}
2026-02-02 14:09:09,013 [INFO] Restore state: SHUTDOWN_IN_PROGRESS
2026-02-02 14:09:19,014 [DEBUG] API GET http://sb1.cpolab.ibm.com:8080/api/public/v1.0/backup/third_party/group/67eed68e0ba1970a07e16b77/restore/698104274ad5445e026ff044
2026-02-02 14:09:19,183 [DEBUG] STATUS 200
2026-02-02 14:09:19,183 [DEBUG] {
  "clusterMapping": [
    {
      "rsId": "sgcShard_0",
      "targetRsId": "sgcShard_0"
    },
    {
      "rsId": "sgcShard_1",
      "targetRsId": "sgcShard_1"
    },
    {
      "rsId": "configRS",
      "targetRsId": "configRS"
    }
  ],
  "nodes": [
    {
      "error": null,
      "hostname": "mdb1",
      "id": "mdb1:37017",
      "port": 37017,
      "rsId": "sgcShard_0",
      "state": "SHUTDOWN_IN_PROGRESS",
      "stateUpdateTime": 1770062926
    },
    {
      "error": null,
      "hostname": "mdb8",
      "id": "mdb8:37017",
      "port": 37017,
      "rsId": "sgcShard_0",
      "state": "SHUTDOWN_IN_PROGRESS",
      "stateUpdateTime": 1770062926
    },
    {
      "error": null,
      "hostname": "mdb3",
      "id": "mdb3:37017",
      "port": 37017,
      "rsId": "sgcShard_0",
      "state": "SHUTDOWN_IN_PROGRESS",
      "stateUpdateTime": 1770062926
    },
    {
      "error": null,
      "hostname": "mdb9",
      "id": "mdb9:37017",
      "port": 37017,
      "rsId": "sgcShard_1",
      "state": "SHUTDOWN_IN_PROGRESS",
      "stateUpdateTime": 1770062926
    },
    {
      "error": null,
      "hostname": "mdb2",
      "id": "mdb2:37017",
      "port": 37017,
      "rsId": "sgcShard_1",
      "state": "SHUTDOWN_IN_PROGRESS",
      "stateUpdateTime": 1770062926
    },
    {
      "error": null,
      "hostname": "mdb4",
      "id": "mdb4:37017",
      "port": 37017,
      "rsId": "sgcShard_1",
      "state": "SHUTDOWN_IN_PROGRESS",
      "stateUpdateTime": 1770062926
    },
    {
      "error": null,
      "hostname": "mdb-config2",
      "id": "mdb-config2:37017",
      "port": 37017,
      "rsId": "configRS",
      "state": "SHUTDOWN_IN_PROGRESS",
      "stateUpdateTime": 1770062926
    },
    {
      "error": null,
      "hostname": "mdb-config1",
      "id": "mdb-config1:37017",
      "port": 37017,
      "rsId": "configRS",
      "state": "SHUTDOWN_IN_PROGRESS",
      "stateUpdateTime": 1770062926
    },
    {
      "error": null,
      "hostname": "mdb7",
      "id": "mdb7:37017",
      "port": 37017,
      "rsId": "configRS",
      "state": "SHUTDOWN_IN_PROGRESS",
      "stateUpdateTime": 1770062926
    }
  ],
  "state": "SHUTDOWN_IN_PROGRESS"
}
2026-02-02 14:09:19,183 [INFO] Restore state: SHUTDOWN_IN_PROGRESS
2026-02-02 14:09:29,185 [DEBUG] API GET http://sb1.cpolab.ibm.com:8080/api/public/v1.0/backup/third_party/group/67eed68e0ba1970a07e16b77/restore/698104274ad5445e026ff044
2026-02-02 14:09:29,356 [DEBUG] STATUS 200
2026-02-02 14:09:29,356 [DEBUG] {
  "clusterMapping": [
    {
      "rsId": "sgcShard_0",
      "targetRsId": "sgcShard_0"
    },
    {
      "rsId": "sgcShard_1",
      "targetRsId": "sgcShard_1"
    },
    {
      "rsId": "configRS",
      "targetRsId": "configRS"
    }
  ],
  "nodes": [
    {
      "error": null,
      "hostname": "mdb1",
      "id": "mdb1:37017",
      "port": 37017,
      "rsId": "sgcShard_0",
      "state": "SHUTDOWN_IN_PROGRESS",
      "stateUpdateTime": 1770062926
    },
    {
      "error": null,
      "hostname": "mdb8",
      "id": "mdb8:37017",
      "port": 37017,
      "rsId": "sgcShard_0",
      "state": "SHUTDOWN_IN_PROGRESS",
      "stateUpdateTime": 1770062926
    },
    {
      "error": null,
      "hostname": "mdb3",
      "id": "mdb3:37017",
      "port": 37017,
      "rsId": "sgcShard_0",
      "state": "SHUTDOWN_IN_PROGRESS",
      "stateUpdateTime": 1770062926
    },
    {
      "error": null,
      "hostname": "mdb9",
      "id": "mdb9:37017",
      "port": 37017,
      "rsId": "sgcShard_1",
      "state": "SHUTDOWN_IN_PROGRESS",
      "stateUpdateTime": 1770062926
    },
    {
      "error": null,
      "hostname": "mdb2",
      "id": "mdb2:37017",
      "port": 37017,
      "rsId": "sgcShard_1",
      "state": "SHUTDOWN_IN_PROGRESS",
      "stateUpdateTime": 1770062926
    },
    {
      "error": null,
      "hostname": "mdb4",
      "id": "mdb4:37017",
      "port": 37017,
      "rsId": "sgcShard_1",
      "state": "SHUTDOWN_IN_PROGRESS",
      "stateUpdateTime": 1770062926
    },
    {
      "error": null,
      "hostname": "mdb-config2",
      "id": "mdb-config2:37017",
      "port": 37017,
      "rsId": "configRS",
      "state": "SHUTDOWN_IN_PROGRESS",
      "stateUpdateTime": 1770062926
    },
    {
      "error": null,
      "hostname": "mdb-config1",
      "id": "mdb-config1:37017",
      "port": 37017,
      "rsId": "configRS",
      "state": "SHUTDOWN_IN_PROGRESS",
      "stateUpdateTime": 1770062926
    },
    {
      "error": null,
      "hostname": "mdb7",
      "id": "mdb7:37017",
      "port": 37017,
      "rsId": "configRS",
      "state": "SHUTDOWN_IN_PROGRESS",
      "stateUpdateTime": 1770062926
    }
  ],
  "state": "SHUTDOWN_IN_PROGRESS"
}
2026-02-02 14:09:29,356 [INFO] Restore state: SHUTDOWN_IN_PROGRESS
2026-02-02 14:09:39,357 [DEBUG] API GET http://sb1.cpolab.ibm.com:8080/api/public/v1.0/backup/third_party/group/67eed68e0ba1970a07e16b77/restore/698104274ad5445e026ff044
2026-02-02 14:09:39,538 [DEBUG] STATUS 200
2026-02-02 14:09:39,538 [DEBUG] {
  "clusterMapping": [
    {
      "rsId": "sgcShard_0",
      "targetRsId": "sgcShard_0"
    },
    {
      "rsId": "sgcShard_1",
      "targetRsId": "sgcShard_1"
    },
    {
      "rsId": "configRS",
      "targetRsId": "configRS"
    }
  ],
  "nodes": [
    {
      "error": null,
      "hostname": "mdb1",
      "id": "mdb1:37017",
      "port": 37017,
      "rsId": "sgcShard_0",
      "state": "SHUTDOWN_IN_PROGRESS",
      "stateUpdateTime": 1770062926
    },
    {
      "error": null,
      "hostname": "mdb8",
      "id": "mdb8:37017",
      "port": 37017,
      "rsId": "sgcShard_0",
      "state": "SHUTDOWN_IN_PROGRESS",
      "stateUpdateTime": 1770062926
    },
    {
      "error": null,
      "hostname": "mdb3",
      "id": "mdb3:37017",
      "port": 37017,
      "rsId": "sgcShard_0",
      "state": "SHUTDOWN_IN_PROGRESS",
      "stateUpdateTime": 1770062926
    },
    {
      "error": null,
      "hostname": "mdb9",
      "id": "mdb9:37017",
      "port": 37017,
      "rsId": "sgcShard_1",
      "state": "SHUTDOWN_IN_PROGRESS",
      "stateUpdateTime": 1770062926
    },
    {
      "error": null,
      "hostname": "mdb2",
      "id": "mdb2:37017",
      "port": 37017,
      "rsId": "sgcShard_1",
      "state": "SHUTDOWN_IN_PROGRESS",
      "stateUpdateTime": 1770062926
    },
    {
      "error": null,
      "hostname": "mdb4",
      "id": "mdb4:37017",
      "port": 37017,
      "rsId": "sgcShard_1",
      "state": "SHUTDOWN_IN_PROGRESS",
      "stateUpdateTime": 1770062926
    },
    {
      "error": null,
      "hostname": "mdb-config2",
      "id": "mdb-config2:37017",
      "port": 37017,
      "rsId": "configRS",
      "state": "SHUTDOWN_IN_PROGRESS",
      "stateUpdateTime": 1770062926
    },
    {
      "error": null,
      "hostname": "mdb-config1",
      "id": "mdb-config1:37017",
      "port": 37017,
      "rsId": "configRS",
      "state": "SHUTDOWN_IN_PROGRESS",
      "stateUpdateTime": 1770062926
    },
    {
      "error": null,
      "hostname": "mdb7",
      "id": "mdb7:37017",
      "port": 37017,
      "rsId": "configRS",
      "state": "SHUTDOWN_IN_PROGRESS",
      "stateUpdateTime": 1770062926
    }
  ],
  "state": "SHUTDOWN_IN_PROGRESS"
}
2026-02-02 14:09:39,538 [INFO] Restore state: SHUTDOWN_IN_PROGRESS
2026-02-02 14:09:49,539 [DEBUG] API GET http://sb1.cpolab.ibm.com:8080/api/public/v1.0/backup/third_party/group/67eed68e0ba1970a07e16b77/restore/698104274ad5445e026ff044
2026-02-02 14:09:49,725 [DEBUG] STATUS 200
2026-02-02 14:09:49,725 [DEBUG] {
  "clusterMapping": [
    {
      "rsId": "sgcShard_0",
      "targetRsId": "sgcShard_0"
    },
    {
      "rsId": "sgcShard_1",
      "targetRsId": "sgcShard_1"
    },
    {
      "rsId": "configRS",
      "targetRsId": "configRS"
    }
  ],
  "nodes": [
    {
      "error": null,
      "hostname": "mdb1",
      "id": "mdb1:37017",
      "port": 37017,
      "rsId": "sgcShard_0",
      "state": "SHUTDOWN_IN_PROGRESS",
      "stateUpdateTime": 1770062926
    },
    {
      "error": null,
      "hostname": "mdb8",
      "id": "mdb8:37017",
      "port": 37017,
      "rsId": "sgcShard_0",
      "state": "SHUTDOWN_IN_PROGRESS",
      "stateUpdateTime": 1770062926
    },
    {
      "error": null,
      "hostname": "mdb3",
      "id": "mdb3:37017",
      "port": 37017,
      "rsId": "sgcShard_0",
      "state": "SHUTDOWN_IN_PROGRESS",
      "stateUpdateTime": 1770062926
    },
    {
      "error": null,
      "hostname": "mdb9",
      "id": "mdb9:37017",
      "port": 37017,
      "rsId": "sgcShard_1",
      "state": "SHUTDOWN_IN_PROGRESS",
      "stateUpdateTime": 1770062926
    },
    {
      "error": null,
      "hostname": "mdb2",
      "id": "mdb2:37017",
      "port": 37017,
      "rsId": "sgcShard_1",
      "state": "SHUTDOWN_IN_PROGRESS",
      "stateUpdateTime": 1770062926
    },
    {
      "error": null,
      "hostname": "mdb4",
      "id": "mdb4:37017",
      "port": 37017,
      "rsId": "sgcShard_1",
      "state": "SHUTDOWN_IN_PROGRESS",
      "stateUpdateTime": 1770062926
    },
    {
      "error": null,
      "hostname": "mdb-config2",
      "id": "mdb-config2:37017",
      "port": 37017,
      "rsId": "configRS",
      "state": "SHUTDOWN_IN_PROGRESS",
      "stateUpdateTime": 1770062926
    },
    {
      "error": null,
      "hostname": "mdb-config1",
      "id": "mdb-config1:37017",
      "port": 37017,
      "rsId": "configRS",
      "state": "SHUTDOWN_IN_PROGRESS",
      "stateUpdateTime": 1770062926
    },
    {
      "error": null,
      "hostname": "mdb7",
      "id": "mdb7:37017",
      "port": 37017,
      "rsId": "configRS",
      "state": "SHUTDOWN_IN_PROGRESS",
      "stateUpdateTime": 1770062926
    }
  ],
  "state": "SHUTDOWN_IN_PROGRESS"
}
2026-02-02 14:09:49,725 [INFO] Restore state: SHUTDOWN_IN_PROGRESS
2026-02-02 14:09:59,725 [DEBUG] API GET http://sb1.cpolab.ibm.com:8080/api/public/v1.0/backup/third_party/group/67eed68e0ba1970a07e16b77/restore/698104274ad5445e026ff044
2026-02-02 14:09:59,908 [DEBUG] STATUS 200
2026-02-02 14:09:59,909 [DEBUG] {
  "clusterMapping": [
    {
      "rsId": "sgcShard_0",
      "targetRsId": "sgcShard_0"
    },
    {
      "rsId": "sgcShard_1",
      "targetRsId": "sgcShard_1"
    },
    {
      "rsId": "configRS",
      "targetRsId": "configRS"
    }
  ],
  "nodes": [
    {
      "error": null,
      "hostname": "mdb1",
      "id": "mdb1:37017",
      "port": 37017,
      "rsId": "sgcShard_0",
      "state": "SHUTDOWN_IN_PROGRESS",
      "stateUpdateTime": 1770062926
    },
    {
      "error": null,
      "hostname": "mdb8",
      "id": "mdb8:37017",
      "port": 37017,
      "rsId": "sgcShard_0",
      "state": "SHUTDOWN_IN_PROGRESS",
      "stateUpdateTime": 1770062926
    },
    {
      "error": null,
      "hostname": "mdb3",
      "id": "mdb3:37017",
      "port": 37017,
      "rsId": "sgcShard_0",
      "state": "SHUTDOWN_IN_PROGRESS",
      "stateUpdateTime": 1770062926
    },
    {
      "error": null,
      "hostname": "mdb9",
      "id": "mdb9:37017",
      "port": 37017,
      "rsId": "sgcShard_1",
      "state": "SHUTDOWN_IN_PROGRESS",
      "stateUpdateTime": 1770062926
    },
    {
      "error": null,
      "hostname": "mdb2",
      "id": "mdb2:37017",
      "port": 37017,
      "rsId": "sgcShard_1",
      "state": "SHUTDOWN_IN_PROGRESS",
      "stateUpdateTime": 1770062926
    },
    {
      "error": null,
      "hostname": "mdb4",
      "id": "mdb4:37017",
      "port": 37017,
      "rsId": "sgcShard_1",
      "state": "SHUTDOWN_IN_PROGRESS",
      "stateUpdateTime": 1770062926
    },
    {
      "error": null,
      "hostname": "mdb-config2",
      "id": "mdb-config2:37017",
      "port": 37017,
      "rsId": "configRS",
      "state": "SHUTDOWN_IN_PROGRESS",
      "stateUpdateTime": 1770062926
    },
    {
      "error": null,
      "hostname": "mdb-config1",
      "id": "mdb-config1:37017",
      "port": 37017,
      "rsId": "configRS",
      "state": "SHUTDOWN_IN_PROGRESS",
      "stateUpdateTime": 1770062926
    },
    {
      "error": null,
      "hostname": "mdb7",
      "id": "mdb7:37017",
      "port": 37017,
      "rsId": "configRS",
      "state": "SHUTDOWN_IN_PROGRESS",
      "stateUpdateTime": 1770062926
    }
  ],
  "state": "SHUTDOWN_IN_PROGRESS"
}
2026-02-02 14:09:59,909 [INFO] Restore state: SHUTDOWN_IN_PROGRESS
2026-02-02 14:10:09,909 [DEBUG] API GET http://sb1.cpolab.ibm.com:8080/api/public/v1.0/backup/third_party/group/67eed68e0ba1970a07e16b77/restore/698104274ad5445e026ff044
2026-02-02 14:10:10,141 [DEBUG] STATUS 200
2026-02-02 14:10:10,141 [DEBUG] {
  "clusterMapping": [
    {
      "rsId": "sgcShard_0",
      "targetRsId": "sgcShard_0"
    },
    {
      "rsId": "sgcShard_1",
      "targetRsId": "sgcShard_1"
    },
    {
      "rsId": "configRS",
      "targetRsId": "configRS"
    }
  ],
  "nodes": [
    {
      "error": null,
      "hostname": "mdb1",
      "id": "mdb1:37017",
      "port": 37017,
      "rsId": "sgcShard_0",
      "state": "SHUTDOWN_IN_PROGRESS",
      "stateUpdateTime": 1770062926
    },
    {
      "error": null,
      "hostname": "mdb8",
      "id": "mdb8:37017",
      "port": 37017,
      "rsId": "sgcShard_0",
      "state": "SHUTDOWN_IN_PROGRESS",
      "stateUpdateTime": 1770062926
    },
    {
      "error": null,
      "hostname": "mdb3",
      "id": "mdb3:37017",
      "port": 37017,
      "rsId": "sgcShard_0",
      "state": "SHUTDOWN_IN_PROGRESS",
      "stateUpdateTime": 1770062926
    },
    {
      "error": null,
      "hostname": "mdb9",
      "id": "mdb9:37017",
      "port": 37017,
      "rsId": "sgcShard_1",
      "state": "SHUTDOWN_IN_PROGRESS",
      "stateUpdateTime": 1770062926
    },
    {
      "error": null,
      "hostname": "mdb2",
      "id": "mdb2:37017",
      "port": 37017,
      "rsId": "sgcShard_1",
      "state": "SHUTDOWN_IN_PROGRESS",
      "stateUpdateTime": 1770062926
    },
    {
      "error": null,
      "hostname": "mdb4",
      "id": "mdb4:37017",
      "port": 37017,
      "rsId": "sgcShard_1",
      "state": "SHUTDOWN_IN_PROGRESS",
      "stateUpdateTime": 1770062926
    },
    {
      "error": null,
      "hostname": "mdb-config2",
      "id": "mdb-config2:37017",
      "port": 37017,
      "rsId": "configRS",
      "state": "SHUTDOWN_IN_PROGRESS",
      "stateUpdateTime": 1770062926
    },
    {
      "error": null,
      "hostname": "mdb-config1",
      "id": "mdb-config1:37017",
      "port": 37017,
      "rsId": "configRS",
      "state": "SHUTDOWN_IN_PROGRESS",
      "stateUpdateTime": 1770062926
    },
    {
      "error": null,
      "hostname": "mdb7",
      "id": "mdb7:37017",
      "port": 37017,
      "rsId": "configRS",
      "state": "SHUTDOWN_IN_PROGRESS",
      "stateUpdateTime": 1770062926
    }
  ],
  "state": "SHUTDOWN_IN_PROGRESS"
}
2026-02-02 14:10:10,141 [INFO] Restore state: SHUTDOWN_IN_PROGRESS
2026-02-02 14:10:20,142 [DEBUG] API GET http://sb1.cpolab.ibm.com:8080/api/public/v1.0/backup/third_party/group/67eed68e0ba1970a07e16b77/restore/698104274ad5445e026ff044
2026-02-02 14:10:20,315 [DEBUG] STATUS 200
2026-02-02 14:10:20,315 [DEBUG] {
  "clusterMapping": [
    {
      "rsId": "sgcShard_0",
      "targetRsId": "sgcShard_0"
    },
    {
      "rsId": "sgcShard_1",
      "targetRsId": "sgcShard_1"
    },
    {
      "rsId": "configRS",
      "targetRsId": "configRS"
    }
  ],
  "nodes": [
    {
      "error": null,
      "hostname": "mdb1",
      "id": "mdb1:37017",
      "port": 37017,
      "rsId": "sgcShard_0",
      "state": "SHUTDOWN_IN_PROGRESS",
      "stateUpdateTime": 1770062926
    },
    {
      "error": null,
      "hostname": "mdb8",
      "id": "mdb8:37017",
      "port": 37017,
      "rsId": "sgcShard_0",
      "state": "SHUTDOWN_IN_PROGRESS",
      "stateUpdateTime": 1770062926
    },
    {
      "error": null,
      "hostname": "mdb3",
      "id": "mdb3:37017",
      "port": 37017,
      "rsId": "sgcShard_0",
      "state": "SHUTDOWN_IN_PROGRESS",
      "stateUpdateTime": 1770062926
    },
    {
      "error": null,
      "hostname": "mdb9",
      "id": "mdb9:37017",
      "port": 37017,
      "rsId": "sgcShard_1",
      "state": "SHUTDOWN_IN_PROGRESS",
      "stateUpdateTime": 1770062926
    },
    {
      "error": null,
      "hostname": "mdb2",
      "id": "mdb2:37017",
      "port": 37017,
      "rsId": "sgcShard_1",
      "state": "SHUTDOWN_IN_PROGRESS",
      "stateUpdateTime": 1770062926
    },
    {
      "error": null,
      "hostname": "mdb4",
      "id": "mdb4:37017",
      "port": 37017,
      "rsId": "sgcShard_1",
      "state": "SHUTDOWN_IN_PROGRESS",
      "stateUpdateTime": 1770062926
    },
    {
      "error": null,
      "hostname": "mdb-config2",
      "id": "mdb-config2:37017",
      "port": 37017,
      "rsId": "configRS",
      "state": "SHUTDOWN_IN_PROGRESS",
      "stateUpdateTime": 1770062926
    },
    {
      "error": null,
      "hostname": "mdb-config1",
      "id": "mdb-config1:37017",
      "port": 37017,
      "rsId": "configRS",
      "state": "SHUTDOWN_IN_PROGRESS",
      "stateUpdateTime": 1770062926
    },
    {
      "error": null,
      "hostname": "mdb7",
      "id": "mdb7:37017",
      "port": 37017,
      "rsId": "configRS",
      "state": "SHUTDOWN_IN_PROGRESS",
      "stateUpdateTime": 1770062926
    }
  ],
  "state": "SHUTDOWN_IN_PROGRESS"
}
2026-02-02 14:10:20,315 [INFO] Restore state: SHUTDOWN_IN_PROGRESS
2026-02-02 14:10:30,316 [DEBUG] API GET http://sb1.cpolab.ibm.com:8080/api/public/v1.0/backup/third_party/group/67eed68e0ba1970a07e16b77/restore/698104274ad5445e026ff044
2026-02-02 14:10:30,486 [DEBUG] STATUS 200
2026-02-02 14:10:30,486 [DEBUG] {
  "clusterMapping": [
    {
      "rsId": "sgcShard_0",
      "targetRsId": "sgcShard_0"
    },
    {
      "rsId": "sgcShard_1",
      "targetRsId": "sgcShard_1"
    },
    {
      "rsId": "configRS",
      "targetRsId": "configRS"
    }
  ],
  "nodes": [
    {
      "error": null,
      "hostname": "mdb1",
      "id": "mdb1:37017",
      "port": 37017,
      "rsId": "sgcShard_0",
      "state": "SHUTDOWN_IN_PROGRESS",
      "stateUpdateTime": 1770062926
    },
    {
      "error": null,
      "hostname": "mdb8",
      "id": "mdb8:37017",
      "port": 37017,
      "rsId": "sgcShard_0",
      "state": "SHUTDOWN_IN_PROGRESS",
      "stateUpdateTime": 1770062926
    },
    {
      "error": null,
      "hostname": "mdb3",
      "id": "mdb3:37017",
      "port": 37017,
      "rsId": "sgcShard_0",
      "state": "SHUTDOWN_IN_PROGRESS",
      "stateUpdateTime": 1770062926
    },
    {
      "error": null,
      "hostname": "mdb9",
      "id": "mdb9:37017",
      "port": 37017,
      "rsId": "sgcShard_1",
      "state": "SHUTDOWN_IN_PROGRESS",
      "stateUpdateTime": 1770062926
    },
    {
      "error": null,
      "hostname": "mdb2",
      "id": "mdb2:37017",
      "port": 37017,
      "rsId": "sgcShard_1",
      "state": "SHUTDOWN_IN_PROGRESS",
      "stateUpdateTime": 1770062926
    },
    {
      "error": null,
      "hostname": "mdb4",
      "id": "mdb4:37017",
      "port": 37017,
      "rsId": "sgcShard_1",
      "state": "SHUTDOWN_IN_PROGRESS",
      "stateUpdateTime": 1770062926
    },
    {
      "error": null,
      "hostname": "mdb-config2",
      "id": "mdb-config2:37017",
      "port": 37017,
      "rsId": "configRS",
      "state": "SHUTDOWN_IN_PROGRESS",
      "stateUpdateTime": 1770062926
    },
    {
      "error": null,
      "hostname": "mdb-config1",
      "id": "mdb-config1:37017",
      "port": 37017,
      "rsId": "configRS",
      "state": "SHUTDOWN_IN_PROGRESS",
      "stateUpdateTime": 1770062926
    },
    {
      "error": null,
      "hostname": "mdb7",
      "id": "mdb7:37017",
      "port": 37017,
      "rsId": "configRS",
      "state": "SHUTDOWN_IN_PROGRESS",
      "stateUpdateTime": 1770062926
    }
  ],
  "state": "SHUTDOWN_IN_PROGRESS"
}
2026-02-02 14:10:30,486 [INFO] Restore state: SHUTDOWN_IN_PROGRESS
2026-02-02 14:10:40,487 [DEBUG] API GET http://sb1.cpolab.ibm.com:8080/api/public/v1.0/backup/third_party/group/67eed68e0ba1970a07e16b77/restore/698104274ad5445e026ff044
2026-02-02 14:10:40,671 [DEBUG] STATUS 200
2026-02-02 14:10:40,671 [DEBUG] {
  "clusterMapping": [
    {
      "rsId": "sgcShard_0",
      "targetRsId": "sgcShard_0"
    },
    {
      "rsId": "sgcShard_1",
      "targetRsId": "sgcShard_1"
    },
    {
      "rsId": "configRS",
      "targetRsId": "configRS"
    }
  ],
  "nodes": [
    {
      "error": null,
      "hostname": "mdb1",
      "id": "mdb1:37017",
      "port": 37017,
      "rsId": "sgcShard_0",
      "state": "SHUTDOWN_IN_PROGRESS",
      "stateUpdateTime": 1770062926
    },
    {
      "error": null,
      "hostname": "mdb8",
      "id": "mdb8:37017",
      "port": 37017,
      "rsId": "sgcShard_0",
      "state": "SHUTDOWN_IN_PROGRESS",
      "stateUpdateTime": 1770062926
    },
    {
      "error": null,
      "hostname": "mdb3",
      "id": "mdb3:37017",
      "port": 37017,
      "rsId": "sgcShard_0",
      "state": "SHUTDOWN_IN_PROGRESS",
      "stateUpdateTime": 1770062926
    },
    {
      "error": null,
      "hostname": "mdb9",
      "id": "mdb9:37017",
      "port": 37017,
      "rsId": "sgcShard_1",
      "state": "SHUTDOWN_IN_PROGRESS",
      "stateUpdateTime": 1770062926
    },
    {
      "error": null,
      "hostname": "mdb2",
      "id": "mdb2:37017",
      "port": 37017,
      "rsId": "sgcShard_1",
      "state": "SHUTDOWN_IN_PROGRESS",
      "stateUpdateTime": 1770062926
    },
    {
      "error": null,
      "hostname": "mdb4",
      "id": "mdb4:37017",
      "port": 37017,
      "rsId": "sgcShard_1",
      "state": "SHUTDOWN_IN_PROGRESS",
      "stateUpdateTime": 1770062926
    },
    {
      "error": null,
      "hostname": "mdb-config2",
      "id": "mdb-config2:37017",
      "port": 37017,
      "rsId": "configRS",
      "state": "SHUTDOWN_IN_PROGRESS",
      "stateUpdateTime": 1770062926
    },
    {
      "error": null,
      "hostname": "mdb-config1",
      "id": "mdb-config1:37017",
      "port": 37017,
      "rsId": "configRS",
      "state": "SHUTDOWN_IN_PROGRESS",
      "stateUpdateTime": 1770062926
    },
    {
      "error": null,
      "hostname": "mdb7",
      "id": "mdb7:37017",
      "port": 37017,
      "rsId": "configRS",
      "state": "SHUTDOWN_IN_PROGRESS",
      "stateUpdateTime": 1770062926
    }
  ],
  "state": "SHUTDOWN_IN_PROGRESS"
}
2026-02-02 14:10:40,671 [INFO] Restore state: SHUTDOWN_IN_PROGRESS
2026-02-02 14:10:50,672 [DEBUG] API GET http://sb1.cpolab.ibm.com:8080/api/public/v1.0/backup/third_party/group/67eed68e0ba1970a07e16b77/restore/698104274ad5445e026ff044
2026-02-02 14:10:50,842 [DEBUG] STATUS 200
2026-02-02 14:10:50,842 [DEBUG] {
  "clusterMapping": [
    {
      "rsId": "sgcShard_0",
      "targetRsId": "sgcShard_0"
    },
    {
      "rsId": "sgcShard_1",
      "targetRsId": "sgcShard_1"
    },
    {
      "rsId": "configRS",
      "targetRsId": "configRS"
    }
  ],
  "nodes": [
    {
      "error": null,
      "hostname": "mdb1",
      "id": "mdb1:37017",
      "port": 37017,
      "rsId": "sgcShard_0",
      "state": "SHUTDOWN_IN_PROGRESS",
      "stateUpdateTime": 1770062926
    },
    {
      "error": null,
      "hostname": "mdb8",
      "id": "mdb8:37017",
      "port": 37017,
      "rsId": "sgcShard_0",
      "state": "SHUTDOWN_IN_PROGRESS",
      "stateUpdateTime": 1770062926
    },
    {
      "error": null,
      "hostname": "mdb3",
      "id": "mdb3:37017",
      "port": 37017,
      "rsId": "sgcShard_0",
      "state": "SHUTDOWN_IN_PROGRESS",
      "stateUpdateTime": 1770062926
    },
    {
      "error": null,
      "hostname": "mdb9",
      "id": "mdb9:37017",
      "port": 37017,
      "rsId": "sgcShard_1",
      "state": "SHUTDOWN_IN_PROGRESS",
      "stateUpdateTime": 1770062926
    },
    {
      "error": null,
      "hostname": "mdb2",
      "id": "mdb2:37017",
      "port": 37017,
      "rsId": "sgcShard_1",
      "state": "SHUTDOWN_IN_PROGRESS",
      "stateUpdateTime": 1770062926
    },
    {
      "error": null,
      "hostname": "mdb4",
      "id": "mdb4:37017",
      "port": 37017,
      "rsId": "sgcShard_1",
      "state": "SHUTDOWN_IN_PROGRESS",
      "stateUpdateTime": 1770062926
    },
    {
      "error": null,
      "hostname": "mdb-config2",
      "id": "mdb-config2:37017",
      "port": 37017,
      "rsId": "configRS",
      "state": "SHUTDOWN_IN_PROGRESS",
      "stateUpdateTime": 1770062926
    },
    {
      "error": null,
      "hostname": "mdb-config1",
      "id": "mdb-config1:37017",
      "port": 37017,
      "rsId": "configRS",
      "state": "SHUTDOWN_IN_PROGRESS",
      "stateUpdateTime": 1770062926
    },
    {
      "error": null,
      "hostname": "mdb7",
      "id": "mdb7:37017",
      "port": 37017,
      "rsId": "configRS",
      "state": "SHUTDOWN_IN_PROGRESS",
      "stateUpdateTime": 1770062926
    }
  ],
  "state": "SHUTDOWN_IN_PROGRESS"
}
2026-02-02 14:10:50,842 [INFO] Restore state: SHUTDOWN_IN_PROGRESS
2026-02-02 14:11:00,842 [DEBUG] API GET http://sb1.cpolab.ibm.com:8080/api/public/v1.0/backup/third_party/group/67eed68e0ba1970a07e16b77/restore/698104274ad5445e026ff044
2026-02-02 14:11:01,012 [DEBUG] STATUS 200
2026-02-02 14:11:01,012 [DEBUG] {
  "clusterMapping": [
    {
      "rsId": "sgcShard_0",
      "targetRsId": "sgcShard_0"
    },
    {
      "rsId": "sgcShard_1",
      "targetRsId": "sgcShard_1"
    },
    {
      "rsId": "configRS",
      "targetRsId": "configRS"
    }
  ],
  "nodes": [
    {
      "error": null,
      "hostname": "mdb1",
      "id": "mdb1:37017",
      "port": 37017,
      "rsId": "sgcShard_0",
      "state": "SHUTDOWN_IN_PROGRESS",
      "stateUpdateTime": 1770062926
    },
    {
      "error": null,
      "hostname": "mdb8",
      "id": "mdb8:37017",
      "port": 37017,
      "rsId": "sgcShard_0",
      "state": "SHUTDOWN_IN_PROGRESS",
      "stateUpdateTime": 1770062926
    },
    {
      "error": null,
      "hostname": "mdb3",
      "id": "mdb3:37017",
      "port": 37017,
      "rsId": "sgcShard_0",
      "state": "SHUTDOWN_IN_PROGRESS",
      "stateUpdateTime": 1770062926
    },
    {
      "error": null,
      "hostname": "mdb9",
      "id": "mdb9:37017",
      "port": 37017,
      "rsId": "sgcShard_1",
      "state": "SHUTDOWN_IN_PROGRESS",
      "stateUpdateTime": 1770062926
    },
    {
      "error": null,
      "hostname": "mdb2",
      "id": "mdb2:37017",
      "port": 37017,
      "rsId": "sgcShard_1",
      "state": "SHUTDOWN_IN_PROGRESS",
      "stateUpdateTime": 1770062926
    },
    {
      "error": null,
      "hostname": "mdb4",
      "id": "mdb4:37017",
      "port": 37017,
      "rsId": "sgcShard_1",
      "state": "SHUTDOWN_IN_PROGRESS",
      "stateUpdateTime": 1770062926
    },
    {
      "error": null,
      "hostname": "mdb-config2",
      "id": "mdb-config2:37017",
      "port": 37017,
      "rsId": "configRS",
      "state": "SHUTDOWN_IN_PROGRESS",
      "stateUpdateTime": 1770062926
    },
    {
      "error": null,
      "hostname": "mdb-config1",
      "id": "mdb-config1:37017",
      "port": 37017,
      "rsId": "configRS",
      "state": "SHUTDOWN_IN_PROGRESS",
      "stateUpdateTime": 1770062926
    },
    {
      "error": null,
      "hostname": "mdb7",
      "id": "mdb7:37017",
      "port": 37017,
      "rsId": "configRS",
      "state": "SHUTDOWN_IN_PROGRESS",
      "stateUpdateTime": 1770062926
    }
  ],
  "state": "SHUTDOWN_IN_PROGRESS"
}
2026-02-02 14:11:01,013 [INFO] Restore state: SHUTDOWN_IN_PROGRESS
2026-02-02 14:11:11,013 [DEBUG] API GET http://sb1.cpolab.ibm.com:8080/api/public/v1.0/backup/third_party/group/67eed68e0ba1970a07e16b77/restore/698104274ad5445e026ff044
2026-02-02 14:11:11,242 [DEBUG] STATUS 200
2026-02-02 14:11:11,242 [DEBUG] {
  "clusterMapping": [
    {
      "rsId": "sgcShard_0",
      "targetRsId": "sgcShard_0"
    },
    {
      "rsId": "sgcShard_1",
      "targetRsId": "sgcShard_1"
    },
    {
      "rsId": "configRS",
      "targetRsId": "configRS"
    }
  ],
  "nodes": [
    {
      "error": null,
      "hostname": "mdb1",
      "id": "mdb1:37017",
      "port": 37017,
      "rsId": "sgcShard_0",
      "state": "SHUTDOWN_IN_PROGRESS",
      "stateUpdateTime": 1770062926
    },
    {
      "error": null,
      "hostname": "mdb8",
      "id": "mdb8:37017",
      "port": 37017,
      "rsId": "sgcShard_0",
      "state": "SHUTDOWN_IN_PROGRESS",
      "stateUpdateTime": 1770062926
    },
    {
      "error": null,
      "hostname": "mdb3",
      "id": "mdb3:37017",
      "port": 37017,
      "rsId": "sgcShard_0",
      "state": "SHUTDOWN_IN_PROGRESS",
      "stateUpdateTime": 1770062926
    },
    {
      "error": null,
      "hostname": "mdb9",
      "id": "mdb9:37017",
      "port": 37017,
      "rsId": "sgcShard_1",
      "state": "SHUTDOWN_IN_PROGRESS",
      "stateUpdateTime": 1770062926
    },
    {
      "error": null,
      "hostname": "mdb2",
      "id": "mdb2:37017",
      "port": 37017,
      "rsId": "sgcShard_1",
      "state": "SHUTDOWN_IN_PROGRESS",
      "stateUpdateTime": 1770062926
    },
    {
      "error": null,
      "hostname": "mdb4",
      "id": "mdb4:37017",
      "port": 37017,
      "rsId": "sgcShard_1",
      "state": "SHUTDOWN_IN_PROGRESS",
      "stateUpdateTime": 1770062926
    },
    {
      "error": null,
      "hostname": "mdb-config2",
      "id": "mdb-config2:37017",
      "port": 37017,
      "rsId": "configRS",
      "state": "SHUTDOWN_IN_PROGRESS",
      "stateUpdateTime": 1770062926
    },
    {
      "error": null,
      "hostname": "mdb-config1",
      "id": "mdb-config1:37017",
      "port": 37017,
      "rsId": "configRS",
      "state": "SHUTDOWN_IN_PROGRESS",
      "stateUpdateTime": 1770062926
    },
    {
      "error": null,
      "hostname": "mdb7",
      "id": "mdb7:37017",
      "port": 37017,
      "rsId": "configRS",
      "state": "SHUTDOWN_IN_PROGRESS",
      "stateUpdateTime": 1770062926
    }
  ],
  "state": "SHUTDOWN_IN_PROGRESS"
}
2026-02-02 14:11:11,242 [INFO] Restore state: SHUTDOWN_IN_PROGRESS
2026-02-02 14:11:21,243 [DEBUG] API GET http://sb1.cpolab.ibm.com:8080/api/public/v1.0/backup/third_party/group/67eed68e0ba1970a07e16b77/restore/698104274ad5445e026ff044
2026-02-02 14:11:21,415 [DEBUG] STATUS 200
2026-02-02 14:11:21,415 [DEBUG] {
  "clusterMapping": [
    {
      "rsId": "sgcShard_0",
      "targetRsId": "sgcShard_0"
    },
    {
      "rsId": "sgcShard_1",
      "targetRsId": "sgcShard_1"
    },
    {
      "rsId": "configRS",
      "targetRsId": "configRS"
    }
  ],
  "nodes": [
    {
      "error": null,
      "hostname": "mdb1",
      "id": "mdb1:37017",
      "port": 37017,
      "rsId": "sgcShard_0",
      "state": "SHUTDOWN_IN_PROGRESS",
      "stateUpdateTime": 1770062926
    },
    {
      "error": null,
      "hostname": "mdb8",
      "id": "mdb8:37017",
      "port": 37017,
      "rsId": "sgcShard_0",
      "state": "SHUTDOWN_IN_PROGRESS",
      "stateUpdateTime": 1770062926
    },
    {
      "error": null,
      "hostname": "mdb3",
      "id": "mdb3:37017",
      "port": 37017,
      "rsId": "sgcShard_0",
      "state": "SHUTDOWN_IN_PROGRESS",
      "stateUpdateTime": 1770062926
    },
    {
      "error": null,
      "hostname": "mdb9",
      "id": "mdb9:37017",
      "port": 37017,
      "rsId": "sgcShard_1",
      "state": "SHUTDOWN_IN_PROGRESS",
      "stateUpdateTime": 1770062926
    },
    {
      "error": null,
      "hostname": "mdb2",
      "id": "mdb2:37017",
      "port": 37017,
      "rsId": "sgcShard_1",
      "state": "SHUTDOWN_IN_PROGRESS",
      "stateUpdateTime": 1770062926
    },
    {
      "error": null,
      "hostname": "mdb4",
      "id": "mdb4:37017",
      "port": 37017,
      "rsId": "sgcShard_1",
      "state": "SHUTDOWN_IN_PROGRESS",
      "stateUpdateTime": 1770062926
    },
    {
      "error": null,
      "hostname": "mdb-config2",
      "id": "mdb-config2:37017",
      "port": 37017,
      "rsId": "configRS",
      "state": "SHUTDOWN_IN_PROGRESS",
      "stateUpdateTime": 1770062926
    },
    {
      "error": null,
      "hostname": "mdb-config1",
      "id": "mdb-config1:37017",
      "port": 37017,
      "rsId": "configRS",
      "state": "SHUTDOWN_IN_PROGRESS",
      "stateUpdateTime": 1770062926
    },
    {
      "error": null,
      "hostname": "mdb7",
      "id": "mdb7:37017",
      "port": 37017,
      "rsId": "configRS",
      "state": "SHUTDOWN_IN_PROGRESS",
      "stateUpdateTime": 1770062926
    }
  ],
  "state": "SHUTDOWN_IN_PROGRESS"
}
2026-02-02 14:11:21,415 [INFO] Restore state: SHUTDOWN_IN_PROGRESS
2026-02-02 14:11:31,415 [DEBUG] API GET http://sb1.cpolab.ibm.com:8080/api/public/v1.0/backup/third_party/group/67eed68e0ba1970a07e16b77/restore/698104274ad5445e026ff044
2026-02-02 14:11:31,584 [DEBUG] STATUS 200
2026-02-02 14:11:31,585 [DEBUG] {
  "clusterMapping": [
    {
      "rsId": "sgcShard_0",
      "targetRsId": "sgcShard_0"
    },
    {
      "rsId": "sgcShard_1",
      "targetRsId": "sgcShard_1"
    },
    {
      "rsId": "configRS",
      "targetRsId": "configRS"
    }
  ],
  "nodes": [
    {
      "error": null,
      "hostname": "mdb1",
      "id": "mdb1:37017",
      "port": 37017,
      "rsId": "sgcShard_0",
      "state": "SHUTDOWN_IN_PROGRESS",
      "stateUpdateTime": 1770062926
    },
    {
      "error": null,
      "hostname": "mdb8",
      "id": "mdb8:37017",
      "port": 37017,
      "rsId": "sgcShard_0",
      "state": "SHUTDOWN_IN_PROGRESS",
      "stateUpdateTime": 1770062926
    },
    {
      "error": null,
      "hostname": "mdb3",
      "id": "mdb3:37017",
      "port": 37017,
      "rsId": "sgcShard_0",
      "state": "SHUTDOWN_IN_PROGRESS",
      "stateUpdateTime": 1770062926
    },
    {
      "error": null,
      "hostname": "mdb9",
      "id": "mdb9:37017",
      "port": 37017,
      "rsId": "sgcShard_1",
      "state": "SHUTDOWN_IN_PROGRESS",
      "stateUpdateTime": 1770062926
    },
    {
      "error": null,
      "hostname": "mdb2",
      "id": "mdb2:37017",
      "port": 37017,
      "rsId": "sgcShard_1",
      "state": "SHUTDOWN_IN_PROGRESS",
      "stateUpdateTime": 1770062926
    },
    {
      "error": null,
      "hostname": "mdb4",
      "id": "mdb4:37017",
      "port": 37017,
      "rsId": "sgcShard_1",
      "state": "SHUTDOWN_IN_PROGRESS",
      "stateUpdateTime": 1770062926
    },
    {
      "error": null,
      "hostname": "mdb-config2",
      "id": "mdb-config2:37017",
      "port": 37017,
      "rsId": "configRS",
      "state": "SHUTDOWN_IN_PROGRESS",
      "stateUpdateTime": 1770062926
    },
    {
      "error": null,
      "hostname": "mdb-config1",
      "id": "mdb-config1:37017",
      "port": 37017,
      "rsId": "configRS",
      "state": "SHUTDOWN_IN_PROGRESS",
      "stateUpdateTime": 1770062926
    },
    {
      "error": null,
      "hostname": "mdb7",
      "id": "mdb7:37017",
      "port": 37017,
      "rsId": "configRS",
      "state": "SHUTDOWN_IN_PROGRESS",
      "stateUpdateTime": 1770062926
    }
  ],
  "state": "SHUTDOWN_IN_PROGRESS"
}
2026-02-02 14:11:31,585 [INFO] Restore state: SHUTDOWN_IN_PROGRESS
2026-02-02 14:11:41,586 [DEBUG] API GET http://sb1.cpolab.ibm.com:8080/api/public/v1.0/backup/third_party/group/67eed68e0ba1970a07e16b77/restore/698104274ad5445e026ff044
2026-02-02 14:11:41,772 [DEBUG] STATUS 200
2026-02-02 14:11:41,772 [DEBUG] {
  "clusterMapping": [
    {
      "rsId": "sgcShard_0",
      "targetRsId": "sgcShard_0"
    },
    {
      "rsId": "sgcShard_1",
      "targetRsId": "sgcShard_1"
    },
    {
      "rsId": "configRS",
      "targetRsId": "configRS"
    }
  ],
  "nodes": [
    {
      "error": null,
      "hostname": "mdb1",
      "id": "mdb1:37017",
      "port": 37017,
      "rsId": "sgcShard_0",
      "state": "SHUTDOWN_IN_PROGRESS",
      "stateUpdateTime": 1770062926
    },
    {
      "error": null,
      "hostname": "mdb8",
      "id": "mdb8:37017",
      "port": 37017,
      "rsId": "sgcShard_0",
      "state": "SHUTDOWN_IN_PROGRESS",
      "stateUpdateTime": 1770062926
    },
    {
      "error": null,
      "hostname": "mdb3",
      "id": "mdb3:37017",
      "port": 37017,
      "rsId": "sgcShard_0",
      "state": "SHUTDOWN_IN_PROGRESS",
      "stateUpdateTime": 1770062926
    },
    {
      "error": null,
      "hostname": "mdb9",
      "id": "mdb9:37017",
      "port": 37017,
      "rsId": "sgcShard_1",
      "state": "SHUTDOWN_IN_PROGRESS",
      "stateUpdateTime": 1770062926
    },
    {
      "error": null,
      "hostname": "mdb2",
      "id": "mdb2:37017",
      "port": 37017,
      "rsId": "sgcShard_1",
      "state": "SHUTDOWN_IN_PROGRESS",
      "stateUpdateTime": 1770062926
    },
    {
      "error": null,
      "hostname": "mdb4",
      "id": "mdb4:37017",
      "port": 37017,
      "rsId": "sgcShard_1",
      "state": "SHUTDOWN_IN_PROGRESS",
      "stateUpdateTime": 1770062926
    },
    {
      "error": null,
      "hostname": "mdb-config2",
      "id": "mdb-config2:37017",
      "port": 37017,
      "rsId": "configRS",
      "state": "SHUTDOWN_IN_PROGRESS",
      "stateUpdateTime": 1770062926
    },
    {
      "error": null,
      "hostname": "mdb-config1",
      "id": "mdb-config1:37017",
      "port": 37017,
      "rsId": "configRS",
      "state": "COPY_FILES",
      "stateUpdateTime": 1770063098
    },
    {
      "error": null,
      "hostname": "mdb7",
      "id": "mdb7:37017",
      "port": 37017,
      "rsId": "configRS",
      "state": "SHUTDOWN_IN_PROGRESS",
      "stateUpdateTime": 1770062926
    }
  ],
  "state": "SHUTDOWN_IN_PROGRESS"
}
2026-02-02 14:11:41,772 [INFO] Restore state: SHUTDOWN_IN_PROGRESS
2026-02-02 14:11:51,773 [DEBUG] API GET http://sb1.cpolab.ibm.com:8080/api/public/v1.0/backup/third_party/group/67eed68e0ba1970a07e16b77/restore/698104274ad5445e026ff044
2026-02-02 14:11:51,953 [DEBUG] STATUS 200
2026-02-02 14:11:51,953 [DEBUG] {
  "clusterMapping": [
    {
      "rsId": "sgcShard_0",
      "targetRsId": "sgcShard_0"
    },
    {
      "rsId": "sgcShard_1",
      "targetRsId": "sgcShard_1"
    },
    {
      "rsId": "configRS",
      "targetRsId": "configRS"
    }
  ],
  "nodes": [
    {
      "error": null,
      "hostname": "mdb1",
      "id": "mdb1:37017",
      "port": 37017,
      "rsId": "sgcShard_0",
      "state": "COPY_FILES",
      "stateUpdateTime": 1770063102
    },
    {
      "error": null,
      "hostname": "mdb8",
      "id": "mdb8:37017",
      "port": 37017,
      "rsId": "sgcShard_0",
      "state": "COPY_FILES",
      "stateUpdateTime": 1770063103
    },
    {
      "error": null,
      "hostname": "mdb3",
      "id": "mdb3:37017",
      "port": 37017,
      "rsId": "sgcShard_0",
      "state": "COPY_FILES",
      "stateUpdateTime": 1770063103
    },
    {
      "error": null,
      "hostname": "mdb9",
      "id": "mdb9:37017",
      "port": 37017,
      "rsId": "sgcShard_1",
      "state": "COPY_FILES",
      "stateUpdateTime": 1770063102
    },
    {
      "error": null,
      "hostname": "mdb2",
      "id": "mdb2:37017",
      "port": 37017,
      "rsId": "sgcShard_1",
      "state": "COPY_FILES",
      "stateUpdateTime": 1770063103
    },
    {
      "error": null,
      "hostname": "mdb4",
      "id": "mdb4:37017",
      "port": 37017,
      "rsId": "sgcShard_1",
      "state": "COPY_FILES",
      "stateUpdateTime": 1770063102
    },
    {
      "error": null,
      "hostname": "mdb-config2",
      "id": "mdb-config2:37017",
      "port": 37017,
      "rsId": "configRS",
      "state": "COPY_FILES",
      "stateUpdateTime": 1770063102
    },
    {
      "error": null,
      "hostname": "mdb-config1",
      "id": "mdb-config1:37017",
      "port": 37017,
      "rsId": "configRS",
      "state": "COPY_FILES",
      "stateUpdateTime": 1770063098
    },
    {
      "error": null,
      "hostname": "mdb7",
      "id": "mdb7:37017",
      "port": 37017,
      "rsId": "configRS",
      "state": "COPY_FILES",
      "stateUpdateTime": 1770063101
    }
  ],
  "state": "COPY_FILES"
}
2026-02-02 14:11:51,953 [INFO] Restore state: COPY_FILES
2026-02-02 14:11:51,954 [INFO] Waiting for FlashSystem volume mount on mdb1:37017 at /fimongo1/data
2026-02-02 14:14:57,406 [DEBUG] API POST http://sb1.cpolab.ibm.com:8080/api/public/v1.0/backup/third_party/group/67eed68e0ba1970a07e16b77/restore/698104274ad5445e026ff044/filesCopied
2026-02-02 14:14:57,406 [DEBUG] {
  "id": "mdb1:37017",
  "dbPath": "/fimongo1/data"
}
2026-02-02 14:14:57,603 [DEBUG] STATUS 200
2026-02-02 14:14:57,603 [DEBUG] {
  "errorCode": "NONE",
  "version": "1",
  "status": "OK"
}
2026-02-02 14:14:57,603 [INFO] Waiting for FlashSystem volume mount on mdb8:37017 at /fimongo1/data
2026-02-02 14:15:35,470 [DEBUG] API POST http://sb1.cpolab.ibm.com:8080/api/public/v1.0/backup/third_party/group/67eed68e0ba1970a07e16b77/restore/698104274ad5445e026ff044/filesCopied
2026-02-02 14:15:35,470 [DEBUG] {
  "id": "mdb8:37017",
  "dbPath": "/fimongo1/data"
}
2026-02-02 14:15:35,607 [DEBUG] STATUS 200
2026-02-02 14:15:35,607 [DEBUG] {
  "errorCode": "NONE",
  "version": "1",
  "status": "OK"
}
2026-02-02 14:15:35,607 [INFO] Waiting for FlashSystem volume mount on mdb3:37017 at /fimongo1/data
2026-02-02 14:16:03,261 [DEBUG] API POST http://sb1.cpolab.ibm.com:8080/api/public/v1.0/backup/third_party/group/67eed68e0ba1970a07e16b77/restore/698104274ad5445e026ff044/filesCopied
2026-02-02 14:16:03,261 [DEBUG] {
  "id": "mdb3:37017",
  "dbPath": "/fimongo1/data"
}
2026-02-02 14:16:03,477 [DEBUG] STATUS 200
2026-02-02 14:16:03,477 [DEBUG] {
  "errorCode": "NONE",
  "version": "1",
  "status": "OK"
}
2026-02-02 14:16:03,477 [INFO] Waiting for FlashSystem volume mount on mdb9:37017 at /fimongo1/data
2026-02-02 14:17:24,446 [DEBUG] API POST http://sb1.cpolab.ibm.com:8080/api/public/v1.0/backup/third_party/group/67eed68e0ba1970a07e16b77/restore/698104274ad5445e026ff044/filesCopied
2026-02-02 14:17:24,446 [DEBUG] {
  "id": "mdb9:37017",
  "dbPath": "/fimongo1/data"
}
2026-02-02 14:17:24,643 [DEBUG] STATUS 200
2026-02-02 14:17:24,643 [DEBUG] {
  "errorCode": "NONE",
  "version": "1",
  "status": "OK"
}
2026-02-02 14:17:24,643 [INFO] Waiting for FlashSystem volume mount on mdb2:37017 at /fimongo1/data
2026-02-02 14:19:00,925 [DEBUG] API POST http://sb1.cpolab.ibm.com:8080/api/public/v1.0/backup/third_party/group/67eed68e0ba1970a07e16b77/restore/698104274ad5445e026ff044/filesCopied
2026-02-02 14:19:00,926 [DEBUG] {
  "id": "mdb2:37017",
  "dbPath": "/fimongo1/data"
}
2026-02-02 14:19:01,122 [DEBUG] STATUS 200
2026-02-02 14:19:01,122 [DEBUG] {
  "errorCode": "NONE",
  "version": "1",
  "status": "OK"
}
2026-02-02 14:19:01,122 [INFO] Waiting for FlashSystem volume mount on mdb4:37017 at /fimongo1/data
2026-02-02 14:19:35,198 [DEBUG] API POST http://sb1.cpolab.ibm.com:8080/api/public/v1.0/backup/third_party/group/67eed68e0ba1970a07e16b77/restore/698104274ad5445e026ff044/filesCopied
2026-02-02 14:19:35,198 [DEBUG] {
  "id": "mdb4:37017",
  "dbPath": "/fimongo1/data"
}
2026-02-02 14:19:35,336 [DEBUG] STATUS 200
2026-02-02 14:19:35,336 [DEBUG] {
  "errorCode": "NONE",
  "version": "1",
  "status": "OK"
}
2026-02-02 14:19:35,336 [INFO] Waiting for FlashSystem volume mount on mdb-config2:37017 at /fimongo1/data
2026-02-02 14:20:41,478 [DEBUG] API POST http://sb1.cpolab.ibm.com:8080/api/public/v1.0/backup/third_party/group/67eed68e0ba1970a07e16b77/restore/698104274ad5445e026ff044/filesCopied
2026-02-02 14:20:41,478 [DEBUG] {
  "id": "mdb-config2:37017",
  "dbPath": "/fimongo1/data"
}
2026-02-02 14:20:41,678 [DEBUG] STATUS 200
2026-02-02 14:20:41,678 [DEBUG] {
  "errorCode": "NONE",
  "version": "1",
  "status": "OK"
}
2026-02-02 14:20:41,678 [INFO] Waiting for FlashSystem volume mount on mdb-config1:37017 at /fimongo1/data
2026-02-02 14:21:27,718 [DEBUG] API POST http://sb1.cpolab.ibm.com:8080/api/public/v1.0/backup/third_party/group/67eed68e0ba1970a07e16b77/restore/698104274ad5445e026ff044/filesCopied
2026-02-02 14:21:27,718 [DEBUG] {
  "id": "mdb-config1:37017",
  "dbPath": "/fimongo1/data"
}
2026-02-02 14:21:27,865 [DEBUG] STATUS 200
2026-02-02 14:21:27,865 [DEBUG] {
  "errorCode": "NONE",
  "version": "1",
  "status": "OK"
}
2026-02-02 14:21:27,865 [INFO] Waiting for FlashSystem volume mount on mdb7:37017 at /fimongo1/data
2026-02-02 14:22:14,222 [DEBUG] API POST http://sb1.cpolab.ibm.com:8080/api/public/v1.0/backup/third_party/group/67eed68e0ba1970a07e16b77/restore/698104274ad5445e026ff044/filesCopied
2026-02-02 14:22:14,222 [DEBUG] {
  "id": "mdb7:37017",
  "dbPath": "/fimongo1/data"
}
2026-02-02 14:22:14,421 [DEBUG] STATUS 200
2026-02-02 14:22:14,421 [DEBUG] {
  "errorCode": "NONE",
  "version": "1",
  "status": "OK"
}
2026-02-02 14:22:24,422 [DEBUG] API GET http://sb1.cpolab.ibm.com:8080/api/public/v1.0/backup/third_party/group/67eed68e0ba1970a07e16b77/restore/698104274ad5445e026ff044
2026-02-02 14:22:24,617 [DEBUG] STATUS 200
2026-02-02 14:22:24,618 [DEBUG] {
  "clusterMapping": [
    {
      "rsId": "sgcShard_0",
      "targetRsId": "sgcShard_0"
    },
    {
      "rsId": "sgcShard_1",
      "targetRsId": "sgcShard_1"
    },
    {
      "rsId": "configRS",
      "targetRsId": "configRS"
    }
  ],
  "nodes": [
    {
      "error": null,
      "hostname": "mdb1",
      "id": "mdb1:37017",
      "port": 37017,
      "rsId": "sgcShard_0",
      "state": "RECOVERY_IN_PROGRESS",
      "stateUpdateTime": 1770063297
    },
    {
      "error": null,
      "hostname": "mdb8",
      "id": "mdb8:37017",
      "port": 37017,
      "rsId": "sgcShard_0",
      "state": "RECOVERY_IN_PROGRESS",
      "stateUpdateTime": 1770063335
    },
    {
      "error": null,
      "hostname": "mdb3",
      "id": "mdb3:37017",
      "port": 37017,
      "rsId": "sgcShard_0",
      "state": "RECOVERY_IN_PROGRESS",
      "stateUpdateTime": 1770063363
    },
    {
      "error": null,
      "hostname": "mdb9",
      "id": "mdb9:37017",
      "port": 37017,
      "rsId": "sgcShard_1",
      "state": "RECOVERY_IN_PROGRESS",
      "stateUpdateTime": 1770063444
    },
    {
      "error": null,
      "hostname": "mdb2",
      "id": "mdb2:37017",
      "port": 37017,
      "rsId": "sgcShard_1",
      "state": "RECOVERY_IN_PROGRESS",
      "stateUpdateTime": 1770063540
    },
    {
      "error": null,
      "hostname": "mdb4",
      "id": "mdb4:37017",
      "port": 37017,
      "rsId": "sgcShard_1",
      "state": "RECOVERY_IN_PROGRESS",
      "stateUpdateTime": 1770063575
    },
    {
      "error": null,
      "hostname": "mdb-config2",
      "id": "mdb-config2:37017",
      "port": 37017,
      "rsId": "configRS",
      "state": "RECOVERY_IN_PROGRESS",
      "stateUpdateTime": 1770063641
    },
    {
      "error": null,
      "hostname": "mdb-config1",
      "id": "mdb-config1:37017",
      "port": 37017,
      "rsId": "configRS",
      "state": "RECOVERY_IN_PROGRESS",
      "stateUpdateTime": 1770063687
    },
    {
      "error": null,
      "hostname": "mdb7",
      "id": "mdb7:37017",
      "port": 37017,
      "rsId": "configRS",
      "state": "RECOVERY_IN_PROGRESS",
      "stateUpdateTime": 1770063734
    }
  ],
  "state": "RECOVERY_IN_PROGRESS"
}
2026-02-02 14:22:24,618 [INFO] Restore state: RECOVERY_IN_PROGRESS
2026-02-02 14:22:34,619 [DEBUG] API GET http://sb1.cpolab.ibm.com:8080/api/public/v1.0/backup/third_party/group/67eed68e0ba1970a07e16b77/restore/698104274ad5445e026ff044
2026-02-02 14:22:34,813 [DEBUG] STATUS 200
2026-02-02 14:22:34,813 [DEBUG] {
  "clusterMapping": [
    {
      "rsId": "sgcShard_0",
      "targetRsId": "sgcShard_0"
    },
    {
      "rsId": "sgcShard_1",
      "targetRsId": "sgcShard_1"
    },
    {
      "rsId": "configRS",
      "targetRsId": "configRS"
    }
  ],
  "nodes": [
    {
      "error": null,
      "hostname": "mdb1",
      "id": "mdb1:37017",
      "port": 37017,
      "rsId": "sgcShard_0",
      "state": "RECOVERY_IN_PROGRESS",
      "stateUpdateTime": 1770063297
    },
    {
      "error": null,
      "hostname": "mdb8",
      "id": "mdb8:37017",
      "port": 37017,
      "rsId": "sgcShard_0",
      "state": "RECOVERY_IN_PROGRESS",
      "stateUpdateTime": 1770063335
    },
    {
      "error": null,
      "hostname": "mdb3",
      "id": "mdb3:37017",
      "port": 37017,
      "rsId": "sgcShard_0",
      "state": "RECOVERY_IN_PROGRESS",
      "stateUpdateTime": 1770063363
    },
    {
      "error": null,
      "hostname": "mdb9",
      "id": "mdb9:37017",
      "port": 37017,
      "rsId": "sgcShard_1",
      "state": "RECOVERY_IN_PROGRESS",
      "stateUpdateTime": 1770063444
    },
    {
      "error": null,
      "hostname": "mdb2",
      "id": "mdb2:37017",
      "port": 37017,
      "rsId": "sgcShard_1",
      "state": "RECOVERY_IN_PROGRESS",
      "stateUpdateTime": 1770063540
    },
    {
      "error": null,
      "hostname": "mdb4",
      "id": "mdb4:37017",
      "port": 37017,
      "rsId": "sgcShard_1",
      "state": "RECOVERY_IN_PROGRESS",
      "stateUpdateTime": 1770063575
    },
    {
      "error": null,
      "hostname": "mdb-config2",
      "id": "mdb-config2:37017",
      "port": 37017,
      "rsId": "configRS",
      "state": "RECOVERY_IN_PROGRESS",
      "stateUpdateTime": 1770063641
    },
    {
      "error": null,
      "hostname": "mdb-config1",
      "id": "mdb-config1:37017",
      "port": 37017,
      "rsId": "configRS",
      "state": "RECOVERY_IN_PROGRESS",
      "stateUpdateTime": 1770063687
    },
    {
      "error": null,
      "hostname": "mdb7",
      "id": "mdb7:37017",
      "port": 37017,
      "rsId": "configRS",
      "state": "RECOVERY_IN_PROGRESS",
      "stateUpdateTime": 1770063734
    }
  ],
  "state": "RECOVERY_IN_PROGRESS"
}
2026-02-02 14:22:34,814 [INFO] Restore state: RECOVERY_IN_PROGRESS
2026-02-02 14:22:44,815 [DEBUG] API GET http://sb1.cpolab.ibm.com:8080/api/public/v1.0/backup/third_party/group/67eed68e0ba1970a07e16b77/restore/698104274ad5445e026ff044
2026-02-02 14:22:45,007 [DEBUG] STATUS 200
2026-02-02 14:22:45,007 [DEBUG] {
  "clusterMapping": [
    {
      "rsId": "sgcShard_0",
      "targetRsId": "sgcShard_0"
    },
    {
      "rsId": "sgcShard_1",
      "targetRsId": "sgcShard_1"
    },
    {
      "rsId": "configRS",
      "targetRsId": "configRS"
    }
  ],
  "nodes": [
    {
      "error": null,
      "hostname": "mdb1",
      "id": "mdb1:37017",
      "port": 37017,
      "rsId": "sgcShard_0",
      "state": "RECOVERY_IN_PROGRESS",
      "stateUpdateTime": 1770063297
    },
    {
      "error": null,
      "hostname": "mdb8",
      "id": "mdb8:37017",
      "port": 37017,
      "rsId": "sgcShard_0",
      "state": "RECOVERY_IN_PROGRESS",
      "stateUpdateTime": 1770063335
    },
    {
      "error": null,
      "hostname": "mdb3",
      "id": "mdb3:37017",
      "port": 37017,
      "rsId": "sgcShard_0",
      "state": "RECOVERY_IN_PROGRESS",
      "stateUpdateTime": 1770063363
    },
    {
      "error": null,
      "hostname": "mdb9",
      "id": "mdb9:37017",
      "port": 37017,
      "rsId": "sgcShard_1",
      "state": "RECOVERY_IN_PROGRESS",
      "stateUpdateTime": 1770063444
    },
    {
      "error": null,
      "hostname": "mdb2",
      "id": "mdb2:37017",
      "port": 37017,
      "rsId": "sgcShard_1",
      "state": "RECOVERY_IN_PROGRESS",
      "stateUpdateTime": 1770063540
    },
    {
      "error": null,
      "hostname": "mdb4",
      "id": "mdb4:37017",
      "port": 37017,
      "rsId": "sgcShard_1",
      "state": "RECOVERY_IN_PROGRESS",
      "stateUpdateTime": 1770063575
    },
    {
      "error": null,
      "hostname": "mdb-config2",
      "id": "mdb-config2:37017",
      "port": 37017,
      "rsId": "configRS",
      "state": "RECOVERY_IN_PROGRESS",
      "stateUpdateTime": 1770063641
    },
    {
      "error": null,
      "hostname": "mdb-config1",
      "id": "mdb-config1:37017",
      "port": 37017,
      "rsId": "configRS",
      "state": "RECOVERY_IN_PROGRESS",
      "stateUpdateTime": 1770063687
    },
    {
      "error": null,
      "hostname": "mdb7",
      "id": "mdb7:37017",
      "port": 37017,
      "rsId": "configRS",
      "state": "RECOVERY_IN_PROGRESS",
      "stateUpdateTime": 1770063734
    }
  ],
  "state": "RECOVERY_IN_PROGRESS"
}
2026-02-02 14:22:45,007 [INFO] Restore state: RECOVERY_IN_PROGRESS
2026-02-02 14:22:55,008 [DEBUG] API GET http://sb1.cpolab.ibm.com:8080/api/public/v1.0/backup/third_party/group/67eed68e0ba1970a07e16b77/restore/698104274ad5445e026ff044
2026-02-02 14:22:55,183 [DEBUG] STATUS 200
2026-02-02 14:22:55,184 [DEBUG] {
  "clusterMapping": [
    {
      "rsId": "sgcShard_0",
      "targetRsId": "sgcShard_0"
    },
    {
      "rsId": "sgcShard_1",
      "targetRsId": "sgcShard_1"
    },
    {
      "rsId": "configRS",
      "targetRsId": "configRS"
    }
  ],
  "nodes": [
    {
      "error": null,
      "hostname": "mdb1",
      "id": "mdb1:37017",
      "port": 37017,
      "rsId": "sgcShard_0",
      "state": "RECOVERY_IN_PROGRESS",
      "stateUpdateTime": 1770063297
    },
    {
      "error": null,
      "hostname": "mdb8",
      "id": "mdb8:37017",
      "port": 37017,
      "rsId": "sgcShard_0",
      "state": "RECOVERY_IN_PROGRESS",
      "stateUpdateTime": 1770063335
    },
    {
      "error": null,
      "hostname": "mdb3",
      "id": "mdb3:37017",
      "port": 37017,
      "rsId": "sgcShard_0",
      "state": "RECOVERY_IN_PROGRESS",
      "stateUpdateTime": 1770063363
    },
    {
      "error": null,
      "hostname": "mdb9",
      "id": "mdb9:37017",
      "port": 37017,
      "rsId": "sgcShard_1",
      "state": "RECOVERY_IN_PROGRESS",
      "stateUpdateTime": 1770063444
    },
    {
      "error": null,
      "hostname": "mdb2",
      "id": "mdb2:37017",
      "port": 37017,
      "rsId": "sgcShard_1",
      "state": "RECOVERY_IN_PROGRESS",
      "stateUpdateTime": 1770063540
    },
    {
      "error": null,
      "hostname": "mdb4",
      "id": "mdb4:37017",
      "port": 37017,
      "rsId": "sgcShard_1",
      "state": "RECOVERY_IN_PROGRESS",
      "stateUpdateTime": 1770063575
    },
    {
      "error": null,
      "hostname": "mdb-config2",
      "id": "mdb-config2:37017",
      "port": 37017,
      "rsId": "configRS",
      "state": "RECOVERY_IN_PROGRESS",
      "stateUpdateTime": 1770063641
    },
    {
      "error": null,
      "hostname": "mdb-config1",
      "id": "mdb-config1:37017",
      "port": 37017,
      "rsId": "configRS",
      "state": "RECOVERY_IN_PROGRESS",
      "stateUpdateTime": 1770063687
    },
    {
      "error": null,
      "hostname": "mdb7",
      "id": "mdb7:37017",
      "port": 37017,
      "rsId": "configRS",
      "state": "RECOVERY_IN_PROGRESS",
      "stateUpdateTime": 1770063734
    }
  ],
  "state": "RECOVERY_IN_PROGRESS"
}
2026-02-02 14:22:55,184 [INFO] Restore state: RECOVERY_IN_PROGRESS
2026-02-02 14:23:05,184 [DEBUG] API GET http://sb1.cpolab.ibm.com:8080/api/public/v1.0/backup/third_party/group/67eed68e0ba1970a07e16b77/restore/698104274ad5445e026ff044
2026-02-02 14:23:05,357 [DEBUG] STATUS 200
2026-02-02 14:23:05,357 [DEBUG] {
  "clusterMapping": [
    {
      "rsId": "sgcShard_0",
      "targetRsId": "sgcShard_0"
    },
    {
      "rsId": "sgcShard_1",
      "targetRsId": "sgcShard_1"
    },
    {
      "rsId": "configRS",
      "targetRsId": "configRS"
    }
  ],
  "nodes": [
    {
      "error": null,
      "hostname": "mdb1",
      "id": "mdb1:37017",
      "port": 37017,
      "rsId": "sgcShard_0",
      "state": "RECOVERY_IN_PROGRESS",
      "stateUpdateTime": 1770063297
    },
    {
      "error": null,
      "hostname": "mdb8",
      "id": "mdb8:37017",
      "port": 37017,
      "rsId": "sgcShard_0",
      "state": "RECOVERY_IN_PROGRESS",
      "stateUpdateTime": 1770063335
    },
    {
      "error": null,
      "hostname": "mdb3",
      "id": "mdb3:37017",
      "port": 37017,
      "rsId": "sgcShard_0",
      "state": "RECOVERY_IN_PROGRESS",
      "stateUpdateTime": 1770063363
    },
    {
      "error": null,
      "hostname": "mdb9",
      "id": "mdb9:37017",
      "port": 37017,
      "rsId": "sgcShard_1",
      "state": "RECOVERY_IN_PROGRESS",
      "stateUpdateTime": 1770063444
    },
    {
      "error": null,
      "hostname": "mdb2",
      "id": "mdb2:37017",
      "port": 37017,
      "rsId": "sgcShard_1",
      "state": "RECOVERY_IN_PROGRESS",
      "stateUpdateTime": 1770063540
    },
    {
      "error": null,
      "hostname": "mdb4",
      "id": "mdb4:37017",
      "port": 37017,
      "rsId": "sgcShard_1",
      "state": "RECOVERY_IN_PROGRESS",
      "stateUpdateTime": 1770063575
    },
    {
      "error": null,
      "hostname": "mdb-config2",
      "id": "mdb-config2:37017",
      "port": 37017,
      "rsId": "configRS",
      "state": "RECOVERY_IN_PROGRESS",
      "stateUpdateTime": 1770063641
    },
    {
      "error": null,
      "hostname": "mdb-config1",
      "id": "mdb-config1:37017",
      "port": 37017,
      "rsId": "configRS",
      "state": "RECOVERY_IN_PROGRESS",
      "stateUpdateTime": 1770063687
    },
    {
      "error": null,
      "hostname": "mdb7",
      "id": "mdb7:37017",
      "port": 37017,
      "rsId": "configRS",
      "state": "RECOVERY_IN_PROGRESS",
      "stateUpdateTime": 1770063734
    }
  ],
  "state": "RECOVERY_IN_PROGRESS"
}
2026-02-02 14:23:05,357 [INFO] Restore state: RECOVERY_IN_PROGRESS
2026-02-02 14:23:15,358 [DEBUG] API GET http://sb1.cpolab.ibm.com:8080/api/public/v1.0/backup/third_party/group/67eed68e0ba1970a07e16b77/restore/698104274ad5445e026ff044
2026-02-02 14:23:15,616 [DEBUG] STATUS 200
2026-02-02 14:23:15,617 [DEBUG] {
  "clusterMapping": [
    {
      "rsId": "sgcShard_0",
      "targetRsId": "sgcShard_0"
    },
    {
      "rsId": "sgcShard_1",
      "targetRsId": "sgcShard_1"
    },
    {
      "rsId": "configRS",
      "targetRsId": "configRS"
    }
  ],
  "nodes": [
    {
      "error": null,
      "hostname": "mdb1",
      "id": "mdb1:37017",
      "port": 37017,
      "rsId": "sgcShard_0",
      "state": "RECOVERY_IN_PROGRESS",
      "stateUpdateTime": 1770063297
    },
    {
      "error": null,
      "hostname": "mdb8",
      "id": "mdb8:37017",
      "port": 37017,
      "rsId": "sgcShard_0",
      "state": "RECOVERY_IN_PROGRESS",
      "stateUpdateTime": 1770063335
    },
    {
      "error": null,
      "hostname": "mdb3",
      "id": "mdb3:37017",
      "port": 37017,
      "rsId": "sgcShard_0",
      "state": "RECOVERY_IN_PROGRESS",
      "stateUpdateTime": 1770063363
    },
    {
      "error": null,
      "hostname": "mdb9",
      "id": "mdb9:37017",
      "port": 37017,
      "rsId": "sgcShard_1",
      "state": "RECOVERY_IN_PROGRESS",
      "stateUpdateTime": 1770063444
    },
    {
      "error": null,
      "hostname": "mdb2",
      "id": "mdb2:37017",
      "port": 37017,
      "rsId": "sgcShard_1",
      "state": "RECOVERY_IN_PROGRESS",
      "stateUpdateTime": 1770063540
    },
    {
      "error": null,
      "hostname": "mdb4",
      "id": "mdb4:37017",
      "port": 37017,
      "rsId": "sgcShard_1",
      "state": "RECOVERY_IN_PROGRESS",
      "stateUpdateTime": 1770063575
    },
    {
      "error": null,
      "hostname": "mdb-config2",
      "id": "mdb-config2:37017",
      "port": 37017,
      "rsId": "configRS",
      "state": "RECOVERY_IN_PROGRESS",
      "stateUpdateTime": 1770063641
    },
    {
      "error": null,
      "hostname": "mdb-config1",
      "id": "mdb-config1:37017",
      "port": 37017,
      "rsId": "configRS",
      "state": "RECOVERY_IN_PROGRESS",
      "stateUpdateTime": 1770063687
    },
    {
      "error": null,
      "hostname": "mdb7",
      "id": "mdb7:37017",
      "port": 37017,
      "rsId": "configRS",
      "state": "RECOVERY_IN_PROGRESS",
      "stateUpdateTime": 1770063734
    }
  ],
  "state": "RECOVERY_IN_PROGRESS"
}
2026-02-02 14:23:15,617 [INFO] Restore state: RECOVERY_IN_PROGRESS
2026-02-02 14:23:25,618 [DEBUG] API GET http://sb1.cpolab.ibm.com:8080/api/public/v1.0/backup/third_party/group/67eed68e0ba1970a07e16b77/restore/698104274ad5445e026ff044
2026-02-02 14:23:25,791 [DEBUG] STATUS 200
2026-02-02 14:23:25,791 [DEBUG] {
  "clusterMapping": [
    {
      "rsId": "sgcShard_0",
      "targetRsId": "sgcShard_0"
    },
    {
      "rsId": "sgcShard_1",
      "targetRsId": "sgcShard_1"
    },
    {
      "rsId": "configRS",
      "targetRsId": "configRS"
    }
  ],
  "nodes": [
    {
      "error": null,
      "hostname": "mdb1",
      "id": "mdb1:37017",
      "port": 37017,
      "rsId": "sgcShard_0",
      "state": "RECOVERY_IN_PROGRESS",
      "stateUpdateTime": 1770063297
    },
    {
      "error": null,
      "hostname": "mdb8",
      "id": "mdb8:37017",
      "port": 37017,
      "rsId": "sgcShard_0",
      "state": "RECOVERY_IN_PROGRESS",
      "stateUpdateTime": 1770063335
    },
    {
      "error": null,
      "hostname": "mdb3",
      "id": "mdb3:37017",
      "port": 37017,
      "rsId": "sgcShard_0",
      "state": "RECOVERY_IN_PROGRESS",
      "stateUpdateTime": 1770063363
    },
    {
      "error": null,
      "hostname": "mdb9",
      "id": "mdb9:37017",
      "port": 37017,
      "rsId": "sgcShard_1",
      "state": "RECOVERY_IN_PROGRESS",
      "stateUpdateTime": 1770063444
    },
    {
      "error": null,
      "hostname": "mdb2",
      "id": "mdb2:37017",
      "port": 37017,
      "rsId": "sgcShard_1",
      "state": "RECOVERY_IN_PROGRESS",
      "stateUpdateTime": 1770063540
    },
    {
      "error": null,
      "hostname": "mdb4",
      "id": "mdb4:37017",
      "port": 37017,
      "rsId": "sgcShard_1",
      "state": "RECOVERY_IN_PROGRESS",
      "stateUpdateTime": 1770063575
    },
    {
      "error": null,
      "hostname": "mdb-config2",
      "id": "mdb-config2:37017",
      "port": 37017,
      "rsId": "configRS",
      "state": "RECOVERY_IN_PROGRESS",
      "stateUpdateTime": 1770063641
    },
    {
      "error": null,
      "hostname": "mdb-config1",
      "id": "mdb-config1:37017",
      "port": 37017,
      "rsId": "configRS",
      "state": "RECOVERY_IN_PROGRESS",
      "stateUpdateTime": 1770063687
    },
    {
      "error": null,
      "hostname": "mdb7",
      "id": "mdb7:37017",
      "port": 37017,
      "rsId": "configRS",
      "state": "RECOVERY_IN_PROGRESS",
      "stateUpdateTime": 1770063734
    }
  ],
  "state": "RECOVERY_IN_PROGRESS"
}
2026-02-02 14:23:25,791 [INFO] Restore state: RECOVERY_IN_PROGRESS
2026-02-02 14:23:35,792 [DEBUG] API GET http://sb1.cpolab.ibm.com:8080/api/public/v1.0/backup/third_party/group/67eed68e0ba1970a07e16b77/restore/698104274ad5445e026ff044
2026-02-02 14:23:35,993 [DEBUG] STATUS 200
2026-02-02 14:23:35,993 [DEBUG] {
  "clusterMapping": [
    {
      "rsId": "sgcShard_0",
      "targetRsId": "sgcShard_0"
    },
    {
      "rsId": "sgcShard_1",
      "targetRsId": "sgcShard_1"
    },
    {
      "rsId": "configRS",
      "targetRsId": "configRS"
    }
  ],
  "nodes": [
    {
      "error": null,
      "hostname": "mdb1",
      "id": "mdb1:37017",
      "port": 37017,
      "rsId": "sgcShard_0",
      "state": "RECOVERY_IN_PROGRESS",
      "stateUpdateTime": 1770063297
    },
    {
      "error": null,
      "hostname": "mdb8",
      "id": "mdb8:37017",
      "port": 37017,
      "rsId": "sgcShard_0",
      "state": "RECOVERY_IN_PROGRESS",
      "stateUpdateTime": 1770063335
    },
    {
      "error": null,
      "hostname": "mdb3",
      "id": "mdb3:37017",
      "port": 37017,
      "rsId": "sgcShard_0",
      "state": "RECOVERY_IN_PROGRESS",
      "stateUpdateTime": 1770063363
    },
    {
      "error": null,
      "hostname": "mdb9",
      "id": "mdb9:37017",
      "port": 37017,
      "rsId": "sgcShard_1",
      "state": "RECOVERY_IN_PROGRESS",
      "stateUpdateTime": 1770063444
    },
    {
      "error": null,
      "hostname": "mdb2",
      "id": "mdb2:37017",
      "port": 37017,
      "rsId": "sgcShard_1",
      "state": "RECOVERY_IN_PROGRESS",
      "stateUpdateTime": 1770063540
    },
    {
      "error": null,
      "hostname": "mdb4",
      "id": "mdb4:37017",
      "port": 37017,
      "rsId": "sgcShard_1",
      "state": "RECOVERY_IN_PROGRESS",
      "stateUpdateTime": 1770063575
    },
    {
      "error": null,
      "hostname": "mdb-config2",
      "id": "mdb-config2:37017",
      "port": 37017,
      "rsId": "configRS",
      "state": "RECOVERY_IN_PROGRESS",
      "stateUpdateTime": 1770063641
    },
    {
      "error": null,
      "hostname": "mdb-config1",
      "id": "mdb-config1:37017",
      "port": 37017,
      "rsId": "configRS",
      "state": "RECOVERY_IN_PROGRESS",
      "stateUpdateTime": 1770063687
    },
    {
      "error": null,
      "hostname": "mdb7",
      "id": "mdb7:37017",
      "port": 37017,
      "rsId": "configRS",
      "state": "RECOVERY_IN_PROGRESS",
      "stateUpdateTime": 1770063734
    }
  ],
  "state": "RECOVERY_IN_PROGRESS"
}
2026-02-02 14:23:35,993 [INFO] Restore state: RECOVERY_IN_PROGRESS
2026-02-02 14:23:45,994 [DEBUG] API GET http://sb1.cpolab.ibm.com:8080/api/public/v1.0/backup/third_party/group/67eed68e0ba1970a07e16b77/restore/698104274ad5445e026ff044
2026-02-02 14:23:46,193 [DEBUG] STATUS 200
2026-02-02 14:23:46,193 [DEBUG] {
  "clusterMapping": [
    {
      "rsId": "sgcShard_0",
      "targetRsId": "sgcShard_0"
    },
    {
      "rsId": "sgcShard_1",
      "targetRsId": "sgcShard_1"
    },
    {
      "rsId": "configRS",
      "targetRsId": "configRS"
    }
  ],
  "nodes": [
    {
      "error": null,
      "hostname": "mdb1",
      "id": "mdb1:37017",
      "port": 37017,
      "rsId": "sgcShard_0",
      "state": "RECOVERY_IN_PROGRESS",
      "stateUpdateTime": 1770063297
    },
    {
      "error": null,
      "hostname": "mdb8",
      "id": "mdb8:37017",
      "port": 37017,
      "rsId": "sgcShard_0",
      "state": "RECOVERY_IN_PROGRESS",
      "stateUpdateTime": 1770063335
    },
    {
      "error": null,
      "hostname": "mdb3",
      "id": "mdb3:37017",
      "port": 37017,
      "rsId": "sgcShard_0",
      "state": "RECOVERY_IN_PROGRESS",
      "stateUpdateTime": 1770063363
    },
    {
      "error": null,
      "hostname": "mdb9",
      "id": "mdb9:37017",
      "port": 37017,
      "rsId": "sgcShard_1",
      "state": "RECOVERY_IN_PROGRESS",
      "stateUpdateTime": 1770063444
    },
    {
      "error": null,
      "hostname": "mdb2",
      "id": "mdb2:37017",
      "port": 37017,
      "rsId": "sgcShard_1",
      "state": "RECOVERY_IN_PROGRESS",
      "stateUpdateTime": 1770063540
    },
    {
      "error": null,
      "hostname": "mdb4",
      "id": "mdb4:37017",
      "port": 37017,
      "rsId": "sgcShard_1",
      "state": "RECOVERY_IN_PROGRESS",
      "stateUpdateTime": 1770063575
    },
    {
      "error": null,
      "hostname": "mdb-config2",
      "id": "mdb-config2:37017",
      "port": 37017,
      "rsId": "configRS",
      "state": "RECOVERY_IN_PROGRESS",
      "stateUpdateTime": 1770063641
    },
    {
      "error": null,
      "hostname": "mdb-config1",
      "id": "mdb-config1:37017",
      "port": 37017,
      "rsId": "configRS",
      "state": "RECOVERY_IN_PROGRESS",
      "stateUpdateTime": 1770063687
    },
    {
      "error": null,
      "hostname": "mdb7",
      "id": "mdb7:37017",
      "port": 37017,
      "rsId": "configRS",
      "state": "RECOVERY_IN_PROGRESS",
      "stateUpdateTime": 1770063734
    }
  ],
  "state": "RECOVERY_IN_PROGRESS"
}
2026-02-02 14:23:46,193 [INFO] Restore state: RECOVERY_IN_PROGRESS
2026-02-02 14:23:56,194 [DEBUG] API GET http://sb1.cpolab.ibm.com:8080/api/public/v1.0/backup/third_party/group/67eed68e0ba1970a07e16b77/restore/698104274ad5445e026ff044
2026-02-02 14:23:56,382 [DEBUG] STATUS 200
2026-02-02 14:23:56,382 [DEBUG] {
  "clusterMapping": [
    {
      "rsId": "sgcShard_0",
      "targetRsId": "sgcShard_0"
    },
    {
      "rsId": "sgcShard_1",
      "targetRsId": "sgcShard_1"
    },
    {
      "rsId": "configRS",
      "targetRsId": "configRS"
    }
  ],
  "nodes": [
    {
      "error": null,
      "hostname": "mdb1",
      "id": "mdb1:37017",
      "port": 37017,
      "rsId": "sgcShard_0",
      "state": "RECOVERY_IN_PROGRESS",
      "stateUpdateTime": 1770063297
    },
    {
      "error": null,
      "hostname": "mdb8",
      "id": "mdb8:37017",
      "port": 37017,
      "rsId": "sgcShard_0",
      "state": "RECOVERY_IN_PROGRESS",
      "stateUpdateTime": 1770063335
    },
    {
      "error": null,
      "hostname": "mdb3",
      "id": "mdb3:37017",
      "port": 37017,
      "rsId": "sgcShard_0",
      "state": "RECOVERY_IN_PROGRESS",
      "stateUpdateTime": 1770063363
    },
    {
      "error": null,
      "hostname": "mdb9",
      "id": "mdb9:37017",
      "port": 37017,
      "rsId": "sgcShard_1",
      "state": "RECOVERY_IN_PROGRESS",
      "stateUpdateTime": 1770063444
    },
    {
      "error": null,
      "hostname": "mdb2",
      "id": "mdb2:37017",
      "port": 37017,
      "rsId": "sgcShard_1",
      "state": "RECOVERY_IN_PROGRESS",
      "stateUpdateTime": 1770063540
    },
    {
      "error": null,
      "hostname": "mdb4",
      "id": "mdb4:37017",
      "port": 37017,
      "rsId": "sgcShard_1",
      "state": "RECOVERY_IN_PROGRESS",
      "stateUpdateTime": 1770063575
    },
    {
      "error": null,
      "hostname": "mdb-config2",
      "id": "mdb-config2:37017",
      "port": 37017,
      "rsId": "configRS",
      "state": "RECOVERY_IN_PROGRESS",
      "stateUpdateTime": 1770063641
    },
    {
      "error": null,
      "hostname": "mdb-config1",
      "id": "mdb-config1:37017",
      "port": 37017,
      "rsId": "configRS",
      "state": "RECOVERY_IN_PROGRESS",
      "stateUpdateTime": 1770063687
    },
    {
      "error": null,
      "hostname": "mdb7",
      "id": "mdb7:37017",
      "port": 37017,
      "rsId": "configRS",
      "state": "RECOVERY_IN_PROGRESS",
      "stateUpdateTime": 1770063734
    }
  ],
  "state": "RECOVERY_IN_PROGRESS"
}
2026-02-02 14:23:56,382 [INFO] Restore state: RECOVERY_IN_PROGRESS
2026-02-02 14:24:06,383 [DEBUG] API GET http://sb1.cpolab.ibm.com:8080/api/public/v1.0/backup/third_party/group/67eed68e0ba1970a07e16b77/restore/698104274ad5445e026ff044
2026-02-02 14:24:06,555 [DEBUG] STATUS 200
2026-02-02 14:24:06,555 [DEBUG] {
  "clusterMapping": [
    {
      "rsId": "sgcShard_0",
      "targetRsId": "sgcShard_0"
    },
    {
      "rsId": "sgcShard_1",
      "targetRsId": "sgcShard_1"
    },
    {
      "rsId": "configRS",
      "targetRsId": "configRS"
    }
  ],
  "nodes": [
    {
      "error": null,
      "hostname": "mdb1",
      "id": "mdb1:37017",
      "port": 37017,
      "rsId": "sgcShard_0",
      "state": "RECOVERY_IN_PROGRESS",
      "stateUpdateTime": 1770063297
    },
    {
      "error": null,
      "hostname": "mdb8",
      "id": "mdb8:37017",
      "port": 37017,
      "rsId": "sgcShard_0",
      "state": "RECOVERY_IN_PROGRESS",
      "stateUpdateTime": 1770063335
    },
    {
      "error": null,
      "hostname": "mdb3",
      "id": "mdb3:37017",
      "port": 37017,
      "rsId": "sgcShard_0",
      "state": "RECOVERY_IN_PROGRESS",
      "stateUpdateTime": 1770063363
    },
    {
      "error": null,
      "hostname": "mdb9",
      "id": "mdb9:37017",
      "port": 37017,
      "rsId": "sgcShard_1",
      "state": "RECOVERY_IN_PROGRESS",
      "stateUpdateTime": 1770063444
    },
    {
      "error": null,
      "hostname": "mdb2",
      "id": "mdb2:37017",
      "port": 37017,
      "rsId": "sgcShard_1",
      "state": "RECOVERY_IN_PROGRESS",
      "stateUpdateTime": 1770063540
    },
    {
      "error": null,
      "hostname": "mdb4",
      "id": "mdb4:37017",
      "port": 37017,
      "rsId": "sgcShard_1",
      "state": "RECOVERY_IN_PROGRESS",
      "stateUpdateTime": 1770063575
    },
    {
      "error": null,
      "hostname": "mdb-config2",
      "id": "mdb-config2:37017",
      "port": 37017,
      "rsId": "configRS",
      "state": "RECOVERY_IN_PROGRESS",
      "stateUpdateTime": 1770063641
    },
    {
      "error": null,
      "hostname": "mdb-config1",
      "id": "mdb-config1:37017",
      "port": 37017,
      "rsId": "configRS",
      "state": "RECOVERY_IN_PROGRESS",
      "stateUpdateTime": 1770063687
    },
    {
      "error": null,
      "hostname": "mdb7",
      "id": "mdb7:37017",
      "port": 37017,
      "rsId": "configRS",
      "state": "RECOVERY_IN_PROGRESS",
      "stateUpdateTime": 1770063734
    }
  ],
  "state": "RECOVERY_IN_PROGRESS"
}
2026-02-02 14:24:06,555 [INFO] Restore state: RECOVERY_IN_PROGRESS
2026-02-02 14:24:16,556 [DEBUG] API GET http://sb1.cpolab.ibm.com:8080/api/public/v1.0/backup/third_party/group/67eed68e0ba1970a07e16b77/restore/698104274ad5445e026ff044
2026-02-02 14:24:16,806 [DEBUG] STATUS 200
2026-02-02 14:24:16,806 [DEBUG] {
  "clusterMapping": [
    {
      "rsId": "sgcShard_0",
      "targetRsId": "sgcShard_0"
    },
    {
      "rsId": "sgcShard_1",
      "targetRsId": "sgcShard_1"
    },
    {
      "rsId": "configRS",
      "targetRsId": "configRS"
    }
  ],
  "nodes": [
    {
      "error": null,
      "hostname": "mdb1",
      "id": "mdb1:37017",
      "port": 37017,
      "rsId": "sgcShard_0",
      "state": "RECOVERY_IN_PROGRESS",
      "stateUpdateTime": 1770063297
    },
    {
      "error": null,
      "hostname": "mdb8",
      "id": "mdb8:37017",
      "port": 37017,
      "rsId": "sgcShard_0",
      "state": "RECOVERY_IN_PROGRESS",
      "stateUpdateTime": 1770063335
    },
    {
      "error": null,
      "hostname": "mdb3",
      "id": "mdb3:37017",
      "port": 37017,
      "rsId": "sgcShard_0",
      "state": "RECOVERY_IN_PROGRESS",
      "stateUpdateTime": 1770063363
    },
    {
      "error": null,
      "hostname": "mdb9",
      "id": "mdb9:37017",
      "port": 37017,
      "rsId": "sgcShard_1",
      "state": "RECOVERY_IN_PROGRESS",
      "stateUpdateTime": 1770063444
    },
    {
      "error": null,
      "hostname": "mdb2",
      "id": "mdb2:37017",
      "port": 37017,
      "rsId": "sgcShard_1",
      "state": "RECOVERY_IN_PROGRESS",
      "stateUpdateTime": 1770063540
    },
    {
      "error": null,
      "hostname": "mdb4",
      "id": "mdb4:37017",
      "port": 37017,
      "rsId": "sgcShard_1",
      "state": "RECOVERY_IN_PROGRESS",
      "stateUpdateTime": 1770063575
    },
    {
      "error": null,
      "hostname": "mdb-config2",
      "id": "mdb-config2:37017",
      "port": 37017,
      "rsId": "configRS",
      "state": "RECOVERY_IN_PROGRESS",
      "stateUpdateTime": 1770063641
    },
    {
      "error": null,
      "hostname": "mdb-config1",
      "id": "mdb-config1:37017",
      "port": 37017,
      "rsId": "configRS",
      "state": "RECOVERY_IN_PROGRESS",
      "stateUpdateTime": 1770063687
    },
    {
      "error": null,
      "hostname": "mdb7",
      "id": "mdb7:37017",
      "port": 37017,
      "rsId": "configRS",
      "state": "RECOVERY_IN_PROGRESS",
      "stateUpdateTime": 1770063734
    }
  ],
  "state": "RECOVERY_IN_PROGRESS"
}
2026-02-02 14:24:16,806 [INFO] Restore state: RECOVERY_IN_PROGRESS
2026-02-02 14:24:26,807 [DEBUG] API GET http://sb1.cpolab.ibm.com:8080/api/public/v1.0/backup/third_party/group/67eed68e0ba1970a07e16b77/restore/698104274ad5445e026ff044
2026-02-02 14:24:26,981 [DEBUG] STATUS 200
2026-02-02 14:24:26,982 [DEBUG] {
  "clusterMapping": [
    {
      "rsId": "sgcShard_0",
      "targetRsId": "sgcShard_0"
    },
    {
      "rsId": "sgcShard_1",
      "targetRsId": "sgcShard_1"
    },
    {
      "rsId": "configRS",
      "targetRsId": "configRS"
    }
  ],
  "nodes": [
    {
      "error": null,
      "hostname": "mdb1",
      "id": "mdb1:37017",
      "port": 37017,
      "rsId": "sgcShard_0",
      "state": "RECOVERY_IN_PROGRESS",
      "stateUpdateTime": 1770063297
    },
    {
      "error": null,
      "hostname": "mdb8",
      "id": "mdb8:37017",
      "port": 37017,
      "rsId": "sgcShard_0",
      "state": "RECOVERY_IN_PROGRESS",
      "stateUpdateTime": 1770063335
    },
    {
      "error": null,
      "hostname": "mdb3",
      "id": "mdb3:37017",
      "port": 37017,
      "rsId": "sgcShard_0",
      "state": "RECOVERY_IN_PROGRESS",
      "stateUpdateTime": 1770063363
    },
    {
      "error": null,
      "hostname": "mdb9",
      "id": "mdb9:37017",
      "port": 37017,
      "rsId": "sgcShard_1",
      "state": "RECOVERY_IN_PROGRESS",
      "stateUpdateTime": 1770063444
    },
    {
      "error": null,
      "hostname": "mdb2",
      "id": "mdb2:37017",
      "port": 37017,
      "rsId": "sgcShard_1",
      "state": "RECOVERY_IN_PROGRESS",
      "stateUpdateTime": 1770063540
    },
    {
      "error": null,
      "hostname": "mdb4",
      "id": "mdb4:37017",
      "port": 37017,
      "rsId": "sgcShard_1",
      "state": "RECOVERY_IN_PROGRESS",
      "stateUpdateTime": 1770063575
    },
    {
      "error": null,
      "hostname": "mdb-config2",
      "id": "mdb-config2:37017",
      "port": 37017,
      "rsId": "configRS",
      "state": "RECOVERY_IN_PROGRESS",
      "stateUpdateTime": 1770063641
    },
    {
      "error": null,
      "hostname": "mdb-config1",
      "id": "mdb-config1:37017",
      "port": 37017,
      "rsId": "configRS",
      "state": "RECOVERY_IN_PROGRESS",
      "stateUpdateTime": 1770063687
    },
    {
      "error": null,
      "hostname": "mdb7",
      "id": "mdb7:37017",
      "port": 37017,
      "rsId": "configRS",
      "state": "RECOVERY_IN_PROGRESS",
      "stateUpdateTime": 1770063734
    }
  ],
  "state": "RECOVERY_IN_PROGRESS"
}
2026-02-02 14:24:26,982 [INFO] Restore state: RECOVERY_IN_PROGRESS
2026-02-02 14:24:36,983 [DEBUG] API GET http://sb1.cpolab.ibm.com:8080/api/public/v1.0/backup/third_party/group/67eed68e0ba1970a07e16b77/restore/698104274ad5445e026ff044
2026-02-02 14:24:37,179 [DEBUG] STATUS 200
2026-02-02 14:24:37,179 [DEBUG] {
  "clusterMapping": [
    {
      "rsId": "sgcShard_0",
      "targetRsId": "sgcShard_0"
    },
    {
      "rsId": "sgcShard_1",
      "targetRsId": "sgcShard_1"
    },
    {
      "rsId": "configRS",
      "targetRsId": "configRS"
    }
  ],
  "nodes": [
    {
      "error": null,
      "hostname": "mdb1",
      "id": "mdb1:37017",
      "port": 37017,
      "rsId": "sgcShard_0",
      "state": "RECOVERY_IN_PROGRESS",
      "stateUpdateTime": 1770063297
    },
    {
      "error": null,
      "hostname": "mdb8",
      "id": "mdb8:37017",
      "port": 37017,
      "rsId": "sgcShard_0",
      "state": "RECOVERY_IN_PROGRESS",
      "stateUpdateTime": 1770063335
    },
    {
      "error": null,
      "hostname": "mdb3",
      "id": "mdb3:37017",
      "port": 37017,
      "rsId": "sgcShard_0",
      "state": "RECOVERY_IN_PROGRESS",
      "stateUpdateTime": 1770063363
    },
    {
      "error": null,
      "hostname": "mdb9",
      "id": "mdb9:37017",
      "port": 37017,
      "rsId": "sgcShard_1",
      "state": "RECOVERY_IN_PROGRESS",
      "stateUpdateTime": 1770063444
    },
    {
      "error": null,
      "hostname": "mdb2",
      "id": "mdb2:37017",
      "port": 37017,
      "rsId": "sgcShard_1",
      "state": "RECOVERY_IN_PROGRESS",
      "stateUpdateTime": 1770063540
    },
    {
      "error": null,
      "hostname": "mdb4",
      "id": "mdb4:37017",
      "port": 37017,
      "rsId": "sgcShard_1",
      "state": "RECOVERY_IN_PROGRESS",
      "stateUpdateTime": 1770063575
    },
    {
      "error": null,
      "hostname": "mdb-config2",
      "id": "mdb-config2:37017",
      "port": 37017,
      "rsId": "configRS",
      "state": "RECOVERY_IN_PROGRESS",
      "stateUpdateTime": 1770063641
    },
    {
      "error": null,
      "hostname": "mdb-config1",
      "id": "mdb-config1:37017",
      "port": 37017,
      "rsId": "configRS",
      "state": "RECOVERY_IN_PROGRESS",
      "stateUpdateTime": 1770063687
    },
    {
      "error": null,
      "hostname": "mdb7",
      "id": "mdb7:37017",
      "port": 37017,
      "rsId": "configRS",
      "state": "RECOVERY_IN_PROGRESS",
      "stateUpdateTime": 1770063734
    }
  ],
  "state": "RECOVERY_IN_PROGRESS"
}
2026-02-02 14:24:37,180 [INFO] Restore state: RECOVERY_IN_PROGRESS
2026-02-02 14:24:47,181 [DEBUG] API GET http://sb1.cpolab.ibm.com:8080/api/public/v1.0/backup/third_party/group/67eed68e0ba1970a07e16b77/restore/698104274ad5445e026ff044
2026-02-02 14:24:47,385 [DEBUG] STATUS 200
2026-02-02 14:24:47,385 [DEBUG] {
  "clusterMapping": [
    {
      "rsId": "sgcShard_0",
      "targetRsId": "sgcShard_0"
    },
    {
      "rsId": "sgcShard_1",
      "targetRsId": "sgcShard_1"
    },
    {
      "rsId": "configRS",
      "targetRsId": "configRS"
    }
  ],
  "nodes": [
    {
      "error": null,
      "hostname": "mdb1",
      "id": "mdb1:37017",
      "port": 37017,
      "rsId": "sgcShard_0",
      "state": "RECOVERY_IN_PROGRESS",
      "stateUpdateTime": 1770063297
    },
    {
      "error": null,
      "hostname": "mdb8",
      "id": "mdb8:37017",
      "port": 37017,
      "rsId": "sgcShard_0",
      "state": "RECOVERY_IN_PROGRESS",
      "stateUpdateTime": 1770063335
    },
    {
      "error": null,
      "hostname": "mdb3",
      "id": "mdb3:37017",
      "port": 37017,
      "rsId": "sgcShard_0",
      "state": "RECOVERY_IN_PROGRESS",
      "stateUpdateTime": 1770063363
    },
    {
      "error": null,
      "hostname": "mdb9",
      "id": "mdb9:37017",
      "port": 37017,
      "rsId": "sgcShard_1",
      "state": "RECOVERY_IN_PROGRESS",
      "stateUpdateTime": 1770063444
    },
    {
      "error": null,
      "hostname": "mdb2",
      "id": "mdb2:37017",
      "port": 37017,
      "rsId": "sgcShard_1",
      "state": "RECOVERY_IN_PROGRESS",
      "stateUpdateTime": 1770063540
    },
    {
      "error": null,
      "hostname": "mdb4",
      "id": "mdb4:37017",
      "port": 37017,
      "rsId": "sgcShard_1",
      "state": "RECOVERY_IN_PROGRESS",
      "stateUpdateTime": 1770063575
    },
    {
      "error": null,
      "hostname": "mdb-config2",
      "id": "mdb-config2:37017",
      "port": 37017,
      "rsId": "configRS",
      "state": "RECOVERY_IN_PROGRESS",
      "stateUpdateTime": 1770063641
    },
    {
      "error": null,
      "hostname": "mdb-config1",
      "id": "mdb-config1:37017",
      "port": 37017,
      "rsId": "configRS",
      "state": "RECOVERY_IN_PROGRESS",
      "stateUpdateTime": 1770063687
    },
    {
      "error": null,
      "hostname": "mdb7",
      "id": "mdb7:37017",
      "port": 37017,
      "rsId": "configRS",
      "state": "RECOVERY_IN_PROGRESS",
      "stateUpdateTime": 1770063734
    }
  ],
  "state": "RECOVERY_IN_PROGRESS"
}
2026-02-02 14:24:47,385 [INFO] Restore state: RECOVERY_IN_PROGRESS
2026-02-02 14:24:57,385 [DEBUG] API GET http://sb1.cpolab.ibm.com:8080/api/public/v1.0/backup/third_party/group/67eed68e0ba1970a07e16b77/restore/698104274ad5445e026ff044
2026-02-02 14:24:57,566 [DEBUG] STATUS 200
2026-02-02 14:24:57,566 [DEBUG] {
  "clusterMapping": [
    {
      "rsId": "sgcShard_0",
      "targetRsId": "sgcShard_0"
    },
    {
      "rsId": "sgcShard_1",
      "targetRsId": "sgcShard_1"
    },
    {
      "rsId": "configRS",
      "targetRsId": "configRS"
    }
  ],
  "nodes": [
    {
      "error": null,
      "hostname": "mdb1",
      "id": "mdb1:37017",
      "port": 37017,
      "rsId": "sgcShard_0",
      "state": "RECOVERY_IN_PROGRESS",
      "stateUpdateTime": 1770063297
    },
    {
      "error": null,
      "hostname": "mdb8",
      "id": "mdb8:37017",
      "port": 37017,
      "rsId": "sgcShard_0",
      "state": "RECOVERY_IN_PROGRESS",
      "stateUpdateTime": 1770063335
    },
    {
      "error": null,
      "hostname": "mdb3",
      "id": "mdb3:37017",
      "port": 37017,
      "rsId": "sgcShard_0",
      "state": "RECOVERY_IN_PROGRESS",
      "stateUpdateTime": 1770063363
    },
    {
      "error": null,
      "hostname": "mdb9",
      "id": "mdb9:37017",
      "port": 37017,
      "rsId": "sgcShard_1",
      "state": "RECOVERY_IN_PROGRESS",
      "stateUpdateTime": 1770063444
    },
    {
      "error": null,
      "hostname": "mdb2",
      "id": "mdb2:37017",
      "port": 37017,
      "rsId": "sgcShard_1",
      "state": "RECOVERY_IN_PROGRESS",
      "stateUpdateTime": 1770063540
    },
    {
      "error": null,
      "hostname": "mdb4",
      "id": "mdb4:37017",
      "port": 37017,
      "rsId": "sgcShard_1",
      "state": "RECOVERY_IN_PROGRESS",
      "stateUpdateTime": 1770063575
    },
    {
      "error": null,
      "hostname": "mdb-config2",
      "id": "mdb-config2:37017",
      "port": 37017,
      "rsId": "configRS",
      "state": "RECOVERY_IN_PROGRESS",
      "stateUpdateTime": 1770063641
    },
    {
      "error": null,
      "hostname": "mdb-config1",
      "id": "mdb-config1:37017",
      "port": 37017,
      "rsId": "configRS",
      "state": "RECOVERY_IN_PROGRESS",
      "stateUpdateTime": 1770063687
    },
    {
      "error": null,
      "hostname": "mdb7",
      "id": "mdb7:37017",
      "port": 37017,
      "rsId": "configRS",
      "state": "RECOVERY_IN_PROGRESS",
      "stateUpdateTime": 1770063734
    }
  ],
  "state": "RECOVERY_IN_PROGRESS"
}
2026-02-02 14:24:57,566 [INFO] Restore state: RECOVERY_IN_PROGRESS
2026-02-02 14:25:07,567 [DEBUG] API GET http://sb1.cpolab.ibm.com:8080/api/public/v1.0/backup/third_party/group/67eed68e0ba1970a07e16b77/restore/698104274ad5445e026ff044
2026-02-02 14:25:07,739 [DEBUG] STATUS 200
2026-02-02 14:25:07,740 [DEBUG] {
  "clusterMapping": [
    {
      "rsId": "sgcShard_0",
      "targetRsId": "sgcShard_0"
    },
    {
      "rsId": "sgcShard_1",
      "targetRsId": "sgcShard_1"
    },
    {
      "rsId": "configRS",
      "targetRsId": "configRS"
    }
  ],
  "nodes": [
    {
      "error": null,
      "hostname": "mdb1",
      "id": "mdb1:37017",
      "port": 37017,
      "rsId": "sgcShard_0",
      "state": "RECOVERY_IN_PROGRESS",
      "stateUpdateTime": 1770063297
    },
    {
      "error": null,
      "hostname": "mdb8",
      "id": "mdb8:37017",
      "port": 37017,
      "rsId": "sgcShard_0",
      "state": "RECOVERY_IN_PROGRESS",
      "stateUpdateTime": 1770063335
    },
    {
      "error": null,
      "hostname": "mdb3",
      "id": "mdb3:37017",
      "port": 37017,
      "rsId": "sgcShard_0",
      "state": "RECOVERY_IN_PROGRESS",
      "stateUpdateTime": 1770063363
    },
    {
      "error": null,
      "hostname": "mdb9",
      "id": "mdb9:37017",
      "port": 37017,
      "rsId": "sgcShard_1",
      "state": "RECOVERY_IN_PROGRESS",
      "stateUpdateTime": 1770063444
    },
    {
      "error": null,
      "hostname": "mdb2",
      "id": "mdb2:37017",
      "port": 37017,
      "rsId": "sgcShard_1",
      "state": "RECOVERY_IN_PROGRESS",
      "stateUpdateTime": 1770063540
    },
    {
      "error": null,
      "hostname": "mdb4",
      "id": "mdb4:37017",
      "port": 37017,
      "rsId": "sgcShard_1",
      "state": "RECOVERY_IN_PROGRESS",
      "stateUpdateTime": 1770063575
    },
    {
      "error": null,
      "hostname": "mdb-config2",
      "id": "mdb-config2:37017",
      "port": 37017,
      "rsId": "configRS",
      "state": "RECOVERY_IN_PROGRESS",
      "stateUpdateTime": 1770063641
    },
    {
      "error": null,
      "hostname": "mdb-config1",
      "id": "mdb-config1:37017",
      "port": 37017,
      "rsId": "configRS",
      "state": "RECOVERY_IN_PROGRESS",
      "stateUpdateTime": 1770063687
    },
    {
      "error": null,
      "hostname": "mdb7",
      "id": "mdb7:37017",
      "port": 37017,
      "rsId": "configRS",
      "state": "RECOVERY_IN_PROGRESS",
      "stateUpdateTime": 1770063734
    }
  ],
  "state": "RECOVERY_IN_PROGRESS"
}
2026-02-02 14:25:07,740 [INFO] Restore state: RECOVERY_IN_PROGRESS
2026-02-02 14:25:17,741 [DEBUG] API GET http://sb1.cpolab.ibm.com:8080/api/public/v1.0/backup/third_party/group/67eed68e0ba1970a07e16b77/restore/698104274ad5445e026ff044
2026-02-02 14:25:17,976 [DEBUG] STATUS 200
2026-02-02 14:25:17,976 [DEBUG] {
  "clusterMapping": [
    {
      "rsId": "sgcShard_0",
      "targetRsId": "sgcShard_0"
    },
    {
      "rsId": "sgcShard_1",
      "targetRsId": "sgcShard_1"
    },
    {
      "rsId": "configRS",
      "targetRsId": "configRS"
    }
  ],
  "nodes": [
    {
      "error": null,
      "hostname": "mdb1",
      "id": "mdb1:37017",
      "port": 37017,
      "rsId": "sgcShard_0",
      "state": "RECOVERY_IN_PROGRESS",
      "stateUpdateTime": 1770063297
    },
    {
      "error": null,
      "hostname": "mdb8",
      "id": "mdb8:37017",
      "port": 37017,
      "rsId": "sgcShard_0",
      "state": "RECOVERY_IN_PROGRESS",
      "stateUpdateTime": 1770063335
    },
    {
      "error": null,
      "hostname": "mdb3",
      "id": "mdb3:37017",
      "port": 37017,
      "rsId": "sgcShard_0",
      "state": "RECOVERY_IN_PROGRESS",
      "stateUpdateTime": 1770063363
    },
    {
      "error": null,
      "hostname": "mdb9",
      "id": "mdb9:37017",
      "port": 37017,
      "rsId": "sgcShard_1",
      "state": "RECOVERY_IN_PROGRESS",
      "stateUpdateTime": 1770063444
    },
    {
      "error": null,
      "hostname": "mdb2",
      "id": "mdb2:37017",
      "port": 37017,
      "rsId": "sgcShard_1",
      "state": "RECOVERY_IN_PROGRESS",
      "stateUpdateTime": 1770063540
    },
    {
      "error": null,
      "hostname": "mdb4",
      "id": "mdb4:37017",
      "port": 37017,
      "rsId": "sgcShard_1",
      "state": "RECOVERY_IN_PROGRESS",
      "stateUpdateTime": 1770063575
    },
    {
      "error": null,
      "hostname": "mdb-config2",
      "id": "mdb-config2:37017",
      "port": 37017,
      "rsId": "configRS",
      "state": "RECOVERY_IN_PROGRESS",
      "stateUpdateTime": 1770063641
    },
    {
      "error": null,
      "hostname": "mdb-config1",
      "id": "mdb-config1:37017",
      "port": 37017,
      "rsId": "configRS",
      "state": "RECOVERY_IN_PROGRESS",
      "stateUpdateTime": 1770063687
    },
    {
      "error": null,
      "hostname": "mdb7",
      "id": "mdb7:37017",
      "port": 37017,
      "rsId": "configRS",
      "state": "RECOVERY_IN_PROGRESS",
      "stateUpdateTime": 1770063734
    }
  ],
  "state": "RECOVERY_IN_PROGRESS"
}
2026-02-02 14:25:17,976 [INFO] Restore state: RECOVERY_IN_PROGRESS
2026-02-02 14:25:27,977 [DEBUG] API GET http://sb1.cpolab.ibm.com:8080/api/public/v1.0/backup/third_party/group/67eed68e0ba1970a07e16b77/restore/698104274ad5445e026ff044
2026-02-02 14:25:28,170 [DEBUG] STATUS 200
2026-02-02 14:25:28,170 [DEBUG] {
  "clusterMapping": [
    {
      "rsId": "sgcShard_0",
      "targetRsId": "sgcShard_0"
    },
    {
      "rsId": "sgcShard_1",
      "targetRsId": "sgcShard_1"
    },
    {
      "rsId": "configRS",
      "targetRsId": "configRS"
    }
  ],
  "nodes": [
    {
      "error": null,
      "hostname": "mdb1",
      "id": "mdb1:37017",
      "port": 37017,
      "rsId": "sgcShard_0",
      "state": "RECOVERY_IN_PROGRESS",
      "stateUpdateTime": 1770063297
    },
    {
      "error": null,
      "hostname": "mdb8",
      "id": "mdb8:37017",
      "port": 37017,
      "rsId": "sgcShard_0",
      "state": "RECOVERY_IN_PROGRESS",
      "stateUpdateTime": 1770063335
    },
    {
      "error": null,
      "hostname": "mdb3",
      "id": "mdb3:37017",
      "port": 37017,
      "rsId": "sgcShard_0",
      "state": "RECOVERY_IN_PROGRESS",
      "stateUpdateTime": 1770063363
    },
    {
      "error": null,
      "hostname": "mdb9",
      "id": "mdb9:37017",
      "port": 37017,
      "rsId": "sgcShard_1",
      "state": "RECOVERY_IN_PROGRESS",
      "stateUpdateTime": 1770063444
    },
    {
      "error": null,
      "hostname": "mdb2",
      "id": "mdb2:37017",
      "port": 37017,
      "rsId": "sgcShard_1",
      "state": "RECOVERY_IN_PROGRESS",
      "stateUpdateTime": 1770063540
    },
    {
      "error": null,
      "hostname": "mdb4",
      "id": "mdb4:37017",
      "port": 37017,
      "rsId": "sgcShard_1",
      "state": "RECOVERY_IN_PROGRESS",
      "stateUpdateTime": 1770063575
    },
    {
      "error": null,
      "hostname": "mdb-config2",
      "id": "mdb-config2:37017",
      "port": 37017,
      "rsId": "configRS",
      "state": "RECOVERY_IN_PROGRESS",
      "stateUpdateTime": 1770063641
    },
    {
      "error": null,
      "hostname": "mdb-config1",
      "id": "mdb-config1:37017",
      "port": 37017,
      "rsId": "configRS",
      "state": "RECOVERY_IN_PROGRESS",
      "stateUpdateTime": 1770063687
    },
    {
      "error": null,
      "hostname": "mdb7",
      "id": "mdb7:37017",
      "port": 37017,
      "rsId": "configRS",
      "state": "RECOVERY_IN_PROGRESS",
      "stateUpdateTime": 1770063734
    }
  ],
  "state": "RECOVERY_IN_PROGRESS"
}
2026-02-02 14:25:28,170 [INFO] Restore state: RECOVERY_IN_PROGRESS
2026-02-02 14:25:38,171 [DEBUG] API GET http://sb1.cpolab.ibm.com:8080/api/public/v1.0/backup/third_party/group/67eed68e0ba1970a07e16b77/restore/698104274ad5445e026ff044
2026-02-02 14:25:38,355 [DEBUG] STATUS 200
2026-02-02 14:25:38,355 [DEBUG] {
  "clusterMapping": [
    {
      "rsId": "sgcShard_0",
      "targetRsId": "sgcShard_0"
    },
    {
      "rsId": "sgcShard_1",
      "targetRsId": "sgcShard_1"
    },
    {
      "rsId": "configRS",
      "targetRsId": "configRS"
    }
  ],
  "nodes": [
    {
      "error": null,
      "hostname": "mdb1",
      "id": "mdb1:37017",
      "port": 37017,
      "rsId": "sgcShard_0",
      "state": "RECOVERY_IN_PROGRESS",
      "stateUpdateTime": 1770063297
    },
    {
      "error": null,
      "hostname": "mdb8",
      "id": "mdb8:37017",
      "port": 37017,
      "rsId": "sgcShard_0",
      "state": "RECOVERY_IN_PROGRESS",
      "stateUpdateTime": 1770063335
    },
    {
      "error": null,
      "hostname": "mdb3",
      "id": "mdb3:37017",
      "port": 37017,
      "rsId": "sgcShard_0",
      "state": "RECOVERY_IN_PROGRESS",
      "stateUpdateTime": 1770063363
    },
    {
      "error": null,
      "hostname": "mdb9",
      "id": "mdb9:37017",
      "port": 37017,
      "rsId": "sgcShard_1",
      "state": "RECOVERY_IN_PROGRESS",
      "stateUpdateTime": 1770063444
    },
    {
      "error": null,
      "hostname": "mdb2",
      "id": "mdb2:37017",
      "port": 37017,
      "rsId": "sgcShard_1",
      "state": "RECOVERY_IN_PROGRESS",
      "stateUpdateTime": 1770063540
    },
    {
      "error": null,
      "hostname": "mdb4",
      "id": "mdb4:37017",
      "port": 37017,
      "rsId": "sgcShard_1",
      "state": "RECOVERY_IN_PROGRESS",
      "stateUpdateTime": 1770063575
    },
    {
      "error": null,
      "hostname": "mdb-config2",
      "id": "mdb-config2:37017",
      "port": 37017,
      "rsId": "configRS",
      "state": "RECOVERY_IN_PROGRESS",
      "stateUpdateTime": 1770063641
    },
    {
      "error": null,
      "hostname": "mdb-config1",
      "id": "mdb-config1:37017",
      "port": 37017,
      "rsId": "configRS",
      "state": "RECOVERY_IN_PROGRESS",
      "stateUpdateTime": 1770063687
    },
    {
      "error": null,
      "hostname": "mdb7",
      "id": "mdb7:37017",
      "port": 37017,
      "rsId": "configRS",
      "state": "RECOVERY_IN_PROGRESS",
      "stateUpdateTime": 1770063734
    }
  ],
  "state": "RECOVERY_IN_PROGRESS"
}
2026-02-02 14:25:38,355 [INFO] Restore state: RECOVERY_IN_PROGRESS
2026-02-02 14:25:48,356 [DEBUG] API GET http://sb1.cpolab.ibm.com:8080/api/public/v1.0/backup/third_party/group/67eed68e0ba1970a07e16b77/restore/698104274ad5445e026ff044
2026-02-02 14:25:48,530 [DEBUG] STATUS 200
2026-02-02 14:25:48,530 [DEBUG] {
  "clusterMapping": [
    {
      "rsId": "sgcShard_0",
      "targetRsId": "sgcShard_0"
    },
    {
      "rsId": "sgcShard_1",
      "targetRsId": "sgcShard_1"
    },
    {
      "rsId": "configRS",
      "targetRsId": "configRS"
    }
  ],
  "nodes": [
    {
      "error": null,
      "hostname": "mdb1",
      "id": "mdb1:37017",
      "port": 37017,
      "rsId": "sgcShard_0",
      "state": "RECOVERY_IN_PROGRESS",
      "stateUpdateTime": 1770063297
    },
    {
      "error": null,
      "hostname": "mdb8",
      "id": "mdb8:37017",
      "port": 37017,
      "rsId": "sgcShard_0",
      "state": "RECOVERY_IN_PROGRESS",
      "stateUpdateTime": 1770063335
    },
    {
      "error": null,
      "hostname": "mdb3",
      "id": "mdb3:37017",
      "port": 37017,
      "rsId": "sgcShard_0",
      "state": "RECOVERY_IN_PROGRESS",
      "stateUpdateTime": 1770063363
    },
    {
      "error": null,
      "hostname": "mdb9",
      "id": "mdb9:37017",
      "port": 37017,
      "rsId": "sgcShard_1",
      "state": "RECOVERY_IN_PROGRESS",
      "stateUpdateTime": 1770063444
    },
    {
      "error": null,
      "hostname": "mdb2",
      "id": "mdb2:37017",
      "port": 37017,
      "rsId": "sgcShard_1",
      "state": "RECOVERY_IN_PROGRESS",
      "stateUpdateTime": 1770063540
    },
    {
      "error": null,
      "hostname": "mdb4",
      "id": "mdb4:37017",
      "port": 37017,
      "rsId": "sgcShard_1",
      "state": "RECOVERY_IN_PROGRESS",
      "stateUpdateTime": 1770063575
    },
    {
      "error": null,
      "hostname": "mdb-config2",
      "id": "mdb-config2:37017",
      "port": 37017,
      "rsId": "configRS",
      "state": "RECOVERY_IN_PROGRESS",
      "stateUpdateTime": 1770063641
    },
    {
      "error": null,
      "hostname": "mdb-config1",
      "id": "mdb-config1:37017",
      "port": 37017,
      "rsId": "configRS",
      "state": "RECOVERY_IN_PROGRESS",
      "stateUpdateTime": 1770063687
    },
    {
      "error": null,
      "hostname": "mdb7",
      "id": "mdb7:37017",
      "port": 37017,
      "rsId": "configRS",
      "state": "RECOVERY_IN_PROGRESS",
      "stateUpdateTime": 1770063734
    }
  ],
  "state": "RECOVERY_IN_PROGRESS"
}
2026-02-02 14:25:48,530 [INFO] Restore state: RECOVERY_IN_PROGRESS
2026-02-02 14:25:58,531 [DEBUG] API GET http://sb1.cpolab.ibm.com:8080/api/public/v1.0/backup/third_party/group/67eed68e0ba1970a07e16b77/restore/698104274ad5445e026ff044
2026-02-02 14:25:58,702 [DEBUG] STATUS 200
2026-02-02 14:25:58,703 [DEBUG] {
  "clusterMapping": [
    {
      "rsId": "sgcShard_0",
      "targetRsId": "sgcShard_0"
    },
    {
      "rsId": "sgcShard_1",
      "targetRsId": "sgcShard_1"
    },
    {
      "rsId": "configRS",
      "targetRsId": "configRS"
    }
  ],
  "nodes": [
    {
      "error": null,
      "hostname": "mdb1",
      "id": "mdb1:37017",
      "port": 37017,
      "rsId": "sgcShard_0",
      "state": "RECOVERY_IN_PROGRESS",
      "stateUpdateTime": 1770063297
    },
    {
      "error": null,
      "hostname": "mdb8",
      "id": "mdb8:37017",
      "port": 37017,
      "rsId": "sgcShard_0",
      "state": "RECOVERY_IN_PROGRESS",
      "stateUpdateTime": 1770063335
    },
    {
      "error": null,
      "hostname": "mdb3",
      "id": "mdb3:37017",
      "port": 37017,
      "rsId": "sgcShard_0",
      "state": "RECOVERY_IN_PROGRESS",
      "stateUpdateTime": 1770063363
    },
    {
      "error": null,
      "hostname": "mdb9",
      "id": "mdb9:37017",
      "port": 37017,
      "rsId": "sgcShard_1",
      "state": "RECOVERY_IN_PROGRESS",
      "stateUpdateTime": 1770063444
    },
    {
      "error": null,
      "hostname": "mdb2",
      "id": "mdb2:37017",
      "port": 37017,
      "rsId": "sgcShard_1",
      "state": "RECOVERY_IN_PROGRESS",
      "stateUpdateTime": 1770063540
    },
    {
      "error": null,
      "hostname": "mdb4",
      "id": "mdb4:37017",
      "port": 37017,
      "rsId": "sgcShard_1",
      "state": "RECOVERY_IN_PROGRESS",
      "stateUpdateTime": 1770063575
    },
    {
      "error": null,
      "hostname": "mdb-config2",
      "id": "mdb-config2:37017",
      "port": 37017,
      "rsId": "configRS",
      "state": "RECOVERY_IN_PROGRESS",
      "stateUpdateTime": 1770063641
    },
    {
      "error": null,
      "hostname": "mdb-config1",
      "id": "mdb-config1:37017",
      "port": 37017,
      "rsId": "configRS",
      "state": "RECOVERY_IN_PROGRESS",
      "stateUpdateTime": 1770063687
    },
    {
      "error": null,
      "hostname": "mdb7",
      "id": "mdb7:37017",
      "port": 37017,
      "rsId": "configRS",
      "state": "RECOVERY_IN_PROGRESS",
      "stateUpdateTime": 1770063734
    }
  ],
  "state": "RECOVERY_IN_PROGRESS"
}
2026-02-02 14:25:58,703 [INFO] Restore state: RECOVERY_IN_PROGRESS
2026-02-02 14:26:08,703 [DEBUG] API GET http://sb1.cpolab.ibm.com:8080/api/public/v1.0/backup/third_party/group/67eed68e0ba1970a07e16b77/restore/698104274ad5445e026ff044
2026-02-02 14:26:08,877 [DEBUG] STATUS 200
2026-02-02 14:26:08,878 [DEBUG] {
  "clusterMapping": [
    {
      "rsId": "sgcShard_0",
      "targetRsId": "sgcShard_0"
    },
    {
      "rsId": "sgcShard_1",
      "targetRsId": "sgcShard_1"
    },
    {
      "rsId": "configRS",
      "targetRsId": "configRS"
    }
  ],
  "nodes": [
    {
      "error": null,
      "hostname": "mdb1",
      "id": "mdb1:37017",
      "port": 37017,
      "rsId": "sgcShard_0",
      "state": "RECOVERY_IN_PROGRESS",
      "stateUpdateTime": 1770063297
    },
    {
      "error": null,
      "hostname": "mdb8",
      "id": "mdb8:37017",
      "port": 37017,
      "rsId": "sgcShard_0",
      "state": "RECOVERY_IN_PROGRESS",
      "stateUpdateTime": 1770063335
    },
    {
      "error": null,
      "hostname": "mdb3",
      "id": "mdb3:37017",
      "port": 37017,
      "rsId": "sgcShard_0",
      "state": "RECOVERY_IN_PROGRESS",
      "stateUpdateTime": 1770063363
    },
    {
      "error": null,
      "hostname": "mdb9",
      "id": "mdb9:37017",
      "port": 37017,
      "rsId": "sgcShard_1",
      "state": "RECOVERY_IN_PROGRESS",
      "stateUpdateTime": 1770063444
    },
    {
      "error": null,
      "hostname": "mdb2",
      "id": "mdb2:37017",
      "port": 37017,
      "rsId": "sgcShard_1",
      "state": "RECOVERY_IN_PROGRESS",
      "stateUpdateTime": 1770063540
    },
    {
      "error": null,
      "hostname": "mdb4",
      "id": "mdb4:37017",
      "port": 37017,
      "rsId": "sgcShard_1",
      "state": "RECOVERY_IN_PROGRESS",
      "stateUpdateTime": 1770063575
    },
    {
      "error": null,
      "hostname": "mdb-config2",
      "id": "mdb-config2:37017",
      "port": 37017,
      "rsId": "configRS",
      "state": "RECOVERY_IN_PROGRESS",
      "stateUpdateTime": 1770063641
    },
    {
      "error": null,
      "hostname": "mdb-config1",
      "id": "mdb-config1:37017",
      "port": 37017,
      "rsId": "configRS",
      "state": "RECOVERY_IN_PROGRESS",
      "stateUpdateTime": 1770063687
    },
    {
      "error": null,
      "hostname": "mdb7",
      "id": "mdb7:37017",
      "port": 37017,
      "rsId": "configRS",
      "state": "RECOVERY_IN_PROGRESS",
      "stateUpdateTime": 1770063734
    }
  ],
  "state": "RECOVERY_IN_PROGRESS"
}
2026-02-02 14:26:08,878 [INFO] Restore state: RECOVERY_IN_PROGRESS
2026-02-02 14:26:18,878 [DEBUG] API GET http://sb1.cpolab.ibm.com:8080/api/public/v1.0/backup/third_party/group/67eed68e0ba1970a07e16b77/restore/698104274ad5445e026ff044
2026-02-02 14:26:19,111 [DEBUG] STATUS 200
2026-02-02 14:26:19,111 [DEBUG] {
  "clusterMapping": [
    {
      "rsId": "sgcShard_0",
      "targetRsId": "sgcShard_0"
    },
    {
      "rsId": "sgcShard_1",
      "targetRsId": "sgcShard_1"
    },
    {
      "rsId": "configRS",
      "targetRsId": "configRS"
    }
  ],
  "nodes": [
    {
      "error": null,
      "hostname": "mdb1",
      "id": "mdb1:37017",
      "port": 37017,
      "rsId": "sgcShard_0",
      "state": "RECOVERY_IN_PROGRESS",
      "stateUpdateTime": 1770063297
    },
    {
      "error": null,
      "hostname": "mdb8",
      "id": "mdb8:37017",
      "port": 37017,
      "rsId": "sgcShard_0",
      "state": "RECOVERY_IN_PROGRESS",
      "stateUpdateTime": 1770063335
    },
    {
      "error": null,
      "hostname": "mdb3",
      "id": "mdb3:37017",
      "port": 37017,
      "rsId": "sgcShard_0",
      "state": "RECOVERY_IN_PROGRESS",
      "stateUpdateTime": 1770063363
    },
    {
      "error": null,
      "hostname": "mdb9",
      "id": "mdb9:37017",
      "port": 37017,
      "rsId": "sgcShard_1",
      "state": "RECOVERY_IN_PROGRESS",
      "stateUpdateTime": 1770063444
    },
    {
      "error": null,
      "hostname": "mdb2",
      "id": "mdb2:37017",
      "port": 37017,
      "rsId": "sgcShard_1",
      "state": "RECOVERY_IN_PROGRESS",
      "stateUpdateTime": 1770063540
    },
    {
      "error": null,
      "hostname": "mdb4",
      "id": "mdb4:37017",
      "port": 37017,
      "rsId": "sgcShard_1",
      "state": "RECOVERY_IN_PROGRESS",
      "stateUpdateTime": 1770063575
    },
    {
      "error": null,
      "hostname": "mdb-config2",
      "id": "mdb-config2:37017",
      "port": 37017,
      "rsId": "configRS",
      "state": "RECOVERY_IN_PROGRESS",
      "stateUpdateTime": 1770063641
    },
    {
      "error": null,
      "hostname": "mdb-config1",
      "id": "mdb-config1:37017",
      "port": 37017,
      "rsId": "configRS",
      "state": "RECOVERY_IN_PROGRESS",
      "stateUpdateTime": 1770063687
    },
    {
      "error": null,
      "hostname": "mdb7",
      "id": "mdb7:37017",
      "port": 37017,
      "rsId": "configRS",
      "state": "RECOVERY_IN_PROGRESS",
      "stateUpdateTime": 1770063734
    }
  ],
  "state": "RECOVERY_IN_PROGRESS"
}
2026-02-02 14:26:19,111 [INFO] Restore state: RECOVERY_IN_PROGRESS
2026-02-02 14:26:29,112 [DEBUG] API GET http://sb1.cpolab.ibm.com:8080/api/public/v1.0/backup/third_party/group/67eed68e0ba1970a07e16b77/restore/698104274ad5445e026ff044
2026-02-02 14:26:29,285 [DEBUG] STATUS 200
2026-02-02 14:26:29,285 [DEBUG] {
  "clusterMapping": [
    {
      "rsId": "sgcShard_0",
      "targetRsId": "sgcShard_0"
    },
    {
      "rsId": "sgcShard_1",
      "targetRsId": "sgcShard_1"
    },
    {
      "rsId": "configRS",
      "targetRsId": "configRS"
    }
  ],
  "nodes": [
    {
      "error": null,
      "hostname": "mdb1",
      "id": "mdb1:37017",
      "port": 37017,
      "rsId": "sgcShard_0",
      "state": "RECOVERY_IN_PROGRESS",
      "stateUpdateTime": 1770063297
    },
    {
      "error": null,
      "hostname": "mdb8",
      "id": "mdb8:37017",
      "port": 37017,
      "rsId": "sgcShard_0",
      "state": "RECOVERY_IN_PROGRESS",
      "stateUpdateTime": 1770063335
    },
    {
      "error": null,
      "hostname": "mdb3",
      "id": "mdb3:37017",
      "port": 37017,
      "rsId": "sgcShard_0",
      "state": "RECOVERY_IN_PROGRESS",
      "stateUpdateTime": 1770063363
    },
    {
      "error": null,
      "hostname": "mdb9",
      "id": "mdb9:37017",
      "port": 37017,
      "rsId": "sgcShard_1",
      "state": "RECOVERY_IN_PROGRESS",
      "stateUpdateTime": 1770063444
    },
    {
      "error": null,
      "hostname": "mdb2",
      "id": "mdb2:37017",
      "port": 37017,
      "rsId": "sgcShard_1",
      "state": "RECOVERY_IN_PROGRESS",
      "stateUpdateTime": 1770063540
    },
    {
      "error": null,
      "hostname": "mdb4",
      "id": "mdb4:37017",
      "port": 37017,
      "rsId": "sgcShard_1",
      "state": "RECOVERY_IN_PROGRESS",
      "stateUpdateTime": 1770063575
    },
    {
      "error": null,
      "hostname": "mdb-config2",
      "id": "mdb-config2:37017",
      "port": 37017,
      "rsId": "configRS",
      "state": "RECOVERY_IN_PROGRESS",
      "stateUpdateTime": 1770063641
    },
    {
      "error": null,
      "hostname": "mdb-config1",
      "id": "mdb-config1:37017",
      "port": 37017,
      "rsId": "configRS",
      "state": "RECOVERY_IN_PROGRESS",
      "stateUpdateTime": 1770063687
    },
    {
      "error": null,
      "hostname": "mdb7",
      "id": "mdb7:37017",
      "port": 37017,
      "rsId": "configRS",
      "state": "RECOVERY_IN_PROGRESS",
      "stateUpdateTime": 1770063734
    }
  ],
  "state": "RECOVERY_IN_PROGRESS"
}
2026-02-02 14:26:29,285 [INFO] Restore state: RECOVERY_IN_PROGRESS
2026-02-02 14:26:39,286 [DEBUG] API GET http://sb1.cpolab.ibm.com:8080/api/public/v1.0/backup/third_party/group/67eed68e0ba1970a07e16b77/restore/698104274ad5445e026ff044
2026-02-02 14:26:39,457 [DEBUG] STATUS 200
2026-02-02 14:26:39,458 [DEBUG] {
  "clusterMapping": [
    {
      "rsId": "sgcShard_0",
      "targetRsId": "sgcShard_0"
    },
    {
      "rsId": "sgcShard_1",
      "targetRsId": "sgcShard_1"
    },
    {
      "rsId": "configRS",
      "targetRsId": "configRS"
    }
  ],
  "nodes": [
    {
      "error": null,
      "hostname": "mdb1",
      "id": "mdb1:37017",
      "port": 37017,
      "rsId": "sgcShard_0",
      "state": "RECOVERY_IN_PROGRESS",
      "stateUpdateTime": 1770063297
    },
    {
      "error": null,
      "hostname": "mdb8",
      "id": "mdb8:37017",
      "port": 37017,
      "rsId": "sgcShard_0",
      "state": "RECOVERY_IN_PROGRESS",
      "stateUpdateTime": 1770063335
    },
    {
      "error": null,
      "hostname": "mdb3",
      "id": "mdb3:37017",
      "port": 37017,
      "rsId": "sgcShard_0",
      "state": "RECOVERY_IN_PROGRESS",
      "stateUpdateTime": 1770063363
    },
    {
      "error": null,
      "hostname": "mdb9",
      "id": "mdb9:37017",
      "port": 37017,
      "rsId": "sgcShard_1",
      "state": "RECOVERY_IN_PROGRESS",
      "stateUpdateTime": 1770063444
    },
    {
      "error": null,
      "hostname": "mdb2",
      "id": "mdb2:37017",
      "port": 37017,
      "rsId": "sgcShard_1",
      "state": "RECOVERY_IN_PROGRESS",
      "stateUpdateTime": 1770063540
    },
    {
      "error": null,
      "hostname": "mdb4",
      "id": "mdb4:37017",
      "port": 37017,
      "rsId": "sgcShard_1",
      "state": "RECOVERY_IN_PROGRESS",
      "stateUpdateTime": 1770063575
    },
    {
      "error": null,
      "hostname": "mdb-config2",
      "id": "mdb-config2:37017",
      "port": 37017,
      "rsId": "configRS",
      "state": "RECOVERY_IN_PROGRESS",
      "stateUpdateTime": 1770063641
    },
    {
      "error": null,
      "hostname": "mdb-config1",
      "id": "mdb-config1:37017",
      "port": 37017,
      "rsId": "configRS",
      "state": "RECOVERY_IN_PROGRESS",
      "stateUpdateTime": 1770063687
    },
    {
      "error": null,
      "hostname": "mdb7",
      "id": "mdb7:37017",
      "port": 37017,
      "rsId": "configRS",
      "state": "RECOVERY_IN_PROGRESS",
      "stateUpdateTime": 1770063734
    }
  ],
  "state": "RECOVERY_IN_PROGRESS"
}
2026-02-02 14:26:39,458 [INFO] Restore state: RECOVERY_IN_PROGRESS
2026-02-02 14:26:49,458 [DEBUG] API GET http://sb1.cpolab.ibm.com:8080/api/public/v1.0/backup/third_party/group/67eed68e0ba1970a07e16b77/restore/698104274ad5445e026ff044
2026-02-02 14:26:49,642 [DEBUG] STATUS 200
2026-02-02 14:26:49,643 [DEBUG] {
  "clusterMapping": [
    {
      "rsId": "sgcShard_0",
      "targetRsId": "sgcShard_0"
    },
    {
      "rsId": "sgcShard_1",
      "targetRsId": "sgcShard_1"
    },
    {
      "rsId": "configRS",
      "targetRsId": "configRS"
    }
  ],
  "nodes": [
    {
      "error": null,
      "hostname": "mdb1",
      "id": "mdb1:37017",
      "port": 37017,
      "rsId": "sgcShard_0",
      "state": "RECOVERY_IN_PROGRESS",
      "stateUpdateTime": 1770063297
    },
    {
      "error": null,
      "hostname": "mdb8",
      "id": "mdb8:37017",
      "port": 37017,
      "rsId": "sgcShard_0",
      "state": "RECOVERY_IN_PROGRESS",
      "stateUpdateTime": 1770063335
    },
    {
      "error": null,
      "hostname": "mdb3",
      "id": "mdb3:37017",
      "port": 37017,
      "rsId": "sgcShard_0",
      "state": "RECOVERY_IN_PROGRESS",
      "stateUpdateTime": 1770063363
    },
    {
      "error": null,
      "hostname": "mdb9",
      "id": "mdb9:37017",
      "port": 37017,
      "rsId": "sgcShard_1",
      "state": "RECOVERY_IN_PROGRESS",
      "stateUpdateTime": 1770063444
    },
    {
      "error": null,
      "hostname": "mdb2",
      "id": "mdb2:37017",
      "port": 37017,
      "rsId": "sgcShard_1",
      "state": "RECOVERY_IN_PROGRESS",
      "stateUpdateTime": 1770063540
    },
    {
      "error": null,
      "hostname": "mdb4",
      "id": "mdb4:37017",
      "port": 37017,
      "rsId": "sgcShard_1",
      "state": "RECOVERY_IN_PROGRESS",
      "stateUpdateTime": 1770063575
    },
    {
      "error": null,
      "hostname": "mdb-config2",
      "id": "mdb-config2:37017",
      "port": 37017,
      "rsId": "configRS",
      "state": "RECOVERY_IN_PROGRESS",
      "stateUpdateTime": 1770063641
    },
    {
      "error": null,
      "hostname": "mdb-config1",
      "id": "mdb-config1:37017",
      "port": 37017,
      "rsId": "configRS",
      "state": "RECOVERY_IN_PROGRESS",
      "stateUpdateTime": 1770063687
    },
    {
      "error": null,
      "hostname": "mdb7",
      "id": "mdb7:37017",
      "port": 37017,
      "rsId": "configRS",
      "state": "RECOVERY_IN_PROGRESS",
      "stateUpdateTime": 1770063734
    }
  ],
  "state": "RECOVERY_IN_PROGRESS"
}
2026-02-02 14:26:49,643 [INFO] Restore state: RECOVERY_IN_PROGRESS
2026-02-02 14:26:59,643 [DEBUG] API GET http://sb1.cpolab.ibm.com:8080/api/public/v1.0/backup/third_party/group/67eed68e0ba1970a07e16b77/restore/698104274ad5445e026ff044
2026-02-02 14:26:59,816 [DEBUG] STATUS 200
2026-02-02 14:26:59,816 [DEBUG] {
  "clusterMapping": [
    {
      "rsId": "sgcShard_0",
      "targetRsId": "sgcShard_0"
    },
    {
      "rsId": "sgcShard_1",
      "targetRsId": "sgcShard_1"
    },
    {
      "rsId": "configRS",
      "targetRsId": "configRS"
    }
  ],
  "nodes": [
    {
      "error": null,
      "hostname": "mdb1",
      "id": "mdb1:37017",
      "port": 37017,
      "rsId": "sgcShard_0",
      "state": "RECOVERY_IN_PROGRESS",
      "stateUpdateTime": 1770063297
    },
    {
      "error": null,
      "hostname": "mdb8",
      "id": "mdb8:37017",
      "port": 37017,
      "rsId": "sgcShard_0",
      "state": "RECOVERY_IN_PROGRESS",
      "stateUpdateTime": 1770063335
    },
    {
      "error": null,
      "hostname": "mdb3",
      "id": "mdb3:37017",
      "port": 37017,
      "rsId": "sgcShard_0",
      "state": "RECOVERY_IN_PROGRESS",
      "stateUpdateTime": 1770063363
    },
    {
      "error": null,
      "hostname": "mdb9",
      "id": "mdb9:37017",
      "port": 37017,
      "rsId": "sgcShard_1",
      "state": "RECOVERY_IN_PROGRESS",
      "stateUpdateTime": 1770063444
    },
    {
      "error": null,
      "hostname": "mdb2",
      "id": "mdb2:37017",
      "port": 37017,
      "rsId": "sgcShard_1",
      "state": "RECOVERY_IN_PROGRESS",
      "stateUpdateTime": 1770063540
    },
    {
      "error": null,
      "hostname": "mdb4",
      "id": "mdb4:37017",
      "port": 37017,
      "rsId": "sgcShard_1",
      "state": "RECOVERY_IN_PROGRESS",
      "stateUpdateTime": 1770063575
    },
    {
      "error": null,
      "hostname": "mdb-config2",
      "id": "mdb-config2:37017",
      "port": 37017,
      "rsId": "configRS",
      "state": "RECOVERY_IN_PROGRESS",
      "stateUpdateTime": 1770063641
    },
    {
      "error": null,
      "hostname": "mdb-config1",
      "id": "mdb-config1:37017",
      "port": 37017,
      "rsId": "configRS",
      "state": "RECOVERY_IN_PROGRESS",
      "stateUpdateTime": 1770063687
    },
    {
      "error": null,
      "hostname": "mdb7",
      "id": "mdb7:37017",
      "port": 37017,
      "rsId": "configRS",
      "state": "RECOVERY_IN_PROGRESS",
      "stateUpdateTime": 1770063734
    }
  ],
  "state": "RECOVERY_IN_PROGRESS"
}
2026-02-02 14:26:59,816 [INFO] Restore state: RECOVERY_IN_PROGRESS
2026-02-02 14:27:09,817 [DEBUG] API GET http://sb1.cpolab.ibm.com:8080/api/public/v1.0/backup/third_party/group/67eed68e0ba1970a07e16b77/restore/698104274ad5445e026ff044
2026-02-02 14:27:09,988 [DEBUG] STATUS 200
2026-02-02 14:27:09,988 [DEBUG] {
  "clusterMapping": [
    {
      "rsId": "sgcShard_0",
      "targetRsId": "sgcShard_0"
    },
    {
      "rsId": "sgcShard_1",
      "targetRsId": "sgcShard_1"
    },
    {
      "rsId": "configRS",
      "targetRsId": "configRS"
    }
  ],
  "nodes": [
    {
      "error": null,
      "hostname": "mdb1",
      "id": "mdb1:37017",
      "port": 37017,
      "rsId": "sgcShard_0",
      "state": "RECOVERY_IN_PROGRESS",
      "stateUpdateTime": 1770063297
    },
    {
      "error": null,
      "hostname": "mdb8",
      "id": "mdb8:37017",
      "port": 37017,
      "rsId": "sgcShard_0",
      "state": "RECOVERY_IN_PROGRESS",
      "stateUpdateTime": 1770063335
    },
    {
      "error": null,
      "hostname": "mdb3",
      "id": "mdb3:37017",
      "port": 37017,
      "rsId": "sgcShard_0",
      "state": "RECOVERY_IN_PROGRESS",
      "stateUpdateTime": 1770063363
    },
    {
      "error": null,
      "hostname": "mdb9",
      "id": "mdb9:37017",
      "port": 37017,
      "rsId": "sgcShard_1",
      "state": "RECOVERY_IN_PROGRESS",
      "stateUpdateTime": 1770063444
    },
    {
      "error": null,
      "hostname": "mdb2",
      "id": "mdb2:37017",
      "port": 37017,
      "rsId": "sgcShard_1",
      "state": "RECOVERY_IN_PROGRESS",
      "stateUpdateTime": 1770063540
    },
    {
      "error": null,
      "hostname": "mdb4",
      "id": "mdb4:37017",
      "port": 37017,
      "rsId": "sgcShard_1",
      "state": "RECOVERY_IN_PROGRESS",
      "stateUpdateTime": 1770063575
    },
    {
      "error": null,
      "hostname": "mdb-config2",
      "id": "mdb-config2:37017",
      "port": 37017,
      "rsId": "configRS",
      "state": "RECOVERY_IN_PROGRESS",
      "stateUpdateTime": 1770063641
    },
    {
      "error": null,
      "hostname": "mdb-config1",
      "id": "mdb-config1:37017",
      "port": 37017,
      "rsId": "configRS",
      "state": "RECOVERY_IN_PROGRESS",
      "stateUpdateTime": 1770063687
    },
    {
      "error": null,
      "hostname": "mdb7",
      "id": "mdb7:37017",
      "port": 37017,
      "rsId": "configRS",
      "state": "RECOVERY_IN_PROGRESS",
      "stateUpdateTime": 1770063734
    }
  ],
  "state": "RECOVERY_IN_PROGRESS"
}
2026-02-02 14:27:09,988 [INFO] Restore state: RECOVERY_IN_PROGRESS
2026-02-02 14:27:19,988 [DEBUG] API GET http://sb1.cpolab.ibm.com:8080/api/public/v1.0/backup/third_party/group/67eed68e0ba1970a07e16b77/restore/698104274ad5445e026ff044
2026-02-02 14:27:20,223 [DEBUG] STATUS 200
2026-02-02 14:27:20,223 [DEBUG] {
  "clusterMapping": [
    {
      "rsId": "sgcShard_0",
      "targetRsId": "sgcShard_0"
    },
    {
      "rsId": "sgcShard_1",
      "targetRsId": "sgcShard_1"
    },
    {
      "rsId": "configRS",
      "targetRsId": "configRS"
    }
  ],
  "nodes": [
    {
      "error": null,
      "hostname": "mdb1",
      "id": "mdb1:37017",
      "port": 37017,
      "rsId": "sgcShard_0",
      "state": "RECOVERY_IN_PROGRESS",
      "stateUpdateTime": 1770063297
    },
    {
      "error": null,
      "hostname": "mdb8",
      "id": "mdb8:37017",
      "port": 37017,
      "rsId": "sgcShard_0",
      "state": "RECOVERY_IN_PROGRESS",
      "stateUpdateTime": 1770063335
    },
    {
      "error": null,
      "hostname": "mdb3",
      "id": "mdb3:37017",
      "port": 37017,
      "rsId": "sgcShard_0",
      "state": "RECOVERY_IN_PROGRESS",
      "stateUpdateTime": 1770063363
    },
    {
      "error": null,
      "hostname": "mdb9",
      "id": "mdb9:37017",
      "port": 37017,
      "rsId": "sgcShard_1",
      "state": "RECOVERY_IN_PROGRESS",
      "stateUpdateTime": 1770063444
    },
    {
      "error": null,
      "hostname": "mdb2",
      "id": "mdb2:37017",
      "port": 37017,
      "rsId": "sgcShard_1",
      "state": "RECOVERY_IN_PROGRESS",
      "stateUpdateTime": 1770063540
    },
    {
      "error": null,
      "hostname": "mdb4",
      "id": "mdb4:37017",
      "port": 37017,
      "rsId": "sgcShard_1",
      "state": "RECOVERY_IN_PROGRESS",
      "stateUpdateTime": 1770063575
    },
    {
      "error": null,
      "hostname": "mdb-config2",
      "id": "mdb-config2:37017",
      "port": 37017,
      "rsId": "configRS",
      "state": "RECOVERY_IN_PROGRESS",
      "stateUpdateTime": 1770063641
    },
    {
      "error": null,
      "hostname": "mdb-config1",
      "id": "mdb-config1:37017",
      "port": 37017,
      "rsId": "configRS",
      "state": "RECOVERY_IN_PROGRESS",
      "stateUpdateTime": 1770063687
    },
    {
      "error": null,
      "hostname": "mdb7",
      "id": "mdb7:37017",
      "port": 37017,
      "rsId": "configRS",
      "state": "RECOVERY_IN_PROGRESS",
      "stateUpdateTime": 1770063734
    }
  ],
  "state": "RECOVERY_IN_PROGRESS"
}
2026-02-02 14:27:20,223 [INFO] Restore state: RECOVERY_IN_PROGRESS
2026-02-02 14:27:30,224 [DEBUG] API GET http://sb1.cpolab.ibm.com:8080/api/public/v1.0/backup/third_party/group/67eed68e0ba1970a07e16b77/restore/698104274ad5445e026ff044
2026-02-02 14:27:30,394 [DEBUG] STATUS 200
2026-02-02 14:27:30,395 [DEBUG] {
  "clusterMapping": [
    {
      "rsId": "sgcShard_0",
      "targetRsId": "sgcShard_0"
    },
    {
      "rsId": "sgcShard_1",
      "targetRsId": "sgcShard_1"
    },
    {
      "rsId": "configRS",
      "targetRsId": "configRS"
    }
  ],
  "nodes": [
    {
      "error": null,
      "hostname": "mdb1",
      "id": "mdb1:37017",
      "port": 37017,
      "rsId": "sgcShard_0",
      "state": "RECOVERY_IN_PROGRESS",
      "stateUpdateTime": 1770063297
    },
    {
      "error": null,
      "hostname": "mdb8",
      "id": "mdb8:37017",
      "port": 37017,
      "rsId": "sgcShard_0",
      "state": "RECOVERY_IN_PROGRESS",
      "stateUpdateTime": 1770063335
    },
    {
      "error": null,
      "hostname": "mdb3",
      "id": "mdb3:37017",
      "port": 37017,
      "rsId": "sgcShard_0",
      "state": "RECOVERY_IN_PROGRESS",
      "stateUpdateTime": 1770063363
    },
    {
      "error": null,
      "hostname": "mdb9",
      "id": "mdb9:37017",
      "port": 37017,
      "rsId": "sgcShard_1",
      "state": "RECOVERY_IN_PROGRESS",
      "stateUpdateTime": 1770063444
    },
    {
      "error": null,
      "hostname": "mdb2",
      "id": "mdb2:37017",
      "port": 37017,
      "rsId": "sgcShard_1",
      "state": "RECOVERY_IN_PROGRESS",
      "stateUpdateTime": 1770063540
    },
    {
      "error": null,
      "hostname": "mdb4",
      "id": "mdb4:37017",
      "port": 37017,
      "rsId": "sgcShard_1",
      "state": "RECOVERY_IN_PROGRESS",
      "stateUpdateTime": 1770063575
    },
    {
      "error": null,
      "hostname": "mdb-config2",
      "id": "mdb-config2:37017",
      "port": 37017,
      "rsId": "configRS",
      "state": "RECOVERY_IN_PROGRESS",
      "stateUpdateTime": 1770063641
    },
    {
      "error": null,
      "hostname": "mdb-config1",
      "id": "mdb-config1:37017",
      "port": 37017,
      "rsId": "configRS",
      "state": "RECOVERY_IN_PROGRESS",
      "stateUpdateTime": 1770063687
    },
    {
      "error": null,
      "hostname": "mdb7",
      "id": "mdb7:37017",
      "port": 37017,
      "rsId": "configRS",
      "state": "RECOVERY_IN_PROGRESS",
      "stateUpdateTime": 1770063734
    }
  ],
  "state": "RECOVERY_IN_PROGRESS"
}
2026-02-02 14:27:30,395 [INFO] Restore state: RECOVERY_IN_PROGRESS
2026-02-02 14:27:40,395 [DEBUG] API GET http://sb1.cpolab.ibm.com:8080/api/public/v1.0/backup/third_party/group/67eed68e0ba1970a07e16b77/restore/698104274ad5445e026ff044
2026-02-02 14:27:40,567 [DEBUG] STATUS 200
2026-02-02 14:27:40,568 [DEBUG] {
  "clusterMapping": [
    {
      "rsId": "sgcShard_0",
      "targetRsId": "sgcShard_0"
    },
    {
      "rsId": "sgcShard_1",
      "targetRsId": "sgcShard_1"
    },
    {
      "rsId": "configRS",
      "targetRsId": "configRS"
    }
  ],
  "nodes": [
    {
      "error": null,
      "hostname": "mdb1",
      "id": "mdb1:37017",
      "port": 37017,
      "rsId": "sgcShard_0",
      "state": "RECOVERY_IN_PROGRESS",
      "stateUpdateTime": 1770063297
    },
    {
      "error": null,
      "hostname": "mdb8",
      "id": "mdb8:37017",
      "port": 37017,
      "rsId": "sgcShard_0",
      "state": "RECOVERY_IN_PROGRESS",
      "stateUpdateTime": 1770063335
    },
    {
      "error": null,
      "hostname": "mdb3",
      "id": "mdb3:37017",
      "port": 37017,
      "rsId": "sgcShard_0",
      "state": "RECOVERY_IN_PROGRESS",
      "stateUpdateTime": 1770063363
    },
    {
      "error": null,
      "hostname": "mdb9",
      "id": "mdb9:37017",
      "port": 37017,
      "rsId": "sgcShard_1",
      "state": "RECOVERY_IN_PROGRESS",
      "stateUpdateTime": 1770063444
    },
    {
      "error": null,
      "hostname": "mdb2",
      "id": "mdb2:37017",
      "port": 37017,
      "rsId": "sgcShard_1",
      "state": "RECOVERY_IN_PROGRESS",
      "stateUpdateTime": 1770063540
    },
    {
      "error": null,
      "hostname": "mdb4",
      "id": "mdb4:37017",
      "port": 37017,
      "rsId": "sgcShard_1",
      "state": "RECOVERY_IN_PROGRESS",
      "stateUpdateTime": 1770063575
    },
    {
      "error": null,
      "hostname": "mdb-config2",
      "id": "mdb-config2:37017",
      "port": 37017,
      "rsId": "configRS",
      "state": "RECOVERY_IN_PROGRESS",
      "stateUpdateTime": 1770063641
    },
    {
      "error": null,
      "hostname": "mdb-config1",
      "id": "mdb-config1:37017",
      "port": 37017,
      "rsId": "configRS",
      "state": "RECOVERY_IN_PROGRESS",
      "stateUpdateTime": 1770063687
    },
    {
      "error": null,
      "hostname": "mdb7",
      "id": "mdb7:37017",
      "port": 37017,
      "rsId": "configRS",
      "state": "RECOVERY_IN_PROGRESS",
      "stateUpdateTime": 1770063734
    }
  ],
  "state": "RECOVERY_IN_PROGRESS"
}
2026-02-02 14:27:40,568 [INFO] Restore state: RECOVERY_IN_PROGRESS
2026-02-02 14:27:50,569 [DEBUG] API GET http://sb1.cpolab.ibm.com:8080/api/public/v1.0/backup/third_party/group/67eed68e0ba1970a07e16b77/restore/698104274ad5445e026ff044
2026-02-02 14:27:50,753 [DEBUG] STATUS 200
2026-02-02 14:27:50,753 [DEBUG] {
  "clusterMapping": [
    {
      "rsId": "sgcShard_0",
      "targetRsId": "sgcShard_0"
    },
    {
      "rsId": "sgcShard_1",
      "targetRsId": "sgcShard_1"
    },
    {
      "rsId": "configRS",
      "targetRsId": "configRS"
    }
  ],
  "nodes": [
    {
      "error": null,
      "hostname": "mdb1",
      "id": "mdb1:37017",
      "port": 37017,
      "rsId": "sgcShard_0",
      "state": "RECOVERY_IN_PROGRESS",
      "stateUpdateTime": 1770063297
    },
    {
      "error": null,
      "hostname": "mdb8",
      "id": "mdb8:37017",
      "port": 37017,
      "rsId": "sgcShard_0",
      "state": "RECOVERY_IN_PROGRESS",
      "stateUpdateTime": 1770063335
    },
    {
      "error": null,
      "hostname": "mdb3",
      "id": "mdb3:37017",
      "port": 37017,
      "rsId": "sgcShard_0",
      "state": "RECOVERY_IN_PROGRESS",
      "stateUpdateTime": 1770063363
    },
    {
      "error": null,
      "hostname": "mdb9",
      "id": "mdb9:37017",
      "port": 37017,
      "rsId": "sgcShard_1",
      "state": "RECOVERY_IN_PROGRESS",
      "stateUpdateTime": 1770063444
    },
    {
      "error": null,
      "hostname": "mdb2",
      "id": "mdb2:37017",
      "port": 37017,
      "rsId": "sgcShard_1",
      "state": "RECOVERY_IN_PROGRESS",
      "stateUpdateTime": 1770063540
    },
    {
      "error": null,
      "hostname": "mdb4",
      "id": "mdb4:37017",
      "port": 37017,
      "rsId": "sgcShard_1",
      "state": "RECOVERY_IN_PROGRESS",
      "stateUpdateTime": 1770063575
    },
    {
      "error": null,
      "hostname": "mdb-config2",
      "id": "mdb-config2:37017",
      "port": 37017,
      "rsId": "configRS",
      "state": "RECOVERY_IN_PROGRESS",
      "stateUpdateTime": 1770063641
    },
    {
      "error": null,
      "hostname": "mdb-config1",
      "id": "mdb-config1:37017",
      "port": 37017,
      "rsId": "configRS",
      "state": "RECOVERY_IN_PROGRESS",
      "stateUpdateTime": 1770063687
    },
    {
      "error": null,
      "hostname": "mdb7",
      "id": "mdb7:37017",
      "port": 37017,
      "rsId": "configRS",
      "state": "RECOVERY_IN_PROGRESS",
      "stateUpdateTime": 1770063734
    }
  ],
  "state": "RECOVERY_IN_PROGRESS"
}
2026-02-02 14:27:50,753 [INFO] Restore state: RECOVERY_IN_PROGRESS
2026-02-02 14:28:00,754 [DEBUG] API GET http://sb1.cpolab.ibm.com:8080/api/public/v1.0/backup/third_party/group/67eed68e0ba1970a07e16b77/restore/698104274ad5445e026ff044
2026-02-02 14:28:00,929 [DEBUG] STATUS 200
2026-02-02 14:28:00,929 [DEBUG] {
  "clusterMapping": [
    {
      "rsId": "sgcShard_0",
      "targetRsId": "sgcShard_0"
    },
    {
      "rsId": "sgcShard_1",
      "targetRsId": "sgcShard_1"
    },
    {
      "rsId": "configRS",
      "targetRsId": "configRS"
    }
  ],
  "nodes": [
    {
      "error": null,
      "hostname": "mdb1",
      "id": "mdb1:37017",
      "port": 37017,
      "rsId": "sgcShard_0",
      "state": "RECOVERY_IN_PROGRESS",
      "stateUpdateTime": 1770063297
    },
    {
      "error": null,
      "hostname": "mdb8",
      "id": "mdb8:37017",
      "port": 37017,
      "rsId": "sgcShard_0",
      "state": "RECOVERY_IN_PROGRESS",
      "stateUpdateTime": 1770063335
    },
    {
      "error": null,
      "hostname": "mdb3",
      "id": "mdb3:37017",
      "port": 37017,
      "rsId": "sgcShard_0",
      "state": "RECOVERY_IN_PROGRESS",
      "stateUpdateTime": 1770063363
    },
    {
      "error": null,
      "hostname": "mdb9",
      "id": "mdb9:37017",
      "port": 37017,
      "rsId": "sgcShard_1",
      "state": "RECOVERY_IN_PROGRESS",
      "stateUpdateTime": 1770063444
    },
    {
      "error": null,
      "hostname": "mdb2",
      "id": "mdb2:37017",
      "port": 37017,
      "rsId": "sgcShard_1",
      "state": "RECOVERY_IN_PROGRESS",
      "stateUpdateTime": 1770063540
    },
    {
      "error": null,
      "hostname": "mdb4",
      "id": "mdb4:37017",
      "port": 37017,
      "rsId": "sgcShard_1",
      "state": "RECOVERY_IN_PROGRESS",
      "stateUpdateTime": 1770063575
    },
    {
      "error": null,
      "hostname": "mdb-config2",
      "id": "mdb-config2:37017",
      "port": 37017,
      "rsId": "configRS",
      "state": "RECOVERY_IN_PROGRESS",
      "stateUpdateTime": 1770063641
    },
    {
      "error": null,
      "hostname": "mdb-config1",
      "id": "mdb-config1:37017",
      "port": 37017,
      "rsId": "configRS",
      "state": "RECOVERY_IN_PROGRESS",
      "stateUpdateTime": 1770063687
    },
    {
      "error": null,
      "hostname": "mdb7",
      "id": "mdb7:37017",
      "port": 37017,
      "rsId": "configRS",
      "state": "RECOVERY_IN_PROGRESS",
      "stateUpdateTime": 1770063734
    }
  ],
  "state": "RECOVERY_IN_PROGRESS"
}
2026-02-02 14:28:00,929 [INFO] Restore state: RECOVERY_IN_PROGRESS
2026-02-02 14:28:10,930 [DEBUG] API GET http://sb1.cpolab.ibm.com:8080/api/public/v1.0/backup/third_party/group/67eed68e0ba1970a07e16b77/restore/698104274ad5445e026ff044
2026-02-02 14:28:11,124 [DEBUG] STATUS 200
2026-02-02 14:28:11,124 [DEBUG] {
  "clusterMapping": [
    {
      "rsId": "sgcShard_0",
      "targetRsId": "sgcShard_0"
    },
    {
      "rsId": "sgcShard_1",
      "targetRsId": "sgcShard_1"
    },
    {
      "rsId": "configRS",
      "targetRsId": "configRS"
    }
  ],
  "nodes": [
    {
      "error": null,
      "hostname": "mdb1",
      "id": "mdb1:37017",
      "port": 37017,
      "rsId": "sgcShard_0",
      "state": "RECOVERY_IN_PROGRESS",
      "stateUpdateTime": 1770063297
    },
    {
      "error": null,
      "hostname": "mdb8",
      "id": "mdb8:37017",
      "port": 37017,
      "rsId": "sgcShard_0",
      "state": "RECOVERY_IN_PROGRESS",
      "stateUpdateTime": 1770063335
    },
    {
      "error": null,
      "hostname": "mdb3",
      "id": "mdb3:37017",
      "port": 37017,
      "rsId": "sgcShard_0",
      "state": "RECOVERY_IN_PROGRESS",
      "stateUpdateTime": 1770063363
    },
    {
      "error": null,
      "hostname": "mdb9",
      "id": "mdb9:37017",
      "port": 37017,
      "rsId": "sgcShard_1",
      "state": "RECOVERY_IN_PROGRESS",
      "stateUpdateTime": 1770063444
    },
    {
      "error": null,
      "hostname": "mdb2",
      "id": "mdb2:37017",
      "port": 37017,
      "rsId": "sgcShard_1",
      "state": "RECOVERY_IN_PROGRESS",
      "stateUpdateTime": 1770063540
    },
    {
      "error": null,
      "hostname": "mdb4",
      "id": "mdb4:37017",
      "port": 37017,
      "rsId": "sgcShard_1",
      "state": "RECOVERY_IN_PROGRESS",
      "stateUpdateTime": 1770063575
    },
    {
      "error": null,
      "hostname": "mdb-config2",
      "id": "mdb-config2:37017",
      "port": 37017,
      "rsId": "configRS",
      "state": "RECOVERY_IN_PROGRESS",
      "stateUpdateTime": 1770063641
    },
    {
      "error": null,
      "hostname": "mdb-config1",
      "id": "mdb-config1:37017",
      "port": 37017,
      "rsId": "configRS",
      "state": "RECOVERY_IN_PROGRESS",
      "stateUpdateTime": 1770063687
    },
    {
      "error": null,
      "hostname": "mdb7",
      "id": "mdb7:37017",
      "port": 37017,
      "rsId": "configRS",
      "state": "RECOVERY_IN_PROGRESS",
      "stateUpdateTime": 1770063734
    }
  ],
  "state": "RECOVERY_IN_PROGRESS"
}
2026-02-02 14:28:11,124 [INFO] Restore state: RECOVERY_IN_PROGRESS
2026-02-02 14:28:21,125 [DEBUG] API GET http://sb1.cpolab.ibm.com:8080/api/public/v1.0/backup/third_party/group/67eed68e0ba1970a07e16b77/restore/698104274ad5445e026ff044
2026-02-02 14:28:21,356 [DEBUG] STATUS 200
2026-02-02 14:28:21,356 [DEBUG] {
  "clusterMapping": [
    {
      "rsId": "sgcShard_0",
      "targetRsId": "sgcShard_0"
    },
    {
      "rsId": "sgcShard_1",
      "targetRsId": "sgcShard_1"
    },
    {
      "rsId": "configRS",
      "targetRsId": "configRS"
    }
  ],
  "nodes": [
    {
      "error": null,
      "hostname": "mdb1",
      "id": "mdb1:37017",
      "port": 37017,
      "rsId": "sgcShard_0",
      "state": "RECOVERY_IN_PROGRESS",
      "stateUpdateTime": 1770063297
    },
    {
      "error": null,
      "hostname": "mdb8",
      "id": "mdb8:37017",
      "port": 37017,
      "rsId": "sgcShard_0",
      "state": "RECOVERY_IN_PROGRESS",
      "stateUpdateTime": 1770063335
    },
    {
      "error": null,
      "hostname": "mdb3",
      "id": "mdb3:37017",
      "port": 37017,
      "rsId": "sgcShard_0",
      "state": "RECOVERY_IN_PROGRESS",
      "stateUpdateTime": 1770063363
    },
    {
      "error": null,
      "hostname": "mdb9",
      "id": "mdb9:37017",
      "port": 37017,
      "rsId": "sgcShard_1",
      "state": "RECOVERY_IN_PROGRESS",
      "stateUpdateTime": 1770063444
    },
    {
      "error": null,
      "hostname": "mdb2",
      "id": "mdb2:37017",
      "port": 37017,
      "rsId": "sgcShard_1",
      "state": "RECOVERY_IN_PROGRESS",
      "stateUpdateTime": 1770063540
    },
    {
      "error": null,
      "hostname": "mdb4",
      "id": "mdb4:37017",
      "port": 37017,
      "rsId": "sgcShard_1",
      "state": "RECOVERY_IN_PROGRESS",
      "stateUpdateTime": 1770063575
    },
    {
      "error": null,
      "hostname": "mdb-config2",
      "id": "mdb-config2:37017",
      "port": 37017,
      "rsId": "configRS",
      "state": "RECOVERY_IN_PROGRESS",
      "stateUpdateTime": 1770063641
    },
    {
      "error": null,
      "hostname": "mdb-config1",
      "id": "mdb-config1:37017",
      "port": 37017,
      "rsId": "configRS",
      "state": "RECOVERY_IN_PROGRESS",
      "stateUpdateTime": 1770063687
    },
    {
      "error": null,
      "hostname": "mdb7",
      "id": "mdb7:37017",
      "port": 37017,
      "rsId": "configRS",
      "state": "RECOVERY_IN_PROGRESS",
      "stateUpdateTime": 1770063734
    }
  ],
  "state": "RECOVERY_IN_PROGRESS"
}
2026-02-02 14:28:21,356 [INFO] Restore state: RECOVERY_IN_PROGRESS
2026-02-02 14:28:31,357 [DEBUG] API GET http://sb1.cpolab.ibm.com:8080/api/public/v1.0/backup/third_party/group/67eed68e0ba1970a07e16b77/restore/698104274ad5445e026ff044
2026-02-02 14:28:31,540 [DEBUG] STATUS 200
2026-02-02 14:28:31,540 [DEBUG] {
  "clusterMapping": [
    {
      "rsId": "sgcShard_0",
      "targetRsId": "sgcShard_0"
    },
    {
      "rsId": "sgcShard_1",
      "targetRsId": "sgcShard_1"
    },
    {
      "rsId": "configRS",
      "targetRsId": "configRS"
    }
  ],
  "nodes": [
    {
      "error": null,
      "hostname": "mdb1",
      "id": "mdb1:37017",
      "port": 37017,
      "rsId": "sgcShard_0",
      "state": "RECOVERY_IN_PROGRESS",
      "stateUpdateTime": 1770063297
    },
    {
      "error": null,
      "hostname": "mdb8",
      "id": "mdb8:37017",
      "port": 37017,
      "rsId": "sgcShard_0",
      "state": "RECOVERY_IN_PROGRESS",
      "stateUpdateTime": 1770063335
    },
    {
      "error": null,
      "hostname": "mdb3",
      "id": "mdb3:37017",
      "port": 37017,
      "rsId": "sgcShard_0",
      "state": "RECOVERY_IN_PROGRESS",
      "stateUpdateTime": 1770063363
    },
    {
      "error": null,
      "hostname": "mdb9",
      "id": "mdb9:37017",
      "port": 37017,
      "rsId": "sgcShard_1",
      "state": "RECOVERY_IN_PROGRESS",
      "stateUpdateTime": 1770063444
    },
    {
      "error": null,
      "hostname": "mdb2",
      "id": "mdb2:37017",
      "port": 37017,
      "rsId": "sgcShard_1",
      "state": "RECOVERY_IN_PROGRESS",
      "stateUpdateTime": 1770063540
    },
    {
      "error": null,
      "hostname": "mdb4",
      "id": "mdb4:37017",
      "port": 37017,
      "rsId": "sgcShard_1",
      "state": "RECOVERY_IN_PROGRESS",
      "stateUpdateTime": 1770063575
    },
    {
      "error": null,
      "hostname": "mdb-config2",
      "id": "mdb-config2:37017",
      "port": 37017,
      "rsId": "configRS",
      "state": "RECOVERY_IN_PROGRESS",
      "stateUpdateTime": 1770063641
    },
    {
      "error": null,
      "hostname": "mdb-config1",
      "id": "mdb-config1:37017",
      "port": 37017,
      "rsId": "configRS",
      "state": "RECOVERY_IN_PROGRESS",
      "stateUpdateTime": 1770063687
    },
    {
      "error": null,
      "hostname": "mdb7",
      "id": "mdb7:37017",
      "port": 37017,
      "rsId": "configRS",
      "state": "RECOVERY_IN_PROGRESS",
      "stateUpdateTime": 1770063734
    }
  ],
  "state": "RECOVERY_IN_PROGRESS"
}
2026-02-02 14:28:31,540 [INFO] Restore state: RECOVERY_IN_PROGRESS
2026-02-02 14:28:41,541 [DEBUG] API GET http://sb1.cpolab.ibm.com:8080/api/public/v1.0/backup/third_party/group/67eed68e0ba1970a07e16b77/restore/698104274ad5445e026ff044
2026-02-02 14:28:41,715 [DEBUG] STATUS 200
2026-02-02 14:28:41,715 [DEBUG] {
  "clusterMapping": [
    {
      "rsId": "sgcShard_0",
      "targetRsId": "sgcShard_0"
    },
    {
      "rsId": "sgcShard_1",
      "targetRsId": "sgcShard_1"
    },
    {
      "rsId": "configRS",
      "targetRsId": "configRS"
    }
  ],
  "nodes": [
    {
      "error": null,
      "hostname": "mdb1",
      "id": "mdb1:37017",
      "port": 37017,
      "rsId": "sgcShard_0",
      "state": "RECOVERY_IN_PROGRESS",
      "stateUpdateTime": 1770063297
    },
    {
      "error": null,
      "hostname": "mdb8",
      "id": "mdb8:37017",
      "port": 37017,
      "rsId": "sgcShard_0",
      "state": "RECOVERY_IN_PROGRESS",
      "stateUpdateTime": 1770063335
    },
    {
      "error": null,
      "hostname": "mdb3",
      "id": "mdb3:37017",
      "port": 37017,
      "rsId": "sgcShard_0",
      "state": "RECOVERY_IN_PROGRESS",
      "stateUpdateTime": 1770063363
    },
    {
      "error": null,
      "hostname": "mdb9",
      "id": "mdb9:37017",
      "port": 37017,
      "rsId": "sgcShard_1",
      "state": "RECOVERY_IN_PROGRESS",
      "stateUpdateTime": 1770063444
    },
    {
      "error": null,
      "hostname": "mdb2",
      "id": "mdb2:37017",
      "port": 37017,
      "rsId": "sgcShard_1",
      "state": "RECOVERY_IN_PROGRESS",
      "stateUpdateTime": 1770063540
    },
    {
      "error": null,
      "hostname": "mdb4",
      "id": "mdb4:37017",
      "port": 37017,
      "rsId": "sgcShard_1",
      "state": "RECOVERY_IN_PROGRESS",
      "stateUpdateTime": 1770063575
    },
    {
      "error": null,
      "hostname": "mdb-config2",
      "id": "mdb-config2:37017",
      "port": 37017,
      "rsId": "configRS",
      "state": "RECOVERY_IN_PROGRESS",
      "stateUpdateTime": 1770063641
    },
    {
      "error": null,
      "hostname": "mdb-config1",
      "id": "mdb-config1:37017",
      "port": 37017,
      "rsId": "configRS",
      "state": "RECOVERY_IN_PROGRESS",
      "stateUpdateTime": 1770063687
    },
    {
      "error": null,
      "hostname": "mdb7",
      "id": "mdb7:37017",
      "port": 37017,
      "rsId": "configRS",
      "state": "RECOVERY_IN_PROGRESS",
      "stateUpdateTime": 1770063734
    }
  ],
  "state": "RECOVERY_IN_PROGRESS"
}
2026-02-02 14:28:41,715 [INFO] Restore state: RECOVERY_IN_PROGRESS
2026-02-02 14:28:51,715 [DEBUG] API GET http://sb1.cpolab.ibm.com:8080/api/public/v1.0/backup/third_party/group/67eed68e0ba1970a07e16b77/restore/698104274ad5445e026ff044
2026-02-02 14:28:51,887 [DEBUG] STATUS 200
2026-02-02 14:28:51,887 [DEBUG] {
  "clusterMapping": [
    {
      "rsId": "sgcShard_0",
      "targetRsId": "sgcShard_0"
    },
    {
      "rsId": "sgcShard_1",
      "targetRsId": "sgcShard_1"
    },
    {
      "rsId": "configRS",
      "targetRsId": "configRS"
    }
  ],
  "nodes": [
    {
      "error": null,
      "hostname": "mdb1",
      "id": "mdb1:37017",
      "port": 37017,
      "rsId": "sgcShard_0",
      "state": "RECOVERY_IN_PROGRESS",
      "stateUpdateTime": 1770063297
    },
    {
      "error": null,
      "hostname": "mdb8",
      "id": "mdb8:37017",
      "port": 37017,
      "rsId": "sgcShard_0",
      "state": "RECOVERY_IN_PROGRESS",
      "stateUpdateTime": 1770063335
    },
    {
      "error": null,
      "hostname": "mdb3",
      "id": "mdb3:37017",
      "port": 37017,
      "rsId": "sgcShard_0",
      "state": "RECOVERY_IN_PROGRESS",
      "stateUpdateTime": 1770063363
    },
    {
      "error": null,
      "hostname": "mdb9",
      "id": "mdb9:37017",
      "port": 37017,
      "rsId": "sgcShard_1",
      "state": "RECOVERY_IN_PROGRESS",
      "stateUpdateTime": 1770063444
    },
    {
      "error": null,
      "hostname": "mdb2",
      "id": "mdb2:37017",
      "port": 37017,
      "rsId": "sgcShard_1",
      "state": "RECOVERY_IN_PROGRESS",
      "stateUpdateTime": 1770063540
    },
    {
      "error": null,
      "hostname": "mdb4",
      "id": "mdb4:37017",
      "port": 37017,
      "rsId": "sgcShard_1",
      "state": "RECOVERY_IN_PROGRESS",
      "stateUpdateTime": 1770063575
    },
    {
      "error": null,
      "hostname": "mdb-config2",
      "id": "mdb-config2:37017",
      "port": 37017,
      "rsId": "configRS",
      "state": "RECOVERY_IN_PROGRESS",
      "stateUpdateTime": 1770063641
    },
    {
      "error": null,
      "hostname": "mdb-config1",
      "id": "mdb-config1:37017",
      "port": 37017,
      "rsId": "configRS",
      "state": "RECOVERY_IN_PROGRESS",
      "stateUpdateTime": 1770063687
    },
    {
      "error": null,
      "hostname": "mdb7",
      "id": "mdb7:37017",
      "port": 37017,
      "rsId": "configRS",
      "state": "RECOVERY_IN_PROGRESS",
      "stateUpdateTime": 1770063734
    }
  ],
  "state": "RECOVERY_IN_PROGRESS"
}
2026-02-02 14:28:51,887 [INFO] Restore state: RECOVERY_IN_PROGRESS
2026-02-02 14:29:01,888 [DEBUG] API GET http://sb1.cpolab.ibm.com:8080/api/public/v1.0/backup/third_party/group/67eed68e0ba1970a07e16b77/restore/698104274ad5445e026ff044
2026-02-02 14:29:02,058 [DEBUG] STATUS 200
2026-02-02 14:29:02,058 [DEBUG] {
  "clusterMapping": [
    {
      "rsId": "sgcShard_0",
      "targetRsId": "sgcShard_0"
    },
    {
      "rsId": "sgcShard_1",
      "targetRsId": "sgcShard_1"
    },
    {
      "rsId": "configRS",
      "targetRsId": "configRS"
    }
  ],
  "nodes": [
    {
      "error": null,
      "hostname": "mdb1",
      "id": "mdb1:37017",
      "port": 37017,
      "rsId": "sgcShard_0",
      "state": "RECOVERY_IN_PROGRESS",
      "stateUpdateTime": 1770063297
    },
    {
      "error": null,
      "hostname": "mdb8",
      "id": "mdb8:37017",
      "port": 37017,
      "rsId": "sgcShard_0",
      "state": "RECOVERY_IN_PROGRESS",
      "stateUpdateTime": 1770063335
    },
    {
      "error": null,
      "hostname": "mdb3",
      "id": "mdb3:37017",
      "port": 37017,
      "rsId": "sgcShard_0",
      "state": "RECOVERY_IN_PROGRESS",
      "stateUpdateTime": 1770063363
    },
    {
      "error": null,
      "hostname": "mdb9",
      "id": "mdb9:37017",
      "port": 37017,
      "rsId": "sgcShard_1",
      "state": "RECOVERY_IN_PROGRESS",
      "stateUpdateTime": 1770063444
    },
    {
      "error": null,
      "hostname": "mdb2",
      "id": "mdb2:37017",
      "port": 37017,
      "rsId": "sgcShard_1",
      "state": "RECOVERY_IN_PROGRESS",
      "stateUpdateTime": 1770063540
    },
    {
      "error": null,
      "hostname": "mdb4",
      "id": "mdb4:37017",
      "port": 37017,
      "rsId": "sgcShard_1",
      "state": "RECOVERY_IN_PROGRESS",
      "stateUpdateTime": 1770063575
    },
    {
      "error": null,
      "hostname": "mdb-config2",
      "id": "mdb-config2:37017",
      "port": 37017,
      "rsId": "configRS",
      "state": "RECOVERY_IN_PROGRESS",
      "stateUpdateTime": 1770063641
    },
    {
      "error": null,
      "hostname": "mdb-config1",
      "id": "mdb-config1:37017",
      "port": 37017,
      "rsId": "configRS",
      "state": "RECOVERY_IN_PROGRESS",
      "stateUpdateTime": 1770063687
    },
    {
      "error": null,
      "hostname": "mdb7",
      "id": "mdb7:37017",
      "port": 37017,
      "rsId": "configRS",
      "state": "RECOVERY_IN_PROGRESS",
      "stateUpdateTime": 1770063734
    }
  ],
  "state": "RECOVERY_IN_PROGRESS"
}
2026-02-02 14:29:02,058 [INFO] Restore state: RECOVERY_IN_PROGRESS
2026-02-02 14:29:12,058 [DEBUG] API GET http://sb1.cpolab.ibm.com:8080/api/public/v1.0/backup/third_party/group/67eed68e0ba1970a07e16b77/restore/698104274ad5445e026ff044
2026-02-02 14:29:12,237 [DEBUG] STATUS 200
2026-02-02 14:29:12,237 [DEBUG] {
  "clusterMapping": [
    {
      "rsId": "sgcShard_0",
      "targetRsId": "sgcShard_0"
    },
    {
      "rsId": "sgcShard_1",
      "targetRsId": "sgcShard_1"
    },
    {
      "rsId": "configRS",
      "targetRsId": "configRS"
    }
  ],
  "nodes": [
    {
      "error": null,
      "hostname": "mdb1",
      "id": "mdb1:37017",
      "port": 37017,
      "rsId": "sgcShard_0",
      "state": "RECOVERY_IN_PROGRESS",
      "stateUpdateTime": 1770063297
    },
    {
      "error": null,
      "hostname": "mdb8",
      "id": "mdb8:37017",
      "port": 37017,
      "rsId": "sgcShard_0",
      "state": "RECOVERY_IN_PROGRESS",
      "stateUpdateTime": 1770063335
    },
    {
      "error": null,
      "hostname": "mdb3",
      "id": "mdb3:37017",
      "port": 37017,
      "rsId": "sgcShard_0",
      "state": "RECOVERY_IN_PROGRESS",
      "stateUpdateTime": 1770063363
    },
    {
      "error": null,
      "hostname": "mdb9",
      "id": "mdb9:37017",
      "port": 37017,
      "rsId": "sgcShard_1",
      "state": "RECOVERY_IN_PROGRESS",
      "stateUpdateTime": 1770063444
    },
    {
      "error": null,
      "hostname": "mdb2",
      "id": "mdb2:37017",
      "port": 37017,
      "rsId": "sgcShard_1",
      "state": "RECOVERY_IN_PROGRESS",
      "stateUpdateTime": 1770063540
    },
    {
      "error": null,
      "hostname": "mdb4",
      "id": "mdb4:37017",
      "port": 37017,
      "rsId": "sgcShard_1",
      "state": "RECOVERY_IN_PROGRESS",
      "stateUpdateTime": 1770063575
    },
    {
      "error": null,
      "hostname": "mdb-config2",
      "id": "mdb-config2:37017",
      "port": 37017,
      "rsId": "configRS",
      "state": "RECOVERY_IN_PROGRESS",
      "stateUpdateTime": 1770063641
    },
    {
      "error": null,
      "hostname": "mdb-config1",
      "id": "mdb-config1:37017",
      "port": 37017,
      "rsId": "configRS",
      "state": "RECOVERY_IN_PROGRESS",
      "stateUpdateTime": 1770063687
    },
    {
      "error": null,
      "hostname": "mdb7",
      "id": "mdb7:37017",
      "port": 37017,
      "rsId": "configRS",
      "state": "RECOVERY_IN_PROGRESS",
      "stateUpdateTime": 1770063734
    }
  ],
  "state": "RECOVERY_IN_PROGRESS"
}
2026-02-02 14:29:12,237 [INFO] Restore state: RECOVERY_IN_PROGRESS
2026-02-02 14:29:22,238 [DEBUG] API GET http://sb1.cpolab.ibm.com:8080/api/public/v1.0/backup/third_party/group/67eed68e0ba1970a07e16b77/restore/698104274ad5445e026ff044
2026-02-02 14:29:22,460 [DEBUG] STATUS 200
2026-02-02 14:29:22,460 [DEBUG] {
  "clusterMapping": [
    {
      "rsId": "sgcShard_0",
      "targetRsId": "sgcShard_0"
    },
    {
      "rsId": "sgcShard_1",
      "targetRsId": "sgcShard_1"
    },
    {
      "rsId": "configRS",
      "targetRsId": "configRS"
    }
  ],
  "nodes": [
    {
      "error": null,
      "hostname": "mdb1",
      "id": "mdb1:37017",
      "port": 37017,
      "rsId": "sgcShard_0",
      "state": "RECOVERY_IN_PROGRESS",
      "stateUpdateTime": 1770063297
    },
    {
      "error": null,
      "hostname": "mdb8",
      "id": "mdb8:37017",
      "port": 37017,
      "rsId": "sgcShard_0",
      "state": "RECOVERY_IN_PROGRESS",
      "stateUpdateTime": 1770063335
    },
    {
      "error": null,
      "hostname": "mdb3",
      "id": "mdb3:37017",
      "port": 37017,
      "rsId": "sgcShard_0",
      "state": "RECOVERY_IN_PROGRESS",
      "stateUpdateTime": 1770063363
    },
    {
      "error": null,
      "hostname": "mdb9",
      "id": "mdb9:37017",
      "port": 37017,
      "rsId": "sgcShard_1",
      "state": "RECOVERY_IN_PROGRESS",
      "stateUpdateTime": 1770063444
    },
    {
      "error": null,
      "hostname": "mdb2",
      "id": "mdb2:37017",
      "port": 37017,
      "rsId": "sgcShard_1",
      "state": "RECOVERY_IN_PROGRESS",
      "stateUpdateTime": 1770063540
    },
    {
      "error": null,
      "hostname": "mdb4",
      "id": "mdb4:37017",
      "port": 37017,
      "rsId": "sgcShard_1",
      "state": "RECOVERY_IN_PROGRESS",
      "stateUpdateTime": 1770063575
    },
    {
      "error": null,
      "hostname": "mdb-config2",
      "id": "mdb-config2:37017",
      "port": 37017,
      "rsId": "configRS",
      "state": "RECOVERY_IN_PROGRESS",
      "stateUpdateTime": 1770063641
    },
    {
      "error": null,
      "hostname": "mdb-config1",
      "id": "mdb-config1:37017",
      "port": 37017,
      "rsId": "configRS",
      "state": "RECOVERY_IN_PROGRESS",
      "stateUpdateTime": 1770063687
    },
    {
      "error": null,
      "hostname": "mdb7",
      "id": "mdb7:37017",
      "port": 37017,
      "rsId": "configRS",
      "state": "RECOVERY_IN_PROGRESS",
      "stateUpdateTime": 1770063734
    }
  ],
  "state": "RECOVERY_IN_PROGRESS"
}
2026-02-02 14:29:22,460 [INFO] Restore state: RECOVERY_IN_PROGRESS
2026-02-02 14:29:32,461 [DEBUG] API GET http://sb1.cpolab.ibm.com:8080/api/public/v1.0/backup/third_party/group/67eed68e0ba1970a07e16b77/restore/698104274ad5445e026ff044
2026-02-02 14:29:32,634 [DEBUG] STATUS 200
2026-02-02 14:29:32,634 [DEBUG] {
  "clusterMapping": [
    {
      "rsId": "sgcShard_0",
      "targetRsId": "sgcShard_0"
    },
    {
      "rsId": "sgcShard_1",
      "targetRsId": "sgcShard_1"
    },
    {
      "rsId": "configRS",
      "targetRsId": "configRS"
    }
  ],
  "nodes": [
    {
      "error": null,
      "hostname": "mdb1",
      "id": "mdb1:37017",
      "port": 37017,
      "rsId": "sgcShard_0",
      "state": "RECOVERY_IN_PROGRESS",
      "stateUpdateTime": 1770063297
    },
    {
      "error": null,
      "hostname": "mdb8",
      "id": "mdb8:37017",
      "port": 37017,
      "rsId": "sgcShard_0",
      "state": "RECOVERY_IN_PROGRESS",
      "stateUpdateTime": 1770063335
    },
    {
      "error": null,
      "hostname": "mdb3",
      "id": "mdb3:37017",
      "port": 37017,
      "rsId": "sgcShard_0",
      "state": "RECOVERY_IN_PROGRESS",
      "stateUpdateTime": 1770063363
    },
    {
      "error": null,
      "hostname": "mdb9",
      "id": "mdb9:37017",
      "port": 37017,
      "rsId": "sgcShard_1",
      "state": "RECOVERY_IN_PROGRESS",
      "stateUpdateTime": 1770063444
    },
    {
      "error": null,
      "hostname": "mdb2",
      "id": "mdb2:37017",
      "port": 37017,
      "rsId": "sgcShard_1",
      "state": "RECOVERY_IN_PROGRESS",
      "stateUpdateTime": 1770063540
    },
    {
      "error": null,
      "hostname": "mdb4",
      "id": "mdb4:37017",
      "port": 37017,
      "rsId": "sgcShard_1",
      "state": "RECOVERY_IN_PROGRESS",
      "stateUpdateTime": 1770063575
    },
    {
      "error": null,
      "hostname": "mdb-config2",
      "id": "mdb-config2:37017",
      "port": 37017,
      "rsId": "configRS",
      "state": "RECOVERY_IN_PROGRESS",
      "stateUpdateTime": 1770063641
    },
    {
      "error": null,
      "hostname": "mdb-config1",
      "id": "mdb-config1:37017",
      "port": 37017,
      "rsId": "configRS",
      "state": "RECOVERY_IN_PROGRESS",
      "stateUpdateTime": 1770063687
    },
    {
      "error": null,
      "hostname": "mdb7",
      "id": "mdb7:37017",
      "port": 37017,
      "rsId": "configRS",
      "state": "RECOVERY_IN_PROGRESS",
      "stateUpdateTime": 1770063734
    }
  ],
  "state": "RECOVERY_IN_PROGRESS"
}
2026-02-02 14:29:32,634 [INFO] Restore state: RECOVERY_IN_PROGRESS
2026-02-02 14:29:42,635 [DEBUG] API GET http://sb1.cpolab.ibm.com:8080/api/public/v1.0/backup/third_party/group/67eed68e0ba1970a07e16b77/restore/698104274ad5445e026ff044
2026-02-02 14:29:42,807 [DEBUG] STATUS 200
2026-02-02 14:29:42,807 [DEBUG] {
  "clusterMapping": [
    {
      "rsId": "sgcShard_0",
      "targetRsId": "sgcShard_0"
    },
    {
      "rsId": "sgcShard_1",
      "targetRsId": "sgcShard_1"
    },
    {
      "rsId": "configRS",
      "targetRsId": "configRS"
    }
  ],
  "nodes": [
    {
      "error": null,
      "hostname": "mdb1",
      "id": "mdb1:37017",
      "port": 37017,
      "rsId": "sgcShard_0",
      "state": "RECOVERY_IN_PROGRESS",
      "stateUpdateTime": 1770063297
    },
    {
      "error": null,
      "hostname": "mdb8",
      "id": "mdb8:37017",
      "port": 37017,
      "rsId": "sgcShard_0",
      "state": "RECOVERY_IN_PROGRESS",
      "stateUpdateTime": 1770063335
    },
    {
      "error": null,
      "hostname": "mdb3",
      "id": "mdb3:37017",
      "port": 37017,
      "rsId": "sgcShard_0",
      "state": "RECOVERY_IN_PROGRESS",
      "stateUpdateTime": 1770063363
    },
    {
      "error": null,
      "hostname": "mdb9",
      "id": "mdb9:37017",
      "port": 37017,
      "rsId": "sgcShard_1",
      "state": "RECOVERY_IN_PROGRESS",
      "stateUpdateTime": 1770063444
    },
    {
      "error": null,
      "hostname": "mdb2",
      "id": "mdb2:37017",
      "port": 37017,
      "rsId": "sgcShard_1",
      "state": "RECOVERY_IN_PROGRESS",
      "stateUpdateTime": 1770063540
    },
    {
      "error": null,
      "hostname": "mdb4",
      "id": "mdb4:37017",
      "port": 37017,
      "rsId": "sgcShard_1",
      "state": "RECOVERY_IN_PROGRESS",
      "stateUpdateTime": 1770063575
    },
    {
      "error": null,
      "hostname": "mdb-config2",
      "id": "mdb-config2:37017",
      "port": 37017,
      "rsId": "configRS",
      "state": "RECOVERY_IN_PROGRESS",
      "stateUpdateTime": 1770063641
    },
    {
      "error": null,
      "hostname": "mdb-config1",
      "id": "mdb-config1:37017",
      "port": 37017,
      "rsId": "configRS",
      "state": "RECOVERY_IN_PROGRESS",
      "stateUpdateTime": 1770063687
    },
    {
      "error": null,
      "hostname": "mdb7",
      "id": "mdb7:37017",
      "port": 37017,
      "rsId": "configRS",
      "state": "RECOVERY_IN_PROGRESS",
      "stateUpdateTime": 1770063734
    }
  ],
  "state": "RECOVERY_IN_PROGRESS"
}
2026-02-02 14:29:42,807 [INFO] Restore state: RECOVERY_IN_PROGRESS
2026-02-02 14:29:52,807 [DEBUG] API GET http://sb1.cpolab.ibm.com:8080/api/public/v1.0/backup/third_party/group/67eed68e0ba1970a07e16b77/restore/698104274ad5445e026ff044
2026-02-02 14:29:52,984 [DEBUG] STATUS 200
2026-02-02 14:29:52,984 [DEBUG] {
  "clusterMapping": [
    {
      "rsId": "sgcShard_0",
      "targetRsId": "sgcShard_0"
    },
    {
      "rsId": "sgcShard_1",
      "targetRsId": "sgcShard_1"
    },
    {
      "rsId": "configRS",
      "targetRsId": "configRS"
    }
  ],
  "nodes": [
    {
      "error": null,
      "hostname": "mdb1",
      "id": "mdb1:37017",
      "port": 37017,
      "rsId": "sgcShard_0",
      "state": "RECOVERY_IN_PROGRESS",
      "stateUpdateTime": 1770063297
    },
    {
      "error": null,
      "hostname": "mdb8",
      "id": "mdb8:37017",
      "port": 37017,
      "rsId": "sgcShard_0",
      "state": "RECOVERY_IN_PROGRESS",
      "stateUpdateTime": 1770063335
    },
    {
      "error": null,
      "hostname": "mdb3",
      "id": "mdb3:37017",
      "port": 37017,
      "rsId": "sgcShard_0",
      "state": "RECOVERY_IN_PROGRESS",
      "stateUpdateTime": 1770063363
    },
    {
      "error": null,
      "hostname": "mdb9",
      "id": "mdb9:37017",
      "port": 37017,
      "rsId": "sgcShard_1",
      "state": "RECOVERY_IN_PROGRESS",
      "stateUpdateTime": 1770063444
    },
    {
      "error": null,
      "hostname": "mdb2",
      "id": "mdb2:37017",
      "port": 37017,
      "rsId": "sgcShard_1",
      "state": "RECOVERY_IN_PROGRESS",
      "stateUpdateTime": 1770063540
    },
    {
      "error": null,
      "hostname": "mdb4",
      "id": "mdb4:37017",
      "port": 37017,
      "rsId": "sgcShard_1",
      "state": "RECOVERY_IN_PROGRESS",
      "stateUpdateTime": 1770063575
    },
    {
      "error": null,
      "hostname": "mdb-config2",
      "id": "mdb-config2:37017",
      "port": 37017,
      "rsId": "configRS",
      "state": "RECOVERY_IN_PROGRESS",
      "stateUpdateTime": 1770063641
    },
    {
      "error": null,
      "hostname": "mdb-config1",
      "id": "mdb-config1:37017",
      "port": 37017,
      "rsId": "configRS",
      "state": "RECOVERY_IN_PROGRESS",
      "stateUpdateTime": 1770063687
    },
    {
      "error": null,
      "hostname": "mdb7",
      "id": "mdb7:37017",
      "port": 37017,
      "rsId": "configRS",
      "state": "RECOVERY_IN_PROGRESS",
      "stateUpdateTime": 1770063734
    }
  ],
  "state": "RECOVERY_IN_PROGRESS"
}
2026-02-02 14:29:52,984 [INFO] Restore state: RECOVERY_IN_PROGRESS
2026-02-02 14:30:02,985 [DEBUG] API GET http://sb1.cpolab.ibm.com:8080/api/public/v1.0/backup/third_party/group/67eed68e0ba1970a07e16b77/restore/698104274ad5445e026ff044
2026-02-02 14:30:03,169 [DEBUG] STATUS 200
2026-02-02 14:30:03,169 [DEBUG] {
  "clusterMapping": [
    {
      "rsId": "sgcShard_0",
      "targetRsId": "sgcShard_0"
    },
    {
      "rsId": "sgcShard_1",
      "targetRsId": "sgcShard_1"
    },
    {
      "rsId": "configRS",
      "targetRsId": "configRS"
    }
  ],
  "nodes": [
    {
      "error": null,
      "hostname": "mdb1",
      "id": "mdb1:37017",
      "port": 37017,
      "rsId": "sgcShard_0",
      "state": "RECOVERY_IN_PROGRESS",
      "stateUpdateTime": 1770063297
    },
    {
      "error": null,
      "hostname": "mdb8",
      "id": "mdb8:37017",
      "port": 37017,
      "rsId": "sgcShard_0",
      "state": "RECOVERY_IN_PROGRESS",
      "stateUpdateTime": 1770063335
    },
    {
      "error": null,
      "hostname": "mdb3",
      "id": "mdb3:37017",
      "port": 37017,
      "rsId": "sgcShard_0",
      "state": "RECOVERY_IN_PROGRESS",
      "stateUpdateTime": 1770063363
    },
    {
      "error": null,
      "hostname": "mdb9",
      "id": "mdb9:37017",
      "port": 37017,
      "rsId": "sgcShard_1",
      "state": "RECOVERY_IN_PROGRESS",
      "stateUpdateTime": 1770063444
    },
    {
      "error": null,
      "hostname": "mdb2",
      "id": "mdb2:37017",
      "port": 37017,
      "rsId": "sgcShard_1",
      "state": "RECOVERY_IN_PROGRESS",
      "stateUpdateTime": 1770063540
    },
    {
      "error": null,
      "hostname": "mdb4",
      "id": "mdb4:37017",
      "port": 37017,
      "rsId": "sgcShard_1",
      "state": "RECOVERY_IN_PROGRESS",
      "stateUpdateTime": 1770063575
    },
    {
      "error": null,
      "hostname": "mdb-config2",
      "id": "mdb-config2:37017",
      "port": 37017,
      "rsId": "configRS",
      "state": "RECOVERY_IN_PROGRESS",
      "stateUpdateTime": 1770063641
    },
    {
      "error": null,
      "hostname": "mdb-config1",
      "id": "mdb-config1:37017",
      "port": 37017,
      "rsId": "configRS",
      "state": "RECOVERY_IN_PROGRESS",
      "stateUpdateTime": 1770063687
    },
    {
      "error": null,
      "hostname": "mdb7",
      "id": "mdb7:37017",
      "port": 37017,
      "rsId": "configRS",
      "state": "RECOVERY_IN_PROGRESS",
      "stateUpdateTime": 1770063734
    }
  ],
  "state": "RECOVERY_IN_PROGRESS"
}
2026-02-02 14:30:03,170 [INFO] Restore state: RECOVERY_IN_PROGRESS
2026-02-02 14:30:13,170 [DEBUG] API GET http://sb1.cpolab.ibm.com:8080/api/public/v1.0/backup/third_party/group/67eed68e0ba1970a07e16b77/restore/698104274ad5445e026ff044
2026-02-02 14:30:13,353 [DEBUG] STATUS 200
2026-02-02 14:30:13,354 [DEBUG] {
  "clusterMapping": [
    {
      "rsId": "sgcShard_0",
      "targetRsId": "sgcShard_0"
    },
    {
      "rsId": "sgcShard_1",
      "targetRsId": "sgcShard_1"
    },
    {
      "rsId": "configRS",
      "targetRsId": "configRS"
    }
  ],
  "nodes": [
    {
      "error": null,
      "hostname": "mdb1",
      "id": "mdb1:37017",
      "port": 37017,
      "rsId": "sgcShard_0",
      "state": "RECOVERY_IN_PROGRESS",
      "stateUpdateTime": 1770063297
    },
    {
      "error": null,
      "hostname": "mdb8",
      "id": "mdb8:37017",
      "port": 37017,
      "rsId": "sgcShard_0",
      "state": "RECOVERY_IN_PROGRESS",
      "stateUpdateTime": 1770063335
    },
    {
      "error": null,
      "hostname": "mdb3",
      "id": "mdb3:37017",
      "port": 37017,
      "rsId": "sgcShard_0",
      "state": "RECOVERY_IN_PROGRESS",
      "stateUpdateTime": 1770063363
    },
    {
      "error": null,
      "hostname": "mdb9",
      "id": "mdb9:37017",
      "port": 37017,
      "rsId": "sgcShard_1",
      "state": "RECOVERY_IN_PROGRESS",
      "stateUpdateTime": 1770063444
    },
    {
      "error": null,
      "hostname": "mdb2",
      "id": "mdb2:37017",
      "port": 37017,
      "rsId": "sgcShard_1",
      "state": "RECOVERY_IN_PROGRESS",
      "stateUpdateTime": 1770063540
    },
    {
      "error": null,
      "hostname": "mdb4",
      "id": "mdb4:37017",
      "port": 37017,
      "rsId": "sgcShard_1",
      "state": "RECOVERY_IN_PROGRESS",
      "stateUpdateTime": 1770063575
    },
    {
      "error": null,
      "hostname": "mdb-config2",
      "id": "mdb-config2:37017",
      "port": 37017,
      "rsId": "configRS",
      "state": "RECOVERY_IN_PROGRESS",
      "stateUpdateTime": 1770063641
    },
    {
      "error": null,
      "hostname": "mdb-config1",
      "id": "mdb-config1:37017",
      "port": 37017,
      "rsId": "configRS",
      "state": "RECOVERY_IN_PROGRESS",
      "stateUpdateTime": 1770063687
    },
    {
      "error": null,
      "hostname": "mdb7",
      "id": "mdb7:37017",
      "port": 37017,
      "rsId": "configRS",
      "state": "RECOVERY_IN_PROGRESS",
      "stateUpdateTime": 1770063734
    }
  ],
  "state": "RECOVERY_IN_PROGRESS"
}
2026-02-02 14:30:13,354 [INFO] Restore state: RECOVERY_IN_PROGRESS
2026-02-02 14:30:23,355 [DEBUG] API GET http://sb1.cpolab.ibm.com:8080/api/public/v1.0/backup/third_party/group/67eed68e0ba1970a07e16b77/restore/698104274ad5445e026ff044
2026-02-02 14:30:23,585 [DEBUG] STATUS 200
2026-02-02 14:30:23,585 [DEBUG] {
  "clusterMapping": [
    {
      "rsId": "sgcShard_0",
      "targetRsId": "sgcShard_0"
    },
    {
      "rsId": "sgcShard_1",
      "targetRsId": "sgcShard_1"
    },
    {
      "rsId": "configRS",
      "targetRsId": "configRS"
    }
  ],
  "nodes": [
    {
      "error": null,
      "hostname": "mdb1",
      "id": "mdb1:37017",
      "port": 37017,
      "rsId": "sgcShard_0",
      "state": "RECOVERY_IN_PROGRESS",
      "stateUpdateTime": 1770063297
    },
    {
      "error": null,
      "hostname": "mdb8",
      "id": "mdb8:37017",
      "port": 37017,
      "rsId": "sgcShard_0",
      "state": "RECOVERY_IN_PROGRESS",
      "stateUpdateTime": 1770063335
    },
    {
      "error": null,
      "hostname": "mdb3",
      "id": "mdb3:37017",
      "port": 37017,
      "rsId": "sgcShard_0",
      "state": "RECOVERY_IN_PROGRESS",
      "stateUpdateTime": 1770063363
    },
    {
      "error": null,
      "hostname": "mdb9",
      "id": "mdb9:37017",
      "port": 37017,
      "rsId": "sgcShard_1",
      "state": "RECOVERY_IN_PROGRESS",
      "stateUpdateTime": 1770063444
    },
    {
      "error": null,
      "hostname": "mdb2",
      "id": "mdb2:37017",
      "port": 37017,
      "rsId": "sgcShard_1",
      "state": "RECOVERY_IN_PROGRESS",
      "stateUpdateTime": 1770063540
    },
    {
      "error": null,
      "hostname": "mdb4",
      "id": "mdb4:37017",
      "port": 37017,
      "rsId": "sgcShard_1",
      "state": "RECOVERY_IN_PROGRESS",
      "stateUpdateTime": 1770063575
    },
    {
      "error": null,
      "hostname": "mdb-config2",
      "id": "mdb-config2:37017",
      "port": 37017,
      "rsId": "configRS",
      "state": "RECOVERY_IN_PROGRESS",
      "stateUpdateTime": 1770063641
    },
    {
      "error": null,
      "hostname": "mdb-config1",
      "id": "mdb-config1:37017",
      "port": 37017,
      "rsId": "configRS",
      "state": "RECOVERY_IN_PROGRESS",
      "stateUpdateTime": 1770063687
    },
    {
      "error": null,
      "hostname": "mdb7",
      "id": "mdb7:37017",
      "port": 37017,
      "rsId": "configRS",
      "state": "RECOVERY_IN_PROGRESS",
      "stateUpdateTime": 1770063734
    }
  ],
  "state": "RECOVERY_IN_PROGRESS"
}
2026-02-02 14:30:23,585 [INFO] Restore state: RECOVERY_IN_PROGRESS
2026-02-02 14:30:33,585 [DEBUG] API GET http://sb1.cpolab.ibm.com:8080/api/public/v1.0/backup/third_party/group/67eed68e0ba1970a07e16b77/restore/698104274ad5445e026ff044
2026-02-02 14:30:33,770 [DEBUG] STATUS 200
2026-02-02 14:30:33,770 [DEBUG] {
  "clusterMapping": [
    {
      "rsId": "sgcShard_0",
      "targetRsId": "sgcShard_0"
    },
    {
      "rsId": "sgcShard_1",
      "targetRsId": "sgcShard_1"
    },
    {
      "rsId": "configRS",
      "targetRsId": "configRS"
    }
  ],
  "nodes": [
    {
      "error": null,
      "hostname": "mdb1",
      "id": "mdb1:37017",
      "port": 37017,
      "rsId": "sgcShard_0",
      "state": "RECOVERY_IN_PROGRESS",
      "stateUpdateTime": 1770063297
    },
    {
      "error": null,
      "hostname": "mdb8",
      "id": "mdb8:37017",
      "port": 37017,
      "rsId": "sgcShard_0",
      "state": "RECOVERY_IN_PROGRESS",
      "stateUpdateTime": 1770063335
    },
    {
      "error": null,
      "hostname": "mdb3",
      "id": "mdb3:37017",
      "port": 37017,
      "rsId": "sgcShard_0",
      "state": "RECOVERY_IN_PROGRESS",
      "stateUpdateTime": 1770063363
    },
    {
      "error": null,
      "hostname": "mdb9",
      "id": "mdb9:37017",
      "port": 37017,
      "rsId": "sgcShard_1",
      "state": "RECOVERY_IN_PROGRESS",
      "stateUpdateTime": 1770063444
    },
    {
      "error": null,
      "hostname": "mdb2",
      "id": "mdb2:37017",
      "port": 37017,
      "rsId": "sgcShard_1",
      "state": "RECOVERY_IN_PROGRESS",
      "stateUpdateTime": 1770063540
    },
    {
      "error": null,
      "hostname": "mdb4",
      "id": "mdb4:37017",
      "port": 37017,
      "rsId": "sgcShard_1",
      "state": "RECOVERY_IN_PROGRESS",
      "stateUpdateTime": 1770063575
    },
    {
      "error": null,
      "hostname": "mdb-config2",
      "id": "mdb-config2:37017",
      "port": 37017,
      "rsId": "configRS",
      "state": "RECOVERY_IN_PROGRESS",
      "stateUpdateTime": 1770063641
    },
    {
      "error": null,
      "hostname": "mdb-config1",
      "id": "mdb-config1:37017",
      "port": 37017,
      "rsId": "configRS",
      "state": "RECOVERY_IN_PROGRESS",
      "stateUpdateTime": 1770063687
    },
    {
      "error": null,
      "hostname": "mdb7",
      "id": "mdb7:37017",
      "port": 37017,
      "rsId": "configRS",
      "state": "RECOVERY_IN_PROGRESS",
      "stateUpdateTime": 1770063734
    }
  ],
  "state": "RECOVERY_IN_PROGRESS"
}
2026-02-02 14:30:33,770 [INFO] Restore state: RECOVERY_IN_PROGRESS
2026-02-02 14:30:43,771 [DEBUG] API GET http://sb1.cpolab.ibm.com:8080/api/public/v1.0/backup/third_party/group/67eed68e0ba1970a07e16b77/restore/698104274ad5445e026ff044
2026-02-02 14:30:43,947 [DEBUG] STATUS 200
2026-02-02 14:30:43,947 [DEBUG] {
  "clusterMapping": [
    {
      "rsId": "sgcShard_0",
      "targetRsId": "sgcShard_0"
    },
    {
      "rsId": "sgcShard_1",
      "targetRsId": "sgcShard_1"
    },
    {
      "rsId": "configRS",
      "targetRsId": "configRS"
    }
  ],
  "nodes": [
    {
      "error": null,
      "hostname": "mdb1",
      "id": "mdb1:37017",
      "port": 37017,
      "rsId": "sgcShard_0",
      "state": "RECOVERY_IN_PROGRESS",
      "stateUpdateTime": 1770063297
    },
    {
      "error": null,
      "hostname": "mdb8",
      "id": "mdb8:37017",
      "port": 37017,
      "rsId": "sgcShard_0",
      "state": "RECOVERY_IN_PROGRESS",
      "stateUpdateTime": 1770063335
    },
    {
      "error": null,
      "hostname": "mdb3",
      "id": "mdb3:37017",
      "port": 37017,
      "rsId": "sgcShard_0",
      "state": "RECOVERY_IN_PROGRESS",
      "stateUpdateTime": 1770063363
    },
    {
      "error": null,
      "hostname": "mdb9",
      "id": "mdb9:37017",
      "port": 37017,
      "rsId": "sgcShard_1",
      "state": "RECOVERY_IN_PROGRESS",
      "stateUpdateTime": 1770063444
    },
    {
      "error": null,
      "hostname": "mdb2",
      "id": "mdb2:37017",
      "port": 37017,
      "rsId": "sgcShard_1",
      "state": "RECOVERY_IN_PROGRESS",
      "stateUpdateTime": 1770063540
    },
    {
      "error": null,
      "hostname": "mdb4",
      "id": "mdb4:37017",
      "port": 37017,
      "rsId": "sgcShard_1",
      "state": "RECOVERY_IN_PROGRESS",
      "stateUpdateTime": 1770063575
    },
    {
      "error": null,
      "hostname": "mdb-config2",
      "id": "mdb-config2:37017",
      "port": 37017,
      "rsId": "configRS",
      "state": "RECOVERY_IN_PROGRESS",
      "stateUpdateTime": 1770063641
    },
    {
      "error": null,
      "hostname": "mdb-config1",
      "id": "mdb-config1:37017",
      "port": 37017,
      "rsId": "configRS",
      "state": "RECOVERY_IN_PROGRESS",
      "stateUpdateTime": 1770063687
    },
    {
      "error": null,
      "hostname": "mdb7",
      "id": "mdb7:37017",
      "port": 37017,
      "rsId": "configRS",
      "state": "RECOVERY_IN_PROGRESS",
      "stateUpdateTime": 1770063734
    }
  ],
  "state": "RECOVERY_IN_PROGRESS"
}
2026-02-02 14:30:43,947 [INFO] Restore state: RECOVERY_IN_PROGRESS
2026-02-02 14:30:53,948 [DEBUG] API GET http://sb1.cpolab.ibm.com:8080/api/public/v1.0/backup/third_party/group/67eed68e0ba1970a07e16b77/restore/698104274ad5445e026ff044
2026-02-02 14:30:54,120 [DEBUG] STATUS 200
2026-02-02 14:30:54,120 [DEBUG] {
  "clusterMapping": [
    {
      "rsId": "sgcShard_0",
      "targetRsId": "sgcShard_0"
    },
    {
      "rsId": "sgcShard_1",
      "targetRsId": "sgcShard_1"
    },
    {
      "rsId": "configRS",
      "targetRsId": "configRS"
    }
  ],
  "nodes": [
    {
      "error": null,
      "hostname": "mdb1",
      "id": "mdb1:37017",
      "port": 37017,
      "rsId": "sgcShard_0",
      "state": "RECOVERY_IN_PROGRESS",
      "stateUpdateTime": 1770063297
    },
    {
      "error": null,
      "hostname": "mdb8",
      "id": "mdb8:37017",
      "port": 37017,
      "rsId": "sgcShard_0",
      "state": "RECOVERY_IN_PROGRESS",
      "stateUpdateTime": 1770063335
    },
    {
      "error": null,
      "hostname": "mdb3",
      "id": "mdb3:37017",
      "port": 37017,
      "rsId": "sgcShard_0",
      "state": "RECOVERY_IN_PROGRESS",
      "stateUpdateTime": 1770063363
    },
    {
      "error": null,
      "hostname": "mdb9",
      "id": "mdb9:37017",
      "port": 37017,
      "rsId": "sgcShard_1",
      "state": "RECOVERY_IN_PROGRESS",
      "stateUpdateTime": 1770063444
    },
    {
      "error": null,
      "hostname": "mdb2",
      "id": "mdb2:37017",
      "port": 37017,
      "rsId": "sgcShard_1",
      "state": "RECOVERY_IN_PROGRESS",
      "stateUpdateTime": 1770063540
    },
    {
      "error": null,
      "hostname": "mdb4",
      "id": "mdb4:37017",
      "port": 37017,
      "rsId": "sgcShard_1",
      "state": "RECOVERY_IN_PROGRESS",
      "stateUpdateTime": 1770063575
    },
    {
      "error": null,
      "hostname": "mdb-config2",
      "id": "mdb-config2:37017",
      "port": 37017,
      "rsId": "configRS",
      "state": "RECOVERY_IN_PROGRESS",
      "stateUpdateTime": 1770063641
    },
    {
      "error": null,
      "hostname": "mdb-config1",
      "id": "mdb-config1:37017",
      "port": 37017,
      "rsId": "configRS",
      "state": "RECOVERY_IN_PROGRESS",
      "stateUpdateTime": 1770063687
    },
    {
      "error": null,
      "hostname": "mdb7",
      "id": "mdb7:37017",
      "port": 37017,
      "rsId": "configRS",
      "state": "RECOVERY_IN_PROGRESS",
      "stateUpdateTime": 1770063734
    }
  ],
  "state": "RECOVERY_IN_PROGRESS"
}
2026-02-02 14:30:54,120 [INFO] Restore state: RECOVERY_IN_PROGRESS
2026-02-02 14:31:04,121 [DEBUG] API GET http://sb1.cpolab.ibm.com:8080/api/public/v1.0/backup/third_party/group/67eed68e0ba1970a07e16b77/restore/698104274ad5445e026ff044
2026-02-02 14:31:04,300 [DEBUG] STATUS 200
2026-02-02 14:31:04,300 [DEBUG] {
  "clusterMapping": [
    {
      "rsId": "sgcShard_0",
      "targetRsId": "sgcShard_0"
    },
    {
      "rsId": "sgcShard_1",
      "targetRsId": "sgcShard_1"
    },
    {
      "rsId": "configRS",
      "targetRsId": "configRS"
    }
  ],
  "nodes": [
    {
      "error": null,
      "hostname": "mdb1",
      "id": "mdb1:37017",
      "port": 37017,
      "rsId": "sgcShard_0",
      "state": "RECOVERY_IN_PROGRESS",
      "stateUpdateTime": 1770063297
    },
    {
      "error": null,
      "hostname": "mdb8",
      "id": "mdb8:37017",
      "port": 37017,
      "rsId": "sgcShard_0",
      "state": "RECOVERY_IN_PROGRESS",
      "stateUpdateTime": 1770063335
    },
    {
      "error": null,
      "hostname": "mdb3",
      "id": "mdb3:37017",
      "port": 37017,
      "rsId": "sgcShard_0",
      "state": "RECOVERY_IN_PROGRESS",
      "stateUpdateTime": 1770063363
    },
    {
      "error": null,
      "hostname": "mdb9",
      "id": "mdb9:37017",
      "port": 37017,
      "rsId": "sgcShard_1",
      "state": "RECOVERY_IN_PROGRESS",
      "stateUpdateTime": 1770063444
    },
    {
      "error": null,
      "hostname": "mdb2",
      "id": "mdb2:37017",
      "port": 37017,
      "rsId": "sgcShard_1",
      "state": "RECOVERY_IN_PROGRESS",
      "stateUpdateTime": 1770063540
    },
    {
      "error": null,
      "hostname": "mdb4",
      "id": "mdb4:37017",
      "port": 37017,
      "rsId": "sgcShard_1",
      "state": "RECOVERY_IN_PROGRESS",
      "stateUpdateTime": 1770063575
    },
    {
      "error": null,
      "hostname": "mdb-config2",
      "id": "mdb-config2:37017",
      "port": 37017,
      "rsId": "configRS",
      "state": "RECOVERY_IN_PROGRESS",
      "stateUpdateTime": 1770063641
    },
    {
      "error": null,
      "hostname": "mdb-config1",
      "id": "mdb-config1:37017",
      "port": 37017,
      "rsId": "configRS",
      "state": "RECOVERY_IN_PROGRESS",
      "stateUpdateTime": 1770063687
    },
    {
      "error": null,
      "hostname": "mdb7",
      "id": "mdb7:37017",
      "port": 37017,
      "rsId": "configRS",
      "state": "RECOVERY_IN_PROGRESS",
      "stateUpdateTime": 1770063734
    }
  ],
  "state": "RECOVERY_IN_PROGRESS"
}
2026-02-02 14:31:04,300 [INFO] Restore state: RECOVERY_IN_PROGRESS
2026-02-02 14:31:14,301 [DEBUG] API GET http://sb1.cpolab.ibm.com:8080/api/public/v1.0/backup/third_party/group/67eed68e0ba1970a07e16b77/restore/698104274ad5445e026ff044
2026-02-02 14:31:14,472 [DEBUG] STATUS 200
2026-02-02 14:31:14,472 [DEBUG] {
  "clusterMapping": [
    {
      "rsId": "sgcShard_0",
      "targetRsId": "sgcShard_0"
    },
    {
      "rsId": "sgcShard_1",
      "targetRsId": "sgcShard_1"
    },
    {
      "rsId": "configRS",
      "targetRsId": "configRS"
    }
  ],
  "nodes": [
    {
      "error": null,
      "hostname": "mdb1",
      "id": "mdb1:37017",
      "port": 37017,
      "rsId": "sgcShard_0",
      "state": "RECOVERY_IN_PROGRESS",
      "stateUpdateTime": 1770063297
    },
    {
      "error": null,
      "hostname": "mdb8",
      "id": "mdb8:37017",
      "port": 37017,
      "rsId": "sgcShard_0",
      "state": "RECOVERY_IN_PROGRESS",
      "stateUpdateTime": 1770063335
    },
    {
      "error": null,
      "hostname": "mdb3",
      "id": "mdb3:37017",
      "port": 37017,
      "rsId": "sgcShard_0",
      "state": "RECOVERY_IN_PROGRESS",
      "stateUpdateTime": 1770063363
    },
    {
      "error": null,
      "hostname": "mdb9",
      "id": "mdb9:37017",
      "port": 37017,
      "rsId": "sgcShard_1",
      "state": "RECOVERY_IN_PROGRESS",
      "stateUpdateTime": 1770063444
    },
    {
      "error": null,
      "hostname": "mdb2",
      "id": "mdb2:37017",
      "port": 37017,
      "rsId": "sgcShard_1",
      "state": "RECOVERY_IN_PROGRESS",
      "stateUpdateTime": 1770063540
    },
    {
      "error": null,
      "hostname": "mdb4",
      "id": "mdb4:37017",
      "port": 37017,
      "rsId": "sgcShard_1",
      "state": "RECOVERY_IN_PROGRESS",
      "stateUpdateTime": 1770063575
    },
    {
      "error": null,
      "hostname": "mdb-config2",
      "id": "mdb-config2:37017",
      "port": 37017,
      "rsId": "configRS",
      "state": "RECOVERY_IN_PROGRESS",
      "stateUpdateTime": 1770063641
    },
    {
      "error": null,
      "hostname": "mdb-config1",
      "id": "mdb-config1:37017",
      "port": 37017,
      "rsId": "configRS",
      "state": "RECOVERY_IN_PROGRESS",
      "stateUpdateTime": 1770063687
    },
    {
      "error": null,
      "hostname": "mdb7",
      "id": "mdb7:37017",
      "port": 37017,
      "rsId": "configRS",
      "state": "RECOVERY_IN_PROGRESS",
      "stateUpdateTime": 1770063734
    }
  ],
  "state": "RECOVERY_IN_PROGRESS"
}
2026-02-02 14:31:14,472 [INFO] Restore state: RECOVERY_IN_PROGRESS
2026-02-02 14:31:24,474 [DEBUG] API GET http://sb1.cpolab.ibm.com:8080/api/public/v1.0/backup/third_party/group/67eed68e0ba1970a07e16b77/restore/698104274ad5445e026ff044
2026-02-02 14:31:24,709 [DEBUG] STATUS 200
2026-02-02 14:31:24,709 [DEBUG] {
  "clusterMapping": [
    {
      "rsId": "sgcShard_0",
      "targetRsId": "sgcShard_0"
    },
    {
      "rsId": "sgcShard_1",
      "targetRsId": "sgcShard_1"
    },
    {
      "rsId": "configRS",
      "targetRsId": "configRS"
    }
  ],
  "nodes": [
    {
      "error": null,
      "hostname": "mdb1",
      "id": "mdb1:37017",
      "port": 37017,
      "rsId": "sgcShard_0",
      "state": "RECOVERY_IN_PROGRESS",
      "stateUpdateTime": 1770063297
    },
    {
      "error": null,
      "hostname": "mdb8",
      "id": "mdb8:37017",
      "port": 37017,
      "rsId": "sgcShard_0",
      "state": "RECOVERY_IN_PROGRESS",
      "stateUpdateTime": 1770063335
    },
    {
      "error": null,
      "hostname": "mdb3",
      "id": "mdb3:37017",
      "port": 37017,
      "rsId": "sgcShard_0",
      "state": "RECOVERY_IN_PROGRESS",
      "stateUpdateTime": 1770063363
    },
    {
      "error": null,
      "hostname": "mdb9",
      "id": "mdb9:37017",
      "port": 37017,
      "rsId": "sgcShard_1",
      "state": "RECOVERY_IN_PROGRESS",
      "stateUpdateTime": 1770063444
    },
    {
      "error": null,
      "hostname": "mdb2",
      "id": "mdb2:37017",
      "port": 37017,
      "rsId": "sgcShard_1",
      "state": "RECOVERY_IN_PROGRESS",
      "stateUpdateTime": 1770063540
    },
    {
      "error": null,
      "hostname": "mdb4",
      "id": "mdb4:37017",
      "port": 37017,
      "rsId": "sgcShard_1",
      "state": "RECOVERY_IN_PROGRESS",
      "stateUpdateTime": 1770063575
    },
    {
      "error": null,
      "hostname": "mdb-config2",
      "id": "mdb-config2:37017",
      "port": 37017,
      "rsId": "configRS",
      "state": "RECOVERY_IN_PROGRESS",
      "stateUpdateTime": 1770063641
    },
    {
      "error": null,
      "hostname": "mdb-config1",
      "id": "mdb-config1:37017",
      "port": 37017,
      "rsId": "configRS",
      "state": "RECOVERY_IN_PROGRESS",
      "stateUpdateTime": 1770063687
    },
    {
      "error": null,
      "hostname": "mdb7",
      "id": "mdb7:37017",
      "port": 37017,
      "rsId": "configRS",
      "state": "RECOVERY_IN_PROGRESS",
      "stateUpdateTime": 1770063734
    }
  ],
  "state": "RECOVERY_IN_PROGRESS"
}
2026-02-02 14:31:24,710 [INFO] Restore state: RECOVERY_IN_PROGRESS
2026-02-02 14:31:34,710 [DEBUG] API GET http://sb1.cpolab.ibm.com:8080/api/public/v1.0/backup/third_party/group/67eed68e0ba1970a07e16b77/restore/698104274ad5445e026ff044
2026-02-02 14:31:34,884 [DEBUG] STATUS 200
2026-02-02 14:31:34,884 [DEBUG] {
  "clusterMapping": [
    {
      "rsId": "sgcShard_0",
      "targetRsId": "sgcShard_0"
    },
    {
      "rsId": "sgcShard_1",
      "targetRsId": "sgcShard_1"
    },
    {
      "rsId": "configRS",
      "targetRsId": "configRS"
    }
  ],
  "nodes": [
    {
      "error": null,
      "hostname": "mdb1",
      "id": "mdb1:37017",
      "port": 37017,
      "rsId": "sgcShard_0",
      "state": "RECOVERY_IN_PROGRESS",
      "stateUpdateTime": 1770063297
    },
    {
      "error": null,
      "hostname": "mdb8",
      "id": "mdb8:37017",
      "port": 37017,
      "rsId": "sgcShard_0",
      "state": "RECOVERY_IN_PROGRESS",
      "stateUpdateTime": 1770063335
    },
    {
      "error": null,
      "hostname": "mdb3",
      "id": "mdb3:37017",
      "port": 37017,
      "rsId": "sgcShard_0",
      "state": "RECOVERY_IN_PROGRESS",
      "stateUpdateTime": 1770063363
    },
    {
      "error": null,
      "hostname": "mdb9",
      "id": "mdb9:37017",
      "port": 37017,
      "rsId": "sgcShard_1",
      "state": "RECOVERY_IN_PROGRESS",
      "stateUpdateTime": 1770063444
    },
    {
      "error": null,
      "hostname": "mdb2",
      "id": "mdb2:37017",
      "port": 37017,
      "rsId": "sgcShard_1",
      "state": "RECOVERY_IN_PROGRESS",
      "stateUpdateTime": 1770063540
    },
    {
      "error": null,
      "hostname": "mdb4",
      "id": "mdb4:37017",
      "port": 37017,
      "rsId": "sgcShard_1",
      "state": "RECOVERY_IN_PROGRESS",
      "stateUpdateTime": 1770063575
    },
    {
      "error": null,
      "hostname": "mdb-config2",
      "id": "mdb-config2:37017",
      "port": 37017,
      "rsId": "configRS",
      "state": "RECOVERY_IN_PROGRESS",
      "stateUpdateTime": 1770063641
    },
    {
      "error": null,
      "hostname": "mdb-config1",
      "id": "mdb-config1:37017",
      "port": 37017,
      "rsId": "configRS",
      "state": "RECOVERY_IN_PROGRESS",
      "stateUpdateTime": 1770063687
    },
    {
      "error": null,
      "hostname": "mdb7",
      "id": "mdb7:37017",
      "port": 37017,
      "rsId": "configRS",
      "state": "RECOVERY_IN_PROGRESS",
      "stateUpdateTime": 1770063734
    }
  ],
  "state": "RECOVERY_IN_PROGRESS"
}
2026-02-02 14:31:34,884 [INFO] Restore state: RECOVERY_IN_PROGRESS
2026-02-02 14:31:44,885 [DEBUG] API GET http://sb1.cpolab.ibm.com:8080/api/public/v1.0/backup/third_party/group/67eed68e0ba1970a07e16b77/restore/698104274ad5445e026ff044
2026-02-02 14:31:45,058 [DEBUG] STATUS 200
2026-02-02 14:31:45,058 [DEBUG] {
  "clusterMapping": [
    {
      "rsId": "sgcShard_0",
      "targetRsId": "sgcShard_0"
    },
    {
      "rsId": "sgcShard_1",
      "targetRsId": "sgcShard_1"
    },
    {
      "rsId": "configRS",
      "targetRsId": "configRS"
    }
  ],
  "nodes": [
    {
      "error": null,
      "hostname": "mdb1",
      "id": "mdb1:37017",
      "port": 37017,
      "rsId": "sgcShard_0",
      "state": "RECOVERY_IN_PROGRESS",
      "stateUpdateTime": 1770063297
    },
    {
      "error": null,
      "hostname": "mdb8",
      "id": "mdb8:37017",
      "port": 37017,
      "rsId": "sgcShard_0",
      "state": "RECOVERY_IN_PROGRESS",
      "stateUpdateTime": 1770063335
    },
    {
      "error": null,
      "hostname": "mdb3",
      "id": "mdb3:37017",
      "port": 37017,
      "rsId": "sgcShard_0",
      "state": "RECOVERY_IN_PROGRESS",
      "stateUpdateTime": 1770063363
    },
    {
      "error": null,
      "hostname": "mdb9",
      "id": "mdb9:37017",
      "port": 37017,
      "rsId": "sgcShard_1",
      "state": "RECOVERY_IN_PROGRESS",
      "stateUpdateTime": 1770063444
    },
    {
      "error": null,
      "hostname": "mdb2",
      "id": "mdb2:37017",
      "port": 37017,
      "rsId": "sgcShard_1",
      "state": "RECOVERY_IN_PROGRESS",
      "stateUpdateTime": 1770063540
    },
    {
      "error": null,
      "hostname": "mdb4",
      "id": "mdb4:37017",
      "port": 37017,
      "rsId": "sgcShard_1",
      "state": "RECOVERY_IN_PROGRESS",
      "stateUpdateTime": 1770063575
    },
    {
      "error": null,
      "hostname": "mdb-config2",
      "id": "mdb-config2:37017",
      "port": 37017,
      "rsId": "configRS",
      "state": "RECOVERY_IN_PROGRESS",
      "stateUpdateTime": 1770063641
    },
    {
      "error": null,
      "hostname": "mdb-config1",
      "id": "mdb-config1:37017",
      "port": 37017,
      "rsId": "configRS",
      "state": "RECOVERY_IN_PROGRESS",
      "stateUpdateTime": 1770063687
    },
    {
      "error": null,
      "hostname": "mdb7",
      "id": "mdb7:37017",
      "port": 37017,
      "rsId": "configRS",
      "state": "RECOVERY_IN_PROGRESS",
      "stateUpdateTime": 1770063734
    }
  ],
  "state": "RECOVERY_IN_PROGRESS"
}
2026-02-02 14:31:45,058 [INFO] Restore state: RECOVERY_IN_PROGRESS
2026-02-02 14:31:55,059 [DEBUG] API GET http://sb1.cpolab.ibm.com:8080/api/public/v1.0/backup/third_party/group/67eed68e0ba1970a07e16b77/restore/698104274ad5445e026ff044
2026-02-02 14:31:55,232 [DEBUG] STATUS 200
2026-02-02 14:31:55,232 [DEBUG] {
  "clusterMapping": [
    {
      "rsId": "sgcShard_0",
      "targetRsId": "sgcShard_0"
    },
    {
      "rsId": "sgcShard_1",
      "targetRsId": "sgcShard_1"
    },
    {
      "rsId": "configRS",
      "targetRsId": "configRS"
    }
  ],
  "nodes": [
    {
      "error": null,
      "hostname": "mdb1",
      "id": "mdb1:37017",
      "port": 37017,
      "rsId": "sgcShard_0",
      "state": "RECOVERY_IN_PROGRESS",
      "stateUpdateTime": 1770063297
    },
    {
      "error": null,
      "hostname": "mdb8",
      "id": "mdb8:37017",
      "port": 37017,
      "rsId": "sgcShard_0",
      "state": "RECOVERY_IN_PROGRESS",
      "stateUpdateTime": 1770063335
    },
    {
      "error": null,
      "hostname": "mdb3",
      "id": "mdb3:37017",
      "port": 37017,
      "rsId": "sgcShard_0",
      "state": "RECOVERY_IN_PROGRESS",
      "stateUpdateTime": 1770063363
    },
    {
      "error": null,
      "hostname": "mdb9",
      "id": "mdb9:37017",
      "port": 37017,
      "rsId": "sgcShard_1",
      "state": "RECOVERY_IN_PROGRESS",
      "stateUpdateTime": 1770063444
    },
    {
      "error": null,
      "hostname": "mdb2",
      "id": "mdb2:37017",
      "port": 37017,
      "rsId": "sgcShard_1",
      "state": "RECOVERY_IN_PROGRESS",
      "stateUpdateTime": 1770063540
    },
    {
      "error": null,
      "hostname": "mdb4",
      "id": "mdb4:37017",
      "port": 37017,
      "rsId": "sgcShard_1",
      "state": "RECOVERY_IN_PROGRESS",
      "stateUpdateTime": 1770063575
    },
    {
      "error": null,
      "hostname": "mdb-config2",
      "id": "mdb-config2:37017",
      "port": 37017,
      "rsId": "configRS",
      "state": "RECOVERY_IN_PROGRESS",
      "stateUpdateTime": 1770063641
    },
    {
      "error": null,
      "hostname": "mdb-config1",
      "id": "mdb-config1:37017",
      "port": 37017,
      "rsId": "configRS",
      "state": "RECOVERY_IN_PROGRESS",
      "stateUpdateTime": 1770063687
    },
    {
      "error": null,
      "hostname": "mdb7",
      "id": "mdb7:37017",
      "port": 37017,
      "rsId": "configRS",
      "state": "RECOVERY_IN_PROGRESS",
      "stateUpdateTime": 1770063734
    }
  ],
  "state": "RECOVERY_IN_PROGRESS"
}
2026-02-02 14:31:55,232 [INFO] Restore state: RECOVERY_IN_PROGRESS
2026-02-02 14:32:05,233 [DEBUG] API GET http://sb1.cpolab.ibm.com:8080/api/public/v1.0/backup/third_party/group/67eed68e0ba1970a07e16b77/restore/698104274ad5445e026ff044
2026-02-02 14:32:05,410 [DEBUG] STATUS 200
2026-02-02 14:32:05,410 [DEBUG] {
  "clusterMapping": [
    {
      "rsId": "sgcShard_0",
      "targetRsId": "sgcShard_0"
    },
    {
      "rsId": "sgcShard_1",
      "targetRsId": "sgcShard_1"
    },
    {
      "rsId": "configRS",
      "targetRsId": "configRS"
    }
  ],
  "nodes": [
    {
      "error": null,
      "hostname": "mdb1",
      "id": "mdb1:37017",
      "port": 37017,
      "rsId": "sgcShard_0",
      "state": "RECOVERY_IN_PROGRESS",
      "stateUpdateTime": 1770063297
    },
    {
      "error": null,
      "hostname": "mdb8",
      "id": "mdb8:37017",
      "port": 37017,
      "rsId": "sgcShard_0",
      "state": "RECOVERY_IN_PROGRESS",
      "stateUpdateTime": 1770063335
    },
    {
      "error": null,
      "hostname": "mdb3",
      "id": "mdb3:37017",
      "port": 37017,
      "rsId": "sgcShard_0",
      "state": "RECOVERY_IN_PROGRESS",
      "stateUpdateTime": 1770063363
    },
    {
      "error": null,
      "hostname": "mdb9",
      "id": "mdb9:37017",
      "port": 37017,
      "rsId": "sgcShard_1",
      "state": "RECOVERY_IN_PROGRESS",
      "stateUpdateTime": 1770063444
    },
    {
      "error": null,
      "hostname": "mdb2",
      "id": "mdb2:37017",
      "port": 37017,
      "rsId": "sgcShard_1",
      "state": "RECOVERY_IN_PROGRESS",
      "stateUpdateTime": 1770063540
    },
    {
      "error": null,
      "hostname": "mdb4",
      "id": "mdb4:37017",
      "port": 37017,
      "rsId": "sgcShard_1",
      "state": "RECOVERY_IN_PROGRESS",
      "stateUpdateTime": 1770063575
    },
    {
      "error": null,
      "hostname": "mdb-config2",
      "id": "mdb-config2:37017",
      "port": 37017,
      "rsId": "configRS",
      "state": "RECOVERY_IN_PROGRESS",
      "stateUpdateTime": 1770063641
    },
    {
      "error": null,
      "hostname": "mdb-config1",
      "id": "mdb-config1:37017",
      "port": 37017,
      "rsId": "configRS",
      "state": "RECOVERY_IN_PROGRESS",
      "stateUpdateTime": 1770063687
    },
    {
      "error": null,
      "hostname": "mdb7",
      "id": "mdb7:37017",
      "port": 37017,
      "rsId": "configRS",
      "state": "RECOVERY_IN_PROGRESS",
      "stateUpdateTime": 1770063734
    }
  ],
  "state": "RECOVERY_IN_PROGRESS"
}
2026-02-02 14:32:05,410 [INFO] Restore state: RECOVERY_IN_PROGRESS
2026-02-02 14:32:15,411 [DEBUG] API GET http://sb1.cpolab.ibm.com:8080/api/public/v1.0/backup/third_party/group/67eed68e0ba1970a07e16b77/restore/698104274ad5445e026ff044
2026-02-02 14:32:15,582 [DEBUG] STATUS 200
2026-02-02 14:32:15,582 [DEBUG] {
  "clusterMapping": [
    {
      "rsId": "sgcShard_0",
      "targetRsId": "sgcShard_0"
    },
    {
      "rsId": "sgcShard_1",
      "targetRsId": "sgcShard_1"
    },
    {
      "rsId": "configRS",
      "targetRsId": "configRS"
    }
  ],
  "nodes": [
    {
      "error": null,
      "hostname": "mdb1",
      "id": "mdb1:37017",
      "port": 37017,
      "rsId": "sgcShard_0",
      "state": "RECOVERY_IN_PROGRESS",
      "stateUpdateTime": 1770063297
    },
    {
      "error": null,
      "hostname": "mdb8",
      "id": "mdb8:37017",
      "port": 37017,
      "rsId": "sgcShard_0",
      "state": "RECOVERY_IN_PROGRESS",
      "stateUpdateTime": 1770063335
    },
    {
      "error": null,
      "hostname": "mdb3",
      "id": "mdb3:37017",
      "port": 37017,
      "rsId": "sgcShard_0",
      "state": "RECOVERY_IN_PROGRESS",
      "stateUpdateTime": 1770063363
    },
    {
      "error": null,
      "hostname": "mdb9",
      "id": "mdb9:37017",
      "port": 37017,
      "rsId": "sgcShard_1",
      "state": "RECOVERY_IN_PROGRESS",
      "stateUpdateTime": 1770063444
    },
    {
      "error": null,
      "hostname": "mdb2",
      "id": "mdb2:37017",
      "port": 37017,
      "rsId": "sgcShard_1",
      "state": "RECOVERY_IN_PROGRESS",
      "stateUpdateTime": 1770063540
    },
    {
      "error": null,
      "hostname": "mdb4",
      "id": "mdb4:37017",
      "port": 37017,
      "rsId": "sgcShard_1",
      "state": "RECOVERY_IN_PROGRESS",
      "stateUpdateTime": 1770063575
    },
    {
      "error": null,
      "hostname": "mdb-config2",
      "id": "mdb-config2:37017",
      "port": 37017,
      "rsId": "configRS",
      "state": "RECOVERY_IN_PROGRESS",
      "stateUpdateTime": 1770063641
    },
    {
      "error": null,
      "hostname": "mdb-config1",
      "id": "mdb-config1:37017",
      "port": 37017,
      "rsId": "configRS",
      "state": "RECOVERY_IN_PROGRESS",
      "stateUpdateTime": 1770063687
    },
    {
      "error": null,
      "hostname": "mdb7",
      "id": "mdb7:37017",
      "port": 37017,
      "rsId": "configRS",
      "state": "RECOVERY_IN_PROGRESS",
      "stateUpdateTime": 1770063734
    }
  ],
  "state": "RECOVERY_IN_PROGRESS"
}
2026-02-02 14:32:15,582 [INFO] Restore state: RECOVERY_IN_PROGRESS
2026-02-02 14:32:25,583 [DEBUG] API GET http://sb1.cpolab.ibm.com:8080/api/public/v1.0/backup/third_party/group/67eed68e0ba1970a07e16b77/restore/698104274ad5445e026ff044
2026-02-02 14:32:25,818 [DEBUG] STATUS 200
2026-02-02 14:32:25,819 [DEBUG] {
  "clusterMapping": [
    {
      "rsId": "sgcShard_0",
      "targetRsId": "sgcShard_0"
    },
    {
      "rsId": "sgcShard_1",
      "targetRsId": "sgcShard_1"
    },
    {
      "rsId": "configRS",
      "targetRsId": "configRS"
    }
  ],
  "nodes": [
    {
      "error": null,
      "hostname": "mdb1",
      "id": "mdb1:37017",
      "port": 37017,
      "rsId": "sgcShard_0",
      "state": "RECOVERY_IN_PROGRESS",
      "stateUpdateTime": 1770063297
    },
    {
      "error": null,
      "hostname": "mdb8",
      "id": "mdb8:37017",
      "port": 37017,
      "rsId": "sgcShard_0",
      "state": "RECOVERY_IN_PROGRESS",
      "stateUpdateTime": 1770063335
    },
    {
      "error": null,
      "hostname": "mdb3",
      "id": "mdb3:37017",
      "port": 37017,
      "rsId": "sgcShard_0",
      "state": "RECOVERY_IN_PROGRESS",
      "stateUpdateTime": 1770063363
    },
    {
      "error": null,
      "hostname": "mdb9",
      "id": "mdb9:37017",
      "port": 37017,
      "rsId": "sgcShard_1",
      "state": "RECOVERY_IN_PROGRESS",
      "stateUpdateTime": 1770063444
    },
    {
      "error": null,
      "hostname": "mdb2",
      "id": "mdb2:37017",
      "port": 37017,
      "rsId": "sgcShard_1",
      "state": "RECOVERY_IN_PROGRESS",
      "stateUpdateTime": 1770063540
    },
    {
      "error": null,
      "hostname": "mdb4",
      "id": "mdb4:37017",
      "port": 37017,
      "rsId": "sgcShard_1",
      "state": "RECOVERY_IN_PROGRESS",
      "stateUpdateTime": 1770063575
    },
    {
      "error": null,
      "hostname": "mdb-config2",
      "id": "mdb-config2:37017",
      "port": 37017,
      "rsId": "configRS",
      "state": "RECOVERY_IN_PROGRESS",
      "stateUpdateTime": 1770063641
    },
    {
      "error": null,
      "hostname": "mdb-config1",
      "id": "mdb-config1:37017",
      "port": 37017,
      "rsId": "configRS",
      "state": "RECOVERY_IN_PROGRESS",
      "stateUpdateTime": 1770063687
    },
    {
      "error": null,
      "hostname": "mdb7",
      "id": "mdb7:37017",
      "port": 37017,
      "rsId": "configRS",
      "state": "RECOVERY_IN_PROGRESS",
      "stateUpdateTime": 1770063734
    }
  ],
  "state": "RECOVERY_IN_PROGRESS"
}
2026-02-02 14:32:25,819 [INFO] Restore state: RECOVERY_IN_PROGRESS
2026-02-02 14:32:35,819 [DEBUG] API GET http://sb1.cpolab.ibm.com:8080/api/public/v1.0/backup/third_party/group/67eed68e0ba1970a07e16b77/restore/698104274ad5445e026ff044
2026-02-02 14:32:35,994 [DEBUG] STATUS 200
2026-02-02 14:32:35,994 [DEBUG] {
  "clusterMapping": [
    {
      "rsId": "sgcShard_0",
      "targetRsId": "sgcShard_0"
    },
    {
      "rsId": "sgcShard_1",
      "targetRsId": "sgcShard_1"
    },
    {
      "rsId": "configRS",
      "targetRsId": "configRS"
    }
  ],
  "nodes": [
    {
      "error": null,
      "hostname": "mdb1",
      "id": "mdb1:37017",
      "port": 37017,
      "rsId": "sgcShard_0",
      "state": "RECOVERY_IN_PROGRESS",
      "stateUpdateTime": 1770063297
    },
    {
      "error": null,
      "hostname": "mdb8",
      "id": "mdb8:37017",
      "port": 37017,
      "rsId": "sgcShard_0",
      "state": "RECOVERY_IN_PROGRESS",
      "stateUpdateTime": 1770063335
    },
    {
      "error": null,
      "hostname": "mdb3",
      "id": "mdb3:37017",
      "port": 37017,
      "rsId": "sgcShard_0",
      "state": "RECOVERY_IN_PROGRESS",
      "stateUpdateTime": 1770063363
    },
    {
      "error": null,
      "hostname": "mdb9",
      "id": "mdb9:37017",
      "port": 37017,
      "rsId": "sgcShard_1",
      "state": "RECOVERY_IN_PROGRESS",
      "stateUpdateTime": 1770063444
    },
    {
      "error": null,
      "hostname": "mdb2",
      "id": "mdb2:37017",
      "port": 37017,
      "rsId": "sgcShard_1",
      "state": "RECOVERY_IN_PROGRESS",
      "stateUpdateTime": 1770063540
    },
    {
      "error": null,
      "hostname": "mdb4",
      "id": "mdb4:37017",
      "port": 37017,
      "rsId": "sgcShard_1",
      "state": "RECOVERY_IN_PROGRESS",
      "stateUpdateTime": 1770063575
    },
    {
      "error": null,
      "hostname": "mdb-config2",
      "id": "mdb-config2:37017",
      "port": 37017,
      "rsId": "configRS",
      "state": "RECOVERY_IN_PROGRESS",
      "stateUpdateTime": 1770063641
    },
    {
      "error": null,
      "hostname": "mdb-config1",
      "id": "mdb-config1:37017",
      "port": 37017,
      "rsId": "configRS",
      "state": "RECOVERY_IN_PROGRESS",
      "stateUpdateTime": 1770063687
    },
    {
      "error": null,
      "hostname": "mdb7",
      "id": "mdb7:37017",
      "port": 37017,
      "rsId": "configRS",
      "state": "RECOVERY_IN_PROGRESS",
      "stateUpdateTime": 1770063734
    }
  ],
  "state": "RECOVERY_IN_PROGRESS"
}
2026-02-02 14:32:35,995 [INFO] Restore state: RECOVERY_IN_PROGRESS
2026-02-02 14:32:45,995 [DEBUG] API GET http://sb1.cpolab.ibm.com:8080/api/public/v1.0/backup/third_party/group/67eed68e0ba1970a07e16b77/restore/698104274ad5445e026ff044
2026-02-02 14:32:46,175 [DEBUG] STATUS 200
2026-02-02 14:32:46,175 [DEBUG] {
  "clusterMapping": [
    {
      "rsId": "sgcShard_0",
      "targetRsId": "sgcShard_0"
    },
    {
      "rsId": "sgcShard_1",
      "targetRsId": "sgcShard_1"
    },
    {
      "rsId": "configRS",
      "targetRsId": "configRS"
    }
  ],
  "nodes": [
    {
      "error": null,
      "hostname": "mdb1",
      "id": "mdb1:37017",
      "port": 37017,
      "rsId": "sgcShard_0",
      "state": "RECOVERY_IN_PROGRESS",
      "stateUpdateTime": 1770063297
    },
    {
      "error": null,
      "hostname": "mdb8",
      "id": "mdb8:37017",
      "port": 37017,
      "rsId": "sgcShard_0",
      "state": "RECOVERY_IN_PROGRESS",
      "stateUpdateTime": 1770063335
    },
    {
      "error": null,
      "hostname": "mdb3",
      "id": "mdb3:37017",
      "port": 37017,
      "rsId": "sgcShard_0",
      "state": "RECOVERY_IN_PROGRESS",
      "stateUpdateTime": 1770063363
    },
    {
      "error": null,
      "hostname": "mdb9",
      "id": "mdb9:37017",
      "port": 37017,
      "rsId": "sgcShard_1",
      "state": "RECOVERY_IN_PROGRESS",
      "stateUpdateTime": 1770063444
    },
    {
      "error": null,
      "hostname": "mdb2",
      "id": "mdb2:37017",
      "port": 37017,
      "rsId": "sgcShard_1",
      "state": "RECOVERY_IN_PROGRESS",
      "stateUpdateTime": 1770063540
    },
    {
      "error": null,
      "hostname": "mdb4",
      "id": "mdb4:37017",
      "port": 37017,
      "rsId": "sgcShard_1",
      "state": "RECOVERY_IN_PROGRESS",
      "stateUpdateTime": 1770063575
    },
    {
      "error": null,
      "hostname": "mdb-config2",
      "id": "mdb-config2:37017",
      "port": 37017,
      "rsId": "configRS",
      "state": "RECOVERY_IN_PROGRESS",
      "stateUpdateTime": 1770063641
    },
    {
      "error": null,
      "hostname": "mdb-config1",
      "id": "mdb-config1:37017",
      "port": 37017,
      "rsId": "configRS",
      "state": "RECOVERY_IN_PROGRESS",
      "stateUpdateTime": 1770063687
    },
    {
      "error": null,
      "hostname": "mdb7",
      "id": "mdb7:37017",
      "port": 37017,
      "rsId": "configRS",
      "state": "RECOVERY_IN_PROGRESS",
      "stateUpdateTime": 1770063734
    }
  ],
  "state": "RECOVERY_IN_PROGRESS"
}
2026-02-02 14:32:46,175 [INFO] Restore state: RECOVERY_IN_PROGRESS
2026-02-02 14:32:56,176 [DEBUG] API GET http://sb1.cpolab.ibm.com:8080/api/public/v1.0/backup/third_party/group/67eed68e0ba1970a07e16b77/restore/698104274ad5445e026ff044
2026-02-02 14:32:56,353 [DEBUG] STATUS 200
2026-02-02 14:32:56,354 [DEBUG] {
  "clusterMapping": [
    {
      "rsId": "sgcShard_0",
      "targetRsId": "sgcShard_0"
    },
    {
      "rsId": "sgcShard_1",
      "targetRsId": "sgcShard_1"
    },
    {
      "rsId": "configRS",
      "targetRsId": "configRS"
    }
  ],
  "nodes": [
    {
      "error": null,
      "hostname": "mdb1",
      "id": "mdb1:37017",
      "port": 37017,
      "rsId": "sgcShard_0",
      "state": "RECOVERY_IN_PROGRESS",
      "stateUpdateTime": 1770063297
    },
    {
      "error": null,
      "hostname": "mdb8",
      "id": "mdb8:37017",
      "port": 37017,
      "rsId": "sgcShard_0",
      "state": "RECOVERY_IN_PROGRESS",
      "stateUpdateTime": 1770063335
    },
    {
      "error": null,
      "hostname": "mdb3",
      "id": "mdb3:37017",
      "port": 37017,
      "rsId": "sgcShard_0",
      "state": "RECOVERY_IN_PROGRESS",
      "stateUpdateTime": 1770063363
    },
    {
      "error": null,
      "hostname": "mdb9",
      "id": "mdb9:37017",
      "port": 37017,
      "rsId": "sgcShard_1",
      "state": "RECOVERY_IN_PROGRESS",
      "stateUpdateTime": 1770063444
    },
    {
      "error": null,
      "hostname": "mdb2",
      "id": "mdb2:37017",
      "port": 37017,
      "rsId": "sgcShard_1",
      "state": "RECOVERY_IN_PROGRESS",
      "stateUpdateTime": 1770063540
    },
    {
      "error": null,
      "hostname": "mdb4",
      "id": "mdb4:37017",
      "port": 37017,
      "rsId": "sgcShard_1",
      "state": "RECOVERY_IN_PROGRESS",
      "stateUpdateTime": 1770063575
    },
    {
      "error": null,
      "hostname": "mdb-config2",
      "id": "mdb-config2:37017",
      "port": 37017,
      "rsId": "configRS",
      "state": "RECOVERY_IN_PROGRESS",
      "stateUpdateTime": 1770063641
    },
    {
      "error": null,
      "hostname": "mdb-config1",
      "id": "mdb-config1:37017",
      "port": 37017,
      "rsId": "configRS",
      "state": "RECOVERY_IN_PROGRESS",
      "stateUpdateTime": 1770063687
    },
    {
      "error": null,
      "hostname": "mdb7",
      "id": "mdb7:37017",
      "port": 37017,
      "rsId": "configRS",
      "state": "RECOVERY_IN_PROGRESS",
      "stateUpdateTime": 1770063734
    }
  ],
  "state": "RECOVERY_IN_PROGRESS"
}
2026-02-02 14:32:56,354 [INFO] Restore state: RECOVERY_IN_PROGRESS
2026-02-02 14:33:06,355 [DEBUG] API GET http://sb1.cpolab.ibm.com:8080/api/public/v1.0/backup/third_party/group/67eed68e0ba1970a07e16b77/restore/698104274ad5445e026ff044
2026-02-02 14:33:06,540 [DEBUG] STATUS 200
2026-02-02 14:33:06,540 [DEBUG] {
  "clusterMapping": [
    {
      "rsId": "sgcShard_0",
      "targetRsId": "sgcShard_0"
    },
    {
      "rsId": "sgcShard_1",
      "targetRsId": "sgcShard_1"
    },
    {
      "rsId": "configRS",
      "targetRsId": "configRS"
    }
  ],
  "nodes": [
    {
      "error": null,
      "hostname": "mdb1",
      "id": "mdb1:37017",
      "port": 37017,
      "rsId": "sgcShard_0",
      "state": "RECOVERY_IN_PROGRESS",
      "stateUpdateTime": 1770063297
    },
    {
      "error": null,
      "hostname": "mdb8",
      "id": "mdb8:37017",
      "port": 37017,
      "rsId": "sgcShard_0",
      "state": "RECOVERY_IN_PROGRESS",
      "stateUpdateTime": 1770063335
    },
    {
      "error": null,
      "hostname": "mdb3",
      "id": "mdb3:37017",
      "port": 37017,
      "rsId": "sgcShard_0",
      "state": "RECOVERY_IN_PROGRESS",
      "stateUpdateTime": 1770063363
    },
    {
      "error": null,
      "hostname": "mdb9",
      "id": "mdb9:37017",
      "port": 37017,
      "rsId": "sgcShard_1",
      "state": "RECOVERY_IN_PROGRESS",
      "stateUpdateTime": 1770063444
    },
    {
      "error": null,
      "hostname": "mdb2",
      "id": "mdb2:37017",
      "port": 37017,
      "rsId": "sgcShard_1",
      "state": "RECOVERY_IN_PROGRESS",
      "stateUpdateTime": 1770063540
    },
    {
      "error": null,
      "hostname": "mdb4",
      "id": "mdb4:37017",
      "port": 37017,
      "rsId": "sgcShard_1",
      "state": "RECOVERY_IN_PROGRESS",
      "stateUpdateTime": 1770063575
    },
    {
      "error": null,
      "hostname": "mdb-config2",
      "id": "mdb-config2:37017",
      "port": 37017,
      "rsId": "configRS",
      "state": "RECOVERY_IN_PROGRESS",
      "stateUpdateTime": 1770063641
    },
    {
      "error": null,
      "hostname": "mdb-config1",
      "id": "mdb-config1:37017",
      "port": 37017,
      "rsId": "configRS",
      "state": "RECOVERY_IN_PROGRESS",
      "stateUpdateTime": 1770063687
    },
    {
      "error": null,
      "hostname": "mdb7",
      "id": "mdb7:37017",
      "port": 37017,
      "rsId": "configRS",
      "state": "RECOVERY_IN_PROGRESS",
      "stateUpdateTime": 1770063734
    }
  ],
  "state": "RECOVERY_IN_PROGRESS"
}
2026-02-02 14:33:06,540 [INFO] Restore state: RECOVERY_IN_PROGRESS
2026-02-02 14:33:16,541 [DEBUG] API GET http://sb1.cpolab.ibm.com:8080/api/public/v1.0/backup/third_party/group/67eed68e0ba1970a07e16b77/restore/698104274ad5445e026ff044
2026-02-02 14:33:16,736 [DEBUG] STATUS 200
2026-02-02 14:33:16,737 [DEBUG] {
  "clusterMapping": [
    {
      "rsId": "sgcShard_0",
      "targetRsId": "sgcShard_0"
    },
    {
      "rsId": "sgcShard_1",
      "targetRsId": "sgcShard_1"
    },
    {
      "rsId": "configRS",
      "targetRsId": "configRS"
    }
  ],
  "nodes": [
    {
      "error": null,
      "hostname": "mdb1",
      "id": "mdb1:37017",
      "port": 37017,
      "rsId": "sgcShard_0",
      "state": "RECOVERY_IN_PROGRESS",
      "stateUpdateTime": 1770063297
    },
    {
      "error": null,
      "hostname": "mdb8",
      "id": "mdb8:37017",
      "port": 37017,
      "rsId": "sgcShard_0",
      "state": "RECOVERY_IN_PROGRESS",
      "stateUpdateTime": 1770063335
    },
    {
      "error": null,
      "hostname": "mdb3",
      "id": "mdb3:37017",
      "port": 37017,
      "rsId": "sgcShard_0",
      "state": "RECOVERY_IN_PROGRESS",
      "stateUpdateTime": 1770063363
    },
    {
      "error": null,
      "hostname": "mdb9",
      "id": "mdb9:37017",
      "port": 37017,
      "rsId": "sgcShard_1",
      "state": "RECOVERY_IN_PROGRESS",
      "stateUpdateTime": 1770063444
    },
    {
      "error": null,
      "hostname": "mdb2",
      "id": "mdb2:37017",
      "port": 37017,
      "rsId": "sgcShard_1",
      "state": "RECOVERY_IN_PROGRESS",
      "stateUpdateTime": 1770063540
    },
    {
      "error": null,
      "hostname": "mdb4",
      "id": "mdb4:37017",
      "port": 37017,
      "rsId": "sgcShard_1",
      "state": "RECOVERY_IN_PROGRESS",
      "stateUpdateTime": 1770063575
    },
    {
      "error": null,
      "hostname": "mdb-config2",
      "id": "mdb-config2:37017",
      "port": 37017,
      "rsId": "configRS",
      "state": "RECOVERY_IN_PROGRESS",
      "stateUpdateTime": 1770063641
    },
    {
      "error": null,
      "hostname": "mdb-config1",
      "id": "mdb-config1:37017",
      "port": 37017,
      "rsId": "configRS",
      "state": "RECOVERY_IN_PROGRESS",
      "stateUpdateTime": 1770063687
    },
    {
      "error": null,
      "hostname": "mdb7",
      "id": "mdb7:37017",
      "port": 37017,
      "rsId": "configRS",
      "state": "RECOVERY_IN_PROGRESS",
      "stateUpdateTime": 1770063734
    }
  ],
  "state": "RECOVERY_IN_PROGRESS"
}
2026-02-02 14:33:16,737 [INFO] Restore state: RECOVERY_IN_PROGRESS
2026-02-02 14:33:26,738 [DEBUG] API GET http://sb1.cpolab.ibm.com:8080/api/public/v1.0/backup/third_party/group/67eed68e0ba1970a07e16b77/restore/698104274ad5445e026ff044
2026-02-02 14:33:26,985 [DEBUG] STATUS 200
2026-02-02 14:33:26,985 [DEBUG] {
  "clusterMapping": [
    {
      "rsId": "sgcShard_0",
      "targetRsId": "sgcShard_0"
    },
    {
      "rsId": "sgcShard_1",
      "targetRsId": "sgcShard_1"
    },
    {
      "rsId": "configRS",
      "targetRsId": "configRS"
    }
  ],
  "nodes": [
    {
      "error": null,
      "hostname": "mdb1",
      "id": "mdb1:37017",
      "port": 37017,
      "rsId": "sgcShard_0",
      "state": "RECOVERY_IN_PROGRESS",
      "stateUpdateTime": 1770063297
    },
    {
      "error": null,
      "hostname": "mdb8",
      "id": "mdb8:37017",
      "port": 37017,
      "rsId": "sgcShard_0",
      "state": "RECOVERY_IN_PROGRESS",
      "stateUpdateTime": 1770063335
    },
    {
      "error": null,
      "hostname": "mdb3",
      "id": "mdb3:37017",
      "port": 37017,
      "rsId": "sgcShard_0",
      "state": "RECOVERY_IN_PROGRESS",
      "stateUpdateTime": 1770063363
    },
    {
      "error": null,
      "hostname": "mdb9",
      "id": "mdb9:37017",
      "port": 37017,
      "rsId": "sgcShard_1",
      "state": "RECOVERY_IN_PROGRESS",
      "stateUpdateTime": 1770063444
    },
    {
      "error": null,
      "hostname": "mdb2",
      "id": "mdb2:37017",
      "port": 37017,
      "rsId": "sgcShard_1",
      "state": "RECOVERY_IN_PROGRESS",
      "stateUpdateTime": 1770063540
    },
    {
      "error": null,
      "hostname": "mdb4",
      "id": "mdb4:37017",
      "port": 37017,
      "rsId": "sgcShard_1",
      "state": "RECOVERY_IN_PROGRESS",
      "stateUpdateTime": 1770063575
    },
    {
      "error": null,
      "hostname": "mdb-config2",
      "id": "mdb-config2:37017",
      "port": 37017,
      "rsId": "configRS",
      "state": "RECOVERY_IN_PROGRESS",
      "stateUpdateTime": 1770063641
    },
    {
      "error": null,
      "hostname": "mdb-config1",
      "id": "mdb-config1:37017",
      "port": 37017,
      "rsId": "configRS",
      "state": "RECOVERY_IN_PROGRESS",
      "stateUpdateTime": 1770063687
    },
    {
      "error": null,
      "hostname": "mdb7",
      "id": "mdb7:37017",
      "port": 37017,
      "rsId": "configRS",
      "state": "RECOVERY_IN_PROGRESS",
      "stateUpdateTime": 1770063734
    }
  ],
  "state": "RECOVERY_IN_PROGRESS"
}
2026-02-02 14:33:26,985 [INFO] Restore state: RECOVERY_IN_PROGRESS
2026-02-02 14:33:36,986 [DEBUG] API GET http://sb1.cpolab.ibm.com:8080/api/public/v1.0/backup/third_party/group/67eed68e0ba1970a07e16b77/restore/698104274ad5445e026ff044
2026-02-02 14:33:37,171 [DEBUG] STATUS 200
2026-02-02 14:33:37,171 [DEBUG] {
  "clusterMapping": [
    {
      "rsId": "sgcShard_0",
      "targetRsId": "sgcShard_0"
    },
    {
      "rsId": "sgcShard_1",
      "targetRsId": "sgcShard_1"
    },
    {
      "rsId": "configRS",
      "targetRsId": "configRS"
    }
  ],
  "nodes": [
    {
      "error": null,
      "hostname": "mdb1",
      "id": "mdb1:37017",
      "port": 37017,
      "rsId": "sgcShard_0",
      "state": "RECOVERY_IN_PROGRESS",
      "stateUpdateTime": 1770063297
    },
    {
      "error": null,
      "hostname": "mdb8",
      "id": "mdb8:37017",
      "port": 37017,
      "rsId": "sgcShard_0",
      "state": "RECOVERY_IN_PROGRESS",
      "stateUpdateTime": 1770063335
    },
    {
      "error": null,
      "hostname": "mdb3",
      "id": "mdb3:37017",
      "port": 37017,
      "rsId": "sgcShard_0",
      "state": "RECOVERY_IN_PROGRESS",
      "stateUpdateTime": 1770063363
    },
    {
      "error": null,
      "hostname": "mdb9",
      "id": "mdb9:37017",
      "port": 37017,
      "rsId": "sgcShard_1",
      "state": "RECOVERY_IN_PROGRESS",
      "stateUpdateTime": 1770063444
    },
    {
      "error": null,
      "hostname": "mdb2",
      "id": "mdb2:37017",
      "port": 37017,
      "rsId": "sgcShard_1",
      "state": "RECOVERY_IN_PROGRESS",
      "stateUpdateTime": 1770063540
    },
    {
      "error": null,
      "hostname": "mdb4",
      "id": "mdb4:37017",
      "port": 37017,
      "rsId": "sgcShard_1",
      "state": "RECOVERY_IN_PROGRESS",
      "stateUpdateTime": 1770063575
    },
    {
      "error": null,
      "hostname": "mdb-config2",
      "id": "mdb-config2:37017",
      "port": 37017,
      "rsId": "configRS",
      "state": "RECOVERY_IN_PROGRESS",
      "stateUpdateTime": 1770063641
    },
    {
      "error": null,
      "hostname": "mdb-config1",
      "id": "mdb-config1:37017",
      "port": 37017,
      "rsId": "configRS",
      "state": "RECOVERY_IN_PROGRESS",
      "stateUpdateTime": 1770063687
    },
    {
      "error": null,
      "hostname": "mdb7",
      "id": "mdb7:37017",
      "port": 37017,
      "rsId": "configRS",
      "state": "RECOVERY_IN_PROGRESS",
      "stateUpdateTime": 1770063734
    }
  ],
  "state": "RECOVERY_IN_PROGRESS"
}
2026-02-02 14:33:37,171 [INFO] Restore state: RECOVERY_IN_PROGRESS
2026-02-02 14:33:47,173 [DEBUG] API GET http://sb1.cpolab.ibm.com:8080/api/public/v1.0/backup/third_party/group/67eed68e0ba1970a07e16b77/restore/698104274ad5445e026ff044
2026-02-02 14:33:47,349 [DEBUG] STATUS 200
2026-02-02 14:33:47,349 [DEBUG] {
  "clusterMapping": [
    {
      "rsId": "sgcShard_0",
      "targetRsId": "sgcShard_0"
    },
    {
      "rsId": "sgcShard_1",
      "targetRsId": "sgcShard_1"
    },
    {
      "rsId": "configRS",
      "targetRsId": "configRS"
    }
  ],
  "nodes": [
    {
      "error": null,
      "hostname": "mdb1",
      "id": "mdb1:37017",
      "port": 37017,
      "rsId": "sgcShard_0",
      "state": "RECOVERY_IN_PROGRESS",
      "stateUpdateTime": 1770063297
    },
    {
      "error": null,
      "hostname": "mdb8",
      "id": "mdb8:37017",
      "port": 37017,
      "rsId": "sgcShard_0",
      "state": "RECOVERY_IN_PROGRESS",
      "stateUpdateTime": 1770063335
    },
    {
      "error": null,
      "hostname": "mdb3",
      "id": "mdb3:37017",
      "port": 37017,
      "rsId": "sgcShard_0",
      "state": "RECOVERY_IN_PROGRESS",
      "stateUpdateTime": 1770063363
    },
    {
      "error": null,
      "hostname": "mdb9",
      "id": "mdb9:37017",
      "port": 37017,
      "rsId": "sgcShard_1",
      "state": "RECOVERY_IN_PROGRESS",
      "stateUpdateTime": 1770063444
    },
    {
      "error": null,
      "hostname": "mdb2",
      "id": "mdb2:37017",
      "port": 37017,
      "rsId": "sgcShard_1",
      "state": "RECOVERY_IN_PROGRESS",
      "stateUpdateTime": 1770063540
    },
    {
      "error": null,
      "hostname": "mdb4",
      "id": "mdb4:37017",
      "port": 37017,
      "rsId": "sgcShard_1",
      "state": "RECOVERY_IN_PROGRESS",
      "stateUpdateTime": 1770063575
    },
    {
      "error": null,
      "hostname": "mdb-config2",
      "id": "mdb-config2:37017",
      "port": 37017,
      "rsId": "configRS",
      "state": "RECOVERY_IN_PROGRESS",
      "stateUpdateTime": 1770063641
    },
    {
      "error": null,
      "hostname": "mdb-config1",
      "id": "mdb-config1:37017",
      "port": 37017,
      "rsId": "configRS",
      "state": "RECOVERY_IN_PROGRESS",
      "stateUpdateTime": 1770063687
    },
    {
      "error": null,
      "hostname": "mdb7",
      "id": "mdb7:37017",
      "port": 37017,
      "rsId": "configRS",
      "state": "RECOVERY_IN_PROGRESS",
      "stateUpdateTime": 1770063734
    }
  ],
  "state": "RECOVERY_IN_PROGRESS"
}
2026-02-02 14:33:47,349 [INFO] Restore state: RECOVERY_IN_PROGRESS
2026-02-02 14:33:57,351 [DEBUG] API GET http://sb1.cpolab.ibm.com:8080/api/public/v1.0/backup/third_party/group/67eed68e0ba1970a07e16b77/restore/698104274ad5445e026ff044
2026-02-02 14:33:57,529 [DEBUG] STATUS 200
2026-02-02 14:33:57,530 [DEBUG] {
  "clusterMapping": [
    {
      "rsId": "sgcShard_0",
      "targetRsId": "sgcShard_0"
    },
    {
      "rsId": "sgcShard_1",
      "targetRsId": "sgcShard_1"
    },
    {
      "rsId": "configRS",
      "targetRsId": "configRS"
    }
  ],
  "nodes": [
    {
      "error": null,
      "hostname": "mdb1",
      "id": "mdb1:37017",
      "port": 37017,
      "rsId": "sgcShard_0",
      "state": "RECOVERY_IN_PROGRESS",
      "stateUpdateTime": 1770063297
    },
    {
      "error": null,
      "hostname": "mdb8",
      "id": "mdb8:37017",
      "port": 37017,
      "rsId": "sgcShard_0",
      "state": "RECOVERY_IN_PROGRESS",
      "stateUpdateTime": 1770063335
    },
    {
      "error": null,
      "hostname": "mdb3",
      "id": "mdb3:37017",
      "port": 37017,
      "rsId": "sgcShard_0",
      "state": "RECOVERY_IN_PROGRESS",
      "stateUpdateTime": 1770063363
    },
    {
      "error": null,
      "hostname": "mdb9",
      "id": "mdb9:37017",
      "port": 37017,
      "rsId": "sgcShard_1",
      "state": "RECOVERY_IN_PROGRESS",
      "stateUpdateTime": 1770063444
    },
    {
      "error": null,
      "hostname": "mdb2",
      "id": "mdb2:37017",
      "port": 37017,
      "rsId": "sgcShard_1",
      "state": "RECOVERY_IN_PROGRESS",
      "stateUpdateTime": 1770063540
    },
    {
      "error": null,
      "hostname": "mdb4",
      "id": "mdb4:37017",
      "port": 37017,
      "rsId": "sgcShard_1",
      "state": "RECOVERY_IN_PROGRESS",
      "stateUpdateTime": 1770063575
    },
    {
      "error": null,
      "hostname": "mdb-config2",
      "id": "mdb-config2:37017",
      "port": 37017,
      "rsId": "configRS",
      "state": "RECOVERY_IN_PROGRESS",
      "stateUpdateTime": 1770063641
    },
    {
      "error": null,
      "hostname": "mdb-config1",
      "id": "mdb-config1:37017",
      "port": 37017,
      "rsId": "configRS",
      "state": "RECOVERY_IN_PROGRESS",
      "stateUpdateTime": 1770063687
    },
    {
      "error": null,
      "hostname": "mdb7",
      "id": "mdb7:37017",
      "port": 37017,
      "rsId": "configRS",
      "state": "RECOVERY_IN_PROGRESS",
      "stateUpdateTime": 1770063734
    }
  ],
  "state": "RECOVERY_IN_PROGRESS"
}
2026-02-02 14:33:57,530 [INFO] Restore state: RECOVERY_IN_PROGRESS
2026-02-02 14:34:07,532 [DEBUG] API GET http://sb1.cpolab.ibm.com:8080/api/public/v1.0/backup/third_party/group/67eed68e0ba1970a07e16b77/restore/698104274ad5445e026ff044
2026-02-02 14:34:07,704 [DEBUG] STATUS 200
2026-02-02 14:34:07,705 [DEBUG] {
  "clusterMapping": [
    {
      "rsId": "sgcShard_0",
      "targetRsId": "sgcShard_0"
    },
    {
      "rsId": "sgcShard_1",
      "targetRsId": "sgcShard_1"
    },
    {
      "rsId": "configRS",
      "targetRsId": "configRS"
    }
  ],
  "nodes": [
    {
      "error": null,
      "hostname": "mdb1",
      "id": "mdb1:37017",
      "port": 37017,
      "rsId": "sgcShard_0",
      "state": "RECOVERY_IN_PROGRESS",
      "stateUpdateTime": 1770063297
    },
    {
      "error": null,
      "hostname": "mdb8",
      "id": "mdb8:37017",
      "port": 37017,
      "rsId": "sgcShard_0",
      "state": "RECOVERY_IN_PROGRESS",
      "stateUpdateTime": 1770063335
    },
    {
      "error": null,
      "hostname": "mdb3",
      "id": "mdb3:37017",
      "port": 37017,
      "rsId": "sgcShard_0",
      "state": "RECOVERY_IN_PROGRESS",
      "stateUpdateTime": 1770063363
    },
    {
      "error": null,
      "hostname": "mdb9",
      "id": "mdb9:37017",
      "port": 37017,
      "rsId": "sgcShard_1",
      "state": "RECOVERY_IN_PROGRESS",
      "stateUpdateTime": 1770063444
    },
    {
      "error": null,
      "hostname": "mdb2",
      "id": "mdb2:37017",
      "port": 37017,
      "rsId": "sgcShard_1",
      "state": "RECOVERY_IN_PROGRESS",
      "stateUpdateTime": 1770063540
    },
    {
      "error": null,
      "hostname": "mdb4",
      "id": "mdb4:37017",
      "port": 37017,
      "rsId": "sgcShard_1",
      "state": "RECOVERY_IN_PROGRESS",
      "stateUpdateTime": 1770063575
    },
    {
      "error": null,
      "hostname": "mdb-config2",
      "id": "mdb-config2:37017",
      "port": 37017,
      "rsId": "configRS",
      "state": "RECOVERY_IN_PROGRESS",
      "stateUpdateTime": 1770063641
    },
    {
      "error": null,
      "hostname": "mdb-config1",
      "id": "mdb-config1:37017",
      "port": 37017,
      "rsId": "configRS",
      "state": "RECOVERY_IN_PROGRESS",
      "stateUpdateTime": 1770063687
    },
    {
      "error": null,
      "hostname": "mdb7",
      "id": "mdb7:37017",
      "port": 37017,
      "rsId": "configRS",
      "state": "RECOVERY_IN_PROGRESS",
      "stateUpdateTime": 1770063734
    }
  ],
  "state": "RECOVERY_IN_PROGRESS"
}
2026-02-02 14:34:07,705 [INFO] Restore state: RECOVERY_IN_PROGRESS
2026-02-02 14:34:17,706 [DEBUG] API GET http://sb1.cpolab.ibm.com:8080/api/public/v1.0/backup/third_party/group/67eed68e0ba1970a07e16b77/restore/698104274ad5445e026ff044
2026-02-02 14:34:17,902 [DEBUG] STATUS 200
2026-02-02 14:34:17,902 [DEBUG] {
  "clusterMapping": [
    {
      "rsId": "sgcShard_0",
      "targetRsId": "sgcShard_0"
    },
    {
      "rsId": "sgcShard_1",
      "targetRsId": "sgcShard_1"
    },
    {
      "rsId": "configRS",
      "targetRsId": "configRS"
    }
  ],
  "nodes": [
    {
      "error": null,
      "hostname": "mdb1",
      "id": "mdb1:37017",
      "port": 37017,
      "rsId": "sgcShard_0",
      "state": "RECOVERY_IN_PROGRESS",
      "stateUpdateTime": 1770063297
    },
    {
      "error": null,
      "hostname": "mdb8",
      "id": "mdb8:37017",
      "port": 37017,
      "rsId": "sgcShard_0",
      "state": "RECOVERY_IN_PROGRESS",
      "stateUpdateTime": 1770063335
    },
    {
      "error": null,
      "hostname": "mdb3",
      "id": "mdb3:37017",
      "port": 37017,
      "rsId": "sgcShard_0",
      "state": "RECOVERY_IN_PROGRESS",
      "stateUpdateTime": 1770063363
    },
    {
      "error": null,
      "hostname": "mdb9",
      "id": "mdb9:37017",
      "port": 37017,
      "rsId": "sgcShard_1",
      "state": "RECOVERY_IN_PROGRESS",
      "stateUpdateTime": 1770063444
    },
    {
      "error": null,
      "hostname": "mdb2",
      "id": "mdb2:37017",
      "port": 37017,
      "rsId": "sgcShard_1",
      "state": "RECOVERY_IN_PROGRESS",
      "stateUpdateTime": 1770063540
    },
    {
      "error": null,
      "hostname": "mdb4",
      "id": "mdb4:37017",
      "port": 37017,
      "rsId": "sgcShard_1",
      "state": "RECOVERY_IN_PROGRESS",
      "stateUpdateTime": 1770063575
    },
    {
      "error": null,
      "hostname": "mdb-config2",
      "id": "mdb-config2:37017",
      "port": 37017,
      "rsId": "configRS",
      "state": "RECOVERY_IN_PROGRESS",
      "stateUpdateTime": 1770063641
    },
    {
      "error": null,
      "hostname": "mdb-config1",
      "id": "mdb-config1:37017",
      "port": 37017,
      "rsId": "configRS",
      "state": "RECOVERY_IN_PROGRESS",
      "stateUpdateTime": 1770063687
    },
    {
      "error": null,
      "hostname": "mdb7",
      "id": "mdb7:37017",
      "port": 37017,
      "rsId": "configRS",
      "state": "RECOVERY_IN_PROGRESS",
      "stateUpdateTime": 1770063734
    }
  ],
  "state": "RECOVERY_IN_PROGRESS"
}
2026-02-02 14:34:17,903 [INFO] Restore state: RECOVERY_IN_PROGRESS
2026-02-02 14:34:27,904 [DEBUG] API GET http://sb1.cpolab.ibm.com:8080/api/public/v1.0/backup/third_party/group/67eed68e0ba1970a07e16b77/restore/698104274ad5445e026ff044
2026-02-02 14:34:28,148 [DEBUG] STATUS 200
2026-02-02 14:34:28,149 [DEBUG] {
  "clusterMapping": [
    {
      "rsId": "sgcShard_0",
      "targetRsId": "sgcShard_0"
    },
    {
      "rsId": "sgcShard_1",
      "targetRsId": "sgcShard_1"
    },
    {
      "rsId": "configRS",
      "targetRsId": "configRS"
    }
  ],
  "nodes": [
    {
      "error": null,
      "hostname": "mdb1",
      "id": "mdb1:37017",
      "port": 37017,
      "rsId": "sgcShard_0",
      "state": "RECOVERY_IN_PROGRESS",
      "stateUpdateTime": 1770063297
    },
    {
      "error": null,
      "hostname": "mdb8",
      "id": "mdb8:37017",
      "port": 37017,
      "rsId": "sgcShard_0",
      "state": "RECOVERY_IN_PROGRESS",
      "stateUpdateTime": 1770063335
    },
    {
      "error": null,
      "hostname": "mdb3",
      "id": "mdb3:37017",
      "port": 37017,
      "rsId": "sgcShard_0",
      "state": "RECOVERY_IN_PROGRESS",
      "stateUpdateTime": 1770063363
    },
    {
      "error": null,
      "hostname": "mdb9",
      "id": "mdb9:37017",
      "port": 37017,
      "rsId": "sgcShard_1",
      "state": "RECOVERY_IN_PROGRESS",
      "stateUpdateTime": 1770063444
    },
    {
      "error": null,
      "hostname": "mdb2",
      "id": "mdb2:37017",
      "port": 37017,
      "rsId": "sgcShard_1",
      "state": "RECOVERY_IN_PROGRESS",
      "stateUpdateTime": 1770063540
    },
    {
      "error": null,
      "hostname": "mdb4",
      "id": "mdb4:37017",
      "port": 37017,
      "rsId": "sgcShard_1",
      "state": "RECOVERY_IN_PROGRESS",
      "stateUpdateTime": 1770063575
    },
    {
      "error": null,
      "hostname": "mdb-config2",
      "id": "mdb-config2:37017",
      "port": 37017,
      "rsId": "configRS",
      "state": "RECOVERY_IN_PROGRESS",
      "stateUpdateTime": 1770063641
    },
    {
      "error": null,
      "hostname": "mdb-config1",
      "id": "mdb-config1:37017",
      "port": 37017,
      "rsId": "configRS",
      "state": "RECOVERY_IN_PROGRESS",
      "stateUpdateTime": 1770063687
    },
    {
      "error": null,
      "hostname": "mdb7",
      "id": "mdb7:37017",
      "port": 37017,
      "rsId": "configRS",
      "state": "RECOVERY_IN_PROGRESS",
      "stateUpdateTime": 1770063734
    }
  ],
  "state": "RECOVERY_IN_PROGRESS"
}
2026-02-02 14:34:28,149 [INFO] Restore state: RECOVERY_IN_PROGRESS
2026-02-02 14:34:38,150 [DEBUG] API GET http://sb1.cpolab.ibm.com:8080/api/public/v1.0/backup/third_party/group/67eed68e0ba1970a07e16b77/restore/698104274ad5445e026ff044
2026-02-02 14:34:38,338 [DEBUG] STATUS 200
2026-02-02 14:34:38,338 [DEBUG] {
  "clusterMapping": [
    {
      "rsId": "sgcShard_0",
      "targetRsId": "sgcShard_0"
    },
    {
      "rsId": "sgcShard_1",
      "targetRsId": "sgcShard_1"
    },
    {
      "rsId": "configRS",
      "targetRsId": "configRS"
    }
  ],
  "nodes": [
    {
      "error": null,
      "hostname": "mdb1",
      "id": "mdb1:37017",
      "port": 37017,
      "rsId": "sgcShard_0",
      "state": "RECOVERY_IN_PROGRESS",
      "stateUpdateTime": 1770063297
    },
    {
      "error": null,
      "hostname": "mdb8",
      "id": "mdb8:37017",
      "port": 37017,
      "rsId": "sgcShard_0",
      "state": "RECOVERY_IN_PROGRESS",
      "stateUpdateTime": 1770063335
    },
    {
      "error": null,
      "hostname": "mdb3",
      "id": "mdb3:37017",
      "port": 37017,
      "rsId": "sgcShard_0",
      "state": "RECOVERY_IN_PROGRESS",
      "stateUpdateTime": 1770063363
    },
    {
      "error": null,
      "hostname": "mdb9",
      "id": "mdb9:37017",
      "port": 37017,
      "rsId": "sgcShard_1",
      "state": "RECOVERY_IN_PROGRESS",
      "stateUpdateTime": 1770063444
    },
    {
      "error": null,
      "hostname": "mdb2",
      "id": "mdb2:37017",
      "port": 37017,
      "rsId": "sgcShard_1",
      "state": "RECOVERY_IN_PROGRESS",
      "stateUpdateTime": 1770063540
    },
    {
      "error": null,
      "hostname": "mdb4",
      "id": "mdb4:37017",
      "port": 37017,
      "rsId": "sgcShard_1",
      "state": "RECOVERY_IN_PROGRESS",
      "stateUpdateTime": 1770063575
    },
    {
      "error": null,
      "hostname": "mdb-config2",
      "id": "mdb-config2:37017",
      "port": 37017,
      "rsId": "configRS",
      "state": "RECOVERY_IN_PROGRESS",
      "stateUpdateTime": 1770063641
    },
    {
      "error": null,
      "hostname": "mdb-config1",
      "id": "mdb-config1:37017",
      "port": 37017,
      "rsId": "configRS",
      "state": "RECOVERY_IN_PROGRESS",
      "stateUpdateTime": 1770063687
    },
    {
      "error": null,
      "hostname": "mdb7",
      "id": "mdb7:37017",
      "port": 37017,
      "rsId": "configRS",
      "state": "RECOVERY_IN_PROGRESS",
      "stateUpdateTime": 1770063734
    }
  ],
  "state": "RECOVERY_IN_PROGRESS"
}
2026-02-02 14:34:38,338 [INFO] Restore state: RECOVERY_IN_PROGRESS
2026-02-02 14:34:48,339 [DEBUG] API GET http://sb1.cpolab.ibm.com:8080/api/public/v1.0/backup/third_party/group/67eed68e0ba1970a07e16b77/restore/698104274ad5445e026ff044
2026-02-02 14:34:48,522 [DEBUG] STATUS 200
2026-02-02 14:34:48,522 [DEBUG] {
  "clusterMapping": [
    {
      "rsId": "sgcShard_0",
      "targetRsId": "sgcShard_0"
    },
    {
      "rsId": "sgcShard_1",
      "targetRsId": "sgcShard_1"
    },
    {
      "rsId": "configRS",
      "targetRsId": "configRS"
    }
  ],
  "nodes": [
    {
      "error": null,
      "hostname": "mdb1",
      "id": "mdb1:37017",
      "port": 37017,
      "rsId": "sgcShard_0",
      "state": "RECOVERY_IN_PROGRESS",
      "stateUpdateTime": 1770063297
    },
    {
      "error": null,
      "hostname": "mdb8",
      "id": "mdb8:37017",
      "port": 37017,
      "rsId": "sgcShard_0",
      "state": "RECOVERY_IN_PROGRESS",
      "stateUpdateTime": 1770063335
    },
    {
      "error": null,
      "hostname": "mdb3",
      "id": "mdb3:37017",
      "port": 37017,
      "rsId": "sgcShard_0",
      "state": "RECOVERY_IN_PROGRESS",
      "stateUpdateTime": 1770063363
    },
    {
      "error": null,
      "hostname": "mdb9",
      "id": "mdb9:37017",
      "port": 37017,
      "rsId": "sgcShard_1",
      "state": "RECOVERY_IN_PROGRESS",
      "stateUpdateTime": 1770063444
    },
    {
      "error": null,
      "hostname": "mdb2",
      "id": "mdb2:37017",
      "port": 37017,
      "rsId": "sgcShard_1",
      "state": "RECOVERY_IN_PROGRESS",
      "stateUpdateTime": 1770063540
    },
    {
      "error": null,
      "hostname": "mdb4",
      "id": "mdb4:37017",
      "port": 37017,
      "rsId": "sgcShard_1",
      "state": "RECOVERY_IN_PROGRESS",
      "stateUpdateTime": 1770063575
    },
    {
      "error": null,
      "hostname": "mdb-config2",
      "id": "mdb-config2:37017",
      "port": 37017,
      "rsId": "configRS",
      "state": "RECOVERY_IN_PROGRESS",
      "stateUpdateTime": 1770063641
    },
    {
      "error": null,
      "hostname": "mdb-config1",
      "id": "mdb-config1:37017",
      "port": 37017,
      "rsId": "configRS",
      "state": "RECOVERY_IN_PROGRESS",
      "stateUpdateTime": 1770063687
    },
    {
      "error": null,
      "hostname": "mdb7",
      "id": "mdb7:37017",
      "port": 37017,
      "rsId": "configRS",
      "state": "RECOVERY_IN_PROGRESS",
      "stateUpdateTime": 1770063734
    }
  ],
  "state": "RECOVERY_IN_PROGRESS"
}
2026-02-02 14:34:48,522 [INFO] Restore state: RECOVERY_IN_PROGRESS
2026-02-02 14:34:58,523 [DEBUG] API GET http://sb1.cpolab.ibm.com:8080/api/public/v1.0/backup/third_party/group/67eed68e0ba1970a07e16b77/restore/698104274ad5445e026ff044
2026-02-02 14:34:58,698 [DEBUG] STATUS 200
2026-02-02 14:34:58,698 [DEBUG] {
  "clusterMapping": [
    {
      "rsId": "sgcShard_0",
      "targetRsId": "sgcShard_0"
    },
    {
      "rsId": "sgcShard_1",
      "targetRsId": "sgcShard_1"
    },
    {
      "rsId": "configRS",
      "targetRsId": "configRS"
    }
  ],
  "nodes": [
    {
      "error": null,
      "hostname": "mdb1",
      "id": "mdb1:37017",
      "port": 37017,
      "rsId": "sgcShard_0",
      "state": "RECOVERY_IN_PROGRESS",
      "stateUpdateTime": 1770063297
    },
    {
      "error": null,
      "hostname": "mdb8",
      "id": "mdb8:37017",
      "port": 37017,
      "rsId": "sgcShard_0",
      "state": "RECOVERY_IN_PROGRESS",
      "stateUpdateTime": 1770063335
    },
    {
      "error": null,
      "hostname": "mdb3",
      "id": "mdb3:37017",
      "port": 37017,
      "rsId": "sgcShard_0",
      "state": "RECOVERY_IN_PROGRESS",
      "stateUpdateTime": 1770063363
    },
    {
      "error": null,
      "hostname": "mdb9",
      "id": "mdb9:37017",
      "port": 37017,
      "rsId": "sgcShard_1",
      "state": "RECOVERY_IN_PROGRESS",
      "stateUpdateTime": 1770063444
    },
    {
      "error": "<sgcCluster_sgcShard_1_142> [15:34:13.556] Plan execution failed on step MakeBackupDataAvailable as part of move RestoreRsMemberFromBackupPhase1 : <sgcCluster_sgcShard_1_142> [15:34:13.556] Failed to apply action. Result = <nil> : <sgcCluster_sgcShard_1_142> [15:34:13.555] Failed to download the snapshot : <sgcCluster_sgcShard_1_142> [15:34:13.555] Error while waiting for third party to copy backup to /fimongo1/data : <sgcCluster_sgcShard_1_142> [15:34:13.555] Observed error when pruning files not in backup cursor file list. : Error opening file /fimongo1/data/fileList.txt. Err: open /fimongo1/data/fileList.txt: no such file or directory\n\tat src/util/thirdPartyRestore.go:137\n\tat src/util/thirdPartyRestore.go:120\n\tat src/util/thirdPartyRestore.go:112\n\tat src/restore/restorefrombackup.go:458\n\tat src/restore/restorefrombackup.go:204\n\tat src/planner/action.go:27\n\tat src/director/director.go:977\n\tat src/director/director.go:585\n\tat src/director/director.go:393\n\tat src/director/director.go:183\n\tat louisaberger/procexec@v0.0.0-20190729191719-000865fcfa49/concurrency.go:45\n\tat src/runtime/asm_s390x.s:797",
      "hostname": "mdb2",
      "id": "mdb2:37017",
      "port": 37017,
      "rsId": "sgcShard_1",
      "state": "RECOVERY_IN_PROGRESS",
      "stateUpdateTime": 1770063540
    },
    {
      "error": null,
      "hostname": "mdb4",
      "id": "mdb4:37017",
      "port": 37017,
      "rsId": "sgcShard_1",
      "state": "RECOVERY_IN_PROGRESS",
      "stateUpdateTime": 1770063575
    },
    {
      "error": null,
      "hostname": "mdb-config2",
      "id": "mdb-config2:37017",
      "port": 37017,
      "rsId": "configRS",
      "state": "RECOVERY_IN_PROGRESS",
      "stateUpdateTime": 1770063641
    },
    {
      "error": "<sgcCluster_configRS_145> [15:34:10.147] Plan execution failed on step MakeBackupDataAvailable as part of move RestoreRsMemberFromBackupPhase1 : <sgcCluster_configRS_145> [15:34:10.147] Failed to apply action. Result = <nil> : <sgcCluster_configRS_145> [15:34:10.147] Failed to download the snapshot : <sgcCluster_configRS_145> [15:34:10.147] Error while waiting for third party to copy backup to /fimongo1/data : <sgcCluster_configRS_145> [15:34:10.147] Observed error when pruning files not in backup cursor file list. : Error opening file /fimongo1/data/fileList.txt. Err: open /fimongo1/data/fileList.txt: no such file or directory\n\tat src/util/thirdPartyRestore.go:137\n\tat src/util/thirdPartyRestore.go:120\n\tat src/util/thirdPartyRestore.go:112\n\tat src/restore/restorefrombackup.go:458\n\tat src/restore/restorefrombackup.go:204\n\tat src/planner/action.go:27\n\tat src/director/director.go:977\n\tat src/director/director.go:585\n\tat src/director/director.go:393\n\tat src/director/director.go:183\n\tat louisaberger/procexec@v0.0.0-20190729191719-000865fcfa49/concurrency.go:45\n\tat src/runtime/asm_s390x.s:797",
      "hostname": "mdb-config1",
      "id": "mdb-config1:37017",
      "port": 37017,
      "rsId": "configRS",
      "state": "RECOVERY_IN_PROGRESS",
      "stateUpdateTime": 1770063687
    },
    {
      "error": null,
      "hostname": "mdb7",
      "id": "mdb7:37017",
      "port": 37017,
      "rsId": "configRS",
      "state": "RECOVERY_IN_PROGRESS",
      "stateUpdateTime": 1770063734
    }
  ],
  "state": "RECOVERY_IN_PROGRESS"
}
2026-02-02 14:34:58,698 [INFO] Restore state: RECOVERY_IN_PROGRESS
2026-02-02 14:35:08,699 [DEBUG] API GET http://sb1.cpolab.ibm.com:8080/api/public/v1.0/backup/third_party/group/67eed68e0ba1970a07e16b77/restore/698104274ad5445e026ff044
2026-02-02 14:35:08,872 [DEBUG] STATUS 200
2026-02-02 14:35:08,872 [DEBUG] {
  "clusterMapping": [
    {
      "rsId": "sgcShard_0",
      "targetRsId": "sgcShard_0"
    },
    {
      "rsId": "sgcShard_1",
      "targetRsId": "sgcShard_1"
    },
    {
      "rsId": "configRS",
      "targetRsId": "configRS"
    }
  ],
  "nodes": [
    {
      "error": null,
      "hostname": "mdb1",
      "id": "mdb1:37017",
      "port": 37017,
      "rsId": "sgcShard_0",
      "state": "RECOVERY_IN_PROGRESS",
      "stateUpdateTime": 1770063297
    },
    {
      "error": null,
      "hostname": "mdb8",
      "id": "mdb8:37017",
      "port": 37017,
      "rsId": "sgcShard_0",
      "state": "RECOVERY_IN_PROGRESS",
      "stateUpdateTime": 1770063335
    },
    {
      "error": null,
      "hostname": "mdb3",
      "id": "mdb3:37017",
      "port": 37017,
      "rsId": "sgcShard_0",
      "state": "RECOVERY_IN_PROGRESS",
      "stateUpdateTime": 1770063363
    },
    {
      "error": null,
      "hostname": "mdb9",
      "id": "mdb9:37017",
      "port": 37017,
      "rsId": "sgcShard_1",
      "state": "RECOVERY_IN_PROGRESS",
      "stateUpdateTime": 1770063444
    },
    {
      "error": "<sgcCluster_sgcShard_1_142> [15:34:13.556] Plan execution failed on step MakeBackupDataAvailable as part of move RestoreRsMemberFromBackupPhase1 : <sgcCluster_sgcShard_1_142> [15:34:13.556] Failed to apply action. Result = <nil> : <sgcCluster_sgcShard_1_142> [15:34:13.555] Failed to download the snapshot : <sgcCluster_sgcShard_1_142> [15:34:13.555] Error while waiting for third party to copy backup to /fimongo1/data : <sgcCluster_sgcShard_1_142> [15:34:13.555] Observed error when pruning files not in backup cursor file list. : Error opening file /fimongo1/data/fileList.txt. Err: open /fimongo1/data/fileList.txt: no such file or directory\n\tat src/util/thirdPartyRestore.go:137\n\tat src/util/thirdPartyRestore.go:120\n\tat src/util/thirdPartyRestore.go:112\n\tat src/restore/restorefrombackup.go:458\n\tat src/restore/restorefrombackup.go:204\n\tat src/planner/action.go:27\n\tat src/director/director.go:977\n\tat src/director/director.go:585\n\tat src/director/director.go:393\n\tat src/director/director.go:183\n\tat louisaberger/procexec@v0.0.0-20190729191719-000865fcfa49/concurrency.go:45\n\tat src/runtime/asm_s390x.s:797",
      "hostname": "mdb2",
      "id": "mdb2:37017",
      "port": 37017,
      "rsId": "sgcShard_1",
      "state": "RECOVERY_IN_PROGRESS",
      "stateUpdateTime": 1770063540
    },
    {
      "error": null,
      "hostname": "mdb4",
      "id": "mdb4:37017",
      "port": 37017,
      "rsId": "sgcShard_1",
      "state": "RECOVERY_IN_PROGRESS",
      "stateUpdateTime": 1770063575
    },
    {
      "error": null,
      "hostname": "mdb-config2",
      "id": "mdb-config2:37017",
      "port": 37017,
      "rsId": "configRS",
      "state": "RECOVERY_IN_PROGRESS",
      "stateUpdateTime": 1770063641
    },
    {
      "error": "<sgcCluster_configRS_145> [15:34:10.147] Plan execution failed on step MakeBackupDataAvailable as part of move RestoreRsMemberFromBackupPhase1 : <sgcCluster_configRS_145> [15:34:10.147] Failed to apply action. Result = <nil> : <sgcCluster_configRS_145> [15:34:10.147] Failed to download the snapshot : <sgcCluster_configRS_145> [15:34:10.147] Error while waiting for third party to copy backup to /fimongo1/data : <sgcCluster_configRS_145> [15:34:10.147] Observed error when pruning files not in backup cursor file list. : Error opening file /fimongo1/data/fileList.txt. Err: open /fimongo1/data/fileList.txt: no such file or directory\n\tat src/util/thirdPartyRestore.go:137\n\tat src/util/thirdPartyRestore.go:120\n\tat src/util/thirdPartyRestore.go:112\n\tat src/restore/restorefrombackup.go:458\n\tat src/restore/restorefrombackup.go:204\n\tat src/planner/action.go:27\n\tat src/director/director.go:977\n\tat src/director/director.go:585\n\tat src/director/director.go:393\n\tat src/director/director.go:183\n\tat louisaberger/procexec@v0.0.0-20190729191719-000865fcfa49/concurrency.go:45\n\tat src/runtime/asm_s390x.s:797",
      "hostname": "mdb-config1",
      "id": "mdb-config1:37017",
      "port": 37017,
      "rsId": "configRS",
      "state": "RECOVERY_IN_PROGRESS",
      "stateUpdateTime": 1770063687
    },
    {
      "error": null,
      "hostname": "mdb7",
      "id": "mdb7:37017",
      "port": 37017,
      "rsId": "configRS",
      "state": "RECOVERY_IN_PROGRESS",
      "stateUpdateTime": 1770063734
    }
  ],
  "state": "RECOVERY_IN_PROGRESS"
}
2026-02-02 14:35:08,872 [INFO] Restore state: RECOVERY_IN_PROGRESS
2026-02-02 14:35:18,873 [DEBUG] API GET http://sb1.cpolab.ibm.com:8080/api/public/v1.0/backup/third_party/group/67eed68e0ba1970a07e16b77/restore/698104274ad5445e026ff044
2026-02-02 14:35:19,050 [DEBUG] STATUS 200
2026-02-02 14:35:19,050 [DEBUG] {
  "clusterMapping": [
    {
      "rsId": "sgcShard_0",
      "targetRsId": "sgcShard_0"
    },
    {
      "rsId": "sgcShard_1",
      "targetRsId": "sgcShard_1"
    },
    {
      "rsId": "configRS",
      "targetRsId": "configRS"
    }
  ],
  "nodes": [
    {
      "error": null,
      "hostname": "mdb1",
      "id": "mdb1:37017",
      "port": 37017,
      "rsId": "sgcShard_0",
      "state": "RECOVERY_IN_PROGRESS",
      "stateUpdateTime": 1770063297
    },
    {
      "error": null,
      "hostname": "mdb8",
      "id": "mdb8:37017",
      "port": 37017,
      "rsId": "sgcShard_0",
      "state": "RECOVERY_IN_PROGRESS",
      "stateUpdateTime": 1770063335
    },
    {
      "error": null,
      "hostname": "mdb3",
      "id": "mdb3:37017",
      "port": 37017,
      "rsId": "sgcShard_0",
      "state": "RECOVERY_IN_PROGRESS",
      "stateUpdateTime": 1770063363
    },
    {
      "error": null,
      "hostname": "mdb9",
      "id": "mdb9:37017",
      "port": 37017,
      "rsId": "sgcShard_1",
      "state": "RECOVERY_IN_PROGRESS",
      "stateUpdateTime": 1770063444
    },
    {
      "error": "<sgcCluster_sgcShard_1_142> [15:34:13.556] Plan execution failed on step MakeBackupDataAvailable as part of move RestoreRsMemberFromBackupPhase1 : <sgcCluster_sgcShard_1_142> [15:34:13.556] Failed to apply action. Result = <nil> : <sgcCluster_sgcShard_1_142> [15:34:13.555] Failed to download the snapshot : <sgcCluster_sgcShard_1_142> [15:34:13.555] Error while waiting for third party to copy backup to /fimongo1/data : <sgcCluster_sgcShard_1_142> [15:34:13.555] Observed error when pruning files not in backup cursor file list. : Error opening file /fimongo1/data/fileList.txt. Err: open /fimongo1/data/fileList.txt: no such file or directory\n\tat src/util/thirdPartyRestore.go:137\n\tat src/util/thirdPartyRestore.go:120\n\tat src/util/thirdPartyRestore.go:112\n\tat src/restore/restorefrombackup.go:458\n\tat src/restore/restorefrombackup.go:204\n\tat src/planner/action.go:27\n\tat src/director/director.go:977\n\tat src/director/director.go:585\n\tat src/director/director.go:393\n\tat src/director/director.go:183\n\tat louisaberger/procexec@v0.0.0-20190729191719-000865fcfa49/concurrency.go:45\n\tat src/runtime/asm_s390x.s:797",
      "hostname": "mdb2",
      "id": "mdb2:37017",
      "port": 37017,
      "rsId": "sgcShard_1",
      "state": "RECOVERY_IN_PROGRESS",
      "stateUpdateTime": 1770063540
    },
    {
      "error": null,
      "hostname": "mdb4",
      "id": "mdb4:37017",
      "port": 37017,
      "rsId": "sgcShard_1",
      "state": "RECOVERY_IN_PROGRESS",
      "stateUpdateTime": 1770063575
    },
    {
      "error": null,
      "hostname": "mdb-config2",
      "id": "mdb-config2:37017",
      "port": 37017,
      "rsId": "configRS",
      "state": "RECOVERY_IN_PROGRESS",
      "stateUpdateTime": 1770063641
    },
    {
      "error": "<sgcCluster_configRS_145> [15:35:11.083] Plan execution failed on step MakeBackupDataAvailable as part of move RestoreRsMemberFromBackupPhase1 : <sgcCluster_configRS_145> [15:35:11.083] Failed to apply action. Result = <nil> : <sgcCluster_configRS_145> [15:35:11.083] Failed to download the snapshot : <sgcCluster_configRS_145> [15:35:11.083] Error while waiting for third party to copy backup to /fimongo1/data : <sgcCluster_configRS_145> [15:35:11.083] Observed error when pruning files not in backup cursor file list. : Error opening file /fimongo1/data/fileList.txt. Err: open /fimongo1/data/fileList.txt: no such file or directory\n\tat src/util/thirdPartyRestore.go:137\n\tat src/util/thirdPartyRestore.go:120\n\tat src/util/thirdPartyRestore.go:112\n\tat src/restore/restorefrombackup.go:458\n\tat src/restore/restorefrombackup.go:204\n\tat src/planner/action.go:27\n\tat src/director/director.go:977\n\tat src/director/director.go:585\n\tat src/director/director.go:393\n\tat src/director/director.go:183\n\tat louisaberger/procexec@v0.0.0-20190729191719-000865fcfa49/concurrency.go:45\n\tat src/runtime/asm_s390x.s:797",
      "hostname": "mdb-config1",
      "id": "mdb-config1:37017",
      "port": 37017,
      "rsId": "configRS",
      "state": "RECOVERY_IN_PROGRESS",
      "stateUpdateTime": 1770063687
    },
    {
      "error": null,
      "hostname": "mdb7",
      "id": "mdb7:37017",
      "port": 37017,
      "rsId": "configRS",
      "state": "RECOVERY_IN_PROGRESS",
      "stateUpdateTime": 1770063734
    }
  ],
  "state": "RECOVERY_IN_PROGRESS"
}
2026-02-02 14:35:19,051 [INFO] Restore state: RECOVERY_IN_PROGRESS
2026-02-02 14:35:29,051 [DEBUG] API GET http://sb1.cpolab.ibm.com:8080/api/public/v1.0/backup/third_party/group/67eed68e0ba1970a07e16b77/restore/698104274ad5445e026ff044
2026-02-02 14:35:29,287 [DEBUG] STATUS 200
2026-02-02 14:35:29,287 [DEBUG] {
  "clusterMapping": [
    {
      "rsId": "sgcShard_0",
      "targetRsId": "sgcShard_0"
    },
    {
      "rsId": "sgcShard_1",
      "targetRsId": "sgcShard_1"
    },
    {
      "rsId": "configRS",
      "targetRsId": "configRS"
    }
  ],
  "nodes": [
    {
      "error": null,
      "hostname": "mdb1",
      "id": "mdb1:37017",
      "port": 37017,
      "rsId": "sgcShard_0",
      "state": "RECOVERY_IN_PROGRESS",
      "stateUpdateTime": 1770063297
    },
    {
      "error": null,
      "hostname": "mdb8",
      "id": "mdb8:37017",
      "port": 37017,
      "rsId": "sgcShard_0",
      "state": "RECOVERY_IN_PROGRESS",
      "stateUpdateTime": 1770063335
    },
    {
      "error": null,
      "hostname": "mdb3",
      "id": "mdb3:37017",
      "port": 37017,
      "rsId": "sgcShard_0",
      "state": "RECOVERY_IN_PROGRESS",
      "stateUpdateTime": 1770063363
    },
    {
      "error": null,
      "hostname": "mdb9",
      "id": "mdb9:37017",
      "port": 37017,
      "rsId": "sgcShard_1",
      "state": "RECOVERY_IN_PROGRESS",
      "stateUpdateTime": 1770063444
    },
    {
      "error": "<sgcCluster_sgcShard_1_142> [15:35:14.994] Plan execution failed on step MakeBackupDataAvailable as part of move RestoreRsMemberFromBackupPhase1 : <sgcCluster_sgcShard_1_142> [15:35:14.994] Failed to apply action. Result = <nil> : <sgcCluster_sgcShard_1_142> [15:35:14.994] Failed to download the snapshot : <sgcCluster_sgcShard_1_142> [15:35:14.994] Error while waiting for third party to copy backup to /fimongo1/data : <sgcCluster_sgcShard_1_142> [15:35:14.994] Observed error when pruning files not in backup cursor file list. : Error opening file /fimongo1/data/fileList.txt. Err: open /fimongo1/data/fileList.txt: no such file or directory\n\tat src/util/thirdPartyRestore.go:137\n\tat src/util/thirdPartyRestore.go:120\n\tat src/util/thirdPartyRestore.go:112\n\tat src/restore/restorefrombackup.go:458\n\tat src/restore/restorefrombackup.go:204\n\tat src/planner/action.go:27\n\tat src/director/director.go:977\n\tat src/director/director.go:585\n\tat src/director/director.go:393\n\tat src/director/director.go:183\n\tat louisaberger/procexec@v0.0.0-20190729191719-000865fcfa49/concurrency.go:45\n\tat src/runtime/asm_s390x.s:797",
      "hostname": "mdb2",
      "id": "mdb2:37017",
      "port": 37017,
      "rsId": "sgcShard_1",
      "state": "RECOVERY_IN_PROGRESS",
      "stateUpdateTime": 1770063540
    },
    {
      "error": null,
      "hostname": "mdb4",
      "id": "mdb4:37017",
      "port": 37017,
      "rsId": "sgcShard_1",
      "state": "RECOVERY_IN_PROGRESS",
      "stateUpdateTime": 1770063575
    },
    {
      "error": null,
      "hostname": "mdb-config2",
      "id": "mdb-config2:37017",
      "port": 37017,
      "rsId": "configRS",
      "state": "RECOVERY_IN_PROGRESS",
      "stateUpdateTime": 1770063641
    },
    {
      "error": "<sgcCluster_configRS_145> [15:35:11.083] Plan execution failed on step MakeBackupDataAvailable as part of move RestoreRsMemberFromBackupPhase1 : <sgcCluster_configRS_145> [15:35:11.083] Failed to apply action. Result = <nil> : <sgcCluster_configRS_145> [15:35:11.083] Failed to download the snapshot : <sgcCluster_configRS_145> [15:35:11.083] Error while waiting for third party to copy backup to /fimongo1/data : <sgcCluster_configRS_145> [15:35:11.083] Observed error when pruning files not in backup cursor file list. : Error opening file /fimongo1/data/fileList.txt. Err: open /fimongo1/data/fileList.txt: no such file or directory\n\tat src/util/thirdPartyRestore.go:137\n\tat src/util/thirdPartyRestore.go:120\n\tat src/util/thirdPartyRestore.go:112\n\tat src/restore/restorefrombackup.go:458\n\tat src/restore/restorefrombackup.go:204\n\tat src/planner/action.go:27\n\tat src/director/director.go:977\n\tat src/director/director.go:585\n\tat src/director/director.go:393\n\tat src/director/director.go:183\n\tat louisaberger/procexec@v0.0.0-20190729191719-000865fcfa49/concurrency.go:45\n\tat src/runtime/asm_s390x.s:797",
      "hostname": "mdb-config1",
      "id": "mdb-config1:37017",
      "port": 37017,
      "rsId": "configRS",
      "state": "RECOVERY_IN_PROGRESS",
      "stateUpdateTime": 1770063687
    },
    {
      "error": null,
      "hostname": "mdb7",
      "id": "mdb7:37017",
      "port": 37017,
      "rsId": "configRS",
      "state": "RECOVERY_IN_PROGRESS",
      "stateUpdateTime": 1770063734
    }
  ],
  "state": "RECOVERY_IN_PROGRESS"
}
2026-02-02 14:35:29,288 [INFO] Restore state: RECOVERY_IN_PROGRESS
2026-02-02 14:35:39,289 [DEBUG] API GET http://sb1.cpolab.ibm.com:8080/api/public/v1.0/backup/third_party/group/67eed68e0ba1970a07e16b77/restore/698104274ad5445e026ff044
2026-02-02 14:35:39,468 [DEBUG] STATUS 200
2026-02-02 14:35:39,469 [DEBUG] {
  "clusterMapping": [
    {
      "rsId": "sgcShard_0",
      "targetRsId": "sgcShard_0"
    },
    {
      "rsId": "sgcShard_1",
      "targetRsId": "sgcShard_1"
    },
    {
      "rsId": "configRS",
      "targetRsId": "configRS"
    }
  ],
  "nodes": [
    {
      "error": null,
      "hostname": "mdb1",
      "id": "mdb1:37017",
      "port": 37017,
      "rsId": "sgcShard_0",
      "state": "RECOVERY_IN_PROGRESS",
      "stateUpdateTime": 1770063297
    },
    {
      "error": null,
      "hostname": "mdb8",
      "id": "mdb8:37017",
      "port": 37017,
      "rsId": "sgcShard_0",
      "state": "RECOVERY_IN_PROGRESS",
      "stateUpdateTime": 1770063335
    },
    {
      "error": null,
      "hostname": "mdb3",
      "id": "mdb3:37017",
      "port": 37017,
      "rsId": "sgcShard_0",
      "state": "RECOVERY_IN_PROGRESS",
      "stateUpdateTime": 1770063363
    },
    {
      "error": null,
      "hostname": "mdb9",
      "id": "mdb9:37017",
      "port": 37017,
      "rsId": "sgcShard_1",
      "state": "RECOVERY_IN_PROGRESS",
      "stateUpdateTime": 1770063444
    },
    {
      "error": "<sgcCluster_sgcShard_1_142> [15:35:14.994] Plan execution failed on step MakeBackupDataAvailable as part of move RestoreRsMemberFromBackupPhase1 : <sgcCluster_sgcShard_1_142> [15:35:14.994] Failed to apply action. Result = <nil> : <sgcCluster_sgcShard_1_142> [15:35:14.994] Failed to download the snapshot : <sgcCluster_sgcShard_1_142> [15:35:14.994] Error while waiting for third party to copy backup to /fimongo1/data : <sgcCluster_sgcShard_1_142> [15:35:14.994] Observed error when pruning files not in backup cursor file list. : Error opening file /fimongo1/data/fileList.txt. Err: open /fimongo1/data/fileList.txt: no such file or directory\n\tat src/util/thirdPartyRestore.go:137\n\tat src/util/thirdPartyRestore.go:120\n\tat src/util/thirdPartyRestore.go:112\n\tat src/restore/restorefrombackup.go:458\n\tat src/restore/restorefrombackup.go:204\n\tat src/planner/action.go:27\n\tat src/director/director.go:977\n\tat src/director/director.go:585\n\tat src/director/director.go:393\n\tat src/director/director.go:183\n\tat louisaberger/procexec@v0.0.0-20190729191719-000865fcfa49/concurrency.go:45\n\tat src/runtime/asm_s390x.s:797",
      "hostname": "mdb2",
      "id": "mdb2:37017",
      "port": 37017,
      "rsId": "sgcShard_1",
      "state": "RECOVERY_IN_PROGRESS",
      "stateUpdateTime": 1770063540
    },
    {
      "error": null,
      "hostname": "mdb4",
      "id": "mdb4:37017",
      "port": 37017,
      "rsId": "sgcShard_1",
      "state": "RECOVERY_IN_PROGRESS",
      "stateUpdateTime": 1770063575
    },
    {
      "error": null,
      "hostname": "mdb-config2",
      "id": "mdb-config2:37017",
      "port": 37017,
      "rsId": "configRS",
      "state": "RECOVERY_IN_PROGRESS",
      "stateUpdateTime": 1770063641
    },
    {
      "error": "<sgcCluster_configRS_145> [15:35:11.083] Plan execution failed on step MakeBackupDataAvailable as part of move RestoreRsMemberFromBackupPhase1 : <sgcCluster_configRS_145> [15:35:11.083] Failed to apply action. Result = <nil> : <sgcCluster_configRS_145> [15:35:11.083] Failed to download the snapshot : <sgcCluster_configRS_145> [15:35:11.083] Error while waiting for third party to copy backup to /fimongo1/data : <sgcCluster_configRS_145> [15:35:11.083] Observed error when pruning files not in backup cursor file list. : Error opening file /fimongo1/data/fileList.txt. Err: open /fimongo1/data/fileList.txt: no such file or directory\n\tat src/util/thirdPartyRestore.go:137\n\tat src/util/thirdPartyRestore.go:120\n\tat src/util/thirdPartyRestore.go:112\n\tat src/restore/restorefrombackup.go:458\n\tat src/restore/restorefrombackup.go:204\n\tat src/planner/action.go:27\n\tat src/director/director.go:977\n\tat src/director/director.go:585\n\tat src/director/director.go:393\n\tat src/director/director.go:183\n\tat louisaberger/procexec@v0.0.0-20190729191719-000865fcfa49/concurrency.go:45\n\tat src/runtime/asm_s390x.s:797",
      "hostname": "mdb-config1",
      "id": "mdb-config1:37017",
      "port": 37017,
      "rsId": "configRS",
      "state": "RECOVERY_IN_PROGRESS",
      "stateUpdateTime": 1770063687
    },
    {
      "error": null,
      "hostname": "mdb7",
      "id": "mdb7:37017",
      "port": 37017,
      "rsId": "configRS",
      "state": "RECOVERY_IN_PROGRESS",
      "stateUpdateTime": 1770063734
    }
  ],
  "state": "RECOVERY_IN_PROGRESS"
}
2026-02-02 14:35:39,469 [INFO] Restore state: RECOVERY_IN_PROGRESS
2026-02-02 14:35:49,470 [DEBUG] API GET http://sb1.cpolab.ibm.com:8080/api/public/v1.0/backup/third_party/group/67eed68e0ba1970a07e16b77/restore/698104274ad5445e026ff044
2026-02-02 14:35:49,662 [DEBUG] STATUS 200
2026-02-02 14:35:49,662 [DEBUG] {
  "clusterMapping": [
    {
      "rsId": "sgcShard_0",
      "targetRsId": "sgcShard_0"
    },
    {
      "rsId": "sgcShard_1",
      "targetRsId": "sgcShard_1"
    },
    {
      "rsId": "configRS",
      "targetRsId": "configRS"
    }
  ],
  "nodes": [
    {
      "error": null,
      "hostname": "mdb1",
      "id": "mdb1:37017",
      "port": 37017,
      "rsId": "sgcShard_0",
      "state": "RECOVERY_IN_PROGRESS",
      "stateUpdateTime": 1770063297
    },
    {
      "error": null,
      "hostname": "mdb8",
      "id": "mdb8:37017",
      "port": 37017,
      "rsId": "sgcShard_0",
      "state": "RECOVERY_IN_PROGRESS",
      "stateUpdateTime": 1770063335
    },
    {
      "error": null,
      "hostname": "mdb3",
      "id": "mdb3:37017",
      "port": 37017,
      "rsId": "sgcShard_0",
      "state": "RECOVERY_IN_PROGRESS",
      "stateUpdateTime": 1770063363
    },
    {
      "error": null,
      "hostname": "mdb9",
      "id": "mdb9:37017",
      "port": 37017,
      "rsId": "sgcShard_1",
      "state": "RECOVERY_IN_PROGRESS",
      "stateUpdateTime": 1770063444
    },
    {
      "error": "<sgcCluster_sgcShard_1_142> [15:35:14.994] Plan execution failed on step MakeBackupDataAvailable as part of move RestoreRsMemberFromBackupPhase1 : <sgcCluster_sgcShard_1_142> [15:35:14.994] Failed to apply action. Result = <nil> : <sgcCluster_sgcShard_1_142> [15:35:14.994] Failed to download the snapshot : <sgcCluster_sgcShard_1_142> [15:35:14.994] Error while waiting for third party to copy backup to /fimongo1/data : <sgcCluster_sgcShard_1_142> [15:35:14.994] Observed error when pruning files not in backup cursor file list. : Error opening file /fimongo1/data/fileList.txt. Err: open /fimongo1/data/fileList.txt: no such file or directory\n\tat src/util/thirdPartyRestore.go:137\n\tat src/util/thirdPartyRestore.go:120\n\tat src/util/thirdPartyRestore.go:112\n\tat src/restore/restorefrombackup.go:458\n\tat src/restore/restorefrombackup.go:204\n\tat src/planner/action.go:27\n\tat src/director/director.go:977\n\tat src/director/director.go:585\n\tat src/director/director.go:393\n\tat src/director/director.go:183\n\tat louisaberger/procexec@v0.0.0-20190729191719-000865fcfa49/concurrency.go:45\n\tat src/runtime/asm_s390x.s:797",
      "hostname": "mdb2",
      "id": "mdb2:37017",
      "port": 37017,
      "rsId": "sgcShard_1",
      "state": "RECOVERY_IN_PROGRESS",
      "stateUpdateTime": 1770063540
    },
    {
      "error": null,
      "hostname": "mdb4",
      "id": "mdb4:37017",
      "port": 37017,
      "rsId": "sgcShard_1",
      "state": "RECOVERY_IN_PROGRESS",
      "stateUpdateTime": 1770063575
    },
    {
      "error": null,
      "hostname": "mdb-config2",
      "id": "mdb-config2:37017",
      "port": 37017,
      "rsId": "configRS",
      "state": "RECOVERY_IN_PROGRESS",
      "stateUpdateTime": 1770063641
    },
    {
      "error": "<sgcCluster_configRS_145> [15:35:11.083] Plan execution failed on step MakeBackupDataAvailable as part of move RestoreRsMemberFromBackupPhase1 : <sgcCluster_configRS_145> [15:35:11.083] Failed to apply action. Result = <nil> : <sgcCluster_configRS_145> [15:35:11.083] Failed to download the snapshot : <sgcCluster_configRS_145> [15:35:11.083] Error while waiting for third party to copy backup to /fimongo1/data : <sgcCluster_configRS_145> [15:35:11.083] Observed error when pruning files not in backup cursor file list. : Error opening file /fimongo1/data/fileList.txt. Err: open /fimongo1/data/fileList.txt: no such file or directory\n\tat src/util/thirdPartyRestore.go:137\n\tat src/util/thirdPartyRestore.go:120\n\tat src/util/thirdPartyRestore.go:112\n\tat src/restore/restorefrombackup.go:458\n\tat src/restore/restorefrombackup.go:204\n\tat src/planner/action.go:27\n\tat src/director/director.go:977\n\tat src/director/director.go:585\n\tat src/director/director.go:393\n\tat src/director/director.go:183\n\tat louisaberger/procexec@v0.0.0-20190729191719-000865fcfa49/concurrency.go:45\n\tat src/runtime/asm_s390x.s:797",
      "hostname": "mdb-config1",
      "id": "mdb-config1:37017",
      "port": 37017,
      "rsId": "configRS",
      "state": "RECOVERY_IN_PROGRESS",
      "stateUpdateTime": 1770063687
    },
    {
      "error": null,
      "hostname": "mdb7",
      "id": "mdb7:37017",
      "port": 37017,
      "rsId": "configRS",
      "state": "RECOVERY_IN_PROGRESS",
      "stateUpdateTime": 1770063734
    }
  ],
  "state": "RECOVERY_IN_PROGRESS"
}
2026-02-02 14:35:49,662 [INFO] Restore state: RECOVERY_IN_PROGRESS
2026-02-02 14:35:59,663 [DEBUG] API GET http://sb1.cpolab.ibm.com:8080/api/public/v1.0/backup/third_party/group/67eed68e0ba1970a07e16b77/restore/698104274ad5445e026ff044
2026-02-02 14:35:59,850 [DEBUG] STATUS 200
2026-02-02 14:35:59,850 [DEBUG] {
  "clusterMapping": [
    {
      "rsId": "sgcShard_0",
      "targetRsId": "sgcShard_0"
    },
    {
      "rsId": "sgcShard_1",
      "targetRsId": "sgcShard_1"
    },
    {
      "rsId": "configRS",
      "targetRsId": "configRS"
    }
  ],
  "nodes": [
    {
      "error": null,
      "hostname": "mdb1",
      "id": "mdb1:37017",
      "port": 37017,
      "rsId": "sgcShard_0",
      "state": "RECOVERY_IN_PROGRESS",
      "stateUpdateTime": 1770063297
    },
    {
      "error": null,
      "hostname": "mdb8",
      "id": "mdb8:37017",
      "port": 37017,
      "rsId": "sgcShard_0",
      "state": "RECOVERY_IN_PROGRESS",
      "stateUpdateTime": 1770063335
    },
    {
      "error": null,
      "hostname": "mdb3",
      "id": "mdb3:37017",
      "port": 37017,
      "rsId": "sgcShard_0",
      "state": "RECOVERY_IN_PROGRESS",
      "stateUpdateTime": 1770063363
    },
    {
      "error": null,
      "hostname": "mdb9",
      "id": "mdb9:37017",
      "port": 37017,
      "rsId": "sgcShard_1",
      "state": "RECOVERY_IN_PROGRESS",
      "stateUpdateTime": 1770063444
    },
    {
      "error": null,
      "hostname": "mdb2",
      "id": "mdb2:37017",
      "port": 37017,
      "rsId": "sgcShard_1",
      "state": "RECOVERY_IN_PROGRESS",
      "stateUpdateTime": 1770063540
    },
    {
      "error": null,
      "hostname": "mdb4",
      "id": "mdb4:37017",
      "port": 37017,
      "rsId": "sgcShard_1",
      "state": "RECOVERY_IN_PROGRESS",
      "stateUpdateTime": 1770063575
    },
    {
      "error": null,
      "hostname": "mdb-config2",
      "id": "mdb-config2:37017",
      "port": 37017,
      "rsId": "configRS",
      "state": "RECOVERY_IN_PROGRESS",
      "stateUpdateTime": 1770063641
    },
    {
      "error": "Failed to mark node as COPY_FILES as the node was previously RECOVERY_IN_PROGRESS",
      "hostname": "mdb-config1",
      "id": "mdb-config1:37017",
      "port": 37017,
      "rsId": "configRS",
      "state": "RECOVERY_IN_PROGRESS",
      "stateUpdateTime": 1770063687
    },
    {
      "error": null,
      "hostname": "mdb7",
      "id": "mdb7:37017",
      "port": 37017,
      "rsId": "configRS",
      "state": "RECOVERY_IN_PROGRESS",
      "stateUpdateTime": 1770063734
    }
  ],
  "state": "RECOVERY_IN_PROGRESS"
}
2026-02-02 14:35:59,850 [INFO] Restore state: RECOVERY_IN_PROGRESS
2026-02-02 14:36:09,851 [DEBUG] API GET http://sb1.cpolab.ibm.com:8080/api/public/v1.0/backup/third_party/group/67eed68e0ba1970a07e16b77/restore/698104274ad5445e026ff044
2026-02-02 14:36:10,043 [DEBUG] STATUS 200
2026-02-02 14:36:10,043 [DEBUG] {
  "clusterMapping": [
    {
      "rsId": "sgcShard_0",
      "targetRsId": "sgcShard_0"
    },
    {
      "rsId": "sgcShard_1",
      "targetRsId": "sgcShard_1"
    },
    {
      "rsId": "configRS",
      "targetRsId": "configRS"
    }
  ],
  "nodes": [
    {
      "error": null,
      "hostname": "mdb1",
      "id": "mdb1:37017",
      "port": 37017,
      "rsId": "sgcShard_0",
      "state": "RECOVERY_IN_PROGRESS",
      "stateUpdateTime": 1770063297
    },
    {
      "error": null,
      "hostname": "mdb8",
      "id": "mdb8:37017",
      "port": 37017,
      "rsId": "sgcShard_0",
      "state": "RECOVERY_IN_PROGRESS",
      "stateUpdateTime": 1770063335
    },
    {
      "error": null,
      "hostname": "mdb3",
      "id": "mdb3:37017",
      "port": 37017,
      "rsId": "sgcShard_0",
      "state": "RECOVERY_IN_PROGRESS",
      "stateUpdateTime": 1770063363
    },
    {
      "error": null,
      "hostname": "mdb9",
      "id": "mdb9:37017",
      "port": 37017,
      "rsId": "sgcShard_1",
      "state": "RECOVERY_IN_PROGRESS",
      "stateUpdateTime": 1770063444
    },
    {
      "error": null,
      "hostname": "mdb2",
      "id": "mdb2:37017",
      "port": 37017,
      "rsId": "sgcShard_1",
      "state": "RECOVERY_IN_PROGRESS",
      "stateUpdateTime": 1770063540
    },
    {
      "error": null,
      "hostname": "mdb4",
      "id": "mdb4:37017",
      "port": 37017,
      "rsId": "sgcShard_1",
      "state": "RECOVERY_IN_PROGRESS",
      "stateUpdateTime": 1770063575
    },
    {
      "error": null,
      "hostname": "mdb-config2",
      "id": "mdb-config2:37017",
      "port": 37017,
      "rsId": "configRS",
      "state": "RECOVERY_IN_PROGRESS",
      "stateUpdateTime": 1770063641
    },
    {
      "error": "Failed to mark node as COPY_FILES as the node was previously RECOVERY_IN_PROGRESS",
      "hostname": "mdb-config1",
      "id": "mdb-config1:37017",
      "port": 37017,
      "rsId": "configRS",
      "state": "RECOVERY_IN_PROGRESS",
      "stateUpdateTime": 1770063687
    },
    {
      "error": null,
      "hostname": "mdb7",
      "id": "mdb7:37017",
      "port": 37017,
      "rsId": "configRS",
      "state": "RECOVERY_IN_PROGRESS",
      "stateUpdateTime": 1770063734
    }
  ],
  "state": "RECOVERY_IN_PROGRESS"
}
2026-02-02 14:36:10,043 [INFO] Restore state: RECOVERY_IN_PROGRESS
2026-02-02 14:36:20,044 [DEBUG] API GET http://sb1.cpolab.ibm.com:8080/api/public/v1.0/backup/third_party/group/67eed68e0ba1970a07e16b77/restore/698104274ad5445e026ff044
2026-02-02 14:36:20,218 [DEBUG] STATUS 200
2026-02-02 14:36:20,218 [DEBUG] {
  "clusterMapping": [
    {
      "rsId": "sgcShard_0",
      "targetRsId": "sgcShard_0"
    },
    {
      "rsId": "sgcShard_1",
      "targetRsId": "sgcShard_1"
    },
    {
      "rsId": "configRS",
      "targetRsId": "configRS"
    }
  ],
  "nodes": [
    {
      "error": null,
      "hostname": "mdb1",
      "id": "mdb1:37017",
      "port": 37017,
      "rsId": "sgcShard_0",
      "state": "RECOVERY_IN_PROGRESS",
      "stateUpdateTime": 1770063297
    },
    {
      "error": null,
      "hostname": "mdb8",
      "id": "mdb8:37017",
      "port": 37017,
      "rsId": "sgcShard_0",
      "state": "RECOVERY_IN_PROGRESS",
      "stateUpdateTime": 1770063335
    },
    {
      "error": null,
      "hostname": "mdb3",
      "id": "mdb3:37017",
      "port": 37017,
      "rsId": "sgcShard_0",
      "state": "RECOVERY_IN_PROGRESS",
      "stateUpdateTime": 1770063363
    },
    {
      "error": null,
      "hostname": "mdb9",
      "id": "mdb9:37017",
      "port": 37017,
      "rsId": "sgcShard_1",
      "state": "RECOVERY_IN_PROGRESS",
      "stateUpdateTime": 1770063444
    },
    {
      "error": null,
      "hostname": "mdb2",
      "id": "mdb2:37017",
      "port": 37017,
      "rsId": "sgcShard_1",
      "state": "RECOVERY_IN_PROGRESS",
      "stateUpdateTime": 1770063540
    },
    {
      "error": null,
      "hostname": "mdb4",
      "id": "mdb4:37017",
      "port": 37017,
      "rsId": "sgcShard_1",
      "state": "RECOVERY_IN_PROGRESS",
      "stateUpdateTime": 1770063575
    },
    {
      "error": null,
      "hostname": "mdb-config2",
      "id": "mdb-config2:37017",
      "port": 37017,
      "rsId": "configRS",
      "state": "RECOVERY_IN_PROGRESS",
      "stateUpdateTime": 1770063641
    },
    {
      "error": "Failed to mark node as COPY_FILES as the node was previously RECOVERY_IN_PROGRESS",
      "hostname": "mdb-config1",
      "id": "mdb-config1:37017",
      "port": 37017,
      "rsId": "configRS",
      "state": "RECOVERY_IN_PROGRESS",
      "stateUpdateTime": 1770063687
    },
    {
      "error": null,
      "hostname": "mdb7",
      "id": "mdb7:37017",
      "port": 37017,
      "rsId": "configRS",
      "state": "RECOVERY_IN_PROGRESS",
      "stateUpdateTime": 1770063734
    }
  ],
  "state": "RECOVERY_IN_PROGRESS"
}
2026-02-02 14:36:20,218 [INFO] Restore state: RECOVERY_IN_PROGRESS
2026-02-02 14:36:30,219 [DEBUG] API GET http://sb1.cpolab.ibm.com:8080/api/public/v1.0/backup/third_party/group/67eed68e0ba1970a07e16b77/restore/698104274ad5445e026ff044
2026-02-02 14:36:30,454 [DEBUG] STATUS 200
2026-02-02 14:36:30,454 [DEBUG] {
  "clusterMapping": [
    {
      "rsId": "sgcShard_0",
      "targetRsId": "sgcShard_0"
    },
    {
      "rsId": "sgcShard_1",
      "targetRsId": "sgcShard_1"
    },
    {
      "rsId": "configRS",
      "targetRsId": "configRS"
    }
  ],
  "nodes": [
    {
      "error": null,
      "hostname": "mdb1",
      "id": "mdb1:37017",
      "port": 37017,
      "rsId": "sgcShard_0",
      "state": "RECOVERY_IN_PROGRESS",
      "stateUpdateTime": 1770063297
    },
    {
      "error": null,
      "hostname": "mdb8",
      "id": "mdb8:37017",
      "port": 37017,
      "rsId": "sgcShard_0",
      "state": "RECOVERY_IN_PROGRESS",
      "stateUpdateTime": 1770063335
    },
    {
      "error": null,
      "hostname": "mdb3",
      "id": "mdb3:37017",
      "port": 37017,
      "rsId": "sgcShard_0",
      "state": "RECOVERY_IN_PROGRESS",
      "stateUpdateTime": 1770063363
    },
    {
      "error": null,
      "hostname": "mdb9",
      "id": "mdb9:37017",
      "port": 37017,
      "rsId": "sgcShard_1",
      "state": "RECOVERY_IN_PROGRESS",
      "stateUpdateTime": 1770063444
    },
    {
      "error": null,
      "hostname": "mdb2",
      "id": "mdb2:37017",
      "port": 37017,
      "rsId": "sgcShard_1",
      "state": "RECOVERY_IN_PROGRESS",
      "stateUpdateTime": 1770063540
    },
    {
      "error": null,
      "hostname": "mdb4",
      "id": "mdb4:37017",
      "port": 37017,
      "rsId": "sgcShard_1",
      "state": "RECOVERY_IN_PROGRESS",
      "stateUpdateTime": 1770063575
    },
    {
      "error": null,
      "hostname": "mdb-config2",
      "id": "mdb-config2:37017",
      "port": 37017,
      "rsId": "configRS",
      "state": "RECOVERY_IN_PROGRESS",
      "stateUpdateTime": 1770063641
    },
    {
      "error": "Failed to mark node as COPY_FILES as the node was previously RECOVERY_IN_PROGRESS",
      "hostname": "mdb-config1",
      "id": "mdb-config1:37017",
      "port": 37017,
      "rsId": "configRS",
      "state": "RECOVERY_IN_PROGRESS",
      "stateUpdateTime": 1770063687
    },
    {
      "error": null,
      "hostname": "mdb7",
      "id": "mdb7:37017",
      "port": 37017,
      "rsId": "configRS",
      "state": "RECOVERY_IN_PROGRESS",
      "stateUpdateTime": 1770063734
    }
  ],
  "state": "RECOVERY_IN_PROGRESS"
}
2026-02-02 14:36:30,454 [INFO] Restore state: RECOVERY_IN_PROGRESS
2026-02-02 14:36:40,455 [DEBUG] API GET http://sb1.cpolab.ibm.com:8080/api/public/v1.0/backup/third_party/group/67eed68e0ba1970a07e16b77/restore/698104274ad5445e026ff044
2026-02-02 14:36:40,635 [DEBUG] STATUS 200
2026-02-02 14:36:40,635 [DEBUG] {
  "clusterMapping": [
    {
      "rsId": "sgcShard_0",
      "targetRsId": "sgcShard_0"
    },
    {
      "rsId": "sgcShard_1",
      "targetRsId": "sgcShard_1"
    },
    {
      "rsId": "configRS",
      "targetRsId": "configRS"
    }
  ],
  "nodes": [
    {
      "error": null,
      "hostname": "mdb1",
      "id": "mdb1:37017",
      "port": 37017,
      "rsId": "sgcShard_0",
      "state": "RECOVERY_IN_PROGRESS",
      "stateUpdateTime": 1770063297
    },
    {
      "error": null,
      "hostname": "mdb8",
      "id": "mdb8:37017",
      "port": 37017,
      "rsId": "sgcShard_0",
      "state": "RECOVERY_IN_PROGRESS",
      "stateUpdateTime": 1770063335
    },
    {
      "error": null,
      "hostname": "mdb3",
      "id": "mdb3:37017",
      "port": 37017,
      "rsId": "sgcShard_0",
      "state": "RECOVERY_IN_PROGRESS",
      "stateUpdateTime": 1770063363
    },
    {
      "error": null,
      "hostname": "mdb9",
      "id": "mdb9:37017",
      "port": 37017,
      "rsId": "sgcShard_1",
      "state": "RECOVERY_IN_PROGRESS",
      "stateUpdateTime": 1770063444
    },
    {
      "error": null,
      "hostname": "mdb2",
      "id": "mdb2:37017",
      "port": 37017,
      "rsId": "sgcShard_1",
      "state": "RECOVERY_IN_PROGRESS",
      "stateUpdateTime": 1770063540
    },
    {
      "error": null,
      "hostname": "mdb4",
      "id": "mdb4:37017",
      "port": 37017,
      "rsId": "sgcShard_1",
      "state": "RECOVERY_IN_PROGRESS",
      "stateUpdateTime": 1770063575
    },
    {
      "error": null,
      "hostname": "mdb-config2",
      "id": "mdb-config2:37017",
      "port": 37017,
      "rsId": "configRS",
      "state": "RECOVERY_IN_PROGRESS",
      "stateUpdateTime": 1770063641
    },
    {
      "error": "Failed to mark node as COPY_FILES as the node was previously RECOVERY_IN_PROGRESS",
      "hostname": "mdb-config1",
      "id": "mdb-config1:37017",
      "port": 37017,
      "rsId": "configRS",
      "state": "RECOVERY_IN_PROGRESS",
      "stateUpdateTime": 1770063687
    },
    {
      "error": null,
      "hostname": "mdb7",
      "id": "mdb7:37017",
      "port": 37017,
      "rsId": "configRS",
      "state": "RECOVERY_IN_PROGRESS",
      "stateUpdateTime": 1770063734
    }
  ],
  "state": "RECOVERY_IN_PROGRESS"
}
2026-02-02 14:36:40,635 [INFO] Restore state: RECOVERY_IN_PROGRESS
2026-02-02 14:36:50,636 [DEBUG] API GET http://sb1.cpolab.ibm.com:8080/api/public/v1.0/backup/third_party/group/67eed68e0ba1970a07e16b77/restore/698104274ad5445e026ff044
2026-02-02 14:36:50,818 [DEBUG] STATUS 200
2026-02-02 14:36:50,819 [DEBUG] {
  "clusterMapping": [
    {
      "rsId": "sgcShard_0",
      "targetRsId": "sgcShard_0"
    },
    {
      "rsId": "sgcShard_1",
      "targetRsId": "sgcShard_1"
    },
    {
      "rsId": "configRS",
      "targetRsId": "configRS"
    }
  ],
  "nodes": [
    {
      "error": null,
      "hostname": "mdb1",
      "id": "mdb1:37017",
      "port": 37017,
      "rsId": "sgcShard_0",
      "state": "RECOVERY_IN_PROGRESS",
      "stateUpdateTime": 1770063297
    },
    {
      "error": null,
      "hostname": "mdb8",
      "id": "mdb8:37017",
      "port": 37017,
      "rsId": "sgcShard_0",
      "state": "RECOVERY_IN_PROGRESS",
      "stateUpdateTime": 1770063335
    },
    {
      "error": null,
      "hostname": "mdb3",
      "id": "mdb3:37017",
      "port": 37017,
      "rsId": "sgcShard_0",
      "state": "RECOVERY_IN_PROGRESS",
      "stateUpdateTime": 1770063363
    },
    {
      "error": null,
      "hostname": "mdb9",
      "id": "mdb9:37017",
      "port": 37017,
      "rsId": "sgcShard_1",
      "state": "RECOVERY_IN_PROGRESS",
      "stateUpdateTime": 1770063444
    },
    {
      "error": null,
      "hostname": "mdb2",
      "id": "mdb2:37017",
      "port": 37017,
      "rsId": "sgcShard_1",
      "state": "RECOVERY_IN_PROGRESS",
      "stateUpdateTime": 1770063540
    },
    {
      "error": null,
      "hostname": "mdb4",
      "id": "mdb4:37017",
      "port": 37017,
      "rsId": "sgcShard_1",
      "state": "RECOVERY_IN_PROGRESS",
      "stateUpdateTime": 1770063575
    },
    {
      "error": null,
      "hostname": "mdb-config2",
      "id": "mdb-config2:37017",
      "port": 37017,
      "rsId": "configRS",
      "state": "RECOVERY_IN_PROGRESS",
      "stateUpdateTime": 1770063641
    },
    {
      "error": "Failed to mark node as COPY_FILES as the node was previously RECOVERY_IN_PROGRESS",
      "hostname": "mdb-config1",
      "id": "mdb-config1:37017",
      "port": 37017,
      "rsId": "configRS",
      "state": "RECOVERY_IN_PROGRESS",
      "stateUpdateTime": 1770063687
    },
    {
      "error": null,
      "hostname": "mdb7",
      "id": "mdb7:37017",
      "port": 37017,
      "rsId": "configRS",
      "state": "RECOVERY_IN_PROGRESS",
      "stateUpdateTime": 1770063734
    }
  ],
  "state": "RECOVERY_IN_PROGRESS"
}
2026-02-02 14:36:50,819 [INFO] Restore state: RECOVERY_IN_PROGRESS
2026-02-02 14:37:00,820 [DEBUG] API GET http://sb1.cpolab.ibm.com:8080/api/public/v1.0/backup/third_party/group/67eed68e0ba1970a07e16b77/restore/698104274ad5445e026ff044
2026-02-02 14:37:00,989 [DEBUG] STATUS 200
2026-02-02 14:37:00,989 [DEBUG] {
  "clusterMapping": [
    {
      "rsId": "sgcShard_0",
      "targetRsId": "sgcShard_0"
    },
    {
      "rsId": "sgcShard_1",
      "targetRsId": "sgcShard_1"
    },
    {
      "rsId": "configRS",
      "targetRsId": "configRS"
    }
  ],
  "nodes": [
    {
      "error": null,
      "hostname": "mdb1",
      "id": "mdb1:37017",
      "port": 37017,
      "rsId": "sgcShard_0",
      "state": "RECOVERY_IN_PROGRESS",
      "stateUpdateTime": 1770063297
    },
    {
      "error": null,
      "hostname": "mdb8",
      "id": "mdb8:37017",
      "port": 37017,
      "rsId": "sgcShard_0",
      "state": "RECOVERY_IN_PROGRESS",
      "stateUpdateTime": 1770063335
    },
    {
      "error": null,
      "hostname": "mdb3",
      "id": "mdb3:37017",
      "port": 37017,
      "rsId": "sgcShard_0",
      "state": "RECOVERY_IN_PROGRESS",
      "stateUpdateTime": 1770063363
    },
    {
      "error": null,
      "hostname": "mdb9",
      "id": "mdb9:37017",
      "port": 37017,
      "rsId": "sgcShard_1",
      "state": "RECOVERY_IN_PROGRESS",
      "stateUpdateTime": 1770063444
    },
    {
      "error": null,
      "hostname": "mdb2",
      "id": "mdb2:37017",
      "port": 37017,
      "rsId": "sgcShard_1",
      "state": "RECOVERY_IN_PROGRESS",
      "stateUpdateTime": 1770063540
    },
    {
      "error": null,
      "hostname": "mdb4",
      "id": "mdb4:37017",
      "port": 37017,
      "rsId": "sgcShard_1",
      "state": "RECOVERY_IN_PROGRESS",
      "stateUpdateTime": 1770063575
    },
    {
      "error": null,
      "hostname": "mdb-config2",
      "id": "mdb-config2:37017",
      "port": 37017,
      "rsId": "configRS",
      "state": "RECOVERY_IN_PROGRESS",
      "stateUpdateTime": 1770063641
    },
    {
      "error": "Failed to mark node as COPY_FILES as the node was previously RECOVERY_IN_PROGRESS",
      "hostname": "mdb-config1",
      "id": "mdb-config1:37017",
      "port": 37017,
      "rsId": "configRS",
      "state": "RECOVERY_IN_PROGRESS",
      "stateUpdateTime": 1770063687
    },
    {
      "error": null,
      "hostname": "mdb7",
      "id": "mdb7:37017",
      "port": 37017,
      "rsId": "configRS",
      "state": "RECOVERY_IN_PROGRESS",
      "stateUpdateTime": 1770063734
    }
  ],
  "state": "RECOVERY_IN_PROGRESS"
}
2026-02-02 14:37:00,990 [INFO] Restore state: RECOVERY_IN_PROGRESS
2026-02-02 14:37:10,990 [DEBUG] API GET http://sb1.cpolab.ibm.com:8080/api/public/v1.0/backup/third_party/group/67eed68e0ba1970a07e16b77/restore/698104274ad5445e026ff044
2026-02-02 14:37:11,161 [DEBUG] STATUS 200
2026-02-02 14:37:11,161 [DEBUG] {
  "clusterMapping": [
    {
      "rsId": "sgcShard_0",
      "targetRsId": "sgcShard_0"
    },
    {
      "rsId": "sgcShard_1",
      "targetRsId": "sgcShard_1"
    },
    {
      "rsId": "configRS",
      "targetRsId": "configRS"
    }
  ],
  "nodes": [
    {
      "error": null,
      "hostname": "mdb1",
      "id": "mdb1:37017",
      "port": 37017,
      "rsId": "sgcShard_0",
      "state": "RECOVERY_IN_PROGRESS",
      "stateUpdateTime": 1770063297
    },
    {
      "error": null,
      "hostname": "mdb8",
      "id": "mdb8:37017",
      "port": 37017,
      "rsId": "sgcShard_0",
      "state": "RECOVERY_IN_PROGRESS",
      "stateUpdateTime": 1770063335
    },
    {
      "error": null,
      "hostname": "mdb3",
      "id": "mdb3:37017",
      "port": 37017,
      "rsId": "sgcShard_0",
      "state": "RECOVERY_IN_PROGRESS",
      "stateUpdateTime": 1770063363
    },
    {
      "error": null,
      "hostname": "mdb9",
      "id": "mdb9:37017",
      "port": 37017,
      "rsId": "sgcShard_1",
      "state": "RECOVERY_IN_PROGRESS",
      "stateUpdateTime": 1770063444
    },
    {
      "error": null,
      "hostname": "mdb2",
      "id": "mdb2:37017",
      "port": 37017,
      "rsId": "sgcShard_1",
      "state": "RECOVERY_IN_PROGRESS",
      "stateUpdateTime": 1770063540
    },
    {
      "error": null,
      "hostname": "mdb4",
      "id": "mdb4:37017",
      "port": 37017,
      "rsId": "sgcShard_1",
      "state": "RECOVERY_IN_PROGRESS",
      "stateUpdateTime": 1770063575
    },
    {
      "error": null,
      "hostname": "mdb-config2",
      "id": "mdb-config2:37017",
      "port": 37017,
      "rsId": "configRS",
      "state": "RECOVERY_IN_PROGRESS",
      "stateUpdateTime": 1770063641
    },
    {
      "error": "Failed to mark node as COPY_FILES as the node was previously RECOVERY_IN_PROGRESS",
      "hostname": "mdb-config1",
      "id": "mdb-config1:37017",
      "port": 37017,
      "rsId": "configRS",
      "state": "RECOVERY_IN_PROGRESS",
      "stateUpdateTime": 1770063687
    },
    {
      "error": null,
      "hostname": "mdb7",
      "id": "mdb7:37017",
      "port": 37017,
      "rsId": "configRS",
      "state": "RECOVERY_IN_PROGRESS",
      "stateUpdateTime": 1770063734
    }
  ],
  "state": "RECOVERY_IN_PROGRESS"
}
2026-02-02 14:37:11,161 [INFO] Restore state: RECOVERY_IN_PROGRESS
2026-02-02 14:37:21,162 [DEBUG] API GET http://sb1.cpolab.ibm.com:8080/api/public/v1.0/backup/third_party/group/67eed68e0ba1970a07e16b77/restore/698104274ad5445e026ff044
2026-02-02 14:37:21,334 [DEBUG] STATUS 200
2026-02-02 14:37:21,335 [DEBUG] {
  "clusterMapping": [
    {
      "rsId": "sgcShard_0",
      "targetRsId": "sgcShard_0"
    },
    {
      "rsId": "sgcShard_1",
      "targetRsId": "sgcShard_1"
    },
    {
      "rsId": "configRS",
      "targetRsId": "configRS"
    }
  ],
  "nodes": [
    {
      "error": null,
      "hostname": "mdb1",
      "id": "mdb1:37017",
      "port": 37017,
      "rsId": "sgcShard_0",
      "state": "RECOVERY_IN_PROGRESS",
      "stateUpdateTime": 1770063297
    },
    {
      "error": null,
      "hostname": "mdb8",
      "id": "mdb8:37017",
      "port": 37017,
      "rsId": "sgcShard_0",
      "state": "RECOVERY_IN_PROGRESS",
      "stateUpdateTime": 1770063335
    },
    {
      "error": null,
      "hostname": "mdb3",
      "id": "mdb3:37017",
      "port": 37017,
      "rsId": "sgcShard_0",
      "state": "RECOVERY_IN_PROGRESS",
      "stateUpdateTime": 1770063363
    },
    {
      "error": null,
      "hostname": "mdb9",
      "id": "mdb9:37017",
      "port": 37017,
      "rsId": "sgcShard_1",
      "state": "RECOVERY_IN_PROGRESS",
      "stateUpdateTime": 1770063444
    },
    {
      "error": null,
      "hostname": "mdb2",
      "id": "mdb2:37017",
      "port": 37017,
      "rsId": "sgcShard_1",
      "state": "RECOVERY_IN_PROGRESS",
      "stateUpdateTime": 1770063540
    },
    {
      "error": null,
      "hostname": "mdb4",
      "id": "mdb4:37017",
      "port": 37017,
      "rsId": "sgcShard_1",
      "state": "RECOVERY_IN_PROGRESS",
      "stateUpdateTime": 1770063575
    },
    {
      "error": null,
      "hostname": "mdb-config2",
      "id": "mdb-config2:37017",
      "port": 37017,
      "rsId": "configRS",
      "state": "RECOVERY_IN_PROGRESS",
      "stateUpdateTime": 1770063641
    },
    {
      "error": "Failed to mark node as COPY_FILES as the node was previously RECOVERY_IN_PROGRESS",
      "hostname": "mdb-config1",
      "id": "mdb-config1:37017",
      "port": 37017,
      "rsId": "configRS",
      "state": "RECOVERY_IN_PROGRESS",
      "stateUpdateTime": 1770063687
    },
    {
      "error": null,
      "hostname": "mdb7",
      "id": "mdb7:37017",
      "port": 37017,
      "rsId": "configRS",
      "state": "RECOVERY_IN_PROGRESS",
      "stateUpdateTime": 1770063734
    }
  ],
  "state": "RECOVERY_IN_PROGRESS"
}
2026-02-02 14:37:21,335 [INFO] Restore state: RECOVERY_IN_PROGRESS
2026-02-02 14:37:31,336 [DEBUG] API GET http://sb1.cpolab.ibm.com:8080/api/public/v1.0/backup/third_party/group/67eed68e0ba1970a07e16b77/restore/698104274ad5445e026ff044
2026-02-02 14:37:31,566 [DEBUG] STATUS 200
2026-02-02 14:37:31,566 [DEBUG] {
  "clusterMapping": [
    {
      "rsId": "sgcShard_0",
      "targetRsId": "sgcShard_0"
    },
    {
      "rsId": "sgcShard_1",
      "targetRsId": "sgcShard_1"
    },
    {
      "rsId": "configRS",
      "targetRsId": "configRS"
    }
  ],
  "nodes": [
    {
      "error": null,
      "hostname": "mdb1",
      "id": "mdb1:37017",
      "port": 37017,
      "rsId": "sgcShard_0",
      "state": "RECOVERY_IN_PROGRESS",
      "stateUpdateTime": 1770063297
    },
    {
      "error": null,
      "hostname": "mdb8",
      "id": "mdb8:37017",
      "port": 37017,
      "rsId": "sgcShard_0",
      "state": "RECOVERY_IN_PROGRESS",
      "stateUpdateTime": 1770063335
    },
    {
      "error": null,
      "hostname": "mdb3",
      "id": "mdb3:37017",
      "port": 37017,
      "rsId": "sgcShard_0",
      "state": "RECOVERY_IN_PROGRESS",
      "stateUpdateTime": 1770063363
    },
    {
      "error": null,
      "hostname": "mdb9",
      "id": "mdb9:37017",
      "port": 37017,
      "rsId": "sgcShard_1",
      "state": "RECOVERY_IN_PROGRESS",
      "stateUpdateTime": 1770063444
    },
    {
      "error": null,
      "hostname": "mdb2",
      "id": "mdb2:37017",
      "port": 37017,
      "rsId": "sgcShard_1",
      "state": "RECOVERY_IN_PROGRESS",
      "stateUpdateTime": 1770063540
    },
    {
      "error": null,
      "hostname": "mdb4",
      "id": "mdb4:37017",
      "port": 37017,
      "rsId": "sgcShard_1",
      "state": "RECOVERY_IN_PROGRESS",
      "stateUpdateTime": 1770063575
    },
    {
      "error": null,
      "hostname": "mdb-config2",
      "id": "mdb-config2:37017",
      "port": 37017,
      "rsId": "configRS",
      "state": "RECOVERY_IN_PROGRESS",
      "stateUpdateTime": 1770063641
    },
    {
      "error": "Failed to mark node as COPY_FILES as the node was previously RECOVERY_IN_PROGRESS",
      "hostname": "mdb-config1",
      "id": "mdb-config1:37017",
      "port": 37017,
      "rsId": "configRS",
      "state": "RECOVERY_IN_PROGRESS",
      "stateUpdateTime": 1770063687
    },
    {
      "error": null,
      "hostname": "mdb7",
      "id": "mdb7:37017",
      "port": 37017,
      "rsId": "configRS",
      "state": "RECOVERY_IN_PROGRESS",
      "stateUpdateTime": 1770063734
    }
  ],
  "state": "RECOVERY_IN_PROGRESS"
}
2026-02-02 14:37:31,566 [INFO] Restore state: RECOVERY_IN_PROGRESS
2026-02-02 14:37:41,567 [DEBUG] API GET http://sb1.cpolab.ibm.com:8080/api/public/v1.0/backup/third_party/group/67eed68e0ba1970a07e16b77/restore/698104274ad5445e026ff044
2026-02-02 14:37:41,743 [DEBUG] STATUS 200
2026-02-02 14:37:41,744 [DEBUG] {
  "clusterMapping": [
    {
      "rsId": "sgcShard_0",
      "targetRsId": "sgcShard_0"
    },
    {
      "rsId": "sgcShard_1",
      "targetRsId": "sgcShard_1"
    },
    {
      "rsId": "configRS",
      "targetRsId": "configRS"
    }
  ],
  "nodes": [
    {
      "error": null,
      "hostname": "mdb1",
      "id": "mdb1:37017",
      "port": 37017,
      "rsId": "sgcShard_0",
      "state": "RECOVERY_IN_PROGRESS",
      "stateUpdateTime": 1770063297
    },
    {
      "error": null,
      "hostname": "mdb8",
      "id": "mdb8:37017",
      "port": 37017,
      "rsId": "sgcShard_0",
      "state": "RECOVERY_IN_PROGRESS",
      "stateUpdateTime": 1770063335
    },
    {
      "error": null,
      "hostname": "mdb3",
      "id": "mdb3:37017",
      "port": 37017,
      "rsId": "sgcShard_0",
      "state": "RECOVERY_IN_PROGRESS",
      "stateUpdateTime": 1770063363
    },
    {
      "error": null,
      "hostname": "mdb9",
      "id": "mdb9:37017",
      "port": 37017,
      "rsId": "sgcShard_1",
      "state": "RECOVERY_IN_PROGRESS",
      "stateUpdateTime": 1770063444
    },
    {
      "error": null,
      "hostname": "mdb2",
      "id": "mdb2:37017",
      "port": 37017,
      "rsId": "sgcShard_1",
      "state": "RECOVERY_IN_PROGRESS",
      "stateUpdateTime": 1770063540
    },
    {
      "error": null,
      "hostname": "mdb4",
      "id": "mdb4:37017",
      "port": 37017,
      "rsId": "sgcShard_1",
      "state": "RECOVERY_IN_PROGRESS",
      "stateUpdateTime": 1770063575
    },
    {
      "error": null,
      "hostname": "mdb-config2",
      "id": "mdb-config2:37017",
      "port": 37017,
      "rsId": "configRS",
      "state": "RECOVERY_IN_PROGRESS",
      "stateUpdateTime": 1770063641
    },
    {
      "error": "Failed to mark node as COPY_FILES as the node was previously RECOVERY_IN_PROGRESS",
      "hostname": "mdb-config1",
      "id": "mdb-config1:37017",
      "port": 37017,
      "rsId": "configRS",
      "state": "RECOVERY_IN_PROGRESS",
      "stateUpdateTime": 1770063687
    },
    {
      "error": null,
      "hostname": "mdb7",
      "id": "mdb7:37017",
      "port": 37017,
      "rsId": "configRS",
      "state": "RECOVERY_IN_PROGRESS",
      "stateUpdateTime": 1770063734
    }
  ],
  "state": "RECOVERY_IN_PROGRESS"
}
2026-02-02 14:37:41,744 [INFO] Restore state: RECOVERY_IN_PROGRESS
2026-02-02 14:37:51,744 [DEBUG] API GET http://sb1.cpolab.ibm.com:8080/api/public/v1.0/backup/third_party/group/67eed68e0ba1970a07e16b77/restore/698104274ad5445e026ff044
2026-02-02 14:37:51,916 [DEBUG] STATUS 200
2026-02-02 14:37:51,916 [DEBUG] {
  "clusterMapping": [
    {
      "rsId": "sgcShard_0",
      "targetRsId": "sgcShard_0"
    },
    {
      "rsId": "sgcShard_1",
      "targetRsId": "sgcShard_1"
    },
    {
      "rsId": "configRS",
      "targetRsId": "configRS"
    }
  ],
  "nodes": [
    {
      "error": null,
      "hostname": "mdb1",
      "id": "mdb1:37017",
      "port": 37017,
      "rsId": "sgcShard_0",
      "state": "RECOVERY_IN_PROGRESS",
      "stateUpdateTime": 1770063297
    },
    {
      "error": null,
      "hostname": "mdb8",
      "id": "mdb8:37017",
      "port": 37017,
      "rsId": "sgcShard_0",
      "state": "RECOVERY_IN_PROGRESS",
      "stateUpdateTime": 1770063335
    },
    {
      "error": null,
      "hostname": "mdb3",
      "id": "mdb3:37017",
      "port": 37017,
      "rsId": "sgcShard_0",
      "state": "RECOVERY_IN_PROGRESS",
      "stateUpdateTime": 1770063363
    },
    {
      "error": null,
      "hostname": "mdb9",
      "id": "mdb9:37017",
      "port": 37017,
      "rsId": "sgcShard_1",
      "state": "RECOVERY_IN_PROGRESS",
      "stateUpdateTime": 1770063444
    },
    {
      "error": null,
      "hostname": "mdb2",
      "id": "mdb2:37017",
      "port": 37017,
      "rsId": "sgcShard_1",
      "state": "RECOVERY_IN_PROGRESS",
      "stateUpdateTime": 1770063540
    },
    {
      "error": null,
      "hostname": "mdb4",
      "id": "mdb4:37017",
      "port": 37017,
      "rsId": "sgcShard_1",
      "state": "RECOVERY_IN_PROGRESS",
      "stateUpdateTime": 1770063575
    },
    {
      "error": null,
      "hostname": "mdb-config2",
      "id": "mdb-config2:37017",
      "port": 37017,
      "rsId": "configRS",
      "state": "RECOVERY_IN_PROGRESS",
      "stateUpdateTime": 1770063641
    },
    {
      "error": "Failed to mark node as COPY_FILES as the node was previously RECOVERY_IN_PROGRESS",
      "hostname": "mdb-config1",
      "id": "mdb-config1:37017",
      "port": 37017,
      "rsId": "configRS",
      "state": "RECOVERY_IN_PROGRESS",
      "stateUpdateTime": 1770063687
    },
    {
      "error": null,
      "hostname": "mdb7",
      "id": "mdb7:37017",
      "port": 37017,
      "rsId": "configRS",
      "state": "RECOVERY_IN_PROGRESS",
      "stateUpdateTime": 1770063734
    }
  ],
  "state": "RECOVERY_IN_PROGRESS"
}
2026-02-02 14:37:51,916 [INFO] Restore state: RECOVERY_IN_PROGRESS
2026-02-02 14:38:01,917 [DEBUG] API GET http://sb1.cpolab.ibm.com:8080/api/public/v1.0/backup/third_party/group/67eed68e0ba1970a07e16b77/restore/698104274ad5445e026ff044
2026-02-02 14:38:02,091 [DEBUG] STATUS 200
2026-02-02 14:38:02,091 [DEBUG] {
  "clusterMapping": [
    {
      "rsId": "sgcShard_0",
      "targetRsId": "sgcShard_0"
    },
    {
      "rsId": "sgcShard_1",
      "targetRsId": "sgcShard_1"
    },
    {
      "rsId": "configRS",
      "targetRsId": "configRS"
    }
  ],
  "nodes": [
    {
      "error": null,
      "hostname": "mdb1",
      "id": "mdb1:37017",
      "port": 37017,
      "rsId": "sgcShard_0",
      "state": "RECOVERY_IN_PROGRESS",
      "stateUpdateTime": 1770063297
    },
    {
      "error": null,
      "hostname": "mdb8",
      "id": "mdb8:37017",
      "port": 37017,
      "rsId": "sgcShard_0",
      "state": "RECOVERY_IN_PROGRESS",
      "stateUpdateTime": 1770063335
    },
    {
      "error": null,
      "hostname": "mdb3",
      "id": "mdb3:37017",
      "port": 37017,
      "rsId": "sgcShard_0",
      "state": "RECOVERY_IN_PROGRESS",
      "stateUpdateTime": 1770063363
    },
    {
      "error": null,
      "hostname": "mdb9",
      "id": "mdb9:37017",
      "port": 37017,
      "rsId": "sgcShard_1",
      "state": "RECOVERY_IN_PROGRESS",
      "stateUpdateTime": 1770063444
    },
    {
      "error": null,
      "hostname": "mdb2",
      "id": "mdb2:37017",
      "port": 37017,
      "rsId": "sgcShard_1",
      "state": "RECOVERY_IN_PROGRESS",
      "stateUpdateTime": 1770063540
    },
    {
      "error": null,
      "hostname": "mdb4",
      "id": "mdb4:37017",
      "port": 37017,
      "rsId": "sgcShard_1",
      "state": "RECOVERY_IN_PROGRESS",
      "stateUpdateTime": 1770063575
    },
    {
      "error": null,
      "hostname": "mdb-config2",
      "id": "mdb-config2:37017",
      "port": 37017,
      "rsId": "configRS",
      "state": "RECOVERY_IN_PROGRESS",
      "stateUpdateTime": 1770063641
    },
    {
      "error": "Failed to mark node as COPY_FILES as the node was previously RECOVERY_IN_PROGRESS",
      "hostname": "mdb-config1",
      "id": "mdb-config1:37017",
      "port": 37017,
      "rsId": "configRS",
      "state": "RECOVERY_IN_PROGRESS",
      "stateUpdateTime": 1770063687
    },
    {
      "error": null,
      "hostname": "mdb7",
      "id": "mdb7:37017",
      "port": 37017,
      "rsId": "configRS",
      "state": "RECOVERY_IN_PROGRESS",
      "stateUpdateTime": 1770063734
    }
  ],
  "state": "RECOVERY_IN_PROGRESS"
}
2026-02-02 14:38:02,091 [INFO] Restore state: RECOVERY_IN_PROGRESS
2026-02-02 14:38:12,092 [DEBUG] API GET http://sb1.cpolab.ibm.com:8080/api/public/v1.0/backup/third_party/group/67eed68e0ba1970a07e16b77/restore/698104274ad5445e026ff044
2026-02-02 14:38:12,274 [DEBUG] STATUS 200
2026-02-02 14:38:12,275 [DEBUG] {
  "clusterMapping": [
    {
      "rsId": "sgcShard_0",
      "targetRsId": "sgcShard_0"
    },
    {
      "rsId": "sgcShard_1",
      "targetRsId": "sgcShard_1"
    },
    {
      "rsId": "configRS",
      "targetRsId": "configRS"
    }
  ],
  "nodes": [
    {
      "error": null,
      "hostname": "mdb1",
      "id": "mdb1:37017",
      "port": 37017,
      "rsId": "sgcShard_0",
      "state": "RECOVERY_IN_PROGRESS",
      "stateUpdateTime": 1770063297
    },
    {
      "error": null,
      "hostname": "mdb8",
      "id": "mdb8:37017",
      "port": 37017,
      "rsId": "sgcShard_0",
      "state": "RECOVERY_IN_PROGRESS",
      "stateUpdateTime": 1770063335
    },
    {
      "error": null,
      "hostname": "mdb3",
      "id": "mdb3:37017",
      "port": 37017,
      "rsId": "sgcShard_0",
      "state": "RECOVERY_IN_PROGRESS",
      "stateUpdateTime": 1770063363
    },
    {
      "error": null,
      "hostname": "mdb9",
      "id": "mdb9:37017",
      "port": 37017,
      "rsId": "sgcShard_1",
      "state": "RECOVERY_IN_PROGRESS",
      "stateUpdateTime": 1770063444
    },
    {
      "error": null,
      "hostname": "mdb2",
      "id": "mdb2:37017",
      "port": 37017,
      "rsId": "sgcShard_1",
      "state": "RECOVERY_IN_PROGRESS",
      "stateUpdateTime": 1770063540
    },
    {
      "error": null,
      "hostname": "mdb4",
      "id": "mdb4:37017",
      "port": 37017,
      "rsId": "sgcShard_1",
      "state": "RECOVERY_IN_PROGRESS",
      "stateUpdateTime": 1770063575
    },
    {
      "error": null,
      "hostname": "mdb-config2",
      "id": "mdb-config2:37017",
      "port": 37017,
      "rsId": "configRS",
      "state": "RECOVERY_IN_PROGRESS",
      "stateUpdateTime": 1770063641
    },
    {
      "error": "Failed to mark node as COPY_FILES as the node was previously RECOVERY_IN_PROGRESS",
      "hostname": "mdb-config1",
      "id": "mdb-config1:37017",
      "port": 37017,
      "rsId": "configRS",
      "state": "RECOVERY_IN_PROGRESS",
      "stateUpdateTime": 1770063687
    },
    {
      "error": null,
      "hostname": "mdb7",
      "id": "mdb7:37017",
      "port": 37017,
      "rsId": "configRS",
      "state": "RECOVERY_IN_PROGRESS",
      "stateUpdateTime": 1770063734
    }
  ],
  "state": "RECOVERY_IN_PROGRESS"
}
2026-02-02 14:38:12,275 [INFO] Restore state: RECOVERY_IN_PROGRESS
2026-02-02 14:38:22,276 [DEBUG] API GET http://sb1.cpolab.ibm.com:8080/api/public/v1.0/backup/third_party/group/67eed68e0ba1970a07e16b77/restore/698104274ad5445e026ff044
2026-02-02 14:38:22,454 [DEBUG] STATUS 200
2026-02-02 14:38:22,454 [DEBUG] {
  "clusterMapping": [
    {
      "rsId": "sgcShard_0",
      "targetRsId": "sgcShard_0"
    },
    {
      "rsId": "sgcShard_1",
      "targetRsId": "sgcShard_1"
    },
    {
      "rsId": "configRS",
      "targetRsId": "configRS"
    }
  ],
  "nodes": [
    {
      "error": null,
      "hostname": "mdb1",
      "id": "mdb1:37017",
      "port": 37017,
      "rsId": "sgcShard_0",
      "state": "RECOVERY_IN_PROGRESS",
      "stateUpdateTime": 1770063297
    },
    {
      "error": null,
      "hostname": "mdb8",
      "id": "mdb8:37017",
      "port": 37017,
      "rsId": "sgcShard_0",
      "state": "RECOVERY_IN_PROGRESS",
      "stateUpdateTime": 1770063335
    },
    {
      "error": null,
      "hostname": "mdb3",
      "id": "mdb3:37017",
      "port": 37017,
      "rsId": "sgcShard_0",
      "state": "RECOVERY_IN_PROGRESS",
      "stateUpdateTime": 1770063363
    },
    {
      "error": null,
      "hostname": "mdb9",
      "id": "mdb9:37017",
      "port": 37017,
      "rsId": "sgcShard_1",
      "state": "RECOVERY_IN_PROGRESS",
      "stateUpdateTime": 1770063444
    },
    {
      "error": null,
      "hostname": "mdb2",
      "id": "mdb2:37017",
      "port": 37017,
      "rsId": "sgcShard_1",
      "state": "RECOVERY_IN_PROGRESS",
      "stateUpdateTime": 1770063540
    },
    {
      "error": null,
      "hostname": "mdb4",
      "id": "mdb4:37017",
      "port": 37017,
      "rsId": "sgcShard_1",
      "state": "RECOVERY_IN_PROGRESS",
      "stateUpdateTime": 1770063575
    },
    {
      "error": null,
      "hostname": "mdb-config2",
      "id": "mdb-config2:37017",
      "port": 37017,
      "rsId": "configRS",
      "state": "RECOVERY_IN_PROGRESS",
      "stateUpdateTime": 1770063641
    },
    {
      "error": "Failed to mark node as COPY_FILES as the node was previously RECOVERY_IN_PROGRESS",
      "hostname": "mdb-config1",
      "id": "mdb-config1:37017",
      "port": 37017,
      "rsId": "configRS",
      "state": "RECOVERY_IN_PROGRESS",
      "stateUpdateTime": 1770063687
    },
    {
      "error": null,
      "hostname": "mdb7",
      "id": "mdb7:37017",
      "port": 37017,
      "rsId": "configRS",
      "state": "RECOVERY_IN_PROGRESS",
      "stateUpdateTime": 1770063734
    }
  ],
  "state": "RECOVERY_IN_PROGRESS"
}
2026-02-02 14:38:22,455 [INFO] Restore state: RECOVERY_IN_PROGRESS
2026-02-02 14:38:32,456 [DEBUG] API GET http://sb1.cpolab.ibm.com:8080/api/public/v1.0/backup/third_party/group/67eed68e0ba1970a07e16b77/restore/698104274ad5445e026ff044
2026-02-02 14:38:32,688 [DEBUG] STATUS 200
2026-02-02 14:38:32,689 [DEBUG] {
  "clusterMapping": [
    {
      "rsId": "sgcShard_0",
      "targetRsId": "sgcShard_0"
    },
    {
      "rsId": "sgcShard_1",
      "targetRsId": "sgcShard_1"
    },
    {
      "rsId": "configRS",
      "targetRsId": "configRS"
    }
  ],
  "nodes": [
    {
      "error": null,
      "hostname": "mdb1",
      "id": "mdb1:37017",
      "port": 37017,
      "rsId": "sgcShard_0",
      "state": "RECOVERY_IN_PROGRESS",
      "stateUpdateTime": 1770063297
    },
    {
      "error": null,
      "hostname": "mdb8",
      "id": "mdb8:37017",
      "port": 37017,
      "rsId": "sgcShard_0",
      "state": "RECOVERY_IN_PROGRESS",
      "stateUpdateTime": 1770063335
    },
    {
      "error": null,
      "hostname": "mdb3",
      "id": "mdb3:37017",
      "port": 37017,
      "rsId": "sgcShard_0",
      "state": "RECOVERY_IN_PROGRESS",
      "stateUpdateTime": 1770063363
    },
    {
      "error": null,
      "hostname": "mdb9",
      "id": "mdb9:37017",
      "port": 37017,
      "rsId": "sgcShard_1",
      "state": "RECOVERY_IN_PROGRESS",
      "stateUpdateTime": 1770063444
    },
    {
      "error": null,
      "hostname": "mdb2",
      "id": "mdb2:37017",
      "port": 37017,
      "rsId": "sgcShard_1",
      "state": "RECOVERY_IN_PROGRESS",
      "stateUpdateTime": 1770063540
    },
    {
      "error": null,
      "hostname": "mdb4",
      "id": "mdb4:37017",
      "port": 37017,
      "rsId": "sgcShard_1",
      "state": "RECOVERY_IN_PROGRESS",
      "stateUpdateTime": 1770063575
    },
    {
      "error": null,
      "hostname": "mdb-config2",
      "id": "mdb-config2:37017",
      "port": 37017,
      "rsId": "configRS",
      "state": "RECOVERY_IN_PROGRESS",
      "stateUpdateTime": 1770063641
    },
    {
      "error": "Failed to mark node as COPY_FILES as the node was previously RECOVERY_IN_PROGRESS",
      "hostname": "mdb-config1",
      "id": "mdb-config1:37017",
      "port": 37017,
      "rsId": "configRS",
      "state": "RECOVERY_IN_PROGRESS",
      "stateUpdateTime": 1770063687
    },
    {
      "error": null,
      "hostname": "mdb7",
      "id": "mdb7:37017",
      "port": 37017,
      "rsId": "configRS",
      "state": "RECOVERY_IN_PROGRESS",
      "stateUpdateTime": 1770063734
    }
  ],
  "state": "RECOVERY_IN_PROGRESS"
}
2026-02-02 14:38:32,689 [INFO] Restore state: RECOVERY_IN_PROGRESS
2026-02-02 14:38:42,690 [DEBUG] API GET http://sb1.cpolab.ibm.com:8080/api/public/v1.0/backup/third_party/group/67eed68e0ba1970a07e16b77/restore/698104274ad5445e026ff044
2026-02-02 14:38:42,873 [DEBUG] STATUS 200
2026-02-02 14:38:42,873 [DEBUG] {
  "clusterMapping": [
    {
      "rsId": "sgcShard_0",
      "targetRsId": "sgcShard_0"
    },
    {
      "rsId": "sgcShard_1",
      "targetRsId": "sgcShard_1"
    },
    {
      "rsId": "configRS",
      "targetRsId": "configRS"
    }
  ],
  "nodes": [
    {
      "error": null,
      "hostname": "mdb1",
      "id": "mdb1:37017",
      "port": 37017,
      "rsId": "sgcShard_0",
      "state": "RECOVERY_IN_PROGRESS",
      "stateUpdateTime": 1770063297
    },
    {
      "error": null,
      "hostname": "mdb8",
      "id": "mdb8:37017",
      "port": 37017,
      "rsId": "sgcShard_0",
      "state": "RECOVERY_IN_PROGRESS",
      "stateUpdateTime": 1770063335
    },
    {
      "error": null,
      "hostname": "mdb3",
      "id": "mdb3:37017",
      "port": 37017,
      "rsId": "sgcShard_0",
      "state": "RECOVERY_IN_PROGRESS",
      "stateUpdateTime": 1770063363
    },
    {
      "error": null,
      "hostname": "mdb9",
      "id": "mdb9:37017",
      "port": 37017,
      "rsId": "sgcShard_1",
      "state": "RECOVERY_IN_PROGRESS",
      "stateUpdateTime": 1770063444
    },
    {
      "error": null,
      "hostname": "mdb2",
      "id": "mdb2:37017",
      "port": 37017,
      "rsId": "sgcShard_1",
      "state": "RECOVERY_IN_PROGRESS",
      "stateUpdateTime": 1770063540
    },
    {
      "error": null,
      "hostname": "mdb4",
      "id": "mdb4:37017",
      "port": 37017,
      "rsId": "sgcShard_1",
      "state": "RECOVERY_IN_PROGRESS",
      "stateUpdateTime": 1770063575
    },
    {
      "error": null,
      "hostname": "mdb-config2",
      "id": "mdb-config2:37017",
      "port": 37017,
      "rsId": "configRS",
      "state": "RECOVERY_IN_PROGRESS",
      "stateUpdateTime": 1770063641
    },
    {
      "error": "Failed to mark node as COPY_FILES as the node was previously RECOVERY_IN_PROGRESS",
      "hostname": "mdb-config1",
      "id": "mdb-config1:37017",
      "port": 37017,
      "rsId": "configRS",
      "state": "RECOVERY_IN_PROGRESS",
      "stateUpdateTime": 1770063687
    },
    {
      "error": null,
      "hostname": "mdb7",
      "id": "mdb7:37017",
      "port": 37017,
      "rsId": "configRS",
      "state": "RECOVERY_IN_PROGRESS",
      "stateUpdateTime": 1770063734
    }
  ],
  "state": "RECOVERY_IN_PROGRESS"
}
2026-02-02 14:38:42,873 [INFO] Restore state: RECOVERY_IN_PROGRESS
2026-02-02 14:38:52,874 [DEBUG] API GET http://sb1.cpolab.ibm.com:8080/api/public/v1.0/backup/third_party/group/67eed68e0ba1970a07e16b77/restore/698104274ad5445e026ff044
2026-02-02 14:38:53,065 [DEBUG] STATUS 200
2026-02-02 14:38:53,065 [DEBUG] {
  "clusterMapping": [
    {
      "rsId": "sgcShard_0",
      "targetRsId": "sgcShard_0"
    },
    {
      "rsId": "sgcShard_1",
      "targetRsId": "sgcShard_1"
    },
    {
      "rsId": "configRS",
      "targetRsId": "configRS"
    }
  ],
  "nodes": [
    {
      "error": null,
      "hostname": "mdb1",
      "id": "mdb1:37017",
      "port": 37017,
      "rsId": "sgcShard_0",
      "state": "RECOVERY_IN_PROGRESS",
      "stateUpdateTime": 1770063297
    },
    {
      "error": null,
      "hostname": "mdb8",
      "id": "mdb8:37017",
      "port": 37017,
      "rsId": "sgcShard_0",
      "state": "RECOVERY_IN_PROGRESS",
      "stateUpdateTime": 1770063335
    },
    {
      "error": null,
      "hostname": "mdb3",
      "id": "mdb3:37017",
      "port": 37017,
      "rsId": "sgcShard_0",
      "state": "RECOVERY_IN_PROGRESS",
      "stateUpdateTime": 1770063363
    },
    {
      "error": null,
      "hostname": "mdb9",
      "id": "mdb9:37017",
      "port": 37017,
      "rsId": "sgcShard_1",
      "state": "RECOVERY_IN_PROGRESS",
      "stateUpdateTime": 1770063444
    },
    {
      "error": null,
      "hostname": "mdb2",
      "id": "mdb2:37017",
      "port": 37017,
      "rsId": "sgcShard_1",
      "state": "RECOVERY_IN_PROGRESS",
      "stateUpdateTime": 1770063540
    },
    {
      "error": null,
      "hostname": "mdb4",
      "id": "mdb4:37017",
      "port": 37017,
      "rsId": "sgcShard_1",
      "state": "RECOVERY_IN_PROGRESS",
      "stateUpdateTime": 1770063575
    },
    {
      "error": null,
      "hostname": "mdb-config2",
      "id": "mdb-config2:37017",
      "port": 37017,
      "rsId": "configRS",
      "state": "RECOVERY_IN_PROGRESS",
      "stateUpdateTime": 1770063641
    },
    {
      "error": "Failed to mark node as COPY_FILES as the node was previously RECOVERY_IN_PROGRESS",
      "hostname": "mdb-config1",
      "id": "mdb-config1:37017",
      "port": 37017,
      "rsId": "configRS",
      "state": "RECOVERY_IN_PROGRESS",
      "stateUpdateTime": 1770063687
    },
    {
      "error": null,
      "hostname": "mdb7",
      "id": "mdb7:37017",
      "port": 37017,
      "rsId": "configRS",
      "state": "RECOVERY_IN_PROGRESS",
      "stateUpdateTime": 1770063734
    }
  ],
  "state": "RECOVERY_IN_PROGRESS"
}
2026-02-02 14:38:53,065 [INFO] Restore state: RECOVERY_IN_PROGRESS
2026-02-02 14:39:03,066 [DEBUG] API GET http://sb1.cpolab.ibm.com:8080/api/public/v1.0/backup/third_party/group/67eed68e0ba1970a07e16b77/restore/698104274ad5445e026ff044
2026-02-02 14:39:03,247 [DEBUG] STATUS 200
2026-02-02 14:39:03,248 [DEBUG] {
  "clusterMapping": [
    {
      "rsId": "sgcShard_0",
      "targetRsId": "sgcShard_0"
    },
    {
      "rsId": "sgcShard_1",
      "targetRsId": "sgcShard_1"
    },
    {
      "rsId": "configRS",
      "targetRsId": "configRS"
    }
  ],
  "nodes": [
    {
      "error": null,
      "hostname": "mdb1",
      "id": "mdb1:37017",
      "port": 37017,
      "rsId": "sgcShard_0",
      "state": "RECOVERY_IN_PROGRESS",
      "stateUpdateTime": 1770063297
    },
    {
      "error": null,
      "hostname": "mdb8",
      "id": "mdb8:37017",
      "port": 37017,
      "rsId": "sgcShard_0",
      "state": "RECOVERY_IN_PROGRESS",
      "stateUpdateTime": 1770063335
    },
    {
      "error": null,
      "hostname": "mdb3",
      "id": "mdb3:37017",
      "port": 37017,
      "rsId": "sgcShard_0",
      "state": "RECOVERY_IN_PROGRESS",
      "stateUpdateTime": 1770063363
    },
    {
      "error": null,
      "hostname": "mdb9",
      "id": "mdb9:37017",
      "port": 37017,
      "rsId": "sgcShard_1",
      "state": "RECOVERY_IN_PROGRESS",
      "stateUpdateTime": 1770063444
    },
    {
      "error": null,
      "hostname": "mdb2",
      "id": "mdb2:37017",
      "port": 37017,
      "rsId": "sgcShard_1",
      "state": "RECOVERY_IN_PROGRESS",
      "stateUpdateTime": 1770063540
    },
    {
      "error": null,
      "hostname": "mdb4",
      "id": "mdb4:37017",
      "port": 37017,
      "rsId": "sgcShard_1",
      "state": "RECOVERY_IN_PROGRESS",
      "stateUpdateTime": 1770063575
    },
    {
      "error": null,
      "hostname": "mdb-config2",
      "id": "mdb-config2:37017",
      "port": 37017,
      "rsId": "configRS",
      "state": "RECOVERY_IN_PROGRESS",
      "stateUpdateTime": 1770063641
    },
    {
      "error": "Failed to mark node as COPY_FILES as the node was previously RECOVERY_IN_PROGRESS",
      "hostname": "mdb-config1",
      "id": "mdb-config1:37017",
      "port": 37017,
      "rsId": "configRS",
      "state": "RECOVERY_IN_PROGRESS",
      "stateUpdateTime": 1770063687
    },
    {
      "error": null,
      "hostname": "mdb7",
      "id": "mdb7:37017",
      "port": 37017,
      "rsId": "configRS",
      "state": "RECOVERY_IN_PROGRESS",
      "stateUpdateTime": 1770063734
    }
  ],
  "state": "RECOVERY_IN_PROGRESS"
}
2026-02-02 14:39:03,248 [INFO] Restore state: RECOVERY_IN_PROGRESS
2026-02-02 14:39:13,249 [DEBUG] API GET http://sb1.cpolab.ibm.com:8080/api/public/v1.0/backup/third_party/group/67eed68e0ba1970a07e16b77/restore/698104274ad5445e026ff044
2026-02-02 14:39:13,436 [DEBUG] STATUS 200
2026-02-02 14:39:13,436 [DEBUG] {
  "clusterMapping": [
    {
      "rsId": "sgcShard_0",
      "targetRsId": "sgcShard_0"
    },
    {
      "rsId": "sgcShard_1",
      "targetRsId": "sgcShard_1"
    },
    {
      "rsId": "configRS",
      "targetRsId": "configRS"
    }
  ],
  "nodes": [
    {
      "error": null,
      "hostname": "mdb1",
      "id": "mdb1:37017",
      "port": 37017,
      "rsId": "sgcShard_0",
      "state": "RECOVERY_IN_PROGRESS",
      "stateUpdateTime": 1770063297
    },
    {
      "error": null,
      "hostname": "mdb8",
      "id": "mdb8:37017",
      "port": 37017,
      "rsId": "sgcShard_0",
      "state": "RECOVERY_IN_PROGRESS",
      "stateUpdateTime": 1770063335
    },
    {
      "error": null,
      "hostname": "mdb3",
      "id": "mdb3:37017",
      "port": 37017,
      "rsId": "sgcShard_0",
      "state": "RECOVERY_IN_PROGRESS",
      "stateUpdateTime": 1770063363
    },
    {
      "error": null,
      "hostname": "mdb9",
      "id": "mdb9:37017",
      "port": 37017,
      "rsId": "sgcShard_1",
      "state": "RECOVERY_IN_PROGRESS",
      "stateUpdateTime": 1770063444
    },
    {
      "error": null,
      "hostname": "mdb2",
      "id": "mdb2:37017",
      "port": 37017,
      "rsId": "sgcShard_1",
      "state": "RECOVERY_IN_PROGRESS",
      "stateUpdateTime": 1770063540
    },
    {
      "error": null,
      "hostname": "mdb4",
      "id": "mdb4:37017",
      "port": 37017,
      "rsId": "sgcShard_1",
      "state": "RECOVERY_IN_PROGRESS",
      "stateUpdateTime": 1770063575
    },
    {
      "error": null,
      "hostname": "mdb-config2",
      "id": "mdb-config2:37017",
      "port": 37017,
      "rsId": "configRS",
      "state": "RECOVERY_IN_PROGRESS",
      "stateUpdateTime": 1770063641
    },
    {
      "error": "Failed to mark node as COPY_FILES as the node was previously RECOVERY_IN_PROGRESS",
      "hostname": "mdb-config1",
      "id": "mdb-config1:37017",
      "port": 37017,
      "rsId": "configRS",
      "state": "RECOVERY_IN_PROGRESS",
      "stateUpdateTime": 1770063687
    },
    {
      "error": null,
      "hostname": "mdb7",
      "id": "mdb7:37017",
      "port": 37017,
      "rsId": "configRS",
      "state": "RECOVERY_IN_PROGRESS",
      "stateUpdateTime": 1770063734
    }
  ],
  "state": "RECOVERY_IN_PROGRESS"
}
2026-02-02 14:39:13,436 [INFO] Restore state: RECOVERY_IN_PROGRESS
2026-02-02 14:39:23,438 [DEBUG] API GET http://sb1.cpolab.ibm.com:8080/api/public/v1.0/backup/third_party/group/67eed68e0ba1970a07e16b77/restore/698104274ad5445e026ff044
2026-02-02 14:39:23,618 [DEBUG] STATUS 200
2026-02-02 14:39:23,618 [DEBUG] {
  "clusterMapping": [
    {
      "rsId": "sgcShard_0",
      "targetRsId": "sgcShard_0"
    },
    {
      "rsId": "sgcShard_1",
      "targetRsId": "sgcShard_1"
    },
    {
      "rsId": "configRS",
      "targetRsId": "configRS"
    }
  ],
  "nodes": [
    {
      "error": null,
      "hostname": "mdb1",
      "id": "mdb1:37017",
      "port": 37017,
      "rsId": "sgcShard_0",
      "state": "RECOVERY_IN_PROGRESS",
      "stateUpdateTime": 1770063297
    },
    {
      "error": null,
      "hostname": "mdb8",
      "id": "mdb8:37017",
      "port": 37017,
      "rsId": "sgcShard_0",
      "state": "RECOVERY_IN_PROGRESS",
      "stateUpdateTime": 1770063335
    },
    {
      "error": null,
      "hostname": "mdb3",
      "id": "mdb3:37017",
      "port": 37017,
      "rsId": "sgcShard_0",
      "state": "RECOVERY_IN_PROGRESS",
      "stateUpdateTime": 1770063363
    },
    {
      "error": null,
      "hostname": "mdb9",
      "id": "mdb9:37017",
      "port": 37017,
      "rsId": "sgcShard_1",
      "state": "RECOVERY_IN_PROGRESS",
      "stateUpdateTime": 1770063444
    },
    {
      "error": null,
      "hostname": "mdb2",
      "id": "mdb2:37017",
      "port": 37017,
      "rsId": "sgcShard_1",
      "state": "RECOVERY_IN_PROGRESS",
      "stateUpdateTime": 1770063540
    },
    {
      "error": null,
      "hostname": "mdb4",
      "id": "mdb4:37017",
      "port": 37017,
      "rsId": "sgcShard_1",
      "state": "RECOVERY_IN_PROGRESS",
      "stateUpdateTime": 1770063575
    },
    {
      "error": null,
      "hostname": "mdb-config2",
      "id": "mdb-config2:37017",
      "port": 37017,
      "rsId": "configRS",
      "state": "RECOVERY_IN_PROGRESS",
      "stateUpdateTime": 1770063641
    },
    {
      "error": "Failed to mark node as COPY_FILES as the node was previously RECOVERY_IN_PROGRESS",
      "hostname": "mdb-config1",
      "id": "mdb-config1:37017",
      "port": 37017,
      "rsId": "configRS",
      "state": "RECOVERY_IN_PROGRESS",
      "stateUpdateTime": 1770063687
    },
    {
      "error": null,
      "hostname": "mdb7",
      "id": "mdb7:37017",
      "port": 37017,
      "rsId": "configRS",
      "state": "RECOVERY_IN_PROGRESS",
      "stateUpdateTime": 1770063734
    }
  ],
  "state": "RECOVERY_IN_PROGRESS"
}
2026-02-02 14:39:23,618 [INFO] Restore state: RECOVERY_IN_PROGRESS
2026-02-02 14:39:33,619 [DEBUG] API GET http://sb1.cpolab.ibm.com:8080/api/public/v1.0/backup/third_party/group/67eed68e0ba1970a07e16b77/restore/698104274ad5445e026ff044
2026-02-02 14:39:33,855 [DEBUG] STATUS 200
2026-02-02 14:39:33,855 [DEBUG] {
  "clusterMapping": [
    {
      "rsId": "sgcShard_0",
      "targetRsId": "sgcShard_0"
    },
    {
      "rsId": "sgcShard_1",
      "targetRsId": "sgcShard_1"
    },
    {
      "rsId": "configRS",
      "targetRsId": "configRS"
    }
  ],
  "nodes": [
    {
      "error": null,
      "hostname": "mdb1",
      "id": "mdb1:37017",
      "port": 37017,
      "rsId": "sgcShard_0",
      "state": "RECOVERY_IN_PROGRESS",
      "stateUpdateTime": 1770063297
    },
    {
      "error": null,
      "hostname": "mdb8",
      "id": "mdb8:37017",
      "port": 37017,
      "rsId": "sgcShard_0",
      "state": "RECOVERY_IN_PROGRESS",
      "stateUpdateTime": 1770063335
    },
    {
      "error": null,
      "hostname": "mdb3",
      "id": "mdb3:37017",
      "port": 37017,
      "rsId": "sgcShard_0",
      "state": "RECOVERY_IN_PROGRESS",
      "stateUpdateTime": 1770063363
    },
    {
      "error": null,
      "hostname": "mdb9",
      "id": "mdb9:37017",
      "port": 37017,
      "rsId": "sgcShard_1",
      "state": "RECOVERY_IN_PROGRESS",
      "stateUpdateTime": 1770063444
    },
    {
      "error": null,
      "hostname": "mdb2",
      "id": "mdb2:37017",
      "port": 37017,
      "rsId": "sgcShard_1",
      "state": "RECOVERY_IN_PROGRESS",
      "stateUpdateTime": 1770063540
    },
    {
      "error": null,
      "hostname": "mdb4",
      "id": "mdb4:37017",
      "port": 37017,
      "rsId": "sgcShard_1",
      "state": "RECOVERY_IN_PROGRESS",
      "stateUpdateTime": 1770063575
    },
    {
      "error": null,
      "hostname": "mdb-config2",
      "id": "mdb-config2:37017",
      "port": 37017,
      "rsId": "configRS",
      "state": "RECOVERY_IN_PROGRESS",
      "stateUpdateTime": 1770063641
    },
    {
      "error": "Failed to mark node as COPY_FILES as the node was previously RECOVERY_IN_PROGRESS",
      "hostname": "mdb-config1",
      "id": "mdb-config1:37017",
      "port": 37017,
      "rsId": "configRS",
      "state": "RECOVERY_IN_PROGRESS",
      "stateUpdateTime": 1770063687
    },
    {
      "error": null,
      "hostname": "mdb7",
      "id": "mdb7:37017",
      "port": 37017,
      "rsId": "configRS",
      "state": "RECOVERY_IN_PROGRESS",
      "stateUpdateTime": 1770063734
    }
  ],
  "state": "RECOVERY_IN_PROGRESS"
}
2026-02-02 14:39:33,855 [INFO] Restore state: RECOVERY_IN_PROGRESS
2026-02-02 14:39:43,856 [DEBUG] API GET http://sb1.cpolab.ibm.com:8080/api/public/v1.0/backup/third_party/group/67eed68e0ba1970a07e16b77/restore/698104274ad5445e026ff044
2026-02-02 14:39:44,042 [DEBUG] STATUS 200
2026-02-02 14:39:44,042 [DEBUG] {
  "clusterMapping": [
    {
      "rsId": "sgcShard_0",
      "targetRsId": "sgcShard_0"
    },
    {
      "rsId": "sgcShard_1",
      "targetRsId": "sgcShard_1"
    },
    {
      "rsId": "configRS",
      "targetRsId": "configRS"
    }
  ],
  "nodes": [
    {
      "error": null,
      "hostname": "mdb1",
      "id": "mdb1:37017",
      "port": 37017,
      "rsId": "sgcShard_0",
      "state": "RECOVERY_IN_PROGRESS",
      "stateUpdateTime": 1770063297
    },
    {
      "error": null,
      "hostname": "mdb8",
      "id": "mdb8:37017",
      "port": 37017,
      "rsId": "sgcShard_0",
      "state": "RECOVERY_IN_PROGRESS",
      "stateUpdateTime": 1770063335
    },
    {
      "error": null,
      "hostname": "mdb3",
      "id": "mdb3:37017",
      "port": 37017,
      "rsId": "sgcShard_0",
      "state": "RECOVERY_IN_PROGRESS",
      "stateUpdateTime": 1770063363
    },
    {
      "error": null,
      "hostname": "mdb9",
      "id": "mdb9:37017",
      "port": 37017,
      "rsId": "sgcShard_1",
      "state": "RECOVERY_IN_PROGRESS",
      "stateUpdateTime": 1770063444
    },
    {
      "error": "Failed to mark node as COPY_FILES as the node was previously RECOVERY_IN_PROGRESS",
      "hostname": "mdb2",
      "id": "mdb2:37017",
      "port": 37017,
      "rsId": "sgcShard_1",
      "state": "RECOVERY_IN_PROGRESS",
      "stateUpdateTime": 1770063540
    },
    {
      "error": null,
      "hostname": "mdb4",
      "id": "mdb4:37017",
      "port": 37017,
      "rsId": "sgcShard_1",
      "state": "RECOVERY_IN_PROGRESS",
      "stateUpdateTime": 1770063575
    },
    {
      "error": null,
      "hostname": "mdb-config2",
      "id": "mdb-config2:37017",
      "port": 37017,
      "rsId": "configRS",
      "state": "RECOVERY_IN_PROGRESS",
      "stateUpdateTime": 1770063641
    },
    {
      "error": null,
      "hostname": "mdb-config1",
      "id": "mdb-config1:37017",
      "port": 37017,
      "rsId": "configRS",
      "state": "RECOVERY_IN_PROGRESS",
      "stateUpdateTime": 1770063687
    },
    {
      "error": null,
      "hostname": "mdb7",
      "id": "mdb7:37017",
      "port": 37017,
      "rsId": "configRS",
      "state": "RECOVERY_IN_PROGRESS",
      "stateUpdateTime": 1770063734
    }
  ],
  "state": "RECOVERY_IN_PROGRESS"
}
2026-02-02 14:39:44,042 [INFO] Restore state: RECOVERY_IN_PROGRESS
2026-02-02 14:39:54,043 [DEBUG] API GET http://sb1.cpolab.ibm.com:8080/api/public/v1.0/backup/third_party/group/67eed68e0ba1970a07e16b77/restore/698104274ad5445e026ff044
2026-02-02 14:39:54,213 [DEBUG] STATUS 200
2026-02-02 14:39:54,214 [DEBUG] {
  "clusterMapping": [
    {
      "rsId": "sgcShard_0",
      "targetRsId": "sgcShard_0"
    },
    {
      "rsId": "sgcShard_1",
      "targetRsId": "sgcShard_1"
    },
    {
      "rsId": "configRS",
      "targetRsId": "configRS"
    }
  ],
  "nodes": [
    {
      "error": null,
      "hostname": "mdb1",
      "id": "mdb1:37017",
      "port": 37017,
      "rsId": "sgcShard_0",
      "state": "RECOVERY_IN_PROGRESS",
      "stateUpdateTime": 1770063297
    },
    {
      "error": null,
      "hostname": "mdb8",
      "id": "mdb8:37017",
      "port": 37017,
      "rsId": "sgcShard_0",
      "state": "RECOVERY_IN_PROGRESS",
      "stateUpdateTime": 1770063335
    },
    {
      "error": null,
      "hostname": "mdb3",
      "id": "mdb3:37017",
      "port": 37017,
      "rsId": "sgcShard_0",
      "state": "RECOVERY_IN_PROGRESS",
      "stateUpdateTime": 1770063363
    },
    {
      "error": null,
      "hostname": "mdb9",
      "id": "mdb9:37017",
      "port": 37017,
      "rsId": "sgcShard_1",
      "state": "RECOVERY_IN_PROGRESS",
      "stateUpdateTime": 1770063444
    },
    {
      "error": "Failed to mark node as COPY_FILES as the node was previously RECOVERY_IN_PROGRESS",
      "hostname": "mdb2",
      "id": "mdb2:37017",
      "port": 37017,
      "rsId": "sgcShard_1",
      "state": "RECOVERY_IN_PROGRESS",
      "stateUpdateTime": 1770063540
    },
    {
      "error": null,
      "hostname": "mdb4",
      "id": "mdb4:37017",
      "port": 37017,
      "rsId": "sgcShard_1",
      "state": "RECOVERY_IN_PROGRESS",
      "stateUpdateTime": 1770063575
    },
    {
      "error": null,
      "hostname": "mdb-config2",
      "id": "mdb-config2:37017",
      "port": 37017,
      "rsId": "configRS",
      "state": "RECOVERY_IN_PROGRESS",
      "stateUpdateTime": 1770063641
    },
    {
      "error": null,
      "hostname": "mdb-config1",
      "id": "mdb-config1:37017",
      "port": 37017,
      "rsId": "configRS",
      "state": "RECOVERY_IN_PROGRESS",
      "stateUpdateTime": 1770063687
    },
    {
      "error": null,
      "hostname": "mdb7",
      "id": "mdb7:37017",
      "port": 37017,
      "rsId": "configRS",
      "state": "RECOVERY_IN_PROGRESS",
      "stateUpdateTime": 1770063734
    }
  ],
  "state": "RECOVERY_IN_PROGRESS"
}
2026-02-02 14:39:54,214 [INFO] Restore state: RECOVERY_IN_PROGRESS
2026-02-02 14:40:04,215 [DEBUG] API GET http://sb1.cpolab.ibm.com:8080/api/public/v1.0/backup/third_party/group/67eed68e0ba1970a07e16b77/restore/698104274ad5445e026ff044
2026-02-02 14:40:04,401 [DEBUG] STATUS 200
2026-02-02 14:40:04,402 [DEBUG] {
  "clusterMapping": [
    {
      "rsId": "sgcShard_0",
      "targetRsId": "sgcShard_0"
    },
    {
      "rsId": "sgcShard_1",
      "targetRsId": "sgcShard_1"
    },
    {
      "rsId": "configRS",
      "targetRsId": "configRS"
    }
  ],
  "nodes": [
    {
      "error": null,
      "hostname": "mdb1",
      "id": "mdb1:37017",
      "port": 37017,
      "rsId": "sgcShard_0",
      "state": "RECOVERY_IN_PROGRESS",
      "stateUpdateTime": 1770063297
    },
    {
      "error": null,
      "hostname": "mdb8",
      "id": "mdb8:37017",
      "port": 37017,
      "rsId": "sgcShard_0",
      "state": "RECOVERY_IN_PROGRESS",
      "stateUpdateTime": 1770063335
    },
    {
      "error": null,
      "hostname": "mdb3",
      "id": "mdb3:37017",
      "port": 37017,
      "rsId": "sgcShard_0",
      "state": "RECOVERY_IN_PROGRESS",
      "stateUpdateTime": 1770063363
    },
    {
      "error": null,
      "hostname": "mdb9",
      "id": "mdb9:37017",
      "port": 37017,
      "rsId": "sgcShard_1",
      "state": "RECOVERY_IN_PROGRESS",
      "stateUpdateTime": 1770063444
    },
    {
      "error": "Failed to mark node as COPY_FILES as the node was previously RECOVERY_IN_PROGRESS",
      "hostname": "mdb2",
      "id": "mdb2:37017",
      "port": 37017,
      "rsId": "sgcShard_1",
      "state": "RECOVERY_IN_PROGRESS",
      "stateUpdateTime": 1770063540
    },
    {
      "error": null,
      "hostname": "mdb4",
      "id": "mdb4:37017",
      "port": 37017,
      "rsId": "sgcShard_1",
      "state": "RECOVERY_IN_PROGRESS",
      "stateUpdateTime": 1770063575
    },
    {
      "error": null,
      "hostname": "mdb-config2",
      "id": "mdb-config2:37017",
      "port": 37017,
      "rsId": "configRS",
      "state": "RECOVERY_IN_PROGRESS",
      "stateUpdateTime": 1770063641
    },
    {
      "error": null,
      "hostname": "mdb-config1",
      "id": "mdb-config1:37017",
      "port": 37017,
      "rsId": "configRS",
      "state": "RECOVERY_IN_PROGRESS",
      "stateUpdateTime": 1770063687
    },
    {
      "error": null,
      "hostname": "mdb7",
      "id": "mdb7:37017",
      "port": 37017,
      "rsId": "configRS",
      "state": "RECOVERY_IN_PROGRESS",
      "stateUpdateTime": 1770063734
    }
  ],
  "state": "RECOVERY_IN_PROGRESS"
}
2026-02-02 14:40:04,402 [INFO] Restore state: RECOVERY_IN_PROGRESS
2026-02-02 14:40:14,402 [DEBUG] API GET http://sb1.cpolab.ibm.com:8080/api/public/v1.0/backup/third_party/group/67eed68e0ba1970a07e16b77/restore/698104274ad5445e026ff044
2026-02-02 14:40:14,571 [DEBUG] STATUS 200
2026-02-02 14:40:14,572 [DEBUG] {
  "clusterMapping": [
    {
      "rsId": "sgcShard_0",
      "targetRsId": "sgcShard_0"
    },
    {
      "rsId": "sgcShard_1",
      "targetRsId": "sgcShard_1"
    },
    {
      "rsId": "configRS",
      "targetRsId": "configRS"
    }
  ],
  "nodes": [
    {
      "error": null,
      "hostname": "mdb1",
      "id": "mdb1:37017",
      "port": 37017,
      "rsId": "sgcShard_0",
      "state": "RECOVERY_IN_PROGRESS",
      "stateUpdateTime": 1770063297
    },
    {
      "error": null,
      "hostname": "mdb8",
      "id": "mdb8:37017",
      "port": 37017,
      "rsId": "sgcShard_0",
      "state": "RECOVERY_IN_PROGRESS",
      "stateUpdateTime": 1770063335
    },
    {
      "error": null,
      "hostname": "mdb3",
      "id": "mdb3:37017",
      "port": 37017,
      "rsId": "sgcShard_0",
      "state": "RECOVERY_IN_PROGRESS",
      "stateUpdateTime": 1770063363
    },
    {
      "error": null,
      "hostname": "mdb9",
      "id": "mdb9:37017",
      "port": 37017,
      "rsId": "sgcShard_1",
      "state": "RECOVERY_IN_PROGRESS",
      "stateUpdateTime": 1770063444
    },
    {
      "error": "Failed to mark node as COPY_FILES as the node was previously RECOVERY_IN_PROGRESS",
      "hostname": "mdb2",
      "id": "mdb2:37017",
      "port": 37017,
      "rsId": "sgcShard_1",
      "state": "RECOVERY_IN_PROGRESS",
      "stateUpdateTime": 1770063540
    },
    {
      "error": null,
      "hostname": "mdb4",
      "id": "mdb4:37017",
      "port": 37017,
      "rsId": "sgcShard_1",
      "state": "RECOVERY_IN_PROGRESS",
      "stateUpdateTime": 1770063575
    },
    {
      "error": null,
      "hostname": "mdb-config2",
      "id": "mdb-config2:37017",
      "port": 37017,
      "rsId": "configRS",
      "state": "RECOVERY_IN_PROGRESS",
      "stateUpdateTime": 1770063641
    },
    {
      "error": null,
      "hostname": "mdb-config1",
      "id": "mdb-config1:37017",
      "port": 37017,
      "rsId": "configRS",
      "state": "RECOVERY_IN_PROGRESS",
      "stateUpdateTime": 1770063687
    },
    {
      "error": null,
      "hostname": "mdb7",
      "id": "mdb7:37017",
      "port": 37017,
      "rsId": "configRS",
      "state": "RECOVERY_IN_PROGRESS",
      "stateUpdateTime": 1770063734
    }
  ],
  "state": "RECOVERY_IN_PROGRESS"
}
2026-02-02 14:40:14,572 [INFO] Restore state: RECOVERY_IN_PROGRESS
2026-02-02 14:40:24,572 [DEBUG] API GET http://sb1.cpolab.ibm.com:8080/api/public/v1.0/backup/third_party/group/67eed68e0ba1970a07e16b77/restore/698104274ad5445e026ff044
2026-02-02 14:40:24,751 [DEBUG] STATUS 200
2026-02-02 14:40:24,751 [DEBUG] {
  "clusterMapping": [
    {
      "rsId": "sgcShard_0",
      "targetRsId": "sgcShard_0"
    },
    {
      "rsId": "sgcShard_1",
      "targetRsId": "sgcShard_1"
    },
    {
      "rsId": "configRS",
      "targetRsId": "configRS"
    }
  ],
  "nodes": [
    {
      "error": null,
      "hostname": "mdb1",
      "id": "mdb1:37017",
      "port": 37017,
      "rsId": "sgcShard_0",
      "state": "RECOVERY_IN_PROGRESS",
      "stateUpdateTime": 1770063297
    },
    {
      "error": null,
      "hostname": "mdb8",
      "id": "mdb8:37017",
      "port": 37017,
      "rsId": "sgcShard_0",
      "state": "RECOVERY_IN_PROGRESS",
      "stateUpdateTime": 1770063335
    },
    {
      "error": null,
      "hostname": "mdb3",
      "id": "mdb3:37017",
      "port": 37017,
      "rsId": "sgcShard_0",
      "state": "RECOVERY_IN_PROGRESS",
      "stateUpdateTime": 1770063363
    },
    {
      "error": null,
      "hostname": "mdb9",
      "id": "mdb9:37017",
      "port": 37017,
      "rsId": "sgcShard_1",
      "state": "RECOVERY_IN_PROGRESS",
      "stateUpdateTime": 1770063444
    },
    {
      "error": "Failed to mark node as COPY_FILES as the node was previously RECOVERY_IN_PROGRESS",
      "hostname": "mdb2",
      "id": "mdb2:37017",
      "port": 37017,
      "rsId": "sgcShard_1",
      "state": "RECOVERY_IN_PROGRESS",
      "stateUpdateTime": 1770063540
    },
    {
      "error": null,
      "hostname": "mdb4",
      "id": "mdb4:37017",
      "port": 37017,
      "rsId": "sgcShard_1",
      "state": "RECOVERY_IN_PROGRESS",
      "stateUpdateTime": 1770063575
    },
    {
      "error": null,
      "hostname": "mdb-config2",
      "id": "mdb-config2:37017",
      "port": 37017,
      "rsId": "configRS",
      "state": "RECOVERY_IN_PROGRESS",
      "stateUpdateTime": 1770063641
    },
    {
      "error": null,
      "hostname": "mdb-config1",
      "id": "mdb-config1:37017",
      "port": 37017,
      "rsId": "configRS",
      "state": "RECOVERY_IN_PROGRESS",
      "stateUpdateTime": 1770063687
    },
    {
      "error": null,
      "hostname": "mdb7",
      "id": "mdb7:37017",
      "port": 37017,
      "rsId": "configRS",
      "state": "RECOVERY_IN_PROGRESS",
      "stateUpdateTime": 1770063734
    }
  ],
  "state": "RECOVERY_IN_PROGRESS"
}
2026-02-02 14:40:24,751 [INFO] Restore state: RECOVERY_IN_PROGRESS
2026-02-02 14:40:34,752 [DEBUG] API GET http://sb1.cpolab.ibm.com:8080/api/public/v1.0/backup/third_party/group/67eed68e0ba1970a07e16b77/restore/698104274ad5445e026ff044
2026-02-02 14:40:34,986 [DEBUG] STATUS 200
2026-02-02 14:40:34,986 [DEBUG] {
  "clusterMapping": [
    {
      "rsId": "sgcShard_0",
      "targetRsId": "sgcShard_0"
    },
    {
      "rsId": "sgcShard_1",
      "targetRsId": "sgcShard_1"
    },
    {
      "rsId": "configRS",
      "targetRsId": "configRS"
    }
  ],
  "nodes": [
    {
      "error": null,
      "hostname": "mdb1",
      "id": "mdb1:37017",
      "port": 37017,
      "rsId": "sgcShard_0",
      "state": "RECOVERY_IN_PROGRESS",
      "stateUpdateTime": 1770063297
    },
    {
      "error": null,
      "hostname": "mdb8",
      "id": "mdb8:37017",
      "port": 37017,
      "rsId": "sgcShard_0",
      "state": "RECOVERY_IN_PROGRESS",
      "stateUpdateTime": 1770063335
    },
    {
      "error": null,
      "hostname": "mdb3",
      "id": "mdb3:37017",
      "port": 37017,
      "rsId": "sgcShard_0",
      "state": "RECOVERY_IN_PROGRESS",
      "stateUpdateTime": 1770063363
    },
    {
      "error": null,
      "hostname": "mdb9",
      "id": "mdb9:37017",
      "port": 37017,
      "rsId": "sgcShard_1",
      "state": "RECOVERY_IN_PROGRESS",
      "stateUpdateTime": 1770063444
    },
    {
      "error": "Failed to mark node as COPY_FILES as the node was previously RECOVERY_IN_PROGRESS",
      "hostname": "mdb2",
      "id": "mdb2:37017",
      "port": 37017,
      "rsId": "sgcShard_1",
      "state": "RECOVERY_IN_PROGRESS",
      "stateUpdateTime": 1770063540
    },
    {
      "error": null,
      "hostname": "mdb4",
      "id": "mdb4:37017",
      "port": 37017,
      "rsId": "sgcShard_1",
      "state": "RECOVERY_IN_PROGRESS",
      "stateUpdateTime": 1770063575
    },
    {
      "error": null,
      "hostname": "mdb-config2",
      "id": "mdb-config2:37017",
      "port": 37017,
      "rsId": "configRS",
      "state": "RECOVERY_IN_PROGRESS",
      "stateUpdateTime": 1770063641
    },
    {
      "error": null,
      "hostname": "mdb-config1",
      "id": "mdb-config1:37017",
      "port": 37017,
      "rsId": "configRS",
      "state": "RECOVERY_IN_PROGRESS",
      "stateUpdateTime": 1770063687
    },
    {
      "error": null,
      "hostname": "mdb7",
      "id": "mdb7:37017",
      "port": 37017,
      "rsId": "configRS",
      "state": "RECOVERY_IN_PROGRESS",
      "stateUpdateTime": 1770063734
    }
  ],
  "state": "RECOVERY_IN_PROGRESS"
}
2026-02-02 14:40:34,986 [INFO] Restore state: RECOVERY_IN_PROGRESS
2026-02-02 14:40:44,987 [DEBUG] API GET http://sb1.cpolab.ibm.com:8080/api/public/v1.0/backup/third_party/group/67eed68e0ba1970a07e16b77/restore/698104274ad5445e026ff044
2026-02-02 14:40:45,158 [DEBUG] STATUS 200
2026-02-02 14:40:45,158 [DEBUG] {
  "clusterMapping": [
    {
      "rsId": "sgcShard_0",
      "targetRsId": "sgcShard_0"
    },
    {
      "rsId": "sgcShard_1",
      "targetRsId": "sgcShard_1"
    },
    {
      "rsId": "configRS",
      "targetRsId": "configRS"
    }
  ],
  "nodes": [
    {
      "error": null,
      "hostname": "mdb1",
      "id": "mdb1:37017",
      "port": 37017,
      "rsId": "sgcShard_0",
      "state": "RECOVERY_IN_PROGRESS",
      "stateUpdateTime": 1770063297
    },
    {
      "error": null,
      "hostname": "mdb8",
      "id": "mdb8:37017",
      "port": 37017,
      "rsId": "sgcShard_0",
      "state": "RECOVERY_IN_PROGRESS",
      "stateUpdateTime": 1770063335
    },
    {
      "error": null,
      "hostname": "mdb3",
      "id": "mdb3:37017",
      "port": 37017,
      "rsId": "sgcShard_0",
      "state": "RECOVERY_IN_PROGRESS",
      "stateUpdateTime": 1770063363
    },
    {
      "error": null,
      "hostname": "mdb9",
      "id": "mdb9:37017",
      "port": 37017,
      "rsId": "sgcShard_1",
      "state": "RECOVERY_IN_PROGRESS",
      "stateUpdateTime": 1770063444
    },
    {
      "error": "Failed to mark node as COPY_FILES as the node was previously RECOVERY_IN_PROGRESS",
      "hostname": "mdb2",
      "id": "mdb2:37017",
      "port": 37017,
      "rsId": "sgcShard_1",
      "state": "RECOVERY_IN_PROGRESS",
      "stateUpdateTime": 1770063540
    },
    {
      "error": null,
      "hostname": "mdb4",
      "id": "mdb4:37017",
      "port": 37017,
      "rsId": "sgcShard_1",
      "state": "RECOVERY_IN_PROGRESS",
      "stateUpdateTime": 1770063575
    },
    {
      "error": null,
      "hostname": "mdb-config2",
      "id": "mdb-config2:37017",
      "port": 37017,
      "rsId": "configRS",
      "state": "RECOVERY_IN_PROGRESS",
      "stateUpdateTime": 1770063641
    },
    {
      "error": null,
      "hostname": "mdb-config1",
      "id": "mdb-config1:37017",
      "port": 37017,
      "rsId": "configRS",
      "state": "RECOVERY_IN_PROGRESS",
      "stateUpdateTime": 1770063687
    },
    {
      "error": null,
      "hostname": "mdb7",
      "id": "mdb7:37017",
      "port": 37017,
      "rsId": "configRS",
      "state": "RECOVERY_IN_PROGRESS",
      "stateUpdateTime": 1770063734
    }
  ],
  "state": "RECOVERY_IN_PROGRESS"
}
2026-02-02 14:40:45,158 [INFO] Restore state: RECOVERY_IN_PROGRESS
2026-02-02 14:40:55,159 [DEBUG] API GET http://sb1.cpolab.ibm.com:8080/api/public/v1.0/backup/third_party/group/67eed68e0ba1970a07e16b77/restore/698104274ad5445e026ff044
2026-02-02 14:40:55,329 [DEBUG] STATUS 200
2026-02-02 14:40:55,330 [DEBUG] {
  "clusterMapping": [
    {
      "rsId": "sgcShard_0",
      "targetRsId": "sgcShard_0"
    },
    {
      "rsId": "sgcShard_1",
      "targetRsId": "sgcShard_1"
    },
    {
      "rsId": "configRS",
      "targetRsId": "configRS"
    }
  ],
  "nodes": [
    {
      "error": null,
      "hostname": "mdb1",
      "id": "mdb1:37017",
      "port": 37017,
      "rsId": "sgcShard_0",
      "state": "RECOVERY_IN_PROGRESS",
      "stateUpdateTime": 1770063297
    },
    {
      "error": null,
      "hostname": "mdb8",
      "id": "mdb8:37017",
      "port": 37017,
      "rsId": "sgcShard_0",
      "state": "RECOVERY_IN_PROGRESS",
      "stateUpdateTime": 1770063335
    },
    {
      "error": null,
      "hostname": "mdb3",
      "id": "mdb3:37017",
      "port": 37017,
      "rsId": "sgcShard_0",
      "state": "RECOVERY_IN_PROGRESS",
      "stateUpdateTime": 1770063363
    },
    {
      "error": null,
      "hostname": "mdb9",
      "id": "mdb9:37017",
      "port": 37017,
      "rsId": "sgcShard_1",
      "state": "RECOVERY_IN_PROGRESS",
      "stateUpdateTime": 1770063444
    },
    {
      "error": "Failed to mark node as COPY_FILES as the node was previously RECOVERY_IN_PROGRESS",
      "hostname": "mdb2",
      "id": "mdb2:37017",
      "port": 37017,
      "rsId": "sgcShard_1",
      "state": "RECOVERY_IN_PROGRESS",
      "stateUpdateTime": 1770063540
    },
    {
      "error": null,
      "hostname": "mdb4",
      "id": "mdb4:37017",
      "port": 37017,
      "rsId": "sgcShard_1",
      "state": "RECOVERY_IN_PROGRESS",
      "stateUpdateTime": 1770063575
    },
    {
      "error": null,
      "hostname": "mdb-config2",
      "id": "mdb-config2:37017",
      "port": 37017,
      "rsId": "configRS",
      "state": "RECOVERY_IN_PROGRESS",
      "stateUpdateTime": 1770063641
    },
    {
      "error": null,
      "hostname": "mdb-config1",
      "id": "mdb-config1:37017",
      "port": 37017,
      "rsId": "configRS",
      "state": "RECOVERY_IN_PROGRESS",
      "stateUpdateTime": 1770063687
    },
    {
      "error": null,
      "hostname": "mdb7",
      "id": "mdb7:37017",
      "port": 37017,
      "rsId": "configRS",
      "state": "RECOVERY_IN_PROGRESS",
      "stateUpdateTime": 1770063734
    }
  ],
  "state": "RECOVERY_IN_PROGRESS"
}
2026-02-02 14:40:55,330 [INFO] Restore state: RECOVERY_IN_PROGRESS
2026-02-02 14:41:05,331 [DEBUG] API GET http://sb1.cpolab.ibm.com:8080/api/public/v1.0/backup/third_party/group/67eed68e0ba1970a07e16b77/restore/698104274ad5445e026ff044
2026-02-02 14:41:05,503 [DEBUG] STATUS 200
2026-02-02 14:41:05,503 [DEBUG] {
  "clusterMapping": [
    {
      "rsId": "sgcShard_0",
      "targetRsId": "sgcShard_0"
    },
    {
      "rsId": "sgcShard_1",
      "targetRsId": "sgcShard_1"
    },
    {
      "rsId": "configRS",
      "targetRsId": "configRS"
    }
  ],
  "nodes": [
    {
      "error": null,
      "hostname": "mdb1",
      "id": "mdb1:37017",
      "port": 37017,
      "rsId": "sgcShard_0",
      "state": "RECOVERY_IN_PROGRESS",
      "stateUpdateTime": 1770063297
    },
    {
      "error": null,
      "hostname": "mdb8",
      "id": "mdb8:37017",
      "port": 37017,
      "rsId": "sgcShard_0",
      "state": "RECOVERY_IN_PROGRESS",
      "stateUpdateTime": 1770063335
    },
    {
      "error": null,
      "hostname": "mdb3",
      "id": "mdb3:37017",
      "port": 37017,
      "rsId": "sgcShard_0",
      "state": "RECOVERY_IN_PROGRESS",
      "stateUpdateTime": 1770063363
    },
    {
      "error": null,
      "hostname": "mdb9",
      "id": "mdb9:37017",
      "port": 37017,
      "rsId": "sgcShard_1",
      "state": "RECOVERY_IN_PROGRESS",
      "stateUpdateTime": 1770063444
    },
    {
      "error": "Failed to mark node as COPY_FILES as the node was previously RECOVERY_IN_PROGRESS",
      "hostname": "mdb2",
      "id": "mdb2:37017",
      "port": 37017,
      "rsId": "sgcShard_1",
      "state": "RECOVERY_IN_PROGRESS",
      "stateUpdateTime": 1770063540
    },
    {
      "error": null,
      "hostname": "mdb4",
      "id": "mdb4:37017",
      "port": 37017,
      "rsId": "sgcShard_1",
      "state": "RECOVERY_IN_PROGRESS",
      "stateUpdateTime": 1770063575
    },
    {
      "error": null,
      "hostname": "mdb-config2",
      "id": "mdb-config2:37017",
      "port": 37017,
      "rsId": "configRS",
      "state": "RECOVERY_IN_PROGRESS",
      "stateUpdateTime": 1770063641
    },
    {
      "error": null,
      "hostname": "mdb-config1",
      "id": "mdb-config1:37017",
      "port": 37017,
      "rsId": "configRS",
      "state": "RECOVERY_IN_PROGRESS",
      "stateUpdateTime": 1770063687
    },
    {
      "error": null,
      "hostname": "mdb7",
      "id": "mdb7:37017",
      "port": 37017,
      "rsId": "configRS",
      "state": "RECOVERY_IN_PROGRESS",
      "stateUpdateTime": 1770063734
    }
  ],
  "state": "RECOVERY_IN_PROGRESS"
}
2026-02-02 14:41:05,503 [INFO] Restore state: RECOVERY_IN_PROGRESS
2026-02-02 14:41:15,504 [DEBUG] API GET http://sb1.cpolab.ibm.com:8080/api/public/v1.0/backup/third_party/group/67eed68e0ba1970a07e16b77/restore/698104274ad5445e026ff044
2026-02-02 14:41:15,673 [DEBUG] STATUS 200
2026-02-02 14:41:15,673 [DEBUG] {
  "clusterMapping": [
    {
      "rsId": "sgcShard_0",
      "targetRsId": "sgcShard_0"
    },
    {
      "rsId": "sgcShard_1",
      "targetRsId": "sgcShard_1"
    },
    {
      "rsId": "configRS",
      "targetRsId": "configRS"
    }
  ],
  "nodes": [
    {
      "error": null,
      "hostname": "mdb1",
      "id": "mdb1:37017",
      "port": 37017,
      "rsId": "sgcShard_0",
      "state": "RECOVERY_IN_PROGRESS",
      "stateUpdateTime": 1770063297
    },
    {
      "error": null,
      "hostname": "mdb8",
      "id": "mdb8:37017",
      "port": 37017,
      "rsId": "sgcShard_0",
      "state": "RECOVERY_IN_PROGRESS",
      "stateUpdateTime": 1770063335
    },
    {
      "error": null,
      "hostname": "mdb3",
      "id": "mdb3:37017",
      "port": 37017,
      "rsId": "sgcShard_0",
      "state": "RECOVERY_IN_PROGRESS",
      "stateUpdateTime": 1770063363
    },
    {
      "error": null,
      "hostname": "mdb9",
      "id": "mdb9:37017",
      "port": 37017,
      "rsId": "sgcShard_1",
      "state": "RECOVERY_IN_PROGRESS",
      "stateUpdateTime": 1770063444
    },
    {
      "error": "Failed to mark node as COPY_FILES as the node was previously RECOVERY_IN_PROGRESS",
      "hostname": "mdb2",
      "id": "mdb2:37017",
      "port": 37017,
      "rsId": "sgcShard_1",
      "state": "RECOVERY_IN_PROGRESS",
      "stateUpdateTime": 1770063540
    },
    {
      "error": null,
      "hostname": "mdb4",
      "id": "mdb4:37017",
      "port": 37017,
      "rsId": "sgcShard_1",
      "state": "RECOVERY_IN_PROGRESS",
      "stateUpdateTime": 1770063575
    },
    {
      "error": null,
      "hostname": "mdb-config2",
      "id": "mdb-config2:37017",
      "port": 37017,
      "rsId": "configRS",
      "state": "RECOVERY_IN_PROGRESS",
      "stateUpdateTime": 1770063641
    },
    {
      "error": null,
      "hostname": "mdb-config1",
      "id": "mdb-config1:37017",
      "port": 37017,
      "rsId": "configRS",
      "state": "RECOVERY_IN_PROGRESS",
      "stateUpdateTime": 1770063687
    },
    {
      "error": null,
      "hostname": "mdb7",
      "id": "mdb7:37017",
      "port": 37017,
      "rsId": "configRS",
      "state": "RECOVERY_IN_PROGRESS",
      "stateUpdateTime": 1770063734
    }
  ],
  "state": "RECOVERY_IN_PROGRESS"
}
2026-02-02 14:41:15,673 [INFO] Restore state: RECOVERY_IN_PROGRESS
2026-02-02 14:41:25,674 [DEBUG] API GET http://sb1.cpolab.ibm.com:8080/api/public/v1.0/backup/third_party/group/67eed68e0ba1970a07e16b77/restore/698104274ad5445e026ff044
2026-02-02 14:41:25,849 [DEBUG] STATUS 200
2026-02-02 14:41:25,849 [DEBUG] {
  "clusterMapping": [
    {
      "rsId": "sgcShard_0",
      "targetRsId": "sgcShard_0"
    },
    {
      "rsId": "sgcShard_1",
      "targetRsId": "sgcShard_1"
    },
    {
      "rsId": "configRS",
      "targetRsId": "configRS"
    }
  ],
  "nodes": [
    {
      "error": null,
      "hostname": "mdb1",
      "id": "mdb1:37017",
      "port": 37017,
      "rsId": "sgcShard_0",
      "state": "RECOVERY_IN_PROGRESS",
      "stateUpdateTime": 1770063297
    },
    {
      "error": null,
      "hostname": "mdb8",
      "id": "mdb8:37017",
      "port": 37017,
      "rsId": "sgcShard_0",
      "state": "RECOVERY_IN_PROGRESS",
      "stateUpdateTime": 1770063335
    },
    {
      "error": null,
      "hostname": "mdb3",
      "id": "mdb3:37017",
      "port": 37017,
      "rsId": "sgcShard_0",
      "state": "RECOVERY_IN_PROGRESS",
      "stateUpdateTime": 1770063363
    },
    {
      "error": null,
      "hostname": "mdb9",
      "id": "mdb9:37017",
      "port": 37017,
      "rsId": "sgcShard_1",
      "state": "RECOVERY_IN_PROGRESS",
      "stateUpdateTime": 1770063444
    },
    {
      "error": "Failed to mark node as COPY_FILES as the node was previously RECOVERY_IN_PROGRESS",
      "hostname": "mdb2",
      "id": "mdb2:37017",
      "port": 37017,
      "rsId": "sgcShard_1",
      "state": "RECOVERY_IN_PROGRESS",
      "stateUpdateTime": 1770063540
    },
    {
      "error": null,
      "hostname": "mdb4",
      "id": "mdb4:37017",
      "port": 37017,
      "rsId": "sgcShard_1",
      "state": "RECOVERY_IN_PROGRESS",
      "stateUpdateTime": 1770063575
    },
    {
      "error": null,
      "hostname": "mdb-config2",
      "id": "mdb-config2:37017",
      "port": 37017,
      "rsId": "configRS",
      "state": "RECOVERY_IN_PROGRESS",
      "stateUpdateTime": 1770063641
    },
    {
      "error": null,
      "hostname": "mdb-config1",
      "id": "mdb-config1:37017",
      "port": 37017,
      "rsId": "configRS",
      "state": "RECOVERY_IN_PROGRESS",
      "stateUpdateTime": 1770063687
    },
    {
      "error": null,
      "hostname": "mdb7",
      "id": "mdb7:37017",
      "port": 37017,
      "rsId": "configRS",
      "state": "RECOVERY_IN_PROGRESS",
      "stateUpdateTime": 1770063734
    }
  ],
  "state": "RECOVERY_IN_PROGRESS"
}
2026-02-02 14:41:25,849 [INFO] Restore state: RECOVERY_IN_PROGRESS
2026-02-02 14:41:35,850 [DEBUG] API GET http://sb1.cpolab.ibm.com:8080/api/public/v1.0/backup/third_party/group/67eed68e0ba1970a07e16b77/restore/698104274ad5445e026ff044
2026-02-02 14:41:36,079 [DEBUG] STATUS 200
2026-02-02 14:41:36,079 [DEBUG] {
  "clusterMapping": [
    {
      "rsId": "sgcShard_0",
      "targetRsId": "sgcShard_0"
    },
    {
      "rsId": "sgcShard_1",
      "targetRsId": "sgcShard_1"
    },
    {
      "rsId": "configRS",
      "targetRsId": "configRS"
    }
  ],
  "nodes": [
    {
      "error": null,
      "hostname": "mdb1",
      "id": "mdb1:37017",
      "port": 37017,
      "rsId": "sgcShard_0",
      "state": "RECOVERY_IN_PROGRESS",
      "stateUpdateTime": 1770063297
    },
    {
      "error": null,
      "hostname": "mdb8",
      "id": "mdb8:37017",
      "port": 37017,
      "rsId": "sgcShard_0",
      "state": "RECOVERY_IN_PROGRESS",
      "stateUpdateTime": 1770063335
    },
    {
      "error": null,
      "hostname": "mdb3",
      "id": "mdb3:37017",
      "port": 37017,
      "rsId": "sgcShard_0",
      "state": "RECOVERY_IN_PROGRESS",
      "stateUpdateTime": 1770063363
    },
    {
      "error": null,
      "hostname": "mdb9",
      "id": "mdb9:37017",
      "port": 37017,
      "rsId": "sgcShard_1",
      "state": "RECOVERY_IN_PROGRESS",
      "stateUpdateTime": 1770063444
    },
    {
      "error": "Failed to mark node as COPY_FILES as the node was previously RECOVERY_IN_PROGRESS",
      "hostname": "mdb2",
      "id": "mdb2:37017",
      "port": 37017,
      "rsId": "sgcShard_1",
      "state": "RECOVERY_IN_PROGRESS",
      "stateUpdateTime": 1770063540
    },
    {
      "error": null,
      "hostname": "mdb4",
      "id": "mdb4:37017",
      "port": 37017,
      "rsId": "sgcShard_1",
      "state": "RECOVERY_IN_PROGRESS",
      "stateUpdateTime": 1770063575
    },
    {
      "error": null,
      "hostname": "mdb-config2",
      "id": "mdb-config2:37017",
      "port": 37017,
      "rsId": "configRS",
      "state": "RECOVERY_IN_PROGRESS",
      "stateUpdateTime": 1770063641
    },
    {
      "error": null,
      "hostname": "mdb-config1",
      "id": "mdb-config1:37017",
      "port": 37017,
      "rsId": "configRS",
      "state": "RECOVERY_IN_PROGRESS",
      "stateUpdateTime": 1770063687
    },
    {
      "error": null,
      "hostname": "mdb7",
      "id": "mdb7:37017",
      "port": 37017,
      "rsId": "configRS",
      "state": "RECOVERY_IN_PROGRESS",
      "stateUpdateTime": 1770063734
    }
  ],
  "state": "RECOVERY_IN_PROGRESS"
}
2026-02-02 14:41:36,079 [INFO] Restore state: RECOVERY_IN_PROGRESS
2026-02-02 14:41:46,080 [DEBUG] API GET http://sb1.cpolab.ibm.com:8080/api/public/v1.0/backup/third_party/group/67eed68e0ba1970a07e16b77/restore/698104274ad5445e026ff044
2026-02-02 14:41:46,259 [DEBUG] STATUS 200
2026-02-02 14:41:46,260 [DEBUG] {
  "clusterMapping": [
    {
      "rsId": "sgcShard_0",
      "targetRsId": "sgcShard_0"
    },
    {
      "rsId": "sgcShard_1",
      "targetRsId": "sgcShard_1"
    },
    {
      "rsId": "configRS",
      "targetRsId": "configRS"
    }
  ],
  "nodes": [
    {
      "error": null,
      "hostname": "mdb1",
      "id": "mdb1:37017",
      "port": 37017,
      "rsId": "sgcShard_0",
      "state": "RECOVERY_IN_PROGRESS",
      "stateUpdateTime": 1770063297
    },
    {
      "error": null,
      "hostname": "mdb8",
      "id": "mdb8:37017",
      "port": 37017,
      "rsId": "sgcShard_0",
      "state": "RECOVERY_IN_PROGRESS",
      "stateUpdateTime": 1770063335
    },
    {
      "error": null,
      "hostname": "mdb3",
      "id": "mdb3:37017",
      "port": 37017,
      "rsId": "sgcShard_0",
      "state": "RECOVERY_IN_PROGRESS",
      "stateUpdateTime": 1770063363
    },
    {
      "error": null,
      "hostname": "mdb9",
      "id": "mdb9:37017",
      "port": 37017,
      "rsId": "sgcShard_1",
      "state": "RECOVERY_IN_PROGRESS",
      "stateUpdateTime": 1770063444
    },
    {
      "error": "Failed to mark node as COPY_FILES as the node was previously RECOVERY_IN_PROGRESS",
      "hostname": "mdb2",
      "id": "mdb2:37017",
      "port": 37017,
      "rsId": "sgcShard_1",
      "state": "RECOVERY_IN_PROGRESS",
      "stateUpdateTime": 1770063540
    },
    {
      "error": null,
      "hostname": "mdb4",
      "id": "mdb4:37017",
      "port": 37017,
      "rsId": "sgcShard_1",
      "state": "RECOVERY_IN_PROGRESS",
      "stateUpdateTime": 1770063575
    },
    {
      "error": null,
      "hostname": "mdb-config2",
      "id": "mdb-config2:37017",
      "port": 37017,
      "rsId": "configRS",
      "state": "RECOVERY_IN_PROGRESS",
      "stateUpdateTime": 1770063641
    },
    {
      "error": null,
      "hostname": "mdb-config1",
      "id": "mdb-config1:37017",
      "port": 37017,
      "rsId": "configRS",
      "state": "RECOVERY_IN_PROGRESS",
      "stateUpdateTime": 1770063687
    },
    {
      "error": null,
      "hostname": "mdb7",
      "id": "mdb7:37017",
      "port": 37017,
      "rsId": "configRS",
      "state": "RECOVERY_IN_PROGRESS",
      "stateUpdateTime": 1770063734
    }
  ],
  "state": "RECOVERY_IN_PROGRESS"
}
2026-02-02 14:41:46,260 [INFO] Restore state: RECOVERY_IN_PROGRESS
2026-02-02 14:41:56,261 [DEBUG] API GET http://sb1.cpolab.ibm.com:8080/api/public/v1.0/backup/third_party/group/67eed68e0ba1970a07e16b77/restore/698104274ad5445e026ff044
2026-02-02 14:41:56,445 [DEBUG] STATUS 200
2026-02-02 14:41:56,445 [DEBUG] {
  "clusterMapping": [
    {
      "rsId": "sgcShard_0",
      "targetRsId": "sgcShard_0"
    },
    {
      "rsId": "sgcShard_1",
      "targetRsId": "sgcShard_1"
    },
    {
      "rsId": "configRS",
      "targetRsId": "configRS"
    }
  ],
  "nodes": [
    {
      "error": null,
      "hostname": "mdb1",
      "id": "mdb1:37017",
      "port": 37017,
      "rsId": "sgcShard_0",
      "state": "RECOVERY_IN_PROGRESS",
      "stateUpdateTime": 1770063297
    },
    {
      "error": null,
      "hostname": "mdb8",
      "id": "mdb8:37017",
      "port": 37017,
      "rsId": "sgcShard_0",
      "state": "RECOVERY_IN_PROGRESS",
      "stateUpdateTime": 1770063335
    },
    {
      "error": null,
      "hostname": "mdb3",
      "id": "mdb3:37017",
      "port": 37017,
      "rsId": "sgcShard_0",
      "state": "RECOVERY_IN_PROGRESS",
      "stateUpdateTime": 1770063363
    },
    {
      "error": null,
      "hostname": "mdb9",
      "id": "mdb9:37017",
      "port": 37017,
      "rsId": "sgcShard_1",
      "state": "RECOVERY_IN_PROGRESS",
      "stateUpdateTime": 1770063444
    },
    {
      "error": "Failed to mark node as COPY_FILES as the node was previously RECOVERY_IN_PROGRESS",
      "hostname": "mdb2",
      "id": "mdb2:37017",
      "port": 37017,
      "rsId": "sgcShard_1",
      "state": "RECOVERY_IN_PROGRESS",
      "stateUpdateTime": 1770063540
    },
    {
      "error": null,
      "hostname": "mdb4",
      "id": "mdb4:37017",
      "port": 37017,
      "rsId": "sgcShard_1",
      "state": "RECOVERY_IN_PROGRESS",
      "stateUpdateTime": 1770063575
    },
    {
      "error": null,
      "hostname": "mdb-config2",
      "id": "mdb-config2:37017",
      "port": 37017,
      "rsId": "configRS",
      "state": "RECOVERY_IN_PROGRESS",
      "stateUpdateTime": 1770063641
    },
    {
      "error": null,
      "hostname": "mdb-config1",
      "id": "mdb-config1:37017",
      "port": 37017,
      "rsId": "configRS",
      "state": "RECOVERY_IN_PROGRESS",
      "stateUpdateTime": 1770063687
    },
    {
      "error": null,
      "hostname": "mdb7",
      "id": "mdb7:37017",
      "port": 37017,
      "rsId": "configRS",
      "state": "RECOVERY_IN_PROGRESS",
      "stateUpdateTime": 1770063734
    }
  ],
  "state": "RECOVERY_IN_PROGRESS"
}
2026-02-02 14:41:56,445 [INFO] Restore state: RECOVERY_IN_PROGRESS
2026-02-02 14:42:06,446 [DEBUG] API GET http://sb1.cpolab.ibm.com:8080/api/public/v1.0/backup/third_party/group/67eed68e0ba1970a07e16b77/restore/698104274ad5445e026ff044
2026-02-02 14:42:06,616 [DEBUG] STATUS 200
2026-02-02 14:42:06,616 [DEBUG] {
  "clusterMapping": [
    {
      "rsId": "sgcShard_0",
      "targetRsId": "sgcShard_0"
    },
    {
      "rsId": "sgcShard_1",
      "targetRsId": "sgcShard_1"
    },
    {
      "rsId": "configRS",
      "targetRsId": "configRS"
    }
  ],
  "nodes": [
    {
      "error": null,
      "hostname": "mdb1",
      "id": "mdb1:37017",
      "port": 37017,
      "rsId": "sgcShard_0",
      "state": "RECOVERY_IN_PROGRESS",
      "stateUpdateTime": 1770063297
    },
    {
      "error": null,
      "hostname": "mdb8",
      "id": "mdb8:37017",
      "port": 37017,
      "rsId": "sgcShard_0",
      "state": "RECOVERY_IN_PROGRESS",
      "stateUpdateTime": 1770063335
    },
    {
      "error": null,
      "hostname": "mdb3",
      "id": "mdb3:37017",
      "port": 37017,
      "rsId": "sgcShard_0",
      "state": "RECOVERY_IN_PROGRESS",
      "stateUpdateTime": 1770063363
    },
    {
      "error": null,
      "hostname": "mdb9",
      "id": "mdb9:37017",
      "port": 37017,
      "rsId": "sgcShard_1",
      "state": "RECOVERY_IN_PROGRESS",
      "stateUpdateTime": 1770063444
    },
    {
      "error": "Failed to mark node as COPY_FILES as the node was previously RECOVERY_IN_PROGRESS",
      "hostname": "mdb2",
      "id": "mdb2:37017",
      "port": 37017,
      "rsId": "sgcShard_1",
      "state": "RECOVERY_IN_PROGRESS",
      "stateUpdateTime": 1770063540
    },
    {
      "error": null,
      "hostname": "mdb4",
      "id": "mdb4:37017",
      "port": 37017,
      "rsId": "sgcShard_1",
      "state": "RECOVERY_IN_PROGRESS",
      "stateUpdateTime": 1770063575
    },
    {
      "error": null,
      "hostname": "mdb-config2",
      "id": "mdb-config2:37017",
      "port": 37017,
      "rsId": "configRS",
      "state": "RECOVERY_IN_PROGRESS",
      "stateUpdateTime": 1770063641
    },
    {
      "error": null,
      "hostname": "mdb-config1",
      "id": "mdb-config1:37017",
      "port": 37017,
      "rsId": "configRS",
      "state": "RECOVERY_IN_PROGRESS",
      "stateUpdateTime": 1770063687
    },
    {
      "error": null,
      "hostname": "mdb7",
      "id": "mdb7:37017",
      "port": 37017,
      "rsId": "configRS",
      "state": "RECOVERY_IN_PROGRESS",
      "stateUpdateTime": 1770063734
    }
  ],
  "state": "RECOVERY_IN_PROGRESS"
}
2026-02-02 14:42:06,616 [INFO] Restore state: RECOVERY_IN_PROGRESS
2026-02-02 14:42:16,617 [DEBUG] API GET http://sb1.cpolab.ibm.com:8080/api/public/v1.0/backup/third_party/group/67eed68e0ba1970a07e16b77/restore/698104274ad5445e026ff044
2026-02-02 14:42:16,792 [DEBUG] STATUS 200
2026-02-02 14:42:16,792 [DEBUG] {
  "clusterMapping": [
    {
      "rsId": "sgcShard_0",
      "targetRsId": "sgcShard_0"
    },
    {
      "rsId": "sgcShard_1",
      "targetRsId": "sgcShard_1"
    },
    {
      "rsId": "configRS",
      "targetRsId": "configRS"
    }
  ],
  "nodes": [
    {
      "error": null,
      "hostname": "mdb1",
      "id": "mdb1:37017",
      "port": 37017,
      "rsId": "sgcShard_0",
      "state": "RECOVERY_IN_PROGRESS",
      "stateUpdateTime": 1770063297
    },
    {
      "error": null,
      "hostname": "mdb8",
      "id": "mdb8:37017",
      "port": 37017,
      "rsId": "sgcShard_0",
      "state": "RECOVERY_IN_PROGRESS",
      "stateUpdateTime": 1770063335
    },
    {
      "error": null,
      "hostname": "mdb3",
      "id": "mdb3:37017",
      "port": 37017,
      "rsId": "sgcShard_0",
      "state": "RECOVERY_IN_PROGRESS",
      "stateUpdateTime": 1770063363
    },
    {
      "error": null,
      "hostname": "mdb9",
      "id": "mdb9:37017",
      "port": 37017,
      "rsId": "sgcShard_1",
      "state": "RECOVERY_IN_PROGRESS",
      "stateUpdateTime": 1770063444
    },
    {
      "error": "Failed to mark node as COPY_FILES as the node was previously RECOVERY_IN_PROGRESS",
      "hostname": "mdb2",
      "id": "mdb2:37017",
      "port": 37017,
      "rsId": "sgcShard_1",
      "state": "RECOVERY_IN_PROGRESS",
      "stateUpdateTime": 1770063540
    },
    {
      "error": null,
      "hostname": "mdb4",
      "id": "mdb4:37017",
      "port": 37017,
      "rsId": "sgcShard_1",
      "state": "RECOVERY_IN_PROGRESS",
      "stateUpdateTime": 1770063575
    },
    {
      "error": null,
      "hostname": "mdb-config2",
      "id": "mdb-config2:37017",
      "port": 37017,
      "rsId": "configRS",
      "state": "RECOVERY_IN_PROGRESS",
      "stateUpdateTime": 1770063641
    },
    {
      "error": null,
      "hostname": "mdb-config1",
      "id": "mdb-config1:37017",
      "port": 37017,
      "rsId": "configRS",
      "state": "RECOVERY_IN_PROGRESS",
      "stateUpdateTime": 1770063687
    },
    {
      "error": null,
      "hostname": "mdb7",
      "id": "mdb7:37017",
      "port": 37017,
      "rsId": "configRS",
      "state": "RECOVERY_IN_PROGRESS",
      "stateUpdateTime": 1770063734
    }
  ],
  "state": "RECOVERY_IN_PROGRESS"
}
2026-02-02 14:42:16,792 [INFO] Restore state: RECOVERY_IN_PROGRESS
2026-02-02 14:42:26,793 [DEBUG] API GET http://sb1.cpolab.ibm.com:8080/api/public/v1.0/backup/third_party/group/67eed68e0ba1970a07e16b77/restore/698104274ad5445e026ff044
2026-02-02 14:42:26,976 [DEBUG] STATUS 200
2026-02-02 14:42:26,976 [DEBUG] {
  "clusterMapping": [
    {
      "rsId": "sgcShard_0",
      "targetRsId": "sgcShard_0"
    },
    {
      "rsId": "sgcShard_1",
      "targetRsId": "sgcShard_1"
    },
    {
      "rsId": "configRS",
      "targetRsId": "configRS"
    }
  ],
  "nodes": [
    {
      "error": null,
      "hostname": "mdb1",
      "id": "mdb1:37017",
      "port": 37017,
      "rsId": "sgcShard_0",
      "state": "RECOVERY_IN_PROGRESS",
      "stateUpdateTime": 1770063297
    },
    {
      "error": null,
      "hostname": "mdb8",
      "id": "mdb8:37017",
      "port": 37017,
      "rsId": "sgcShard_0",
      "state": "RECOVERY_IN_PROGRESS",
      "stateUpdateTime": 1770063335
    },
    {
      "error": null,
      "hostname": "mdb3",
      "id": "mdb3:37017",
      "port": 37017,
      "rsId": "sgcShard_0",
      "state": "RECOVERY_IN_PROGRESS",
      "stateUpdateTime": 1770063363
    },
    {
      "error": null,
      "hostname": "mdb9",
      "id": "mdb9:37017",
      "port": 37017,
      "rsId": "sgcShard_1",
      "state": "RECOVERY_IN_PROGRESS",
      "stateUpdateTime": 1770063444
    },
    {
      "error": "Failed to mark node as COPY_FILES as the node was previously RECOVERY_IN_PROGRESS",
      "hostname": "mdb2",
      "id": "mdb2:37017",
      "port": 37017,
      "rsId": "sgcShard_1",
      "state": "RECOVERY_IN_PROGRESS",
      "stateUpdateTime": 1770063540
    },
    {
      "error": null,
      "hostname": "mdb4",
      "id": "mdb4:37017",
      "port": 37017,
      "rsId": "sgcShard_1",
      "state": "RECOVERY_IN_PROGRESS",
      "stateUpdateTime": 1770063575
    },
    {
      "error": null,
      "hostname": "mdb-config2",
      "id": "mdb-config2:37017",
      "port": 37017,
      "rsId": "configRS",
      "state": "RECOVERY_IN_PROGRESS",
      "stateUpdateTime": 1770063641
    },
    {
      "error": null,
      "hostname": "mdb-config1",
      "id": "mdb-config1:37017",
      "port": 37017,
      "rsId": "configRS",
      "state": "RECOVERY_IN_PROGRESS",
      "stateUpdateTime": 1770063687
    },
    {
      "error": null,
      "hostname": "mdb7",
      "id": "mdb7:37017",
      "port": 37017,
      "rsId": "configRS",
      "state": "RECOVERY_IN_PROGRESS",
      "stateUpdateTime": 1770063734
    }
  ],
  "state": "RECOVERY_IN_PROGRESS"
}
2026-02-02 14:42:26,976 [INFO] Restore state: RECOVERY_IN_PROGRESS
2026-02-02 14:42:36,977 [DEBUG] API GET http://sb1.cpolab.ibm.com:8080/api/public/v1.0/backup/third_party/group/67eed68e0ba1970a07e16b77/restore/698104274ad5445e026ff044
2026-02-02 14:42:37,222 [DEBUG] STATUS 200
2026-02-02 14:42:37,222 [DEBUG] {
  "clusterMapping": [
    {
      "rsId": "sgcShard_0",
      "targetRsId": "sgcShard_0"
    },
    {
      "rsId": "sgcShard_1",
      "targetRsId": "sgcShard_1"
    },
    {
      "rsId": "configRS",
      "targetRsId": "configRS"
    }
  ],
  "nodes": [
    {
      "error": null,
      "hostname": "mdb1",
      "id": "mdb1:37017",
      "port": 37017,
      "rsId": "sgcShard_0",
      "state": "RECOVERY_IN_PROGRESS",
      "stateUpdateTime": 1770063297
    },
    {
      "error": null,
      "hostname": "mdb8",
      "id": "mdb8:37017",
      "port": 37017,
      "rsId": "sgcShard_0",
      "state": "RECOVERY_IN_PROGRESS",
      "stateUpdateTime": 1770063335
    },
    {
      "error": null,
      "hostname": "mdb3",
      "id": "mdb3:37017",
      "port": 37017,
      "rsId": "sgcShard_0",
      "state": "RECOVERY_IN_PROGRESS",
      "stateUpdateTime": 1770063363
    },
    {
      "error": null,
      "hostname": "mdb9",
      "id": "mdb9:37017",
      "port": 37017,
      "rsId": "sgcShard_1",
      "state": "RECOVERY_IN_PROGRESS",
      "stateUpdateTime": 1770063444
    },
    {
      "error": "Failed to mark node as COPY_FILES as the node was previously RECOVERY_IN_PROGRESS",
      "hostname": "mdb2",
      "id": "mdb2:37017",
      "port": 37017,
      "rsId": "sgcShard_1",
      "state": "RECOVERY_IN_PROGRESS",
      "stateUpdateTime": 1770063540
    },
    {
      "error": null,
      "hostname": "mdb4",
      "id": "mdb4:37017",
      "port": 37017,
      "rsId": "sgcShard_1",
      "state": "RECOVERY_IN_PROGRESS",
      "stateUpdateTime": 1770063575
    },
    {
      "error": null,
      "hostname": "mdb-config2",
      "id": "mdb-config2:37017",
      "port": 37017,
      "rsId": "configRS",
      "state": "RECOVERY_IN_PROGRESS",
      "stateUpdateTime": 1770063641
    },
    {
      "error": null,
      "hostname": "mdb-config1",
      "id": "mdb-config1:37017",
      "port": 37017,
      "rsId": "configRS",
      "state": "RECOVERY_IN_PROGRESS",
      "stateUpdateTime": 1770063687
    },
    {
      "error": null,
      "hostname": "mdb7",
      "id": "mdb7:37017",
      "port": 37017,
      "rsId": "configRS",
      "state": "RECOVERY_IN_PROGRESS",
      "stateUpdateTime": 1770063734
    }
  ],
  "state": "RECOVERY_IN_PROGRESS"
}
2026-02-02 14:42:37,222 [INFO] Restore state: RECOVERY_IN_PROGRESS
2026-02-02 14:42:47,223 [DEBUG] API GET http://sb1.cpolab.ibm.com:8080/api/public/v1.0/backup/third_party/group/67eed68e0ba1970a07e16b77/restore/698104274ad5445e026ff044
2026-02-02 14:42:47,392 [DEBUG] STATUS 200
2026-02-02 14:42:47,392 [DEBUG] {
  "clusterMapping": [
    {
      "rsId": "sgcShard_0",
      "targetRsId": "sgcShard_0"
    },
    {
      "rsId": "sgcShard_1",
      "targetRsId": "sgcShard_1"
    },
    {
      "rsId": "configRS",
      "targetRsId": "configRS"
    }
  ],
  "nodes": [
    {
      "error": null,
      "hostname": "mdb1",
      "id": "mdb1:37017",
      "port": 37017,
      "rsId": "sgcShard_0",
      "state": "RECOVERY_IN_PROGRESS",
      "stateUpdateTime": 1770063297
    },
    {
      "error": null,
      "hostname": "mdb8",
      "id": "mdb8:37017",
      "port": 37017,
      "rsId": "sgcShard_0",
      "state": "RECOVERY_IN_PROGRESS",
      "stateUpdateTime": 1770063335
    },
    {
      "error": null,
      "hostname": "mdb3",
      "id": "mdb3:37017",
      "port": 37017,
      "rsId": "sgcShard_0",
      "state": "RECOVERY_IN_PROGRESS",
      "stateUpdateTime": 1770063363
    },
    {
      "error": null,
      "hostname": "mdb9",
      "id": "mdb9:37017",
      "port": 37017,
      "rsId": "sgcShard_1",
      "state": "RECOVERY_IN_PROGRESS",
      "stateUpdateTime": 1770063444
    },
    {
      "error": "Failed to mark node as COPY_FILES as the node was previously RECOVERY_IN_PROGRESS",
      "hostname": "mdb2",
      "id": "mdb2:37017",
      "port": 37017,
      "rsId": "sgcShard_1",
      "state": "RECOVERY_IN_PROGRESS",
      "stateUpdateTime": 1770063540
    },
    {
      "error": null,
      "hostname": "mdb4",
      "id": "mdb4:37017",
      "port": 37017,
      "rsId": "sgcShard_1",
      "state": "RECOVERY_IN_PROGRESS",
      "stateUpdateTime": 1770063575
    },
    {
      "error": null,
      "hostname": "mdb-config2",
      "id": "mdb-config2:37017",
      "port": 37017,
      "rsId": "configRS",
      "state": "RECOVERY_IN_PROGRESS",
      "stateUpdateTime": 1770063641
    },
    {
      "error": null,
      "hostname": "mdb-config1",
      "id": "mdb-config1:37017",
      "port": 37017,
      "rsId": "configRS",
      "state": "RECOVERY_IN_PROGRESS",
      "stateUpdateTime": 1770063687
    },
    {
      "error": null,
      "hostname": "mdb7",
      "id": "mdb7:37017",
      "port": 37017,
      "rsId": "configRS",
      "state": "RECOVERY_IN_PROGRESS",
      "stateUpdateTime": 1770063734
    }
  ],
  "state": "RECOVERY_IN_PROGRESS"
}
2026-02-02 14:42:47,392 [INFO] Restore state: RECOVERY_IN_PROGRESS
2026-02-02 14:42:57,393 [DEBUG] API GET http://sb1.cpolab.ibm.com:8080/api/public/v1.0/backup/third_party/group/67eed68e0ba1970a07e16b77/restore/698104274ad5445e026ff044
2026-02-02 14:42:57,577 [DEBUG] STATUS 200
2026-02-02 14:42:57,578 [DEBUG] {
  "clusterMapping": [
    {
      "rsId": "sgcShard_0",
      "targetRsId": "sgcShard_0"
    },
    {
      "rsId": "sgcShard_1",
      "targetRsId": "sgcShard_1"
    },
    {
      "rsId": "configRS",
      "targetRsId": "configRS"
    }
  ],
  "nodes": [
    {
      "error": null,
      "hostname": "mdb1",
      "id": "mdb1:37017",
      "port": 37017,
      "rsId": "sgcShard_0",
      "state": "RECOVERY_IN_PROGRESS",
      "stateUpdateTime": 1770063297
    },
    {
      "error": null,
      "hostname": "mdb8",
      "id": "mdb8:37017",
      "port": 37017,
      "rsId": "sgcShard_0",
      "state": "RECOVERY_IN_PROGRESS",
      "stateUpdateTime": 1770063335
    },
    {
      "error": null,
      "hostname": "mdb3",
      "id": "mdb3:37017",
      "port": 37017,
      "rsId": "sgcShard_0",
      "state": "RECOVERY_IN_PROGRESS",
      "stateUpdateTime": 1770063363
    },
    {
      "error": null,
      "hostname": "mdb9",
      "id": "mdb9:37017",
      "port": 37017,
      "rsId": "sgcShard_1",
      "state": "RECOVERY_IN_PROGRESS",
      "stateUpdateTime": 1770063444
    },
    {
      "error": "Failed to mark node as COPY_FILES as the node was previously RECOVERY_IN_PROGRESS",
      "hostname": "mdb2",
      "id": "mdb2:37017",
      "port": 37017,
      "rsId": "sgcShard_1",
      "state": "RECOVERY_IN_PROGRESS",
      "stateUpdateTime": 1770063540
    },
    {
      "error": null,
      "hostname": "mdb4",
      "id": "mdb4:37017",
      "port": 37017,
      "rsId": "sgcShard_1",
      "state": "RECOVERY_IN_PROGRESS",
      "stateUpdateTime": 1770063575
    },
    {
      "error": null,
      "hostname": "mdb-config2",
      "id": "mdb-config2:37017",
      "port": 37017,
      "rsId": "configRS",
      "state": "RECOVERY_IN_PROGRESS",
      "stateUpdateTime": 1770063641
    },
    {
      "error": null,
      "hostname": "mdb-config1",
      "id": "mdb-config1:37017",
      "port": 37017,
      "rsId": "configRS",
      "state": "RECOVERY_IN_PROGRESS",
      "stateUpdateTime": 1770063687
    },
    {
      "error": null,
      "hostname": "mdb7",
      "id": "mdb7:37017",
      "port": 37017,
      "rsId": "configRS",
      "state": "RECOVERY_IN_PROGRESS",
      "stateUpdateTime": 1770063734
    }
  ],
  "state": "RECOVERY_IN_PROGRESS"
}
2026-02-02 14:42:57,578 [INFO] Restore state: RECOVERY_IN_PROGRESS
2026-02-02 14:43:07,580 [DEBUG] API GET http://sb1.cpolab.ibm.com:8080/api/public/v1.0/backup/third_party/group/67eed68e0ba1970a07e16b77/restore/698104274ad5445e026ff044
2026-02-02 14:43:07,749 [DEBUG] STATUS 200
2026-02-02 14:43:07,749 [DEBUG] {
  "clusterMapping": [
    {
      "rsId": "sgcShard_0",
      "targetRsId": "sgcShard_0"
    },
    {
      "rsId": "sgcShard_1",
      "targetRsId": "sgcShard_1"
    },
    {
      "rsId": "configRS",
      "targetRsId": "configRS"
    }
  ],
  "nodes": [
    {
      "error": null,
      "hostname": "mdb1",
      "id": "mdb1:37017",
      "port": 37017,
      "rsId": "sgcShard_0",
      "state": "RECOVERY_IN_PROGRESS",
      "stateUpdateTime": 1770063297
    },
    {
      "error": null,
      "hostname": "mdb8",
      "id": "mdb8:37017",
      "port": 37017,
      "rsId": "sgcShard_0",
      "state": "RECOVERY_IN_PROGRESS",
      "stateUpdateTime": 1770063335
    },
    {
      "error": null,
      "hostname": "mdb3",
      "id": "mdb3:37017",
      "port": 37017,
      "rsId": "sgcShard_0",
      "state": "RECOVERY_IN_PROGRESS",
      "stateUpdateTime": 1770063363
    },
    {
      "error": null,
      "hostname": "mdb9",
      "id": "mdb9:37017",
      "port": 37017,
      "rsId": "sgcShard_1",
      "state": "RECOVERY_IN_PROGRESS",
      "stateUpdateTime": 1770063444
    },
    {
      "error": "Failed to mark node as COPY_FILES as the node was previously RECOVERY_IN_PROGRESS",
      "hostname": "mdb2",
      "id": "mdb2:37017",
      "port": 37017,
      "rsId": "sgcShard_1",
      "state": "RECOVERY_IN_PROGRESS",
      "stateUpdateTime": 1770063540
    },
    {
      "error": null,
      "hostname": "mdb4",
      "id": "mdb4:37017",
      "port": 37017,
      "rsId": "sgcShard_1",
      "state": "RECOVERY_IN_PROGRESS",
      "stateUpdateTime": 1770063575
    },
    {
      "error": null,
      "hostname": "mdb-config2",
      "id": "mdb-config2:37017",
      "port": 37017,
      "rsId": "configRS",
      "state": "RECOVERY_IN_PROGRESS",
      "stateUpdateTime": 1770063641
    },
    {
      "error": null,
      "hostname": "mdb-config1",
      "id": "mdb-config1:37017",
      "port": 37017,
      "rsId": "configRS",
      "state": "RECOVERY_IN_PROGRESS",
      "stateUpdateTime": 1770063687
    },
    {
      "error": null,
      "hostname": "mdb7",
      "id": "mdb7:37017",
      "port": 37017,
      "rsId": "configRS",
      "state": "RECOVERY_IN_PROGRESS",
      "stateUpdateTime": 1770063734
    }
  ],
  "state": "RECOVERY_IN_PROGRESS"
}
2026-02-02 14:43:07,749 [INFO] Restore state: RECOVERY_IN_PROGRESS
2026-02-02 14:43:17,750 [DEBUG] API GET http://sb1.cpolab.ibm.com:8080/api/public/v1.0/backup/third_party/group/67eed68e0ba1970a07e16b77/restore/698104274ad5445e026ff044
2026-02-02 14:43:17,917 [DEBUG] STATUS 200
2026-02-02 14:43:17,917 [DEBUG] {
  "clusterMapping": [
    {
      "rsId": "sgcShard_0",
      "targetRsId": "sgcShard_0"
    },
    {
      "rsId": "sgcShard_1",
      "targetRsId": "sgcShard_1"
    },
    {
      "rsId": "configRS",
      "targetRsId": "configRS"
    }
  ],
  "nodes": [
    {
      "error": null,
      "hostname": "mdb1",
      "id": "mdb1:37017",
      "port": 37017,
      "rsId": "sgcShard_0",
      "state": "RECOVERY_IN_PROGRESS",
      "stateUpdateTime": 1770063297
    },
    {
      "error": null,
      "hostname": "mdb8",
      "id": "mdb8:37017",
      "port": 37017,
      "rsId": "sgcShard_0",
      "state": "RECOVERY_IN_PROGRESS",
      "stateUpdateTime": 1770063335
    },
    {
      "error": null,
      "hostname": "mdb3",
      "id": "mdb3:37017",
      "port": 37017,
      "rsId": "sgcShard_0",
      "state": "RECOVERY_IN_PROGRESS",
      "stateUpdateTime": 1770063363
    },
    {
      "error": null,
      "hostname": "mdb9",
      "id": "mdb9:37017",
      "port": 37017,
      "rsId": "sgcShard_1",
      "state": "RECOVERY_IN_PROGRESS",
      "stateUpdateTime": 1770063444
    },
    {
      "error": "Failed to mark node as COPY_FILES as the node was previously RECOVERY_IN_PROGRESS",
      "hostname": "mdb2",
      "id": "mdb2:37017",
      "port": 37017,
      "rsId": "sgcShard_1",
      "state": "RECOVERY_IN_PROGRESS",
      "stateUpdateTime": 1770063540
    },
    {
      "error": null,
      "hostname": "mdb4",
      "id": "mdb4:37017",
      "port": 37017,
      "rsId": "sgcShard_1",
      "state": "RECOVERY_IN_PROGRESS",
      "stateUpdateTime": 1770063575
    },
    {
      "error": null,
      "hostname": "mdb-config2",
      "id": "mdb-config2:37017",
      "port": 37017,
      "rsId": "configRS",
      "state": "RECOVERY_IN_PROGRESS",
      "stateUpdateTime": 1770063641
    },
    {
      "error": null,
      "hostname": "mdb-config1",
      "id": "mdb-config1:37017",
      "port": 37017,
      "rsId": "configRS",
      "state": "RECOVERY_IN_PROGRESS",
      "stateUpdateTime": 1770063687
    },
    {
      "error": null,
      "hostname": "mdb7",
      "id": "mdb7:37017",
      "port": 37017,
      "rsId": "configRS",
      "state": "RECOVERY_IN_PROGRESS",
      "stateUpdateTime": 1770063734
    }
  ],
  "state": "RECOVERY_IN_PROGRESS"
}
2026-02-02 14:43:17,917 [INFO] Restore state: RECOVERY_IN_PROGRESS
2026-02-02 14:43:27,918 [DEBUG] API GET http://sb1.cpolab.ibm.com:8080/api/public/v1.0/backup/third_party/group/67eed68e0ba1970a07e16b77/restore/698104274ad5445e026ff044
2026-02-02 14:43:28,105 [DEBUG] STATUS 200
2026-02-02 14:43:28,106 [DEBUG] {
  "clusterMapping": [
    {
      "rsId": "sgcShard_0",
      "targetRsId": "sgcShard_0"
    },
    {
      "rsId": "sgcShard_1",
      "targetRsId": "sgcShard_1"
    },
    {
      "rsId": "configRS",
      "targetRsId": "configRS"
    }
  ],
  "nodes": [
    {
      "error": null,
      "hostname": "mdb1",
      "id": "mdb1:37017",
      "port": 37017,
      "rsId": "sgcShard_0",
      "state": "RECOVERY_IN_PROGRESS",
      "stateUpdateTime": 1770063297
    },
    {
      "error": null,
      "hostname": "mdb8",
      "id": "mdb8:37017",
      "port": 37017,
      "rsId": "sgcShard_0",
      "state": "RECOVERY_IN_PROGRESS",
      "stateUpdateTime": 1770063335
    },
    {
      "error": null,
      "hostname": "mdb3",
      "id": "mdb3:37017",
      "port": 37017,
      "rsId": "sgcShard_0",
      "state": "RECOVERY_IN_PROGRESS",
      "stateUpdateTime": 1770063363
    },
    {
      "error": null,
      "hostname": "mdb9",
      "id": "mdb9:37017",
      "port": 37017,
      "rsId": "sgcShard_1",
      "state": "RECOVERY_IN_PROGRESS",
      "stateUpdateTime": 1770063444
    },
    {
      "error": "Failed to mark node as COPY_FILES as the node was previously RECOVERY_IN_PROGRESS",
      "hostname": "mdb2",
      "id": "mdb2:37017",
      "port": 37017,
      "rsId": "sgcShard_1",
      "state": "RECOVERY_IN_PROGRESS",
      "stateUpdateTime": 1770063540
    },
    {
      "error": null,
      "hostname": "mdb4",
      "id": "mdb4:37017",
      "port": 37017,
      "rsId": "sgcShard_1",
      "state": "RECOVERY_IN_PROGRESS",
      "stateUpdateTime": 1770063575
    },
    {
      "error": null,
      "hostname": "mdb-config2",
      "id": "mdb-config2:37017",
      "port": 37017,
      "rsId": "configRS",
      "state": "RECOVERY_IN_PROGRESS",
      "stateUpdateTime": 1770063641
    },
    {
      "error": null,
      "hostname": "mdb-config1",
      "id": "mdb-config1:37017",
      "port": 37017,
      "rsId": "configRS",
      "state": "RECOVERY_IN_PROGRESS",
      "stateUpdateTime": 1770063687
    },
    {
      "error": null,
      "hostname": "mdb7",
      "id": "mdb7:37017",
      "port": 37017,
      "rsId": "configRS",
      "state": "RECOVERY_IN_PROGRESS",
      "stateUpdateTime": 1770063734
    }
  ],
  "state": "RECOVERY_IN_PROGRESS"
}
2026-02-02 14:43:28,106 [INFO] Restore state: RECOVERY_IN_PROGRESS
2026-02-02 14:43:38,107 [DEBUG] API GET http://sb1.cpolab.ibm.com:8080/api/public/v1.0/backup/third_party/group/67eed68e0ba1970a07e16b77/restore/698104274ad5445e026ff044
2026-02-02 14:43:38,338 [DEBUG] STATUS 200
2026-02-02 14:43:38,338 [DEBUG] {
  "clusterMapping": [
    {
      "rsId": "sgcShard_0",
      "targetRsId": "sgcShard_0"
    },
    {
      "rsId": "sgcShard_1",
      "targetRsId": "sgcShard_1"
    },
    {
      "rsId": "configRS",
      "targetRsId": "configRS"
    }
  ],
  "nodes": [
    {
      "error": null,
      "hostname": "mdb1",
      "id": "mdb1:37017",
      "port": 37017,
      "rsId": "sgcShard_0",
      "state": "RECOVERY_IN_PROGRESS",
      "stateUpdateTime": 1770063297
    },
    {
      "error": null,
      "hostname": "mdb8",
      "id": "mdb8:37017",
      "port": 37017,
      "rsId": "sgcShard_0",
      "state": "RECOVERY_IN_PROGRESS",
      "stateUpdateTime": 1770063335
    },
    {
      "error": null,
      "hostname": "mdb3",
      "id": "mdb3:37017",
      "port": 37017,
      "rsId": "sgcShard_0",
      "state": "RECOVERY_IN_PROGRESS",
      "stateUpdateTime": 1770063363
    },
    {
      "error": null,
      "hostname": "mdb9",
      "id": "mdb9:37017",
      "port": 37017,
      "rsId": "sgcShard_1",
      "state": "RECOVERY_IN_PROGRESS",
      "stateUpdateTime": 1770063444
    },
    {
      "error": "Failed to mark node as COPY_FILES as the node was previously RECOVERY_IN_PROGRESS",
      "hostname": "mdb2",
      "id": "mdb2:37017",
      "port": 37017,
      "rsId": "sgcShard_1",
      "state": "RECOVERY_IN_PROGRESS",
      "stateUpdateTime": 1770063540
    },
    {
      "error": null,
      "hostname": "mdb4",
      "id": "mdb4:37017",
      "port": 37017,
      "rsId": "sgcShard_1",
      "state": "RECOVERY_IN_PROGRESS",
      "stateUpdateTime": 1770063575
    },
    {
      "error": null,
      "hostname": "mdb-config2",
      "id": "mdb-config2:37017",
      "port": 37017,
      "rsId": "configRS",
      "state": "RECOVERY_IN_PROGRESS",
      "stateUpdateTime": 1770063641
    },
    {
      "error": null,
      "hostname": "mdb-config1",
      "id": "mdb-config1:37017",
      "port": 37017,
      "rsId": "configRS",
      "state": "RECOVERY_IN_PROGRESS",
      "stateUpdateTime": 1770063687
    },
    {
      "error": null,
      "hostname": "mdb7",
      "id": "mdb7:37017",
      "port": 37017,
      "rsId": "configRS",
      "state": "RECOVERY_IN_PROGRESS",
      "stateUpdateTime": 1770063734
    }
  ],
  "state": "RECOVERY_IN_PROGRESS"
}
2026-02-02 14:43:38,338 [INFO] Restore state: RECOVERY_IN_PROGRESS
2026-02-02 14:43:48,338 [DEBUG] API GET http://sb1.cpolab.ibm.com:8080/api/public/v1.0/backup/third_party/group/67eed68e0ba1970a07e16b77/restore/698104274ad5445e026ff044
2026-02-02 14:43:48,520 [DEBUG] STATUS 200
2026-02-02 14:43:48,521 [DEBUG] {
  "clusterMapping": [
    {
      "rsId": "sgcShard_0",
      "targetRsId": "sgcShard_0"
    },
    {
      "rsId": "sgcShard_1",
      "targetRsId": "sgcShard_1"
    },
    {
      "rsId": "configRS",
      "targetRsId": "configRS"
    }
  ],
  "nodes": [
    {
      "error": null,
      "hostname": "mdb1",
      "id": "mdb1:37017",
      "port": 37017,
      "rsId": "sgcShard_0",
      "state": "RECOVERY_IN_PROGRESS",
      "stateUpdateTime": 1770063297
    },
    {
      "error": null,
      "hostname": "mdb8",
      "id": "mdb8:37017",
      "port": 37017,
      "rsId": "sgcShard_0",
      "state": "RECOVERY_IN_PROGRESS",
      "stateUpdateTime": 1770063335
    },
    {
      "error": null,
      "hostname": "mdb3",
      "id": "mdb3:37017",
      "port": 37017,
      "rsId": "sgcShard_0",
      "state": "RECOVERY_IN_PROGRESS",
      "stateUpdateTime": 1770063363
    },
    {
      "error": null,
      "hostname": "mdb9",
      "id": "mdb9:37017",
      "port": 37017,
      "rsId": "sgcShard_1",
      "state": "RECOVERY_IN_PROGRESS",
      "stateUpdateTime": 1770063444
    },
    {
      "error": "Failed to mark node as COPY_FILES as the node was previously RECOVERY_IN_PROGRESS",
      "hostname": "mdb2",
      "id": "mdb2:37017",
      "port": 37017,
      "rsId": "sgcShard_1",
      "state": "RECOVERY_IN_PROGRESS",
      "stateUpdateTime": 1770063540
    },
    {
      "error": null,
      "hostname": "mdb4",
      "id": "mdb4:37017",
      "port": 37017,
      "rsId": "sgcShard_1",
      "state": "RECOVERY_IN_PROGRESS",
      "stateUpdateTime": 1770063575
    },
    {
      "error": null,
      "hostname": "mdb-config2",
      "id": "mdb-config2:37017",
      "port": 37017,
      "rsId": "configRS",
      "state": "RECOVERY_IN_PROGRESS",
      "stateUpdateTime": 1770063641
    },
    {
      "error": null,
      "hostname": "mdb-config1",
      "id": "mdb-config1:37017",
      "port": 37017,
      "rsId": "configRS",
      "state": "RECOVERY_IN_PROGRESS",
      "stateUpdateTime": 1770063687
    },
    {
      "error": null,
      "hostname": "mdb7",
      "id": "mdb7:37017",
      "port": 37017,
      "rsId": "configRS",
      "state": "RECOVERY_IN_PROGRESS",
      "stateUpdateTime": 1770063734
    }
  ],
  "state": "RECOVERY_IN_PROGRESS"
}
2026-02-02 14:43:48,521 [INFO] Restore state: RECOVERY_IN_PROGRESS
2026-02-02 14:43:58,522 [DEBUG] API GET http://sb1.cpolab.ibm.com:8080/api/public/v1.0/backup/third_party/group/67eed68e0ba1970a07e16b77/restore/698104274ad5445e026ff044
2026-02-02 14:43:58,698 [DEBUG] STATUS 200
2026-02-02 14:43:58,698 [DEBUG] {
  "clusterMapping": [
    {
      "rsId": "sgcShard_0",
      "targetRsId": "sgcShard_0"
    },
    {
      "rsId": "sgcShard_1",
      "targetRsId": "sgcShard_1"
    },
    {
      "rsId": "configRS",
      "targetRsId": "configRS"
    }
  ],
  "nodes": [
    {
      "error": null,
      "hostname": "mdb1",
      "id": "mdb1:37017",
      "port": 37017,
      "rsId": "sgcShard_0",
      "state": "RECOVERY_IN_PROGRESS",
      "stateUpdateTime": 1770063297
    },
    {
      "error": null,
      "hostname": "mdb8",
      "id": "mdb8:37017",
      "port": 37017,
      "rsId": "sgcShard_0",
      "state": "RECOVERY_IN_PROGRESS",
      "stateUpdateTime": 1770063335
    },
    {
      "error": null,
      "hostname": "mdb3",
      "id": "mdb3:37017",
      "port": 37017,
      "rsId": "sgcShard_0",
      "state": "RECOVERY_IN_PROGRESS",
      "stateUpdateTime": 1770063363
    },
    {
      "error": null,
      "hostname": "mdb9",
      "id": "mdb9:37017",
      "port": 37017,
      "rsId": "sgcShard_1",
      "state": "RECOVERY_IN_PROGRESS",
      "stateUpdateTime": 1770063444
    },
    {
      "error": "Failed to mark node as COPY_FILES as the node was previously RECOVERY_IN_PROGRESS",
      "hostname": "mdb2",
      "id": "mdb2:37017",
      "port": 37017,
      "rsId": "sgcShard_1",
      "state": "RECOVERY_IN_PROGRESS",
      "stateUpdateTime": 1770063540
    },
    {
      "error": null,
      "hostname": "mdb4",
      "id": "mdb4:37017",
      "port": 37017,
      "rsId": "sgcShard_1",
      "state": "RECOVERY_IN_PROGRESS",
      "stateUpdateTime": 1770063575
    },
    {
      "error": null,
      "hostname": "mdb-config2",
      "id": "mdb-config2:37017",
      "port": 37017,
      "rsId": "configRS",
      "state": "RECOVERY_IN_PROGRESS",
      "stateUpdateTime": 1770063641
    },
    {
      "error": null,
      "hostname": "mdb-config1",
      "id": "mdb-config1:37017",
      "port": 37017,
      "rsId": "configRS",
      "state": "RECOVERY_IN_PROGRESS",
      "stateUpdateTime": 1770063687
    },
    {
      "error": null,
      "hostname": "mdb7",
      "id": "mdb7:37017",
      "port": 37017,
      "rsId": "configRS",
      "state": "RECOVERY_IN_PROGRESS",
      "stateUpdateTime": 1770063734
    }
  ],
  "state": "RECOVERY_IN_PROGRESS"
}
2026-02-02 14:43:58,699 [INFO] Restore state: RECOVERY_IN_PROGRESS
2026-02-02 14:44:08,700 [DEBUG] API GET http://sb1.cpolab.ibm.com:8080/api/public/v1.0/backup/third_party/group/67eed68e0ba1970a07e16b77/restore/698104274ad5445e026ff044
2026-02-02 14:44:08,869 [DEBUG] STATUS 200
2026-02-02 14:44:08,870 [DEBUG] {
  "clusterMapping": [
    {
      "rsId": "sgcShard_0",
      "targetRsId": "sgcShard_0"
    },
    {
      "rsId": "sgcShard_1",
      "targetRsId": "sgcShard_1"
    },
    {
      "rsId": "configRS",
      "targetRsId": "configRS"
    }
  ],
  "nodes": [
    {
      "error": null,
      "hostname": "mdb1",
      "id": "mdb1:37017",
      "port": 37017,
      "rsId": "sgcShard_0",
      "state": "RECOVERY_IN_PROGRESS",
      "stateUpdateTime": 1770063297
    },
    {
      "error": null,
      "hostname": "mdb8",
      "id": "mdb8:37017",
      "port": 37017,
      "rsId": "sgcShard_0",
      "state": "RECOVERY_IN_PROGRESS",
      "stateUpdateTime": 1770063335
    },
    {
      "error": null,
      "hostname": "mdb3",
      "id": "mdb3:37017",
      "port": 37017,
      "rsId": "sgcShard_0",
      "state": "RECOVERY_IN_PROGRESS",
      "stateUpdateTime": 1770063363
    },
    {
      "error": null,
      "hostname": "mdb9",
      "id": "mdb9:37017",
      "port": 37017,
      "rsId": "sgcShard_1",
      "state": "RECOVERY_IN_PROGRESS",
      "stateUpdateTime": 1770063444
    },
    {
      "error": "Failed to mark node as COPY_FILES as the node was previously RECOVERY_IN_PROGRESS",
      "hostname": "mdb2",
      "id": "mdb2:37017",
      "port": 37017,
      "rsId": "sgcShard_1",
      "state": "RECOVERY_IN_PROGRESS",
      "stateUpdateTime": 1770063540
    },
    {
      "error": null,
      "hostname": "mdb4",
      "id": "mdb4:37017",
      "port": 37017,
      "rsId": "sgcShard_1",
      "state": "RECOVERY_IN_PROGRESS",
      "stateUpdateTime": 1770063575
    },
    {
      "error": null,
      "hostname": "mdb-config2",
      "id": "mdb-config2:37017",
      "port": 37017,
      "rsId": "configRS",
      "state": "RECOVERY_IN_PROGRESS",
      "stateUpdateTime": 1770063641
    },
    {
      "error": null,
      "hostname": "mdb-config1",
      "id": "mdb-config1:37017",
      "port": 37017,
      "rsId": "configRS",
      "state": "RECOVERY_IN_PROGRESS",
      "stateUpdateTime": 1770063687
    },
    {
      "error": null,
      "hostname": "mdb7",
      "id": "mdb7:37017",
      "port": 37017,
      "rsId": "configRS",
      "state": "RECOVERY_IN_PROGRESS",
      "stateUpdateTime": 1770063734
    }
  ],
  "state": "RECOVERY_IN_PROGRESS"
}
2026-02-02 14:44:08,870 [INFO] Restore state: RECOVERY_IN_PROGRESS
2026-02-02 14:44:18,870 [DEBUG] API GET http://sb1.cpolab.ibm.com:8080/api/public/v1.0/backup/third_party/group/67eed68e0ba1970a07e16b77/restore/698104274ad5445e026ff044
2026-02-02 14:44:19,040 [DEBUG] STATUS 200
2026-02-02 14:44:19,041 [DEBUG] {
  "clusterMapping": [
    {
      "rsId": "sgcShard_0",
      "targetRsId": "sgcShard_0"
    },
    {
      "rsId": "sgcShard_1",
      "targetRsId": "sgcShard_1"
    },
    {
      "rsId": "configRS",
      "targetRsId": "configRS"
    }
  ],
  "nodes": [
    {
      "error": null,
      "hostname": "mdb1",
      "id": "mdb1:37017",
      "port": 37017,
      "rsId": "sgcShard_0",
      "state": "RECOVERY_IN_PROGRESS",
      "stateUpdateTime": 1770063297
    },
    {
      "error": null,
      "hostname": "mdb8",
      "id": "mdb8:37017",
      "port": 37017,
      "rsId": "sgcShard_0",
      "state": "RECOVERY_IN_PROGRESS",
      "stateUpdateTime": 1770063335
    },
    {
      "error": null,
      "hostname": "mdb3",
      "id": "mdb3:37017",
      "port": 37017,
      "rsId": "sgcShard_0",
      "state": "RECOVERY_IN_PROGRESS",
      "stateUpdateTime": 1770063363
    },
    {
      "error": null,
      "hostname": "mdb9",
      "id": "mdb9:37017",
      "port": 37017,
      "rsId": "sgcShard_1",
      "state": "RECOVERY_IN_PROGRESS",
      "stateUpdateTime": 1770063444
    },
    {
      "error": "Failed to mark node as COPY_FILES as the node was previously RECOVERY_IN_PROGRESS",
      "hostname": "mdb2",
      "id": "mdb2:37017",
      "port": 37017,
      "rsId": "sgcShard_1",
      "state": "RECOVERY_IN_PROGRESS",
      "stateUpdateTime": 1770063540
    },
    {
      "error": null,
      "hostname": "mdb4",
      "id": "mdb4:37017",
      "port": 37017,
      "rsId": "sgcShard_1",
      "state": "RECOVERY_IN_PROGRESS",
      "stateUpdateTime": 1770063575
    },
    {
      "error": null,
      "hostname": "mdb-config2",
      "id": "mdb-config2:37017",
      "port": 37017,
      "rsId": "configRS",
      "state": "RECOVERY_IN_PROGRESS",
      "stateUpdateTime": 1770063641
    },
    {
      "error": null,
      "hostname": "mdb-config1",
      "id": "mdb-config1:37017",
      "port": 37017,
      "rsId": "configRS",
      "state": "RECOVERY_IN_PROGRESS",
      "stateUpdateTime": 1770063687
    },
    {
      "error": null,
      "hostname": "mdb7",
      "id": "mdb7:37017",
      "port": 37017,
      "rsId": "configRS",
      "state": "RECOVERY_IN_PROGRESS",
      "stateUpdateTime": 1770063734
    }
  ],
  "state": "RECOVERY_IN_PROGRESS"
}
2026-02-02 14:44:19,041 [INFO] Restore state: RECOVERY_IN_PROGRESS
2026-02-02 14:44:29,042 [DEBUG] API GET http://sb1.cpolab.ibm.com:8080/api/public/v1.0/backup/third_party/group/67eed68e0ba1970a07e16b77/restore/698104274ad5445e026ff044
2026-02-02 14:44:29,226 [DEBUG] STATUS 200
2026-02-02 14:44:29,226 [DEBUG] {
  "clusterMapping": [
    {
      "rsId": "sgcShard_0",
      "targetRsId": "sgcShard_0"
    },
    {
      "rsId": "sgcShard_1",
      "targetRsId": "sgcShard_1"
    },
    {
      "rsId": "configRS",
      "targetRsId": "configRS"
    }
  ],
  "nodes": [
    {
      "error": null,
      "hostname": "mdb1",
      "id": "mdb1:37017",
      "port": 37017,
      "rsId": "sgcShard_0",
      "state": "RECOVERY_IN_PROGRESS",
      "stateUpdateTime": 1770063297
    },
    {
      "error": null,
      "hostname": "mdb8",
      "id": "mdb8:37017",
      "port": 37017,
      "rsId": "sgcShard_0",
      "state": "RECOVERY_IN_PROGRESS",
      "stateUpdateTime": 1770063335
    },
    {
      "error": null,
      "hostname": "mdb3",
      "id": "mdb3:37017",
      "port": 37017,
      "rsId": "sgcShard_0",
      "state": "RECOVERY_IN_PROGRESS",
      "stateUpdateTime": 1770063363
    },
    {
      "error": null,
      "hostname": "mdb9",
      "id": "mdb9:37017",
      "port": 37017,
      "rsId": "sgcShard_1",
      "state": "RECOVERY_IN_PROGRESS",
      "stateUpdateTime": 1770063444
    },
    {
      "error": "Failed to mark node as COPY_FILES as the node was previously RECOVERY_IN_PROGRESS",
      "hostname": "mdb2",
      "id": "mdb2:37017",
      "port": 37017,
      "rsId": "sgcShard_1",
      "state": "RECOVERY_IN_PROGRESS",
      "stateUpdateTime": 1770063540
    },
    {
      "error": null,
      "hostname": "mdb4",
      "id": "mdb4:37017",
      "port": 37017,
      "rsId": "sgcShard_1",
      "state": "RECOVERY_IN_PROGRESS",
      "stateUpdateTime": 1770063575
    },
    {
      "error": null,
      "hostname": "mdb-config2",
      "id": "mdb-config2:37017",
      "port": 37017,
      "rsId": "configRS",
      "state": "RECOVERY_IN_PROGRESS",
      "stateUpdateTime": 1770063641
    },
    {
      "error": null,
      "hostname": "mdb-config1",
      "id": "mdb-config1:37017",
      "port": 37017,
      "rsId": "configRS",
      "state": "RECOVERY_IN_PROGRESS",
      "stateUpdateTime": 1770063687
    },
    {
      "error": null,
      "hostname": "mdb7",
      "id": "mdb7:37017",
      "port": 37017,
      "rsId": "configRS",
      "state": "RECOVERY_IN_PROGRESS",
      "stateUpdateTime": 1770063734
    }
  ],
  "state": "RECOVERY_IN_PROGRESS"
}
2026-02-02 14:44:29,226 [INFO] Restore state: RECOVERY_IN_PROGRESS
2026-02-02 14:44:39,227 [DEBUG] API GET http://sb1.cpolab.ibm.com:8080/api/public/v1.0/backup/third_party/group/67eed68e0ba1970a07e16b77/restore/698104274ad5445e026ff044
2026-02-02 14:44:39,453 [DEBUG] STATUS 200
2026-02-02 14:44:39,453 [DEBUG] {
  "clusterMapping": [
    {
      "rsId": "sgcShard_0",
      "targetRsId": "sgcShard_0"
    },
    {
      "rsId": "sgcShard_1",
      "targetRsId": "sgcShard_1"
    },
    {
      "rsId": "configRS",
      "targetRsId": "configRS"
    }
  ],
  "nodes": [
    {
      "error": null,
      "hostname": "mdb1",
      "id": "mdb1:37017",
      "port": 37017,
      "rsId": "sgcShard_0",
      "state": "RECOVERY_IN_PROGRESS",
      "stateUpdateTime": 1770063297
    },
    {
      "error": null,
      "hostname": "mdb8",
      "id": "mdb8:37017",
      "port": 37017,
      "rsId": "sgcShard_0",
      "state": "RECOVERY_IN_PROGRESS",
      "stateUpdateTime": 1770063335
    },
    {
      "error": null,
      "hostname": "mdb3",
      "id": "mdb3:37017",
      "port": 37017,
      "rsId": "sgcShard_0",
      "state": "RECOVERY_IN_PROGRESS",
      "stateUpdateTime": 1770063363
    },
    {
      "error": null,
      "hostname": "mdb9",
      "id": "mdb9:37017",
      "port": 37017,
      "rsId": "sgcShard_1",
      "state": "RECOVERY_IN_PROGRESS",
      "stateUpdateTime": 1770063444
    },
    {
      "error": "Failed to mark node as COPY_FILES as the node was previously RECOVERY_IN_PROGRESS",
      "hostname": "mdb2",
      "id": "mdb2:37017",
      "port": 37017,
      "rsId": "sgcShard_1",
      "state": "RECOVERY_IN_PROGRESS",
      "stateUpdateTime": 1770063540
    },
    {
      "error": null,
      "hostname": "mdb4",
      "id": "mdb4:37017",
      "port": 37017,
      "rsId": "sgcShard_1",
      "state": "RECOVERY_IN_PROGRESS",
      "stateUpdateTime": 1770063575
    },
    {
      "error": null,
      "hostname": "mdb-config2",
      "id": "mdb-config2:37017",
      "port": 37017,
      "rsId": "configRS",
      "state": "RECOVERY_IN_PROGRESS",
      "stateUpdateTime": 1770063641
    },
    {
      "error": null,
      "hostname": "mdb-config1",
      "id": "mdb-config1:37017",
      "port": 37017,
      "rsId": "configRS",
      "state": "RECOVERY_IN_PROGRESS",
      "stateUpdateTime": 1770063687
    },
    {
      "error": null,
      "hostname": "mdb7",
      "id": "mdb7:37017",
      "port": 37017,
      "rsId": "configRS",
      "state": "RECOVERY_IN_PROGRESS",
      "stateUpdateTime": 1770063734
    }
  ],
  "state": "RECOVERY_IN_PROGRESS"
}
2026-02-02 14:44:39,453 [INFO] Restore state: RECOVERY_IN_PROGRESS
2026-02-02 14:44:49,454 [DEBUG] API GET http://sb1.cpolab.ibm.com:8080/api/public/v1.0/backup/third_party/group/67eed68e0ba1970a07e16b77/restore/698104274ad5445e026ff044
2026-02-02 14:44:49,621 [DEBUG] STATUS 200
2026-02-02 14:44:49,622 [DEBUG] {
  "clusterMapping": [
    {
      "rsId": "sgcShard_0",
      "targetRsId": "sgcShard_0"
    },
    {
      "rsId": "sgcShard_1",
      "targetRsId": "sgcShard_1"
    },
    {
      "rsId": "configRS",
      "targetRsId": "configRS"
    }
  ],
  "nodes": [
    {
      "error": null,
      "hostname": "mdb1",
      "id": "mdb1:37017",
      "port": 37017,
      "rsId": "sgcShard_0",
      "state": "RECOVERY_IN_PROGRESS",
      "stateUpdateTime": 1770063297
    },
    {
      "error": null,
      "hostname": "mdb8",
      "id": "mdb8:37017",
      "port": 37017,
      "rsId": "sgcShard_0",
      "state": "RECOVERY_IN_PROGRESS",
      "stateUpdateTime": 1770063335
    },
    {
      "error": null,
      "hostname": "mdb3",
      "id": "mdb3:37017",
      "port": 37017,
      "rsId": "sgcShard_0",
      "state": "RECOVERY_IN_PROGRESS",
      "stateUpdateTime": 1770063363
    },
    {
      "error": null,
      "hostname": "mdb9",
      "id": "mdb9:37017",
      "port": 37017,
      "rsId": "sgcShard_1",
      "state": "RECOVERY_IN_PROGRESS",
      "stateUpdateTime": 1770063444
    },
    {
      "error": "Failed to mark node as COPY_FILES as the node was previously RECOVERY_IN_PROGRESS",
      "hostname": "mdb2",
      "id": "mdb2:37017",
      "port": 37017,
      "rsId": "sgcShard_1",
      "state": "RECOVERY_IN_PROGRESS",
      "stateUpdateTime": 1770063540
    },
    {
      "error": null,
      "hostname": "mdb4",
      "id": "mdb4:37017",
      "port": 37017,
      "rsId": "sgcShard_1",
      "state": "RECOVERY_IN_PROGRESS",
      "stateUpdateTime": 1770063575
    },
    {
      "error": null,
      "hostname": "mdb-config2",
      "id": "mdb-config2:37017",
      "port": 37017,
      "rsId": "configRS",
      "state": "RECOVERY_IN_PROGRESS",
      "stateUpdateTime": 1770063641
    },
    {
      "error": null,
      "hostname": "mdb-config1",
      "id": "mdb-config1:37017",
      "port": 37017,
      "rsId": "configRS",
      "state": "RECOVERY_IN_PROGRESS",
      "stateUpdateTime": 1770063687
    },
    {
      "error": null,
      "hostname": "mdb7",
      "id": "mdb7:37017",
      "port": 37017,
      "rsId": "configRS",
      "state": "RECOVERY_IN_PROGRESS",
      "stateUpdateTime": 1770063734
    }
  ],
  "state": "RECOVERY_IN_PROGRESS"
}
2026-02-02 14:44:49,622 [INFO] Restore state: RECOVERY_IN_PROGRESS
2026-02-02 14:44:59,622 [DEBUG] API GET http://sb1.cpolab.ibm.com:8080/api/public/v1.0/backup/third_party/group/67eed68e0ba1970a07e16b77/restore/698104274ad5445e026ff044
2026-02-02 14:44:59,812 [DEBUG] STATUS 200
2026-02-02 14:44:59,812 [DEBUG] {
  "clusterMapping": [
    {
      "rsId": "sgcShard_0",
      "targetRsId": "sgcShard_0"
    },
    {
      "rsId": "sgcShard_1",
      "targetRsId": "sgcShard_1"
    },
    {
      "rsId": "configRS",
      "targetRsId": "configRS"
    }
  ],
  "nodes": [
    {
      "error": null,
      "hostname": "mdb1",
      "id": "mdb1:37017",
      "port": 37017,
      "rsId": "sgcShard_0",
      "state": "RECOVERY_IN_PROGRESS",
      "stateUpdateTime": 1770063297
    },
    {
      "error": null,
      "hostname": "mdb8",
      "id": "mdb8:37017",
      "port": 37017,
      "rsId": "sgcShard_0",
      "state": "RECOVERY_IN_PROGRESS",
      "stateUpdateTime": 1770063335
    },
    {
      "error": null,
      "hostname": "mdb3",
      "id": "mdb3:37017",
      "port": 37017,
      "rsId": "sgcShard_0",
      "state": "RECOVERY_IN_PROGRESS",
      "stateUpdateTime": 1770063363
    },
    {
      "error": null,
      "hostname": "mdb9",
      "id": "mdb9:37017",
      "port": 37017,
      "rsId": "sgcShard_1",
      "state": "RECOVERY_IN_PROGRESS",
      "stateUpdateTime": 1770063444
    },
    {
      "error": "Failed to mark node as COPY_FILES as the node was previously RECOVERY_IN_PROGRESS",
      "hostname": "mdb2",
      "id": "mdb2:37017",
      "port": 37017,
      "rsId": "sgcShard_1",
      "state": "RECOVERY_IN_PROGRESS",
      "stateUpdateTime": 1770063540
    },
    {
      "error": null,
      "hostname": "mdb4",
      "id": "mdb4:37017",
      "port": 37017,
      "rsId": "sgcShard_1",
      "state": "RECOVERY_IN_PROGRESS",
      "stateUpdateTime": 1770063575
    },
    {
      "error": null,
      "hostname": "mdb-config2",
      "id": "mdb-config2:37017",
      "port": 37017,
      "rsId": "configRS",
      "state": "RECOVERY_IN_PROGRESS",
      "stateUpdateTime": 1770063641
    },
    {
      "error": null,
      "hostname": "mdb-config1",
      "id": "mdb-config1:37017",
      "port": 37017,
      "rsId": "configRS",
      "state": "RECOVERY_IN_PROGRESS",
      "stateUpdateTime": 1770063687
    },
    {
      "error": null,
      "hostname": "mdb7",
      "id": "mdb7:37017",
      "port": 37017,
      "rsId": "configRS",
      "state": "RECOVERY_IN_PROGRESS",
      "stateUpdateTime": 1770063734
    }
  ],
  "state": "RECOVERY_IN_PROGRESS"
}
2026-02-02 14:44:59,812 [INFO] Restore state: RECOVERY_IN_PROGRESS
2026-02-02 14:45:09,813 [DEBUG] API GET http://sb1.cpolab.ibm.com:8080/api/public/v1.0/backup/third_party/group/67eed68e0ba1970a07e16b77/restore/698104274ad5445e026ff044
2026-02-02 14:45:09,987 [DEBUG] STATUS 200
2026-02-02 14:45:09,988 [DEBUG] {
  "clusterMapping": [
    {
      "rsId": "sgcShard_0",
      "targetRsId": "sgcShard_0"
    },
    {
      "rsId": "sgcShard_1",
      "targetRsId": "sgcShard_1"
    },
    {
      "rsId": "configRS",
      "targetRsId": "configRS"
    }
  ],
  "nodes": [
    {
      "error": null,
      "hostname": "mdb1",
      "id": "mdb1:37017",
      "port": 37017,
      "rsId": "sgcShard_0",
      "state": "RECOVERY_IN_PROGRESS",
      "stateUpdateTime": 1770063297
    },
    {
      "error": null,
      "hostname": "mdb8",
      "id": "mdb8:37017",
      "port": 37017,
      "rsId": "sgcShard_0",
      "state": "RECOVERY_IN_PROGRESS",
      "stateUpdateTime": 1770063335
    },
    {
      "error": null,
      "hostname": "mdb3",
      "id": "mdb3:37017",
      "port": 37017,
      "rsId": "sgcShard_0",
      "state": "RECOVERY_IN_PROGRESS",
      "stateUpdateTime": 1770063363
    },
    {
      "error": null,
      "hostname": "mdb9",
      "id": "mdb9:37017",
      "port": 37017,
      "rsId": "sgcShard_1",
      "state": "RECOVERY_IN_PROGRESS",
      "stateUpdateTime": 1770063444
    },
    {
      "error": "Failed to mark node as COPY_FILES as the node was previously RECOVERY_IN_PROGRESS",
      "hostname": "mdb2",
      "id": "mdb2:37017",
      "port": 37017,
      "rsId": "sgcShard_1",
      "state": "RECOVERY_IN_PROGRESS",
      "stateUpdateTime": 1770063540
    },
    {
      "error": null,
      "hostname": "mdb4",
      "id": "mdb4:37017",
      "port": 37017,
      "rsId": "sgcShard_1",
      "state": "RECOVERY_IN_PROGRESS",
      "stateUpdateTime": 1770063575
    },
    {
      "error": null,
      "hostname": "mdb-config2",
      "id": "mdb-config2:37017",
      "port": 37017,
      "rsId": "configRS",
      "state": "RECOVERY_IN_PROGRESS",
      "stateUpdateTime": 1770063641
    },
    {
      "error": null,
      "hostname": "mdb-config1",
      "id": "mdb-config1:37017",
      "port": 37017,
      "rsId": "configRS",
      "state": "RECOVERY_IN_PROGRESS",
      "stateUpdateTime": 1770063687
    },
    {
      "error": null,
      "hostname": "mdb7",
      "id": "mdb7:37017",
      "port": 37017,
      "rsId": "configRS",
      "state": "RECOVERY_IN_PROGRESS",
      "stateUpdateTime": 1770063734
    }
  ],
  "state": "RECOVERY_IN_PROGRESS"
}
2026-02-02 14:45:09,988 [INFO] Restore state: RECOVERY_IN_PROGRESS
2026-02-02 14:45:19,989 [DEBUG] API GET http://sb1.cpolab.ibm.com:8080/api/public/v1.0/backup/third_party/group/67eed68e0ba1970a07e16b77/restore/698104274ad5445e026ff044
2026-02-02 14:45:20,157 [DEBUG] STATUS 200
2026-02-02 14:45:20,157 [DEBUG] {
  "clusterMapping": [
    {
      "rsId": "sgcShard_0",
      "targetRsId": "sgcShard_0"
    },
    {
      "rsId": "sgcShard_1",
      "targetRsId": "sgcShard_1"
    },
    {
      "rsId": "configRS",
      "targetRsId": "configRS"
    }
  ],
  "nodes": [
    {
      "error": null,
      "hostname": "mdb1",
      "id": "mdb1:37017",
      "port": 37017,
      "rsId": "sgcShard_0",
      "state": "RECOVERY_IN_PROGRESS",
      "stateUpdateTime": 1770063297
    },
    {
      "error": null,
      "hostname": "mdb8",
      "id": "mdb8:37017",
      "port": 37017,
      "rsId": "sgcShard_0",
      "state": "RECOVERY_IN_PROGRESS",
      "stateUpdateTime": 1770063335
    },
    {
      "error": null,
      "hostname": "mdb3",
      "id": "mdb3:37017",
      "port": 37017,
      "rsId": "sgcShard_0",
      "state": "RECOVERY_IN_PROGRESS",
      "stateUpdateTime": 1770063363
    },
    {
      "error": null,
      "hostname": "mdb9",
      "id": "mdb9:37017",
      "port": 37017,
      "rsId": "sgcShard_1",
      "state": "RECOVERY_IN_PROGRESS",
      "stateUpdateTime": 1770063444
    },
    {
      "error": "Failed to mark node as COPY_FILES as the node was previously RECOVERY_IN_PROGRESS",
      "hostname": "mdb2",
      "id": "mdb2:37017",
      "port": 37017,
      "rsId": "sgcShard_1",
      "state": "RECOVERY_IN_PROGRESS",
      "stateUpdateTime": 1770063540
    },
    {
      "error": null,
      "hostname": "mdb4",
      "id": "mdb4:37017",
      "port": 37017,
      "rsId": "sgcShard_1",
      "state": "RECOVERY_IN_PROGRESS",
      "stateUpdateTime": 1770063575
    },
    {
      "error": null,
      "hostname": "mdb-config2",
      "id": "mdb-config2:37017",
      "port": 37017,
      "rsId": "configRS",
      "state": "RECOVERY_IN_PROGRESS",
      "stateUpdateTime": 1770063641
    },
    {
      "error": null,
      "hostname": "mdb-config1",
      "id": "mdb-config1:37017",
      "port": 37017,
      "rsId": "configRS",
      "state": "RECOVERY_IN_PROGRESS",
      "stateUpdateTime": 1770063687
    },
    {
      "error": null,
      "hostname": "mdb7",
      "id": "mdb7:37017",
      "port": 37017,
      "rsId": "configRS",
      "state": "RECOVERY_IN_PROGRESS",
      "stateUpdateTime": 1770063734
    }
  ],
  "state": "RECOVERY_IN_PROGRESS"
}
2026-02-02 14:45:20,157 [INFO] Restore state: RECOVERY_IN_PROGRESS
2026-02-02 14:45:30,158 [DEBUG] API GET http://sb1.cpolab.ibm.com:8080/api/public/v1.0/backup/third_party/group/67eed68e0ba1970a07e16b77/restore/698104274ad5445e026ff044
2026-02-02 14:45:30,327 [DEBUG] STATUS 200
2026-02-02 14:45:30,327 [DEBUG] {
  "clusterMapping": [
    {
      "rsId": "sgcShard_0",
      "targetRsId": "sgcShard_0"
    },
    {
      "rsId": "sgcShard_1",
      "targetRsId": "sgcShard_1"
    },
    {
      "rsId": "configRS",
      "targetRsId": "configRS"
    }
  ],
  "nodes": [
    {
      "error": null,
      "hostname": "mdb1",
      "id": "mdb1:37017",
      "port": 37017,
      "rsId": "sgcShard_0",
      "state": "RECOVERY_IN_PROGRESS",
      "stateUpdateTime": 1770063297
    },
    {
      "error": null,
      "hostname": "mdb8",
      "id": "mdb8:37017",
      "port": 37017,
      "rsId": "sgcShard_0",
      "state": "RECOVERY_IN_PROGRESS",
      "stateUpdateTime": 1770063335
    },
    {
      "error": null,
      "hostname": "mdb3",
      "id": "mdb3:37017",
      "port": 37017,
      "rsId": "sgcShard_0",
      "state": "RECOVERY_IN_PROGRESS",
      "stateUpdateTime": 1770063363
    },
    {
      "error": null,
      "hostname": "mdb9",
      "id": "mdb9:37017",
      "port": 37017,
      "rsId": "sgcShard_1",
      "state": "RECOVERY_IN_PROGRESS",
      "stateUpdateTime": 1770063444
    },
    {
      "error": "Failed to mark node as COPY_FILES as the node was previously RECOVERY_IN_PROGRESS",
      "hostname": "mdb2",
      "id": "mdb2:37017",
      "port": 37017,
      "rsId": "sgcShard_1",
      "state": "RECOVERY_IN_PROGRESS",
      "stateUpdateTime": 1770063540
    },
    {
      "error": null,
      "hostname": "mdb4",
      "id": "mdb4:37017",
      "port": 37017,
      "rsId": "sgcShard_1",
      "state": "RECOVERY_IN_PROGRESS",
      "stateUpdateTime": 1770063575
    },
    {
      "error": null,
      "hostname": "mdb-config2",
      "id": "mdb-config2:37017",
      "port": 37017,
      "rsId": "configRS",
      "state": "RECOVERY_IN_PROGRESS",
      "stateUpdateTime": 1770063641
    },
    {
      "error": null,
      "hostname": "mdb-config1",
      "id": "mdb-config1:37017",
      "port": 37017,
      "rsId": "configRS",
      "state": "RECOVERY_IN_PROGRESS",
      "stateUpdateTime": 1770063687
    },
    {
      "error": null,
      "hostname": "mdb7",
      "id": "mdb7:37017",
      "port": 37017,
      "rsId": "configRS",
      "state": "RECOVERY_IN_PROGRESS",
      "stateUpdateTime": 1770063734
    }
  ],
  "state": "RECOVERY_IN_PROGRESS"
}
2026-02-02 14:45:30,327 [INFO] Restore state: RECOVERY_IN_PROGRESS
2026-02-02 14:45:40,328 [DEBUG] API GET http://sb1.cpolab.ibm.com:8080/api/public/v1.0/backup/third_party/group/67eed68e0ba1970a07e16b77/restore/698104274ad5445e026ff044
2026-02-02 14:45:40,561 [DEBUG] STATUS 200
2026-02-02 14:45:40,561 [DEBUG] {
  "clusterMapping": [
    {
      "rsId": "sgcShard_0",
      "targetRsId": "sgcShard_0"
    },
    {
      "rsId": "sgcShard_1",
      "targetRsId": "sgcShard_1"
    },
    {
      "rsId": "configRS",
      "targetRsId": "configRS"
    }
  ],
  "nodes": [
    {
      "error": null,
      "hostname": "mdb1",
      "id": "mdb1:37017",
      "port": 37017,
      "rsId": "sgcShard_0",
      "state": "RECOVERY_IN_PROGRESS",
      "stateUpdateTime": 1770063297
    },
    {
      "error": null,
      "hostname": "mdb8",
      "id": "mdb8:37017",
      "port": 37017,
      "rsId": "sgcShard_0",
      "state": "RECOVERY_IN_PROGRESS",
      "stateUpdateTime": 1770063335
    },
    {
      "error": null,
      "hostname": "mdb3",
      "id": "mdb3:37017",
      "port": 37017,
      "rsId": "sgcShard_0",
      "state": "RECOVERY_IN_PROGRESS",
      "stateUpdateTime": 1770063363
    },
    {
      "error": null,
      "hostname": "mdb9",
      "id": "mdb9:37017",
      "port": 37017,
      "rsId": "sgcShard_1",
      "state": "RECOVERY_IN_PROGRESS",
      "stateUpdateTime": 1770063444
    },
    {
      "error": "Failed to mark node as COPY_FILES as the node was previously RECOVERY_IN_PROGRESS",
      "hostname": "mdb2",
      "id": "mdb2:37017",
      "port": 37017,
      "rsId": "sgcShard_1",
      "state": "RECOVERY_IN_PROGRESS",
      "stateUpdateTime": 1770063540
    },
    {
      "error": null,
      "hostname": "mdb4",
      "id": "mdb4:37017",
      "port": 37017,
      "rsId": "sgcShard_1",
      "state": "RECOVERY_IN_PROGRESS",
      "stateUpdateTime": 1770063575
    },
    {
      "error": null,
      "hostname": "mdb-config2",
      "id": "mdb-config2:37017",
      "port": 37017,
      "rsId": "configRS",
      "state": "RECOVERY_IN_PROGRESS",
      "stateUpdateTime": 1770063641
    },
    {
      "error": null,
      "hostname": "mdb-config1",
      "id": "mdb-config1:37017",
      "port": 37017,
      "rsId": "configRS",
      "state": "RECOVERY_IN_PROGRESS",
      "stateUpdateTime": 1770063687
    },
    {
      "error": null,
      "hostname": "mdb7",
      "id": "mdb7:37017",
      "port": 37017,
      "rsId": "configRS",
      "state": "RECOVERY_IN_PROGRESS",
      "stateUpdateTime": 1770063734
    }
  ],
  "state": "RECOVERY_IN_PROGRESS"
}
2026-02-02 14:45:40,561 [INFO] Restore state: RECOVERY_IN_PROGRESS
2026-02-02 14:45:50,562 [DEBUG] API GET http://sb1.cpolab.ibm.com:8080/api/public/v1.0/backup/third_party/group/67eed68e0ba1970a07e16b77/restore/698104274ad5445e026ff044
2026-02-02 14:45:50,732 [DEBUG] STATUS 200
2026-02-02 14:45:50,732 [DEBUG] {
  "clusterMapping": [
    {
      "rsId": "sgcShard_0",
      "targetRsId": "sgcShard_0"
    },
    {
      "rsId": "sgcShard_1",
      "targetRsId": "sgcShard_1"
    },
    {
      "rsId": "configRS",
      "targetRsId": "configRS"
    }
  ],
  "nodes": [
    {
      "error": null,
      "hostname": "mdb1",
      "id": "mdb1:37017",
      "port": 37017,
      "rsId": "sgcShard_0",
      "state": "RECOVERY_IN_PROGRESS",
      "stateUpdateTime": 1770063297
    },
    {
      "error": null,
      "hostname": "mdb8",
      "id": "mdb8:37017",
      "port": 37017,
      "rsId": "sgcShard_0",
      "state": "RECOVERY_IN_PROGRESS",
      "stateUpdateTime": 1770063335
    },
    {
      "error": null,
      "hostname": "mdb3",
      "id": "mdb3:37017",
      "port": 37017,
      "rsId": "sgcShard_0",
      "state": "RECOVERY_IN_PROGRESS",
      "stateUpdateTime": 1770063363
    },
    {
      "error": null,
      "hostname": "mdb9",
      "id": "mdb9:37017",
      "port": 37017,
      "rsId": "sgcShard_1",
      "state": "RECOVERY_IN_PROGRESS",
      "stateUpdateTime": 1770063444
    },
    {
      "error": "Failed to mark node as COPY_FILES as the node was previously RECOVERY_IN_PROGRESS",
      "hostname": "mdb2",
      "id": "mdb2:37017",
      "port": 37017,
      "rsId": "sgcShard_1",
      "state": "RECOVERY_IN_PROGRESS",
      "stateUpdateTime": 1770063540
    },
    {
      "error": null,
      "hostname": "mdb4",
      "id": "mdb4:37017",
      "port": 37017,
      "rsId": "sgcShard_1",
      "state": "RECOVERY_IN_PROGRESS",
      "stateUpdateTime": 1770063575
    },
    {
      "error": null,
      "hostname": "mdb-config2",
      "id": "mdb-config2:37017",
      "port": 37017,
      "rsId": "configRS",
      "state": "RECOVERY_IN_PROGRESS",
      "stateUpdateTime": 1770063641
    },
    {
      "error": null,
      "hostname": "mdb-config1",
      "id": "mdb-config1:37017",
      "port": 37017,
      "rsId": "configRS",
      "state": "RECOVERY_IN_PROGRESS",
      "stateUpdateTime": 1770063687
    },
    {
      "error": null,
      "hostname": "mdb7",
      "id": "mdb7:37017",
      "port": 37017,
      "rsId": "configRS",
      "state": "RECOVERY_IN_PROGRESS",
      "stateUpdateTime": 1770063734
    }
  ],
  "state": "RECOVERY_IN_PROGRESS"
}
2026-02-02 14:45:50,732 [INFO] Restore state: RECOVERY_IN_PROGRESS
2026-02-02 14:46:00,733 [DEBUG] API GET http://sb1.cpolab.ibm.com:8080/api/public/v1.0/backup/third_party/group/67eed68e0ba1970a07e16b77/restore/698104274ad5445e026ff044
2026-02-02 14:46:00,907 [DEBUG] STATUS 200
2026-02-02 14:46:00,908 [DEBUG] {
  "clusterMapping": [
    {
      "rsId": "sgcShard_0",
      "targetRsId": "sgcShard_0"
    },
    {
      "rsId": "sgcShard_1",
      "targetRsId": "sgcShard_1"
    },
    {
      "rsId": "configRS",
      "targetRsId": "configRS"
    }
  ],
  "nodes": [
    {
      "error": null,
      "hostname": "mdb1",
      "id": "mdb1:37017",
      "port": 37017,
      "rsId": "sgcShard_0",
      "state": "RECOVERY_IN_PROGRESS",
      "stateUpdateTime": 1770063297
    },
    {
      "error": null,
      "hostname": "mdb8",
      "id": "mdb8:37017",
      "port": 37017,
      "rsId": "sgcShard_0",
      "state": "RECOVERY_IN_PROGRESS",
      "stateUpdateTime": 1770063335
    },
    {
      "error": null,
      "hostname": "mdb3",
      "id": "mdb3:37017",
      "port": 37017,
      "rsId": "sgcShard_0",
      "state": "RECOVERY_IN_PROGRESS",
      "stateUpdateTime": 1770063363
    },
    {
      "error": null,
      "hostname": "mdb9",
      "id": "mdb9:37017",
      "port": 37017,
      "rsId": "sgcShard_1",
      "state": "RECOVERY_IN_PROGRESS",
      "stateUpdateTime": 1770063444
    },
    {
      "error": "Failed to mark node as COPY_FILES as the node was previously RECOVERY_IN_PROGRESS",
      "hostname": "mdb2",
      "id": "mdb2:37017",
      "port": 37017,
      "rsId": "sgcShard_1",
      "state": "RECOVERY_IN_PROGRESS",
      "stateUpdateTime": 1770063540
    },
    {
      "error": null,
      "hostname": "mdb4",
      "id": "mdb4:37017",
      "port": 37017,
      "rsId": "sgcShard_1",
      "state": "RECOVERY_IN_PROGRESS",
      "stateUpdateTime": 1770063575
    },
    {
      "error": null,
      "hostname": "mdb-config2",
      "id": "mdb-config2:37017",
      "port": 37017,
      "rsId": "configRS",
      "state": "RECOVERY_IN_PROGRESS",
      "stateUpdateTime": 1770063641
    },
    {
      "error": null,
      "hostname": "mdb-config1",
      "id": "mdb-config1:37017",
      "port": 37017,
      "rsId": "configRS",
      "state": "RECOVERY_IN_PROGRESS",
      "stateUpdateTime": 1770063687
    },
    {
      "error": null,
      "hostname": "mdb7",
      "id": "mdb7:37017",
      "port": 37017,
      "rsId": "configRS",
      "state": "RECOVERY_IN_PROGRESS",
      "stateUpdateTime": 1770063734
    }
  ],
  "state": "RECOVERY_IN_PROGRESS"
}
2026-02-02 14:46:00,908 [INFO] Restore state: RECOVERY_IN_PROGRESS
2026-02-02 14:46:10,909 [DEBUG] API GET http://sb1.cpolab.ibm.com:8080/api/public/v1.0/backup/third_party/group/67eed68e0ba1970a07e16b77/restore/698104274ad5445e026ff044
2026-02-02 14:46:11,080 [DEBUG] STATUS 200
2026-02-02 14:46:11,080 [DEBUG] {
  "clusterMapping": [
    {
      "rsId": "sgcShard_0",
      "targetRsId": "sgcShard_0"
    },
    {
      "rsId": "sgcShard_1",
      "targetRsId": "sgcShard_1"
    },
    {
      "rsId": "configRS",
      "targetRsId": "configRS"
    }
  ],
  "nodes": [
    {
      "error": null,
      "hostname": "mdb1",
      "id": "mdb1:37017",
      "port": 37017,
      "rsId": "sgcShard_0",
      "state": "RECOVERY_IN_PROGRESS",
      "stateUpdateTime": 1770063297
    },
    {
      "error": null,
      "hostname": "mdb8",
      "id": "mdb8:37017",
      "port": 37017,
      "rsId": "sgcShard_0",
      "state": "RECOVERY_IN_PROGRESS",
      "stateUpdateTime": 1770063335
    },
    {
      "error": null,
      "hostname": "mdb3",
      "id": "mdb3:37017",
      "port": 37017,
      "rsId": "sgcShard_0",
      "state": "RECOVERY_IN_PROGRESS",
      "stateUpdateTime": 1770063363
    },
    {
      "error": null,
      "hostname": "mdb9",
      "id": "mdb9:37017",
      "port": 37017,
      "rsId": "sgcShard_1",
      "state": "RECOVERY_IN_PROGRESS",
      "stateUpdateTime": 1770063444
    },
    {
      "error": "Failed to mark node as COPY_FILES as the node was previously RECOVERY_IN_PROGRESS",
      "hostname": "mdb2",
      "id": "mdb2:37017",
      "port": 37017,
      "rsId": "sgcShard_1",
      "state": "RECOVERY_IN_PROGRESS",
      "stateUpdateTime": 1770063540
    },
    {
      "error": null,
      "hostname": "mdb4",
      "id": "mdb4:37017",
      "port": 37017,
      "rsId": "sgcShard_1",
      "state": "RECOVERY_IN_PROGRESS",
      "stateUpdateTime": 1770063575
    },
    {
      "error": null,
      "hostname": "mdb-config2",
      "id": "mdb-config2:37017",
      "port": 37017,
      "rsId": "configRS",
      "state": "RECOVERY_IN_PROGRESS",
      "stateUpdateTime": 1770063641
    },
    {
      "error": null,
      "hostname": "mdb-config1",
      "id": "mdb-config1:37017",
      "port": 37017,
      "rsId": "configRS",
      "state": "RECOVERY_IN_PROGRESS",
      "stateUpdateTime": 1770063687
    },
    {
      "error": null,
      "hostname": "mdb7",
      "id": "mdb7:37017",
      "port": 37017,
      "rsId": "configRS",
      "state": "RECOVERY_IN_PROGRESS",
      "stateUpdateTime": 1770063734
    }
  ],
  "state": "RECOVERY_IN_PROGRESS"
}
2026-02-02 14:46:11,080 [INFO] Restore state: RECOVERY_IN_PROGRESS
2026-02-02 14:46:21,081 [DEBUG] API GET http://sb1.cpolab.ibm.com:8080/api/public/v1.0/backup/third_party/group/67eed68e0ba1970a07e16b77/restore/698104274ad5445e026ff044
2026-02-02 14:46:21,274 [DEBUG] STATUS 200
2026-02-02 14:46:21,275 [DEBUG] {
  "clusterMapping": [
    {
      "rsId": "sgcShard_0",
      "targetRsId": "sgcShard_0"
    },
    {
      "rsId": "sgcShard_1",
      "targetRsId": "sgcShard_1"
    },
    {
      "rsId": "configRS",
      "targetRsId": "configRS"
    }
  ],
  "nodes": [
    {
      "error": null,
      "hostname": "mdb1",
      "id": "mdb1:37017",
      "port": 37017,
      "rsId": "sgcShard_0",
      "state": "RECOVERY_IN_PROGRESS",
      "stateUpdateTime": 1770063297
    },
    {
      "error": null,
      "hostname": "mdb8",
      "id": "mdb8:37017",
      "port": 37017,
      "rsId": "sgcShard_0",
      "state": "RECOVERY_IN_PROGRESS",
      "stateUpdateTime": 1770063335
    },
    {
      "error": null,
      "hostname": "mdb3",
      "id": "mdb3:37017",
      "port": 37017,
      "rsId": "sgcShard_0",
      "state": "RECOVERY_IN_PROGRESS",
      "stateUpdateTime": 1770063363
    },
    {
      "error": null,
      "hostname": "mdb9",
      "id": "mdb9:37017",
      "port": 37017,
      "rsId": "sgcShard_1",
      "state": "RECOVERY_IN_PROGRESS",
      "stateUpdateTime": 1770063444
    },
    {
      "error": "Failed to mark node as COPY_FILES as the node was previously RECOVERY_IN_PROGRESS",
      "hostname": "mdb2",
      "id": "mdb2:37017",
      "port": 37017,
      "rsId": "sgcShard_1",
      "state": "RECOVERY_IN_PROGRESS",
      "stateUpdateTime": 1770063540
    },
    {
      "error": null,
      "hostname": "mdb4",
      "id": "mdb4:37017",
      "port": 37017,
      "rsId": "sgcShard_1",
      "state": "RECOVERY_IN_PROGRESS",
      "stateUpdateTime": 1770063575
    },
    {
      "error": null,
      "hostname": "mdb-config2",
      "id": "mdb-config2:37017",
      "port": 37017,
      "rsId": "configRS",
      "state": "RECOVERY_IN_PROGRESS",
      "stateUpdateTime": 1770063641
    },
    {
      "error": null,
      "hostname": "mdb-config1",
      "id": "mdb-config1:37017",
      "port": 37017,
      "rsId": "configRS",
      "state": "RECOVERY_IN_PROGRESS",
      "stateUpdateTime": 1770063687
    },
    {
      "error": null,
      "hostname": "mdb7",
      "id": "mdb7:37017",
      "port": 37017,
      "rsId": "configRS",
      "state": "RECOVERY_IN_PROGRESS",
      "stateUpdateTime": 1770063734
    }
  ],
  "state": "RECOVERY_IN_PROGRESS"
}
2026-02-02 14:46:21,275 [INFO] Restore state: RECOVERY_IN_PROGRESS
2026-02-02 14:46:31,276 [DEBUG] API GET http://sb1.cpolab.ibm.com:8080/api/public/v1.0/backup/third_party/group/67eed68e0ba1970a07e16b77/restore/698104274ad5445e026ff044
2026-02-02 14:46:31,453 [DEBUG] STATUS 200
2026-02-02 14:46:31,453 [DEBUG] {
  "clusterMapping": [
    {
      "rsId": "sgcShard_0",
      "targetRsId": "sgcShard_0"
    },
    {
      "rsId": "sgcShard_1",
      "targetRsId": "sgcShard_1"
    },
    {
      "rsId": "configRS",
      "targetRsId": "configRS"
    }
  ],
  "nodes": [
    {
      "error": null,
      "hostname": "mdb1",
      "id": "mdb1:37017",
      "port": 37017,
      "rsId": "sgcShard_0",
      "state": "RECOVERY_IN_PROGRESS",
      "stateUpdateTime": 1770063297
    },
    {
      "error": null,
      "hostname": "mdb8",
      "id": "mdb8:37017",
      "port": 37017,
      "rsId": "sgcShard_0",
      "state": "RECOVERY_IN_PROGRESS",
      "stateUpdateTime": 1770063335
    },
    {
      "error": null,
      "hostname": "mdb3",
      "id": "mdb3:37017",
      "port": 37017,
      "rsId": "sgcShard_0",
      "state": "RECOVERY_IN_PROGRESS",
      "stateUpdateTime": 1770063363
    },
    {
      "error": null,
      "hostname": "mdb9",
      "id": "mdb9:37017",
      "port": 37017,
      "rsId": "sgcShard_1",
      "state": "RECOVERY_IN_PROGRESS",
      "stateUpdateTime": 1770063444
    },
    {
      "error": "Failed to mark node as COPY_FILES as the node was previously RECOVERY_IN_PROGRESS",
      "hostname": "mdb2",
      "id": "mdb2:37017",
      "port": 37017,
      "rsId": "sgcShard_1",
      "state": "RECOVERY_IN_PROGRESS",
      "stateUpdateTime": 1770063540
    },
    {
      "error": null,
      "hostname": "mdb4",
      "id": "mdb4:37017",
      "port": 37017,
      "rsId": "sgcShard_1",
      "state": "RECOVERY_IN_PROGRESS",
      "stateUpdateTime": 1770063575
    },
    {
      "error": null,
      "hostname": "mdb-config2",
      "id": "mdb-config2:37017",
      "port": 37017,
      "rsId": "configRS",
      "state": "RECOVERY_IN_PROGRESS",
      "stateUpdateTime": 1770063641
    },
    {
      "error": null,
      "hostname": "mdb-config1",
      "id": "mdb-config1:37017",
      "port": 37017,
      "rsId": "configRS",
      "state": "RECOVERY_IN_PROGRESS",
      "stateUpdateTime": 1770063687
    },
    {
      "error": null,
      "hostname": "mdb7",
      "id": "mdb7:37017",
      "port": 37017,
      "rsId": "configRS",
      "state": "RECOVERY_IN_PROGRESS",
      "stateUpdateTime": 1770063734
    }
  ],
  "state": "RECOVERY_IN_PROGRESS"
}
2026-02-02 14:46:31,454 [INFO] Restore state: RECOVERY_IN_PROGRESS
2026-02-02 14:46:41,454 [DEBUG] API GET http://sb1.cpolab.ibm.com:8080/api/public/v1.0/backup/third_party/group/67eed68e0ba1970a07e16b77/restore/698104274ad5445e026ff044
2026-02-02 14:46:41,700 [DEBUG] STATUS 200
2026-02-02 14:46:41,700 [DEBUG] {
  "clusterMapping": [
    {
      "rsId": "sgcShard_0",
      "targetRsId": "sgcShard_0"
    },
    {
      "rsId": "sgcShard_1",
      "targetRsId": "sgcShard_1"
    },
    {
      "rsId": "configRS",
      "targetRsId": "configRS"
    }
  ],
  "nodes": [
    {
      "error": null,
      "hostname": "mdb1",
      "id": "mdb1:37017",
      "port": 37017,
      "rsId": "sgcShard_0",
      "state": "RECOVERY_IN_PROGRESS",
      "stateUpdateTime": 1770063297
    },
    {
      "error": null,
      "hostname": "mdb8",
      "id": "mdb8:37017",
      "port": 37017,
      "rsId": "sgcShard_0",
      "state": "RECOVERY_IN_PROGRESS",
      "stateUpdateTime": 1770063335
    },
    {
      "error": null,
      "hostname": "mdb3",
      "id": "mdb3:37017",
      "port": 37017,
      "rsId": "sgcShard_0",
      "state": "RECOVERY_IN_PROGRESS",
      "stateUpdateTime": 1770063363
    },
    {
      "error": null,
      "hostname": "mdb9",
      "id": "mdb9:37017",
      "port": 37017,
      "rsId": "sgcShard_1",
      "state": "RECOVERY_IN_PROGRESS",
      "stateUpdateTime": 1770063444
    },
    {
      "error": "Failed to mark node as COPY_FILES as the node was previously RECOVERY_IN_PROGRESS",
      "hostname": "mdb2",
      "id": "mdb2:37017",
      "port": 37017,
      "rsId": "sgcShard_1",
      "state": "RECOVERY_IN_PROGRESS",
      "stateUpdateTime": 1770063540
    },
    {
      "error": null,
      "hostname": "mdb4",
      "id": "mdb4:37017",
      "port": 37017,
      "rsId": "sgcShard_1",
      "state": "RECOVERY_IN_PROGRESS",
      "stateUpdateTime": 1770063575
    },
    {
      "error": null,
      "hostname": "mdb-config2",
      "id": "mdb-config2:37017",
      "port": 37017,
      "rsId": "configRS",
      "state": "RECOVERY_IN_PROGRESS",
      "stateUpdateTime": 1770063641
    },
    {
      "error": null,
      "hostname": "mdb-config1",
      "id": "mdb-config1:37017",
      "port": 37017,
      "rsId": "configRS",
      "state": "RECOVERY_IN_PROGRESS",
      "stateUpdateTime": 1770063687
    },
    {
      "error": null,
      "hostname": "mdb7",
      "id": "mdb7:37017",
      "port": 37017,
      "rsId": "configRS",
      "state": "RECOVERY_IN_PROGRESS",
      "stateUpdateTime": 1770063734
    }
  ],
  "state": "RECOVERY_IN_PROGRESS"
}
2026-02-02 14:46:41,700 [INFO] Restore state: RECOVERY_IN_PROGRESS
2026-02-02 14:46:51,701 [DEBUG] API GET http://sb1.cpolab.ibm.com:8080/api/public/v1.0/backup/third_party/group/67eed68e0ba1970a07e16b77/restore/698104274ad5445e026ff044
2026-02-02 14:46:51,834 [DEBUG] STATUS 404
2026-02-02 14:46:51,835 [DEBUG] {
  "errorCode": "THIRD_PARTY_INVALID_RESTORE_ID",
  "message": "No restore job found for requested restore ID",
  "version": "1",
  "status": "ERROR"
}
