2026-01-26 14:40:26,628 [INFO] Starting Ops Manager snapshot workflow
2026-01-26 14:40:26,629 [DEBUG] API GET http://sb1.cpolab.ibm.com:8080/api/public/v1.0/backup/third_party/group/67eed68e0ba1970a07e16b77/clusters
2026-01-26 14:40:26,820 [DEBUG] STATUS 200
2026-01-26 14:40:26,820 [DEBUG] {
  "clusters": [
    {
      "clusterId": "693ed1793e4bf100f3a694cf",
      "clusterName": "FiServRep",
      "groupId": "67eed68e0ba1970a07e16b77",
      "jobId": "693ed1793e4bf100f3a694cf",
      "state": "ACTIVE"
    },
    {
      "clusterId": "694168133e4bf100f33eda80",
      "clusterName": "md10rep",
      "groupId": "67eed68e0ba1970a07e16b77",
      "jobId": "694168133e4bf100f33eda80",
      "state": "ACTIVE"
    },
    {
      "clusterId": "695154083e4bf100f30af512",
      "clusterName": "sgcCluster",
      "groupId": "67eed68e0ba1970a07e16b77",
      "jobId": "695154083e4bf100f30af512",
      "state": "ACTIVE"
    }
  ]
}
2026-01-26 14:40:26,820 [INFO] Cluster resolved: sgcCluster
2026-01-26 14:40:26,820 [DEBUG] API GET http://sb1.cpolab.ibm.com:8080/api/public/v1.0/backup/third_party/group/67eed68e0ba1970a07e16b77/clusters/695154083e4bf100f30af512
2026-01-26 14:40:26,969 [DEBUG] STATUS 200
2026-01-26 14:40:26,969 [DEBUG] {
  "replicaSets": [
    {
      "id": "sgcShard_0",
      "nodes": [
        {
          "dbPath": "/fimongo1/data",
          "hidden": false,
          "hostname": "mdb1",
          "id": "mdb1:37017",
          "lastAgentPing": "2026-01-26T20:39:51Z",
          "memberState": "PRIMARY",
          "mongodbVersion": "8.0.10",
          "opTime": "2026-01-26T20:38:14Z",
          "oplogPath": "/oplog",
          "oplogStoreType": "thirdPartyOplogStore",
          "port": 37017,
          "priority": 1.0,
          "rsId": "sgcShard_0",
          "snapshotable": true,
          "votes": 1
        },
        {
          "dbPath": "/fimongo1/data",
          "hidden": false,
          "hostname": "mdb8",
          "id": "mdb8:37017",
          "lastAgentPing": "2026-01-26T20:39:32Z",
          "memberState": "SECONDARY",
          "mongodbVersion": "8.0.10",
          "opTime": "2026-01-26T20:38:14Z",
          "oplogPath": "/oplog",
          "oplogStoreType": "thirdPartyOplogStore",
          "port": 37017,
          "priority": 1.0,
          "rsId": "sgcShard_0",
          "snapshotable": true,
          "votes": 1
        },
        {
          "dbPath": "/fimongo1/data",
          "hidden": false,
          "hostname": "mdb3",
          "id": "mdb3:37017",
          "lastAgentPing": "2026-01-26T20:39:44Z",
          "memberState": "SECONDARY",
          "mongodbVersion": "8.0.10",
          "opTime": "2026-01-26T20:38:14Z",
          "oplogPath": "/oplog",
          "oplogStoreType": "thirdPartyOplogStore",
          "port": 37017,
          "priority": 1.0,
          "rsId": "sgcShard_0",
          "snapshotable": true,
          "votes": 1
        }
      ],
      "oplogType": "thirdParty"
    },
    {
      "id": "sgcShard_1",
      "nodes": [
        {
          "dbPath": "/fimongo1/data",
          "hidden": false,
          "hostname": "mdb9",
          "id": "mdb9:37017",
          "lastAgentPing": "2026-01-26T20:40:01Z",
          "memberState": "SECONDARY",
          "mongodbVersion": "8.0.10",
          "opTime": "2026-01-26T20:38:08Z",
          "oplogPath": "/oplog",
          "oplogStoreType": "thirdPartyOplogStore",
          "port": 37017,
          "priority": 1.0,
          "rsId": "sgcShard_1",
          "snapshotable": true,
          "votes": 1
        },
        {
          "dbPath": "/fimongo1/data",
          "hidden": false,
          "hostname": "mdb2",
          "id": "mdb2:37017",
          "lastAgentPing": "2026-01-26T20:40:18Z",
          "memberState": "SECONDARY",
          "mongodbVersion": "8.0.10",
          "opTime": "2026-01-26T20:38:18Z",
          "oplogPath": "/oplog",
          "oplogStoreType": "thirdPartyOplogStore",
          "port": 37017,
          "priority": 1.0,
          "rsId": "sgcShard_1",
          "snapshotable": true,
          "votes": 1
        },
        {
          "dbPath": "/fimongo1/data",
          "hidden": false,
          "hostname": "mdb4",
          "id": "mdb4:37017",
          "lastAgentPing": "2026-01-26T20:39:38Z",
          "memberState": "PRIMARY",
          "mongodbVersion": "8.0.10",
          "opTime": "2026-01-26T20:38:18Z",
          "oplogPath": "/oplog",
          "oplogStoreType": "thirdPartyOplogStore",
          "port": 37017,
          "priority": 1.0,
          "rsId": "sgcShard_1",
          "snapshotable": true,
          "votes": 1
        }
      ],
      "oplogType": "thirdParty"
    },
    {
      "id": "configRS",
      "nodes": [
        {
          "dbPath": "/fimongo1/data",
          "hidden": false,
          "hostname": "mdb-config2",
          "id": "mdb-config2:37017",
          "lastAgentPing": "2026-01-26T20:39:37Z",
          "memberState": "SECONDARY",
          "mongodbVersion": "8.0.10",
          "opTime": "2026-01-26T20:38:18Z",
          "oplogPath": "/oplog",
          "oplogStoreType": "thirdPartyOplogStore",
          "port": 37017,
          "priority": 1.0,
          "rsId": "configRS",
          "snapshotable": true,
          "votes": 1
        },
        {
          "dbPath": "/fimongo1/data",
          "hidden": false,
          "hostname": "mdb-config1",
          "id": "mdb-config1:37017",
          "lastAgentPing": "2026-01-26T20:39:55Z",
          "memberState": "PRIMARY",
          "mongodbVersion": "8.0.10",
          "opTime": "2026-01-26T20:38:19Z",
          "oplogPath": "/oplog",
          "oplogStoreType": "thirdPartyOplogStore",
          "port": 37017,
          "priority": 1.0,
          "rsId": "configRS",
          "snapshotable": true,
          "votes": 1
        },
        {
          "dbPath": "/fimongo1/data",
          "hidden": false,
          "hostname": "mdb7",
          "id": "mdb7:37017",
          "lastAgentPing": "2026-01-26T20:39:58Z",
          "memberState": "SECONDARY",
          "mongodbVersion": "8.0.10",
          "opTime": "2026-01-26T20:38:17Z",
          "oplogPath": "/oplog",
          "oplogStoreType": "thirdPartyOplogStore",
          "port": 37017,
          "priority": 1.0,
          "rsId": "configRS",
          "snapshotable": true,
          "votes": 1
        }
      ],
      "oplogType": "thirdParty"
    }
  ],
  "snapshotId": "6977c6953e4bf100f3805b99"
}
2026-01-26 14:40:26,969 [INFO] Selecting snapshot node for replicaSet: sgcShard_0
2026-01-26 14:40:26,970 [INFO] Selected mdb8:37017 for sgcShard_0
2026-01-26 14:40:26,970 [INFO] Selecting snapshot node for replicaSet: sgcShard_1
2026-01-26 14:40:26,970 [INFO] Selected mdb2:37017 for sgcShard_1
2026-01-26 14:40:26,970 [INFO] Selecting snapshot node for replicaSet: configRS
2026-01-26 14:40:26,971 [INFO] Selected mdb-config2:37017 for configRS
2026-01-26 14:40:26,971 [INFO] Snapshot nodes: ['mdb8:37017', 'mdb2:37017', 'mdb-config2:37017']
2026-01-26 14:40:26,971 [DEBUG] API POST http://sb1.cpolab.ibm.com:8080/api/public/v1.0/backup/third_party/group/67eed68e0ba1970a07e16b77/clusters/695154083e4bf100f30af512/snapshot
2026-01-26 14:40:26,971 [DEBUG] {
  "nodeIds": [
    "mdb8:37017",
    "mdb2:37017",
    "mdb-config2:37017"
  ]
}
2026-01-26 14:40:27,096 [DEBUG] STATUS 200
2026-01-26 14:40:27,096 [DEBUG] {
  "snapshotId": "6977d13a3e4bf100f381e17e"
}
2026-01-26 14:40:27,097 [INFO] Snapshot ID: 6977d13a3e4bf100f381e17e
2026-01-26 14:40:27,098 [DEBUG] API POST http://sb1.cpolab.ibm.com:8080/api/public/v1.0/backup/third_party/group/67eed68e0ba1970a07e16b77/clusters/695154083e4bf100f30af512/snapshot/6977d13a3e4bf100f381e17e/start
2026-01-26 14:40:27,213 [DEBUG] STATUS 200
2026-01-26 14:40:27,214 [DEBUG] {
  "errorCode": "NONE",
  "version": "1",
  "status": "OK"
}
2026-01-26 14:40:27,214 [DEBUG] API GET http://sb1.cpolab.ibm.com:8080/api/public/v1.0/backup/third_party/group/67eed68e0ba1970a07e16b77/clusters/695154083e4bf100f30af512/snapshot/6977d13a3e4bf100f381e17e
2026-01-26 14:40:27,342 [DEBUG] STATUS 200
2026-01-26 14:40:27,342 [DEBUG] {
  "nodes": [
    {
      "dbPath": "/fimongo1/data",
      "hidden": false,
      "hostname": "mdb2",
      "id": "mdb2:37017",
      "lastAgentPing": "2026-01-26T20:40:18Z",
      "memberState": "SECONDARY",
      "mongodbVersion": "8.0.10",
      "opTime": "2026-01-26T20:38:18Z",
      "oplogPath": "/oplog",
      "oplogStoreType": "thirdPartyOplogStore",
      "port": 37017,
      "priority": 1.0,
      "rsId": "sgcShard_1",
      "snapshotable": true,
      "votes": 1
    },
    {
      "dbPath": "/fimongo1/data",
      "hidden": false,
      "hostname": "mdb8",
      "id": "mdb8:37017",
      "lastAgentPing": "2026-01-26T20:39:32Z",
      "memberState": "SECONDARY",
      "mongodbVersion": "8.0.10",
      "opTime": "2026-01-26T20:38:14Z",
      "oplogPath": "/oplog",
      "oplogStoreType": "thirdPartyOplogStore",
      "port": 37017,
      "priority": 1.0,
      "rsId": "sgcShard_0",
      "snapshotable": true,
      "votes": 1
    },
    {
      "dbPath": "/fimongo1/data",
      "hidden": false,
      "hostname": "mdb-config2",
      "id": "mdb-config2:37017",
      "lastAgentPing": "2026-01-26T20:39:37Z",
      "memberState": "SECONDARY",
      "mongodbVersion": "8.0.10",
      "opTime": "2026-01-26T20:38:18Z",
      "oplogPath": "/oplog",
      "oplogStoreType": "thirdPartyOplogStore",
      "port": 37017,
      "priority": 1.0,
      "rsId": "configRS",
      "snapshotable": true,
      "votes": 1
    }
  ],
  "state": "PENDING"
}
2026-01-26 14:40:27,343 [INFO] Snapshot state: PENDING
2026-01-26 14:40:37,343 [DEBUG] API GET http://sb1.cpolab.ibm.com:8080/api/public/v1.0/backup/third_party/group/67eed68e0ba1970a07e16b77/clusters/695154083e4bf100f30af512/snapshot/6977d13a3e4bf100f381e17e
2026-01-26 14:40:37,483 [DEBUG] STATUS 200
2026-01-26 14:40:37,483 [DEBUG] {
  "nodes": [
    {
      "dbPath": "/fimongo1/data",
      "hidden": false,
      "hostname": "mdb2",
      "id": "mdb2:37017",
      "lastAgentPing": "2026-01-26T20:40:18Z",
      "memberState": "SECONDARY",
      "mongodbVersion": "8.0.10",
      "opTime": "2026-01-26T20:38:18Z",
      "oplogPath": "/oplog",
      "oplogStoreType": "thirdPartyOplogStore",
      "port": 37017,
      "priority": 1.0,
      "rsId": "sgcShard_1",
      "snapshotable": true,
      "votes": 1
    },
    {
      "dbPath": "/fimongo1/data",
      "hidden": false,
      "hostname": "mdb8",
      "id": "mdb8:37017",
      "lastAgentPing": "2026-01-26T20:40:31Z",
      "memberState": "SECONDARY",
      "mongodbVersion": "8.0.10",
      "opTime": "2026-01-26T20:38:14Z",
      "oplogPath": "/oplog",
      "oplogStoreType": "thirdPartyOplogStore",
      "port": 37017,
      "priority": 1.0,
      "rsId": "sgcShard_0",
      "snapshotable": true,
      "votes": 1
    },
    {
      "dbPath": "/fimongo1/data",
      "hidden": false,
      "hostname": "mdb-config2",
      "id": "mdb-config2:37017",
      "lastAgentPing": "2026-01-26T20:39:37Z",
      "memberState": "SECONDARY",
      "mongodbVersion": "8.0.10",
      "opTime": "2026-01-26T20:38:18Z",
      "oplogPath": "/oplog",
      "oplogStoreType": "thirdPartyOplogStore",
      "port": 37017,
      "priority": 1.0,
      "rsId": "configRS",
      "snapshotable": true,
      "votes": 1
    }
  ],
  "state": "PENDING"
}
2026-01-26 14:40:37,483 [INFO] Snapshot state: PENDING
2026-01-26 14:40:47,484 [DEBUG] API GET http://sb1.cpolab.ibm.com:8080/api/public/v1.0/backup/third_party/group/67eed68e0ba1970a07e16b77/clusters/695154083e4bf100f30af512/snapshot/6977d13a3e4bf100f381e17e
2026-01-26 14:40:47,628 [DEBUG] STATUS 200
2026-01-26 14:40:47,629 [DEBUG] {
  "nodes": [
    {
      "dbPath": "/fimongo1/data",
      "hidden": false,
      "hostname": "mdb2",
      "id": "mdb2:37017",
      "lastAgentPing": "2026-01-26T20:40:18Z",
      "memberState": "SECONDARY",
      "mongodbVersion": "8.0.10",
      "opTime": "2026-01-26T20:38:18Z",
      "oplogPath": "/oplog",
      "oplogStoreType": "thirdPartyOplogStore",
      "port": 37017,
      "priority": 1.0,
      "rsId": "sgcShard_1",
      "snapshotable": true,
      "votes": 1
    },
    {
      "dbPath": "/fimongo1/data",
      "hidden": false,
      "hostname": "mdb8",
      "id": "mdb8:37017",
      "lastAgentPing": "2026-01-26T20:40:31Z",
      "memberState": "SECONDARY",
      "mongodbVersion": "8.0.10",
      "opTime": "2026-01-26T20:38:14Z",
      "oplogPath": "/oplog",
      "oplogStoreType": "thirdPartyOplogStore",
      "port": 37017,
      "priority": 1.0,
      "rsId": "sgcShard_0",
      "snapshotable": true,
      "votes": 1
    },
    {
      "dbPath": "/fimongo1/data",
      "hidden": false,
      "hostname": "mdb-config2",
      "id": "mdb-config2:37017",
      "lastAgentPing": "2026-01-26T20:40:38Z",
      "memberState": "SECONDARY",
      "mongodbVersion": "8.0.10",
      "opTime": "2026-01-26T20:38:18Z",
      "oplogPath": "/oplog",
      "oplogStoreType": "thirdPartyOplogStore",
      "port": 37017,
      "priority": 1.0,
      "rsId": "configRS",
      "snapshotable": true,
      "votes": 1
    }
  ],
  "state": "PENDING"
}
2026-01-26 14:40:47,629 [INFO] Snapshot state: PENDING
2026-01-26 14:40:57,630 [DEBUG] API GET http://sb1.cpolab.ibm.com:8080/api/public/v1.0/backup/third_party/group/67eed68e0ba1970a07e16b77/clusters/695154083e4bf100f30af512/snapshot/6977d13a3e4bf100f381e17e
2026-01-26 14:40:57,771 [DEBUG] STATUS 200
2026-01-26 14:40:57,772 [DEBUG] {
  "nodes": [
    {
      "dbPath": "/fimongo1/data",
      "hidden": false,
      "hostname": "mdb2",
      "id": "mdb2:37017",
      "lastAgentPing": "2026-01-26T20:40:18Z",
      "memberState": "SECONDARY",
      "mongodbVersion": "8.0.10",
      "opTime": "2026-01-26T20:38:18Z",
      "oplogPath": "/oplog",
      "oplogStoreType": "thirdPartyOplogStore",
      "port": 37017,
      "priority": 1.0,
      "rsId": "sgcShard_1",
      "snapshotable": true,
      "votes": 1
    },
    {
      "dbPath": "/fimongo1/data",
      "hidden": false,
      "hostname": "mdb8",
      "id": "mdb8:37017",
      "lastAgentPing": "2026-01-26T20:40:31Z",
      "memberState": "SECONDARY",
      "mongodbVersion": "8.0.10",
      "opTime": "2026-01-26T20:38:14Z",
      "oplogPath": "/oplog",
      "oplogStoreType": "thirdPartyOplogStore",
      "port": 37017,
      "priority": 1.0,
      "rsId": "sgcShard_0",
      "snapshotable": true,
      "votes": 1
    },
    {
      "dbPath": "/fimongo1/data",
      "hidden": false,
      "hostname": "mdb-config2",
      "id": "mdb-config2:37017",
      "lastAgentPing": "2026-01-26T20:40:38Z",
      "memberState": "SECONDARY",
      "mongodbVersion": "8.0.10",
      "opTime": "2026-01-26T20:38:18Z",
      "oplogPath": "/oplog",
      "oplogStoreType": "thirdPartyOplogStore",
      "port": 37017,
      "priority": 1.0,
      "rsId": "configRS",
      "snapshotable": true,
      "votes": 1
    }
  ],
  "state": "PENDING"
}
2026-01-26 14:40:57,772 [INFO] Snapshot state: PENDING
2026-01-26 14:41:07,773 [DEBUG] API GET http://sb1.cpolab.ibm.com:8080/api/public/v1.0/backup/third_party/group/67eed68e0ba1970a07e16b77/clusters/695154083e4bf100f30af512/snapshot/6977d13a3e4bf100f381e17e
2026-01-26 14:41:07,913 [DEBUG] STATUS 200
2026-01-26 14:41:07,913 [DEBUG] {
  "nodes": [
    {
      "dbPath": "/fimongo1/data",
      "hidden": false,
      "hostname": "mdb2",
      "id": "mdb2:37017",
      "lastAgentPing": "2026-01-26T20:40:18Z",
      "memberState": "SECONDARY",
      "mongodbVersion": "8.0.10",
      "opTime": "2026-01-26T20:38:18Z",
      "oplogPath": "/oplog",
      "oplogStoreType": "thirdPartyOplogStore",
      "port": 37017,
      "priority": 1.0,
      "rsId": "sgcShard_1",
      "snapshotable": true,
      "votes": 1
    },
    {
      "dbPath": "/fimongo1/data",
      "hidden": false,
      "hostname": "mdb8",
      "id": "mdb8:37017",
      "lastAgentPing": "2026-01-26T20:40:31Z",
      "memberState": "SECONDARY",
      "mongodbVersion": "8.0.10",
      "opTime": "2026-01-26T20:38:14Z",
      "oplogPath": "/oplog",
      "oplogStoreType": "thirdPartyOplogStore",
      "port": 37017,
      "priority": 1.0,
      "rsId": "sgcShard_0",
      "snapshotable": true,
      "votes": 1
    },
    {
      "dbPath": "/fimongo1/data",
      "hidden": false,
      "hostname": "mdb-config2",
      "id": "mdb-config2:37017",
      "lastAgentPing": "2026-01-26T20:40:38Z",
      "memberState": "SECONDARY",
      "mongodbVersion": "8.0.10",
      "opTime": "2026-01-26T20:38:18Z",
      "oplogPath": "/oplog",
      "oplogStoreType": "thirdPartyOplogStore",
      "port": 37017,
      "priority": 1.0,
      "rsId": "configRS",
      "snapshotable": true,
      "votes": 1
    }
  ],
  "state": "PENDING"
}
2026-01-26 14:41:07,913 [INFO] Snapshot state: PENDING
2026-01-26 14:41:17,914 [DEBUG] API GET http://sb1.cpolab.ibm.com:8080/api/public/v1.0/backup/third_party/group/67eed68e0ba1970a07e16b77/clusters/695154083e4bf100f30af512/snapshot/6977d13a3e4bf100f381e17e
2026-01-26 14:41:18,054 [DEBUG] STATUS 200
2026-01-26 14:41:18,054 [DEBUG] {
  "nodes": [
    {
      "dbPath": "/fimongo1/data",
      "hidden": false,
      "hostname": "mdb2",
      "id": "mdb2:37017",
      "lastAgentPing": "2026-01-26T20:40:18Z",
      "memberState": "SECONDARY",
      "mongodbVersion": "8.0.10",
      "opTime": "2026-01-26T20:38:18Z",
      "oplogPath": "/oplog",
      "oplogStoreType": "thirdPartyOplogStore",
      "port": 37017,
      "priority": 1.0,
      "rsId": "sgcShard_1",
      "snapshotable": true,
      "votes": 1
    },
    {
      "dbPath": "/fimongo1/data",
      "hidden": false,
      "hostname": "mdb8",
      "id": "mdb8:37017",
      "lastAgentPing": "2026-01-26T20:40:31Z",
      "memberState": "SECONDARY",
      "mongodbVersion": "8.0.10",
      "opTime": "2026-01-26T20:38:14Z",
      "oplogPath": "/oplog",
      "oplogStoreType": "thirdPartyOplogStore",
      "port": 37017,
      "priority": 1.0,
      "rsId": "sgcShard_0",
      "snapshotable": true,
      "votes": 1
    },
    {
      "dbPath": "/fimongo1/data",
      "hidden": false,
      "hostname": "mdb-config2",
      "id": "mdb-config2:37017",
      "lastAgentPing": "2026-01-26T20:40:38Z",
      "memberState": "SECONDARY",
      "mongodbVersion": "8.0.10",
      "opTime": "2026-01-26T20:38:18Z",
      "oplogPath": "/oplog",
      "oplogStoreType": "thirdPartyOplogStore",
      "port": 37017,
      "priority": 1.0,
      "rsId": "configRS",
      "snapshotable": true,
      "votes": 1
    }
  ],
  "state": "PENDING"
}
2026-01-26 14:41:18,054 [INFO] Snapshot state: PENDING
2026-01-26 14:41:28,055 [DEBUG] API GET http://sb1.cpolab.ibm.com:8080/api/public/v1.0/backup/third_party/group/67eed68e0ba1970a07e16b77/clusters/695154083e4bf100f30af512/snapshot/6977d13a3e4bf100f381e17e
2026-01-26 14:41:28,250 [DEBUG] STATUS 200
2026-01-26 14:41:28,250 [DEBUG] {
  "nodes": [
    {
      "dbPath": "/fimongo1/data",
      "hidden": false,
      "hostname": "mdb2",
      "id": "mdb2:37017",
      "lastAgentPing": "2026-01-26T20:41:19Z",
      "memberState": "SECONDARY",
      "mongodbVersion": "8.0.10",
      "opTime": "2026-01-26T20:38:18Z",
      "oplogPath": "/oplog",
      "oplogStoreType": "thirdPartyOplogStore",
      "port": 37017,
      "priority": 1.0,
      "rsId": "sgcShard_1",
      "snapshotable": true,
      "votes": 1
    },
    {
      "dbPath": "/fimongo1/data",
      "hidden": false,
      "hostname": "mdb8",
      "id": "mdb8:37017",
      "lastAgentPing": "2026-01-26T20:40:31Z",
      "memberState": "SECONDARY",
      "mongodbVersion": "8.0.10",
      "opTime": "2026-01-26T20:38:14Z",
      "oplogPath": "/oplog",
      "oplogStoreType": "thirdPartyOplogStore",
      "port": 37017,
      "priority": 1.0,
      "rsId": "sgcShard_0",
      "snapshotable": true,
      "votes": 1
    },
    {
      "dbPath": "/fimongo1/data",
      "hidden": false,
      "hostname": "mdb-config2",
      "id": "mdb-config2:37017",
      "lastAgentPing": "2026-01-26T20:40:38Z",
      "memberState": "SECONDARY",
      "mongodbVersion": "8.0.10",
      "opTime": "2026-01-26T20:38:18Z",
      "oplogPath": "/oplog",
      "oplogStoreType": "thirdPartyOplogStore",
      "port": 37017,
      "priority": 1.0,
      "rsId": "configRS",
      "snapshotable": true,
      "votes": 1
    }
  ],
  "state": "PENDING"
}
2026-01-26 14:41:28,250 [INFO] Snapshot state: PENDING
2026-01-26 14:41:38,251 [DEBUG] API GET http://sb1.cpolab.ibm.com:8080/api/public/v1.0/backup/third_party/group/67eed68e0ba1970a07e16b77/clusters/695154083e4bf100f30af512/snapshot/6977d13a3e4bf100f381e17e
2026-01-26 14:41:38,393 [DEBUG] STATUS 200
2026-01-26 14:41:38,393 [DEBUG] {
  "nodes": [
    {
      "dbPath": "/fimongo1/data",
      "hidden": false,
      "hostname": "mdb2",
      "id": "mdb2:37017",
      "lastAgentPing": "2026-01-26T20:41:19Z",
      "memberState": "SECONDARY",
      "mongodbVersion": "8.0.10",
      "opTime": "2026-01-26T20:38:18Z",
      "oplogPath": "/oplog",
      "oplogStoreType": "thirdPartyOplogStore",
      "port": 37017,
      "priority": 1.0,
      "rsId": "sgcShard_1",
      "snapshotable": true,
      "votes": 1
    },
    {
      "dbPath": "/fimongo1/data",
      "hidden": false,
      "hostname": "mdb8",
      "id": "mdb8:37017",
      "lastAgentPing": "2026-01-26T20:41:30Z",
      "memberState": "SECONDARY",
      "mongodbVersion": "8.0.10",
      "opTime": "2026-01-26T20:38:14Z",
      "oplogPath": "/oplog",
      "oplogStoreType": "thirdPartyOplogStore",
      "port": 37017,
      "priority": 1.0,
      "rsId": "sgcShard_0",
      "snapshotable": true,
      "votes": 1
    },
    {
      "dbPath": "/fimongo1/data",
      "hidden": false,
      "hostname": "mdb-config2",
      "id": "mdb-config2:37017",
      "lastAgentPing": "2026-01-26T20:41:35Z",
      "memberState": "SECONDARY",
      "mongodbVersion": "8.0.10",
      "opTime": "2026-01-26T20:38:18Z",
      "oplogPath": "/oplog",
      "oplogStoreType": "thirdPartyOplogStore",
      "port": 37017,
      "priority": 1.0,
      "rsId": "configRS",
      "snapshotable": true,
      "votes": 1
    }
  ],
  "state": "PENDING"
}
2026-01-26 14:41:38,393 [INFO] Snapshot state: PENDING
2026-01-26 14:41:48,394 [DEBUG] API GET http://sb1.cpolab.ibm.com:8080/api/public/v1.0/backup/third_party/group/67eed68e0ba1970a07e16b77/clusters/695154083e4bf100f30af512/snapshot/6977d13a3e4bf100f381e17e
2026-01-26 14:41:48,534 [DEBUG] STATUS 200
2026-01-26 14:41:48,534 [DEBUG] {
  "nodes": [
    {
      "dbPath": "/fimongo1/data",
      "hidden": false,
      "hostname": "mdb2",
      "id": "mdb2:37017",
      "lastAgentPing": "2026-01-26T20:41:19Z",
      "memberState": "SECONDARY",
      "mongodbVersion": "8.0.10",
      "opTime": "2026-01-26T20:38:18Z",
      "oplogPath": "/oplog",
      "oplogStoreType": "thirdPartyOplogStore",
      "port": 37017,
      "priority": 1.0,
      "rsId": "sgcShard_1",
      "snapshotable": true,
      "votes": 1
    },
    {
      "dbPath": "/fimongo1/data",
      "hidden": false,
      "hostname": "mdb8",
      "id": "mdb8:37017",
      "lastAgentPing": "2026-01-26T20:41:30Z",
      "memberState": "SECONDARY",
      "mongodbVersion": "8.0.10",
      "opTime": "2026-01-26T20:38:14Z",
      "oplogPath": "/oplog",
      "oplogStoreType": "thirdPartyOplogStore",
      "port": 37017,
      "priority": 1.0,
      "rsId": "sgcShard_0",
      "snapshotable": true,
      "votes": 1
    },
    {
      "dbPath": "/fimongo1/data",
      "hidden": false,
      "hostname": "mdb-config2",
      "id": "mdb-config2:37017",
      "lastAgentPing": "2026-01-26T20:41:35Z",
      "memberState": "SECONDARY",
      "mongodbVersion": "8.0.10",
      "opTime": "2026-01-26T20:38:18Z",
      "oplogPath": "/oplog",
      "oplogStoreType": "thirdPartyOplogStore",
      "port": 37017,
      "priority": 1.0,
      "rsId": "configRS",
      "snapshotable": true,
      "votes": 1
    }
  ],
  "state": "PENDING"
}
2026-01-26 14:41:48,534 [INFO] Snapshot state: PENDING
2026-01-26 14:41:58,535 [DEBUG] API GET http://sb1.cpolab.ibm.com:8080/api/public/v1.0/backup/third_party/group/67eed68e0ba1970a07e16b77/clusters/695154083e4bf100f30af512/snapshot/6977d13a3e4bf100f381e17e
2026-01-26 14:41:58,676 [DEBUG] STATUS 200
2026-01-26 14:41:58,676 [DEBUG] {
  "nodes": [
    {
      "dbPath": "/fimongo1/data",
      "hidden": false,
      "hostname": "mdb2",
      "id": "mdb2:37017",
      "lastAgentPing": "2026-01-26T20:41:19Z",
      "memberState": "SECONDARY",
      "mongodbVersion": "8.0.10",
      "opTime": "2026-01-26T20:38:18Z",
      "oplogPath": "/oplog",
      "oplogStoreType": "thirdPartyOplogStore",
      "port": 37017,
      "priority": 1.0,
      "rsId": "sgcShard_1",
      "snapshotable": true,
      "votes": 1
    },
    {
      "dbPath": "/fimongo1/data",
      "hidden": false,
      "hostname": "mdb8",
      "id": "mdb8:37017",
      "lastAgentPing": "2026-01-26T20:41:30Z",
      "memberState": "SECONDARY",
      "mongodbVersion": "8.0.10",
      "opTime": "2026-01-26T20:38:14Z",
      "oplogPath": "/oplog",
      "oplogStoreType": "thirdPartyOplogStore",
      "port": 37017,
      "priority": 1.0,
      "rsId": "sgcShard_0",
      "snapshotable": true,
      "votes": 1
    },
    {
      "dbPath": "/fimongo1/data",
      "hidden": false,
      "hostname": "mdb-config2",
      "id": "mdb-config2:37017",
      "lastAgentPing": "2026-01-26T20:41:35Z",
      "memberState": "SECONDARY",
      "mongodbVersion": "8.0.10",
      "opTime": "2026-01-26T20:38:18Z",
      "oplogPath": "/oplog",
      "oplogStoreType": "thirdPartyOplogStore",
      "port": 37017,
      "priority": 1.0,
      "rsId": "configRS",
      "snapshotable": true,
      "votes": 1
    }
  ],
  "state": "PENDING"
}
2026-01-26 14:41:58,676 [INFO] Snapshot state: PENDING
2026-01-26 14:42:08,677 [DEBUG] API GET http://sb1.cpolab.ibm.com:8080/api/public/v1.0/backup/third_party/group/67eed68e0ba1970a07e16b77/clusters/695154083e4bf100f30af512/snapshot/6977d13a3e4bf100f381e17e
2026-01-26 14:42:08,816 [DEBUG] STATUS 200
2026-01-26 14:42:08,816 [DEBUG] {
  "nodes": [
    {
      "dbPath": "/fimongo1/data",
      "hidden": false,
      "hostname": "mdb2",
      "id": "mdb2:37017",
      "lastAgentPing": "2026-01-26T20:41:19Z",
      "memberState": "SECONDARY",
      "mongodbVersion": "8.0.10",
      "opTime": "2026-01-26T20:41:58Z",
      "oplogPath": "/oplog",
      "oplogStoreType": "thirdPartyOplogStore",
      "port": 37017,
      "priority": 1.0,
      "rsId": "sgcShard_1",
      "snapshotable": true,
      "votes": 1
    },
    {
      "dbPath": "/fimongo1/data",
      "hidden": false,
      "hostname": "mdb8",
      "id": "mdb8:37017",
      "lastAgentPing": "2026-01-26T20:41:30Z",
      "memberState": "SECONDARY",
      "mongodbVersion": "8.0.10",
      "opTime": "2026-01-26T20:41:54Z",
      "oplogPath": "/oplog",
      "oplogStoreType": "thirdPartyOplogStore",
      "port": 37017,
      "priority": 1.0,
      "rsId": "sgcShard_0",
      "snapshotable": true,
      "votes": 1
    },
    {
      "dbPath": "/fimongo1/data",
      "hidden": false,
      "hostname": "mdb-config2",
      "id": "mdb-config2:37017",
      "lastAgentPing": "2026-01-26T20:41:35Z",
      "memberState": "SECONDARY",
      "mongodbVersion": "8.0.10",
      "opTime": "2026-01-26T20:42:02Z",
      "oplogPath": "/oplog",
      "oplogStoreType": "thirdPartyOplogStore",
      "port": 37017,
      "priority": 1.0,
      "rsId": "configRS",
      "snapshotable": true,
      "votes": 1
    }
  ],
  "state": "PENDING"
}
2026-01-26 14:42:08,816 [INFO] Snapshot state: PENDING
2026-01-26 14:42:18,817 [DEBUG] API GET http://sb1.cpolab.ibm.com:8080/api/public/v1.0/backup/third_party/group/67eed68e0ba1970a07e16b77/clusters/695154083e4bf100f30af512/snapshot/6977d13a3e4bf100f381e17e
2026-01-26 14:42:18,960 [DEBUG] STATUS 200
2026-01-26 14:42:18,960 [DEBUG] {
  "nodes": [
    {
      "dbPath": "/fimongo1/data",
      "hidden": false,
      "hostname": "mdb2",
      "id": "mdb2:37017",
      "lastAgentPing": "2026-01-26T20:41:19Z",
      "memberState": "SECONDARY",
      "mongodbVersion": "8.0.10",
      "opTime": "2026-01-26T20:41:58Z",
      "oplogPath": "/oplog",
      "oplogStoreType": "thirdPartyOplogStore",
      "port": 37017,
      "priority": 1.0,
      "rsId": "sgcShard_1",
      "snapshotable": true,
      "votes": 1
    },
    {
      "dbPath": "/fimongo1/data",
      "hidden": false,
      "hostname": "mdb8",
      "id": "mdb8:37017",
      "lastAgentPing": "2026-01-26T20:41:30Z",
      "memberState": "SECONDARY",
      "mongodbVersion": "8.0.10",
      "opTime": "2026-01-26T20:41:54Z",
      "oplogPath": "/oplog",
      "oplogStoreType": "thirdPartyOplogStore",
      "port": 37017,
      "priority": 1.0,
      "rsId": "sgcShard_0",
      "snapshotable": true,
      "votes": 1
    },
    {
      "dbPath": "/fimongo1/data",
      "hidden": false,
      "hostname": "mdb-config2",
      "id": "mdb-config2:37017",
      "lastAgentPing": "2026-01-26T20:41:35Z",
      "memberState": "SECONDARY",
      "mongodbVersion": "8.0.10",
      "opTime": "2026-01-26T20:42:02Z",
      "oplogPath": "/oplog",
      "oplogStoreType": "thirdPartyOplogStore",
      "port": 37017,
      "priority": 1.0,
      "rsId": "configRS",
      "snapshotable": true,
      "votes": 1
    }
  ],
  "state": "PENDING"
}
2026-01-26 14:42:18,961 [INFO] Snapshot state: PENDING
2026-01-26 14:42:28,962 [DEBUG] API GET http://sb1.cpolab.ibm.com:8080/api/public/v1.0/backup/third_party/group/67eed68e0ba1970a07e16b77/clusters/695154083e4bf100f30af512/snapshot/6977d13a3e4bf100f381e17e
2026-01-26 14:42:29,158 [DEBUG] STATUS 200
2026-01-26 14:42:29,159 [DEBUG] {
  "nodes": [
    {
      "dbPath": "/fimongo1/data",
      "hidden": false,
      "hostname": "mdb2",
      "id": "mdb2:37017",
      "lastAgentPing": "2026-01-26T20:42:19Z",
      "memberState": "SECONDARY",
      "mongodbVersion": "8.0.10",
      "opTime": "2026-01-26T20:41:58Z",
      "oplogPath": "/oplog",
      "oplogStoreType": "thirdPartyOplogStore",
      "port": 37017,
      "priority": 1.0,
      "rsId": "sgcShard_1",
      "snapshotable": true,
      "votes": 1
    },
    {
      "dbPath": "/fimongo1/data",
      "hidden": false,
      "hostname": "mdb8",
      "id": "mdb8:37017",
      "lastAgentPing": "2026-01-26T20:41:30Z",
      "memberState": "SECONDARY",
      "mongodbVersion": "8.0.10",
      "opTime": "2026-01-26T20:41:54Z",
      "oplogPath": "/oplog",
      "oplogStoreType": "thirdPartyOplogStore",
      "port": 37017,
      "priority": 1.0,
      "rsId": "sgcShard_0",
      "snapshotable": true,
      "votes": 1
    },
    {
      "dbPath": "/fimongo1/data",
      "hidden": false,
      "hostname": "mdb-config2",
      "id": "mdb-config2:37017",
      "lastAgentPing": "2026-01-26T20:41:35Z",
      "memberState": "SECONDARY",
      "mongodbVersion": "8.0.10",
      "opTime": "2026-01-26T20:42:02Z",
      "oplogPath": "/oplog",
      "oplogStoreType": "thirdPartyOplogStore",
      "port": 37017,
      "priority": 1.0,
      "rsId": "configRS",
      "snapshotable": true,
      "votes": 1
    }
  ],
  "state": "PENDING"
}
2026-01-26 14:42:29,159 [INFO] Snapshot state: PENDING
2026-01-26 14:42:39,159 [DEBUG] API GET http://sb1.cpolab.ibm.com:8080/api/public/v1.0/backup/third_party/group/67eed68e0ba1970a07e16b77/clusters/695154083e4bf100f30af512/snapshot/6977d13a3e4bf100f381e17e
2026-01-26 14:42:39,299 [DEBUG] STATUS 200
2026-01-26 14:42:39,300 [DEBUG] {
  "nodes": [
    {
      "dbPath": "/fimongo1/data",
      "hidden": false,
      "hostname": "mdb2",
      "id": "mdb2:37017",
      "lastAgentPing": "2026-01-26T20:42:19Z",
      "memberState": "SECONDARY",
      "mongodbVersion": "8.0.10",
      "opTime": "2026-01-26T20:41:58Z",
      "oplogPath": "/oplog",
      "oplogStoreType": "thirdPartyOplogStore",
      "port": 37017,
      "priority": 1.0,
      "rsId": "sgcShard_1",
      "snapshotable": true,
      "votes": 1
    },
    {
      "dbPath": "/fimongo1/data",
      "hidden": false,
      "hostname": "mdb8",
      "id": "mdb8:37017",
      "lastAgentPing": "2026-01-26T20:42:30Z",
      "memberState": "SECONDARY",
      "mongodbVersion": "8.0.10",
      "opTime": "2026-01-26T20:41:54Z",
      "oplogPath": "/oplog",
      "oplogStoreType": "thirdPartyOplogStore",
      "port": 37017,
      "priority": 1.0,
      "rsId": "sgcShard_0",
      "snapshotable": true,
      "votes": 1
    },
    {
      "dbPath": "/fimongo1/data",
      "hidden": false,
      "hostname": "mdb-config2",
      "id": "mdb-config2:37017",
      "lastAgentPing": "2026-01-26T20:42:35Z",
      "memberState": "SECONDARY",
      "mongodbVersion": "8.0.10",
      "opTime": "2026-01-26T20:42:02Z",
      "oplogPath": "/oplog",
      "oplogStoreType": "thirdPartyOplogStore",
      "port": 37017,
      "priority": 1.0,
      "rsId": "configRS",
      "snapshotable": true,
      "votes": 1
    }
  ],
  "state": "PENDING"
}
2026-01-26 14:42:39,300 [INFO] Snapshot state: PENDING
2026-01-26 14:42:49,300 [DEBUG] API GET http://sb1.cpolab.ibm.com:8080/api/public/v1.0/backup/third_party/group/67eed68e0ba1970a07e16b77/clusters/695154083e4bf100f30af512/snapshot/6977d13a3e4bf100f381e17e
2026-01-26 14:42:49,442 [DEBUG] STATUS 200
2026-01-26 14:42:49,442 [DEBUG] {
  "nodes": [
    {
      "dbPath": "/fimongo1/data",
      "hidden": false,
      "hostname": "mdb2",
      "id": "mdb2:37017",
      "lastAgentPing": "2026-01-26T20:42:19Z",
      "memberState": "SECONDARY",
      "mongodbVersion": "8.0.10",
      "opTime": "2026-01-26T20:41:58Z",
      "oplogPath": "/oplog",
      "oplogStoreType": "thirdPartyOplogStore",
      "port": 37017,
      "priority": 1.0,
      "rsId": "sgcShard_1",
      "snapshotable": true,
      "votes": 1
    },
    {
      "dbPath": "/fimongo1/data",
      "hidden": false,
      "hostname": "mdb8",
      "id": "mdb8:37017",
      "lastAgentPing": "2026-01-26T20:42:30Z",
      "memberState": "SECONDARY",
      "mongodbVersion": "8.0.10",
      "opTime": "2026-01-26T20:41:54Z",
      "oplogPath": "/oplog",
      "oplogStoreType": "thirdPartyOplogStore",
      "port": 37017,
      "priority": 1.0,
      "rsId": "sgcShard_0",
      "snapshotable": true,
      "votes": 1
    },
    {
      "dbPath": "/fimongo1/data",
      "hidden": false,
      "hostname": "mdb-config2",
      "id": "mdb-config2:37017",
      "lastAgentPing": "2026-01-26T20:42:35Z",
      "memberState": "SECONDARY",
      "mongodbVersion": "8.0.10",
      "opTime": "2026-01-26T20:42:02Z",
      "oplogPath": "/oplog",
      "oplogStoreType": "thirdPartyOplogStore",
      "port": 37017,
      "priority": 1.0,
      "rsId": "configRS",
      "snapshotable": true,
      "votes": 1
    }
  ],
  "state": "PENDING"
}
2026-01-26 14:42:49,442 [INFO] Snapshot state: PENDING
2026-01-26 14:42:59,443 [DEBUG] API GET http://sb1.cpolab.ibm.com:8080/api/public/v1.0/backup/third_party/group/67eed68e0ba1970a07e16b77/clusters/695154083e4bf100f30af512/snapshot/6977d13a3e4bf100f381e17e
2026-01-26 14:42:59,585 [DEBUG] STATUS 200
2026-01-26 14:42:59,585 [DEBUG] {
  "nodes": [
    {
      "dbPath": "/fimongo1/data",
      "hidden": false,
      "hostname": "mdb2",
      "id": "mdb2:37017",
      "lastAgentPing": "2026-01-26T20:42:19Z",
      "memberState": "SECONDARY",
      "mongodbVersion": "8.0.10",
      "opTime": "2026-01-26T20:41:58Z",
      "oplogPath": "/oplog",
      "oplogStoreType": "thirdPartyOplogStore",
      "port": 37017,
      "priority": 1.0,
      "rsId": "sgcShard_1",
      "snapshotable": true,
      "votes": 1
    },
    {
      "dbPath": "/fimongo1/data",
      "hidden": false,
      "hostname": "mdb8",
      "id": "mdb8:37017",
      "lastAgentPing": "2026-01-26T20:42:30Z",
      "memberState": "SECONDARY",
      "mongodbVersion": "8.0.10",
      "opTime": "2026-01-26T20:41:54Z",
      "oplogPath": "/oplog",
      "oplogStoreType": "thirdPartyOplogStore",
      "port": 37017,
      "priority": 1.0,
      "rsId": "sgcShard_0",
      "snapshotable": true,
      "votes": 1
    },
    {
      "dbPath": "/fimongo1/data",
      "hidden": false,
      "hostname": "mdb-config2",
      "id": "mdb-config2:37017",
      "lastAgentPing": "2026-01-26T20:42:35Z",
      "memberState": "SECONDARY",
      "mongodbVersion": "8.0.10",
      "opTime": "2026-01-26T20:42:02Z",
      "oplogPath": "/oplog",
      "oplogStoreType": "thirdPartyOplogStore",
      "port": 37017,
      "priority": 1.0,
      "rsId": "configRS",
      "snapshotable": true,
      "votes": 1
    }
  ],
  "state": "PENDING"
}
2026-01-26 14:42:59,585 [INFO] Snapshot state: PENDING
2026-01-26 14:43:09,586 [DEBUG] API GET http://sb1.cpolab.ibm.com:8080/api/public/v1.0/backup/third_party/group/67eed68e0ba1970a07e16b77/clusters/695154083e4bf100f30af512/snapshot/6977d13a3e4bf100f381e17e
2026-01-26 14:43:09,729 [DEBUG] STATUS 200
2026-01-26 14:43:09,729 [DEBUG] {
  "nodes": [
    {
      "dbPath": "/fimongo1/data",
      "hidden": false,
      "hostname": "mdb2",
      "id": "mdb2:37017",
      "lastAgentPing": "2026-01-26T20:42:19Z",
      "memberState": "SECONDARY",
      "mongodbVersion": "8.0.10",
      "opTime": "2026-01-26T20:41:58Z",
      "oplogPath": "/oplog",
      "oplogStoreType": "thirdPartyOplogStore",
      "port": 37017,
      "priority": 1.0,
      "rsId": "sgcShard_1",
      "snapshotable": true,
      "votes": 1
    },
    {
      "dbPath": "/fimongo1/data",
      "hidden": false,
      "hostname": "mdb8",
      "id": "mdb8:37017",
      "lastAgentPing": "2026-01-26T20:42:30Z",
      "memberState": "SECONDARY",
      "mongodbVersion": "8.0.10",
      "opTime": "2026-01-26T20:41:54Z",
      "oplogPath": "/oplog",
      "oplogStoreType": "thirdPartyOplogStore",
      "port": 37017,
      "priority": 1.0,
      "rsId": "sgcShard_0",
      "snapshotable": true,
      "votes": 1
    },
    {
      "dbPath": "/fimongo1/data",
      "hidden": false,
      "hostname": "mdb-config2",
      "id": "mdb-config2:37017",
      "lastAgentPing": "2026-01-26T20:42:35Z",
      "memberState": "SECONDARY",
      "mongodbVersion": "8.0.10",
      "opTime": "2026-01-26T20:42:02Z",
      "oplogPath": "/oplog",
      "oplogStoreType": "thirdPartyOplogStore",
      "port": 37017,
      "priority": 1.0,
      "rsId": "configRS",
      "snapshotable": true,
      "votes": 1
    }
  ],
  "state": "PENDING"
}
2026-01-26 14:43:09,729 [INFO] Snapshot state: PENDING
2026-01-26 14:43:19,730 [DEBUG] API GET http://sb1.cpolab.ibm.com:8080/api/public/v1.0/backup/third_party/group/67eed68e0ba1970a07e16b77/clusters/695154083e4bf100f30af512/snapshot/6977d13a3e4bf100f381e17e
2026-01-26 14:43:19,870 [DEBUG] STATUS 200
2026-01-26 14:43:19,870 [DEBUG] {
  "nodes": [
    {
      "dbPath": "/fimongo1/data",
      "hidden": false,
      "hostname": "mdb2",
      "id": "mdb2:37017",
      "lastAgentPing": "2026-01-26T20:42:19Z",
      "memberState": "SECONDARY",
      "mongodbVersion": "8.0.10",
      "opTime": "2026-01-26T20:41:58Z",
      "oplogPath": "/oplog",
      "oplogStoreType": "thirdPartyOplogStore",
      "port": 37017,
      "priority": 1.0,
      "rsId": "sgcShard_1",
      "snapshotable": true,
      "votes": 1
    },
    {
      "dbPath": "/fimongo1/data",
      "hidden": false,
      "hostname": "mdb8",
      "id": "mdb8:37017",
      "lastAgentPing": "2026-01-26T20:42:30Z",
      "memberState": "SECONDARY",
      "mongodbVersion": "8.0.10",
      "opTime": "2026-01-26T20:41:54Z",
      "oplogPath": "/oplog",
      "oplogStoreType": "thirdPartyOplogStore",
      "port": 37017,
      "priority": 1.0,
      "rsId": "sgcShard_0",
      "snapshotable": true,
      "votes": 1
    },
    {
      "dbPath": "/fimongo1/data",
      "hidden": false,
      "hostname": "mdb-config2",
      "id": "mdb-config2:37017",
      "lastAgentPing": "2026-01-26T20:42:35Z",
      "memberState": "SECONDARY",
      "mongodbVersion": "8.0.10",
      "opTime": "2026-01-26T20:42:02Z",
      "oplogPath": "/oplog",
      "oplogStoreType": "thirdPartyOplogStore",
      "port": 37017,
      "priority": 1.0,
      "rsId": "configRS",
      "snapshotable": true,
      "votes": 1
    }
  ],
  "state": "PENDING"
}
2026-01-26 14:43:19,870 [INFO] Snapshot state: PENDING
2026-01-26 14:43:29,871 [DEBUG] API GET http://sb1.cpolab.ibm.com:8080/api/public/v1.0/backup/third_party/group/67eed68e0ba1970a07e16b77/clusters/695154083e4bf100f30af512/snapshot/6977d13a3e4bf100f381e17e
2026-01-26 14:43:30,070 [DEBUG] STATUS 200
2026-01-26 14:43:30,070 [DEBUG] {
  "nodes": [
    {
      "dbPath": "/fimongo1/data",
      "hidden": false,
      "hostname": "mdb2",
      "id": "mdb2:37017",
      "lastAgentPing": "2026-01-26T20:43:20Z",
      "memberState": "SECONDARY",
      "mongodbVersion": "8.0.10",
      "opTime": "2026-01-26T20:41:58Z",
      "oplogPath": "/oplog",
      "oplogStoreType": "thirdPartyOplogStore",
      "port": 37017,
      "priority": 1.0,
      "rsId": "sgcShard_1",
      "snapshotable": true,
      "votes": 1
    },
    {
      "dbPath": "/fimongo1/data",
      "hidden": false,
      "hostname": "mdb8",
      "id": "mdb8:37017",
      "lastAgentPing": "2026-01-26T20:43:27Z",
      "memberState": "SECONDARY",
      "mongodbVersion": "8.0.10",
      "opTime": "2026-01-26T20:41:54Z",
      "oplogPath": "/oplog",
      "oplogStoreType": "thirdPartyOplogStore",
      "port": 37017,
      "priority": 1.0,
      "rsId": "sgcShard_0",
      "snapshotable": true,
      "votes": 1
    },
    {
      "dbPath": "/fimongo1/data",
      "hidden": false,
      "hostname": "mdb-config2",
      "id": "mdb-config2:37017",
      "lastAgentPing": "2026-01-26T20:42:35Z",
      "memberState": "SECONDARY",
      "mongodbVersion": "8.0.10",
      "opTime": "2026-01-26T20:42:02Z",
      "oplogPath": "/oplog",
      "oplogStoreType": "thirdPartyOplogStore",
      "port": 37017,
      "priority": 1.0,
      "rsId": "configRS",
      "snapshotable": true,
      "votes": 1
    }
  ],
  "state": "PENDING"
}
2026-01-26 14:43:30,070 [INFO] Snapshot state: PENDING
2026-01-26 14:43:40,071 [DEBUG] API GET http://sb1.cpolab.ibm.com:8080/api/public/v1.0/backup/third_party/group/67eed68e0ba1970a07e16b77/clusters/695154083e4bf100f30af512/snapshot/6977d13a3e4bf100f381e17e
2026-01-26 14:43:40,213 [DEBUG] STATUS 200
2026-01-26 14:43:40,213 [DEBUG] {
  "nodes": [
    {
      "dbPath": "/fimongo1/data",
      "hidden": false,
      "hostname": "mdb2",
      "id": "mdb2:37017",
      "lastAgentPing": "2026-01-26T20:43:20Z",
      "memberState": "SECONDARY",
      "mongodbVersion": "8.0.10",
      "opTime": "2026-01-26T20:41:58Z",
      "oplogPath": "/oplog",
      "oplogStoreType": "thirdPartyOplogStore",
      "port": 37017,
      "priority": 1.0,
      "rsId": "sgcShard_1",
      "snapshotable": true,
      "votes": 1
    },
    {
      "dbPath": "/fimongo1/data",
      "hidden": false,
      "hostname": "mdb8",
      "id": "mdb8:37017",
      "lastAgentPing": "2026-01-26T20:43:27Z",
      "memberState": "SECONDARY",
      "mongodbVersion": "8.0.10",
      "opTime": "2026-01-26T20:41:54Z",
      "oplogPath": "/oplog",
      "oplogStoreType": "thirdPartyOplogStore",
      "port": 37017,
      "priority": 1.0,
      "rsId": "sgcShard_0",
      "snapshotable": true,
      "votes": 1
    },
    {
      "dbPath": "/fimongo1/data",
      "hidden": false,
      "hostname": "mdb-config2",
      "id": "mdb-config2:37017",
      "lastAgentPing": "2026-01-26T20:43:37Z",
      "memberState": "SECONDARY",
      "mongodbVersion": "8.0.10",
      "opTime": "2026-01-26T20:42:02Z",
      "oplogPath": "/oplog",
      "oplogStoreType": "thirdPartyOplogStore",
      "port": 37017,
      "priority": 1.0,
      "rsId": "configRS",
      "snapshotable": true,
      "votes": 1
    }
  ],
  "state": "PENDING"
}
2026-01-26 14:43:40,214 [INFO] Snapshot state: PENDING
2026-01-26 14:43:50,214 [DEBUG] API GET http://sb1.cpolab.ibm.com:8080/api/public/v1.0/backup/third_party/group/67eed68e0ba1970a07e16b77/clusters/695154083e4bf100f30af512/snapshot/6977d13a3e4bf100f381e17e
2026-01-26 14:43:50,355 [DEBUG] STATUS 200
2026-01-26 14:43:50,355 [DEBUG] {
  "nodes": [
    {
      "dbPath": "/fimongo1/data",
      "hidden": false,
      "hostname": "mdb2",
      "id": "mdb2:37017",
      "lastAgentPing": "2026-01-26T20:43:20Z",
      "memberState": "SECONDARY",
      "mongodbVersion": "8.0.10",
      "opTime": "2026-01-26T20:41:58Z",
      "oplogPath": "/oplog",
      "oplogStoreType": "thirdPartyOplogStore",
      "port": 37017,
      "priority": 1.0,
      "rsId": "sgcShard_1",
      "snapshotable": true,
      "votes": 1
    },
    {
      "dbPath": "/fimongo1/data",
      "hidden": false,
      "hostname": "mdb8",
      "id": "mdb8:37017",
      "lastAgentPing": "2026-01-26T20:43:27Z",
      "memberState": "SECONDARY",
      "mongodbVersion": "8.0.10",
      "opTime": "2026-01-26T20:41:54Z",
      "oplogPath": "/oplog",
      "oplogStoreType": "thirdPartyOplogStore",
      "port": 37017,
      "priority": 1.0,
      "rsId": "sgcShard_0",
      "snapshotable": true,
      "votes": 1
    },
    {
      "dbPath": "/fimongo1/data",
      "hidden": false,
      "hostname": "mdb-config2",
      "id": "mdb-config2:37017",
      "lastAgentPing": "2026-01-26T20:43:37Z",
      "memberState": "SECONDARY",
      "mongodbVersion": "8.0.10",
      "opTime": "2026-01-26T20:42:02Z",
      "oplogPath": "/oplog",
      "oplogStoreType": "thirdPartyOplogStore",
      "port": 37017,
      "priority": 1.0,
      "rsId": "configRS",
      "snapshotable": true,
      "votes": 1
    }
  ],
  "state": "PENDING"
}
2026-01-26 14:43:50,355 [INFO] Snapshot state: PENDING
2026-01-26 14:44:00,356 [DEBUG] API GET http://sb1.cpolab.ibm.com:8080/api/public/v1.0/backup/third_party/group/67eed68e0ba1970a07e16b77/clusters/695154083e4bf100f30af512/snapshot/6977d13a3e4bf100f381e17e
2026-01-26 14:44:00,499 [DEBUG] STATUS 200
2026-01-26 14:44:00,499 [DEBUG] {
  "nodes": [
    {
      "dbPath": "/fimongo1/data",
      "hidden": false,
      "hostname": "mdb2",
      "id": "mdb2:37017",
      "lastAgentPing": "2026-01-26T20:43:20Z",
      "memberState": "SECONDARY",
      "mongodbVersion": "8.0.10",
      "opTime": "2026-01-26T20:41:58Z",
      "oplogPath": "/oplog",
      "oplogStoreType": "thirdPartyOplogStore",
      "port": 37017,
      "priority": 1.0,
      "rsId": "sgcShard_1",
      "snapshotable": true,
      "votes": 1
    },
    {
      "dbPath": "/fimongo1/data",
      "hidden": false,
      "hostname": "mdb8",
      "id": "mdb8:37017",
      "lastAgentPing": "2026-01-26T20:43:27Z",
      "memberState": "SECONDARY",
      "mongodbVersion": "8.0.10",
      "opTime": "2026-01-26T20:41:54Z",
      "oplogPath": "/oplog",
      "oplogStoreType": "thirdPartyOplogStore",
      "port": 37017,
      "priority": 1.0,
      "rsId": "sgcShard_0",
      "snapshotable": true,
      "votes": 1
    },
    {
      "dbPath": "/fimongo1/data",
      "hidden": false,
      "hostname": "mdb-config2",
      "id": "mdb-config2:37017",
      "lastAgentPing": "2026-01-26T20:43:37Z",
      "memberState": "SECONDARY",
      "mongodbVersion": "8.0.10",
      "opTime": "2026-01-26T20:42:02Z",
      "oplogPath": "/oplog",
      "oplogStoreType": "thirdPartyOplogStore",
      "port": 37017,
      "priority": 1.0,
      "rsId": "configRS",
      "snapshotable": true,
      "votes": 1
    }
  ],
  "state": "PENDING"
}
2026-01-26 14:44:00,499 [INFO] Snapshot state: PENDING
2026-01-26 14:44:10,500 [DEBUG] API GET http://sb1.cpolab.ibm.com:8080/api/public/v1.0/backup/third_party/group/67eed68e0ba1970a07e16b77/clusters/695154083e4bf100f30af512/snapshot/6977d13a3e4bf100f381e17e
2026-01-26 14:44:10,642 [DEBUG] STATUS 200
2026-01-26 14:44:10,642 [DEBUG] {
  "nodes": [
    {
      "dbPath": "/fimongo1/data",
      "hidden": false,
      "hostname": "mdb2",
      "id": "mdb2:37017",
      "lastAgentPing": "2026-01-26T20:43:20Z",
      "memberState": "SECONDARY",
      "mongodbVersion": "8.0.10",
      "opTime": "2026-01-26T20:41:58Z",
      "oplogPath": "/oplog",
      "oplogStoreType": "thirdPartyOplogStore",
      "port": 37017,
      "priority": 1.0,
      "rsId": "sgcShard_1",
      "snapshotable": true,
      "votes": 1
    },
    {
      "dbPath": "/fimongo1/data",
      "hidden": false,
      "hostname": "mdb8",
      "id": "mdb8:37017",
      "lastAgentPing": "2026-01-26T20:43:27Z",
      "memberState": "SECONDARY",
      "mongodbVersion": "8.0.10",
      "opTime": "2026-01-26T20:41:54Z",
      "oplogPath": "/oplog",
      "oplogStoreType": "thirdPartyOplogStore",
      "port": 37017,
      "priority": 1.0,
      "rsId": "sgcShard_0",
      "snapshotable": true,
      "votes": 1
    },
    {
      "dbPath": "/fimongo1/data",
      "hidden": false,
      "hostname": "mdb-config2",
      "id": "mdb-config2:37017",
      "lastAgentPing": "2026-01-26T20:43:37Z",
      "memberState": "SECONDARY",
      "mongodbVersion": "8.0.10",
      "opTime": "2026-01-26T20:42:02Z",
      "oplogPath": "/oplog",
      "oplogStoreType": "thirdPartyOplogStore",
      "port": 37017,
      "priority": 1.0,
      "rsId": "configRS",
      "snapshotable": true,
      "votes": 1
    }
  ],
  "state": "PENDING"
}
2026-01-26 14:44:10,642 [INFO] Snapshot state: PENDING
2026-01-26 14:44:20,643 [DEBUG] API GET http://sb1.cpolab.ibm.com:8080/api/public/v1.0/backup/third_party/group/67eed68e0ba1970a07e16b77/clusters/695154083e4bf100f30af512/snapshot/6977d13a3e4bf100f381e17e
2026-01-26 14:44:20,782 [DEBUG] STATUS 200
2026-01-26 14:44:20,782 [DEBUG] {
  "nodes": [
    {
      "dbPath": "/fimongo1/data",
      "hidden": false,
      "hostname": "mdb2",
      "id": "mdb2:37017",
      "lastAgentPing": "2026-01-26T20:44:20Z",
      "memberState": "SECONDARY",
      "mongodbVersion": "8.0.10",
      "opTime": "2026-01-26T20:41:58Z",
      "oplogPath": "/oplog",
      "oplogStoreType": "thirdPartyOplogStore",
      "port": 37017,
      "priority": 1.0,
      "rsId": "sgcShard_1",
      "snapshotable": true,
      "votes": 1
    },
    {
      "dbPath": "/fimongo1/data",
      "hidden": false,
      "hostname": "mdb8",
      "id": "mdb8:37017",
      "lastAgentPing": "2026-01-26T20:43:27Z",
      "memberState": "SECONDARY",
      "mongodbVersion": "8.0.10",
      "opTime": "2026-01-26T20:41:54Z",
      "oplogPath": "/oplog",
      "oplogStoreType": "thirdPartyOplogStore",
      "port": 37017,
      "priority": 1.0,
      "rsId": "sgcShard_0",
      "snapshotable": true,
      "votes": 1
    },
    {
      "dbPath": "/fimongo1/data",
      "hidden": false,
      "hostname": "mdb-config2",
      "id": "mdb-config2:37017",
      "lastAgentPing": "2026-01-26T20:43:37Z",
      "memberState": "SECONDARY",
      "mongodbVersion": "8.0.10",
      "opTime": "2026-01-26T20:42:02Z",
      "oplogPath": "/oplog",
      "oplogStoreType": "thirdPartyOplogStore",
      "port": 37017,
      "priority": 1.0,
      "rsId": "configRS",
      "snapshotable": true,
      "votes": 1
    }
  ],
  "state": "PENDING"
}
2026-01-26 14:44:20,782 [INFO] Snapshot state: PENDING
2026-01-26 14:44:30,783 [DEBUG] API GET http://sb1.cpolab.ibm.com:8080/api/public/v1.0/backup/third_party/group/67eed68e0ba1970a07e16b77/clusters/695154083e4bf100f30af512/snapshot/6977d13a3e4bf100f381e17e
2026-01-26 14:44:30,978 [DEBUG] STATUS 200
2026-01-26 14:44:30,978 [DEBUG] {
  "nodes": [
    {
      "dbPath": "/fimongo1/data",
      "hidden": false,
      "hostname": "mdb2",
      "id": "mdb2:37017",
      "lastAgentPing": "2026-01-26T20:44:20Z",
      "memberState": "SECONDARY",
      "mongodbVersion": "8.0.10",
      "opTime": "2026-01-26T20:41:58Z",
      "oplogPath": "/oplog",
      "oplogStoreType": "thirdPartyOplogStore",
      "port": 37017,
      "priority": 1.0,
      "rsId": "sgcShard_1",
      "snapshotable": true,
      "votes": 1
    },
    {
      "dbPath": "/fimongo1/data",
      "hidden": false,
      "hostname": "mdb8",
      "id": "mdb8:37017",
      "lastAgentPing": "2026-01-26T20:44:27Z",
      "memberState": "SECONDARY",
      "mongodbVersion": "8.0.10",
      "opTime": "2026-01-26T20:41:54Z",
      "oplogPath": "/oplog",
      "oplogStoreType": "thirdPartyOplogStore",
      "port": 37017,
      "priority": 1.0,
      "rsId": "sgcShard_0",
      "snapshotable": true,
      "votes": 1
    },
    {
      "dbPath": "/fimongo1/data",
      "hidden": false,
      "hostname": "mdb-config2",
      "id": "mdb-config2:37017",
      "lastAgentPing": "2026-01-26T20:43:37Z",
      "memberState": "SECONDARY",
      "mongodbVersion": "8.0.10",
      "opTime": "2026-01-26T20:42:02Z",
      "oplogPath": "/oplog",
      "oplogStoreType": "thirdPartyOplogStore",
      "port": 37017,
      "priority": 1.0,
      "rsId": "configRS",
      "snapshotable": true,
      "votes": 1
    }
  ],
  "state": "PENDING"
}
2026-01-26 14:44:30,978 [INFO] Snapshot state: PENDING
2026-01-26 14:44:40,978 [DEBUG] API GET http://sb1.cpolab.ibm.com:8080/api/public/v1.0/backup/third_party/group/67eed68e0ba1970a07e16b77/clusters/695154083e4bf100f30af512/snapshot/6977d13a3e4bf100f381e17e
2026-01-26 14:44:41,118 [DEBUG] STATUS 200
2026-01-26 14:44:41,118 [DEBUG] {
  "nodes": [
    {
      "dbPath": "/fimongo1/data",
      "hidden": false,
      "hostname": "mdb2",
      "id": "mdb2:37017",
      "lastAgentPing": "2026-01-26T20:44:20Z",
      "memberState": "SECONDARY",
      "mongodbVersion": "8.0.10",
      "opTime": "2026-01-26T20:41:58Z",
      "oplogPath": "/oplog",
      "oplogStoreType": "thirdPartyOplogStore",
      "port": 37017,
      "priority": 1.0,
      "rsId": "sgcShard_1",
      "snapshotable": true,
      "votes": 1
    },
    {
      "dbPath": "/fimongo1/data",
      "hidden": false,
      "hostname": "mdb8",
      "id": "mdb8:37017",
      "lastAgentPing": "2026-01-26T20:44:27Z",
      "memberState": "SECONDARY",
      "mongodbVersion": "8.0.10",
      "opTime": "2026-01-26T20:41:54Z",
      "oplogPath": "/oplog",
      "oplogStoreType": "thirdPartyOplogStore",
      "port": 37017,
      "priority": 1.0,
      "rsId": "sgcShard_0",
      "snapshotable": true,
      "votes": 1
    },
    {
      "dbPath": "/fimongo1/data",
      "hidden": false,
      "hostname": "mdb-config2",
      "id": "mdb-config2:37017",
      "lastAgentPing": "2026-01-26T20:44:39Z",
      "memberState": "SECONDARY",
      "mongodbVersion": "8.0.10",
      "opTime": "2026-01-26T20:42:02Z",
      "oplogPath": "/oplog",
      "oplogStoreType": "thirdPartyOplogStore",
      "port": 37017,
      "priority": 1.0,
      "rsId": "configRS",
      "snapshotable": true,
      "votes": 1
    }
  ],
  "state": "PENDING"
}
2026-01-26 14:44:41,119 [INFO] Snapshot state: PENDING
2026-01-26 14:44:51,120 [DEBUG] API GET http://sb1.cpolab.ibm.com:8080/api/public/v1.0/backup/third_party/group/67eed68e0ba1970a07e16b77/clusters/695154083e4bf100f30af512/snapshot/6977d13a3e4bf100f381e17e
2026-01-26 14:44:51,260 [DEBUG] STATUS 200
2026-01-26 14:44:51,260 [DEBUG] {
  "nodes": [
    {
      "dbPath": "/fimongo1/data",
      "hidden": false,
      "hostname": "mdb2",
      "id": "mdb2:37017",
      "lastAgentPing": "2026-01-26T20:44:20Z",
      "memberState": "SECONDARY",
      "mongodbVersion": "8.0.10",
      "opTime": "2026-01-26T20:41:58Z",
      "oplogPath": "/oplog",
      "oplogStoreType": "thirdPartyOplogStore",
      "port": 37017,
      "priority": 1.0,
      "rsId": "sgcShard_1",
      "snapshotable": true,
      "votes": 1
    },
    {
      "dbPath": "/fimongo1/data",
      "hidden": false,
      "hostname": "mdb8",
      "id": "mdb8:37017",
      "lastAgentPing": "2026-01-26T20:44:27Z",
      "memberState": "SECONDARY",
      "mongodbVersion": "8.0.10",
      "opTime": "2026-01-26T20:41:54Z",
      "oplogPath": "/oplog",
      "oplogStoreType": "thirdPartyOplogStore",
      "port": 37017,
      "priority": 1.0,
      "rsId": "sgcShard_0",
      "snapshotable": true,
      "votes": 1
    },
    {
      "dbPath": "/fimongo1/data",
      "hidden": false,
      "hostname": "mdb-config2",
      "id": "mdb-config2:37017",
      "lastAgentPing": "2026-01-26T20:44:39Z",
      "memberState": "SECONDARY",
      "mongodbVersion": "8.0.10",
      "opTime": "2026-01-26T20:42:02Z",
      "oplogPath": "/oplog",
      "oplogStoreType": "thirdPartyOplogStore",
      "port": 37017,
      "priority": 1.0,
      "rsId": "configRS",
      "snapshotable": true,
      "votes": 1
    }
  ],
  "state": "PENDING"
}
2026-01-26 14:44:51,260 [INFO] Snapshot state: PENDING
2026-01-26 14:45:01,261 [DEBUG] API GET http://sb1.cpolab.ibm.com:8080/api/public/v1.0/backup/third_party/group/67eed68e0ba1970a07e16b77/clusters/695154083e4bf100f30af512/snapshot/6977d13a3e4bf100f381e17e
2026-01-26 14:45:01,400 [DEBUG] STATUS 200
2026-01-26 14:45:01,400 [DEBUG] {
  "nodes": [
    {
      "dbPath": "/fimongo1/data",
      "hidden": false,
      "hostname": "mdb2",
      "id": "mdb2:37017",
      "lastAgentPing": "2026-01-26T20:44:20Z",
      "memberState": "SECONDARY",
      "mongodbVersion": "8.0.10",
      "opTime": "2026-01-26T20:44:48Z",
      "oplogPath": "/oplog",
      "oplogStoreType": "thirdPartyOplogStore",
      "port": 37017,
      "priority": 1.0,
      "rsId": "sgcShard_1",
      "snapshotable": true,
      "votes": 1
    },
    {
      "dbPath": "/fimongo1/data",
      "hidden": false,
      "hostname": "mdb8",
      "id": "mdb8:37017",
      "lastAgentPing": "2026-01-26T20:44:27Z",
      "memberState": "SECONDARY",
      "mongodbVersion": "8.0.10",
      "opTime": "2026-01-26T20:44:44Z",
      "oplogPath": "/oplog",
      "oplogStoreType": "thirdPartyOplogStore",
      "port": 37017,
      "priority": 1.0,
      "rsId": "sgcShard_0",
      "snapshotable": true,
      "votes": 1
    },
    {
      "dbPath": "/fimongo1/data",
      "hidden": false,
      "hostname": "mdb-config2",
      "id": "mdb-config2:37017",
      "lastAgentPing": "2026-01-26T20:44:39Z",
      "memberState": "SECONDARY",
      "mongodbVersion": "8.0.10",
      "opTime": "2026-01-26T20:44:54Z",
      "oplogPath": "/oplog",
      "oplogStoreType": "thirdPartyOplogStore",
      "port": 37017,
      "priority": 1.0,
      "rsId": "configRS",
      "snapshotable": true,
      "votes": 1
    }
  ],
  "state": "PENDING"
}
2026-01-26 14:45:01,400 [INFO] Snapshot state: PENDING
2026-01-26 14:45:11,401 [DEBUG] API GET http://sb1.cpolab.ibm.com:8080/api/public/v1.0/backup/third_party/group/67eed68e0ba1970a07e16b77/clusters/695154083e4bf100f30af512/snapshot/6977d13a3e4bf100f381e17e
2026-01-26 14:45:11,540 [DEBUG] STATUS 200
2026-01-26 14:45:11,540 [DEBUG] {
  "nodes": [
    {
      "dbPath": "/fimongo1/data",
      "hidden": false,
      "hostname": "mdb2",
      "id": "mdb2:37017",
      "lastAgentPing": "2026-01-26T20:44:20Z",
      "memberState": "SECONDARY",
      "mongodbVersion": "8.0.10",
      "opTime": "2026-01-26T20:44:48Z",
      "oplogPath": "/oplog",
      "oplogStoreType": "thirdPartyOplogStore",
      "port": 37017,
      "priority": 1.0,
      "rsId": "sgcShard_1",
      "snapshotable": true,
      "votes": 1
    },
    {
      "dbPath": "/fimongo1/data",
      "hidden": false,
      "hostname": "mdb8",
      "id": "mdb8:37017",
      "lastAgentPing": "2026-01-26T20:44:27Z",
      "memberState": "SECONDARY",
      "mongodbVersion": "8.0.10",
      "opTime": "2026-01-26T20:44:44Z",
      "oplogPath": "/oplog",
      "oplogStoreType": "thirdPartyOplogStore",
      "port": 37017,
      "priority": 1.0,
      "rsId": "sgcShard_0",
      "snapshotable": true,
      "votes": 1
    },
    {
      "dbPath": "/fimongo1/data",
      "hidden": false,
      "hostname": "mdb-config2",
      "id": "mdb-config2:37017",
      "lastAgentPing": "2026-01-26T20:44:39Z",
      "memberState": "SECONDARY",
      "mongodbVersion": "8.0.10",
      "opTime": "2026-01-26T20:44:54Z",
      "oplogPath": "/oplog",
      "oplogStoreType": "thirdPartyOplogStore",
      "port": 37017,
      "priority": 1.0,
      "rsId": "configRS",
      "snapshotable": true,
      "votes": 1
    }
  ],
  "state": "PENDING"
}
2026-01-26 14:45:11,540 [INFO] Snapshot state: PENDING
2026-01-26 14:45:21,541 [DEBUG] API GET http://sb1.cpolab.ibm.com:8080/api/public/v1.0/backup/third_party/group/67eed68e0ba1970a07e16b77/clusters/695154083e4bf100f30af512/snapshot/6977d13a3e4bf100f381e17e
2026-01-26 14:45:21,682 [DEBUG] STATUS 200
2026-01-26 14:45:21,682 [DEBUG] {
  "nodes": [
    {
      "dbPath": "/fimongo1/data",
      "hidden": false,
      "hostname": "mdb2",
      "id": "mdb2:37017",
      "lastAgentPing": "2026-01-26T20:44:20Z",
      "memberState": "SECONDARY",
      "mongodbVersion": "8.0.10",
      "opTime": "2026-01-26T20:44:48Z",
      "oplogPath": "/oplog",
      "oplogStoreType": "thirdPartyOplogStore",
      "port": 37017,
      "priority": 1.0,
      "rsId": "sgcShard_1",
      "snapshotable": true,
      "votes": 1
    },
    {
      "dbPath": "/fimongo1/data",
      "hidden": false,
      "hostname": "mdb8",
      "id": "mdb8:37017",
      "lastAgentPing": "2026-01-26T20:44:27Z",
      "memberState": "SECONDARY",
      "mongodbVersion": "8.0.10",
      "opTime": "2026-01-26T20:44:44Z",
      "oplogPath": "/oplog",
      "oplogStoreType": "thirdPartyOplogStore",
      "port": 37017,
      "priority": 1.0,
      "rsId": "sgcShard_0",
      "snapshotable": true,
      "votes": 1
    },
    {
      "dbPath": "/fimongo1/data",
      "hidden": false,
      "hostname": "mdb-config2",
      "id": "mdb-config2:37017",
      "lastAgentPing": "2026-01-26T20:44:39Z",
      "memberState": "SECONDARY",
      "mongodbVersion": "8.0.10",
      "opTime": "2026-01-26T20:44:54Z",
      "oplogPath": "/oplog",
      "oplogStoreType": "thirdPartyOplogStore",
      "port": 37017,
      "priority": 1.0,
      "rsId": "configRS",
      "snapshotable": true,
      "votes": 1
    }
  ],
  "state": "PENDING"
}
2026-01-26 14:45:21,682 [INFO] Snapshot state: PENDING
2026-01-26 14:45:31,682 [DEBUG] API GET http://sb1.cpolab.ibm.com:8080/api/public/v1.0/backup/third_party/group/67eed68e0ba1970a07e16b77/clusters/695154083e4bf100f30af512/snapshot/6977d13a3e4bf100f381e17e
2026-01-26 14:45:31,877 [DEBUG] STATUS 200
2026-01-26 14:45:31,877 [DEBUG] {
  "nodes": [
    {
      "dbPath": "/fimongo1/data",
      "hidden": false,
      "hostname": "mdb2",
      "id": "mdb2:37017",
      "lastAgentPing": "2026-01-26T20:45:22Z",
      "memberState": "SECONDARY",
      "mongodbVersion": "8.0.10",
      "opTime": "2026-01-26T20:44:48Z",
      "oplogPath": "/oplog",
      "oplogStoreType": "thirdPartyOplogStore",
      "port": 37017,
      "priority": 1.0,
      "rsId": "sgcShard_1",
      "snapshotable": true,
      "votes": 1
    },
    {
      "dbPath": "/fimongo1/data",
      "hidden": false,
      "hostname": "mdb8",
      "id": "mdb8:37017",
      "lastAgentPing": "2026-01-26T20:45:29Z",
      "memberState": "SECONDARY",
      "mongodbVersion": "8.0.10",
      "opTime": "2026-01-26T20:44:44Z",
      "oplogPath": "/oplog",
      "oplogStoreType": "thirdPartyOplogStore",
      "port": 37017,
      "priority": 1.0,
      "rsId": "sgcShard_0",
      "snapshotable": true,
      "votes": 1
    },
    {
      "dbPath": "/fimongo1/data",
      "hidden": false,
      "hostname": "mdb-config2",
      "id": "mdb-config2:37017",
      "lastAgentPing": "2026-01-26T20:44:39Z",
      "memberState": "SECONDARY",
      "mongodbVersion": "8.0.10",
      "opTime": "2026-01-26T20:44:54Z",
      "oplogPath": "/oplog",
      "oplogStoreType": "thirdPartyOplogStore",
      "port": 37017,
      "priority": 1.0,
      "rsId": "configRS",
      "snapshotable": true,
      "votes": 1
    }
  ],
  "state": "READY"
}
2026-01-26 14:45:31,877 [INFO] Snapshot state: READY
2026-01-26 14:45:31,877 [INFO] Waiting for fileList on mdb8:37017
2026-01-26 14:45:31,877 [DEBUG] API GET http://sb1.cpolab.ibm.com:8080/api/public/v1.0/backup/third_party/group/67eed68e0ba1970a07e16b77/clusters/695154083e4bf100f30af512/snapshot/6977d13a3e4bf100f381e17e/mdb8:37017/fileList
2026-01-26 14:45:32,000 [DEBUG] STATUS 200
2026-01-26 14:45:32,000 [DEBUG] {
  "fileList": [
    {
      "fileName": "/fimongo1/data/journal/WiredTigerLog.0000000052",
      "fileSize": 104857600
    },
    {
      "fileName": "/fimongo1/data/WiredTigerHS.wt",
      "fileSize": 45056
    },
    {
      "fileName": "/fimongo1/data/_mdb_catalog.wt",
      "fileSize": 32768
    },
    {
      "fileName": "/fimongo1/data/collection-0-15553579168353449655.wt",
      "fileSize": 36864
    },
    {
      "fileName": "/fimongo1/data/collection-0-5101412596364520171.wt",
      "fileSize": 40960
    },
    {
      "fileName": "/fimongo1/data/collection-1-15553579168353449655.wt",
      "fileSize": 36864
    },
    {
      "fileName": "/fimongo1/data/collection-10-5101412596364520171.wt",
      "fileSize": 32768
    },
    {
      "fileName": "/fimongo1/data/collection-12-5101412596364520171.wt",
      "fileSize": 36864
    },
    {
      "fileName": "/fimongo1/data/collection-14-5101412596364520171.wt",
      "fileSize": 36864
    },
    {
      "fileName": "/fimongo1/data/collection-18-5101412596364520171.wt",
      "fileSize": 336035840
    },
    {
      "fileName": "/fimongo1/data/collection-19-5101412596364520171.wt",
      "fileSize": 36864
    },
    {
      "fileName": "/fimongo1/data/collection-2-5101412596364520171.wt",
      "fileSize": 36864
    },
    {
      "fileName": "/fimongo1/data/collection-21-5101412596364520171.wt",
      "fileSize": 32768
    },
    {
      "fileName": "/fimongo1/data/collection-23-5101412596364520171.wt",
      "fileSize": 12288
    },
    {
      "fileName": "/fimongo1/data/collection-26-5101412596364520171.wt",
      "fileSize": 4096
    },
    {
      "fileName": "/fimongo1/data/collection-28-5101412596364520171.wt",
      "fileSize": 4096
    },
    {
      "fileName": "/fimongo1/data/collection-31-5101412596364520171.wt",
      "fileSize": 4096
    },
    {
      "fileName": "/fimongo1/data/collection-33-5101412596364520171.wt",
      "fileSize": 4096
    },
    {
      "fileName": "/fimongo1/data/collection-34-5101412596364520171.wt",
      "fileSize": 4096
    },
    {
      "fileName": "/fimongo1/data/collection-37-5101412596364520171.wt",
      "fileSize": 4096
    },
    {
      "fileName": "/fimongo1/data/collection-4-15553579168353449655.wt",
      "fileSize": 36864
    },
    {
      "fileName": "/fimongo1/data/collection-4-5101412596364520171.wt",
      "fileSize": 32768
    },
    {
      "fileName": "/fimongo1/data/collection-40-5101412596364520171.wt",
      "fileSize": 4096
    },
    {
      "fileName": "/fimongo1/data/collection-43-5101412596364520171.wt",
      "fileSize": 36864
    },
    {
      "fileName": "/fimongo1/data/collection-46-5101412596364520171.wt",
      "fileSize": 36864
    },
    {
      "fileName": "/fimongo1/data/collection-49-5101412596364520171.wt",
      "fileSize": 32768
    },
    {
      "fileName": "/fimongo1/data/collection-53-5101412596364520171.wt",
      "fileSize": 12288
    },
    {
      "fileName": "/fimongo1/data/collection-55-5101412596364520171.wt",
      "fileSize": 12288
    },
    {
      "fileName": "/fimongo1/data/collection-57-5101412596364520171.wt",
      "fileSize": 344694784
    },
    {
      "fileName": "/fimongo1/data/collection-6-5101412596364520171.wt",
      "fileSize": 36864
    },
    {
      "fileName": "/fimongo1/data/collection-60-5101412596364520171.wt",
      "fileSize": 32768
    },
    {
      "fileName": "/fimongo1/data/collection-67-5101412596364520171.wt",
      "fileSize": 45056
    },
    {
      "fileName": "/fimongo1/data/collection-7-15553579168353449655.wt",
      "fileSize": 36864
    },
    {
      "fileName": "/fimongo1/data/collection-8-5101412596364520171.wt",
      "fileSize": 36864
    },
    {
      "fileName": "/fimongo1/data/index-1-5101412596364520171.wt",
      "fileSize": 36864
    },
    {
      "fileName": "/fimongo1/data/index-11-5101412596364520171.wt",
      "fileSize": 20480
    },
    {
      "fileName": "/fimongo1/data/index-13-5101412596364520171.wt",
      "fileSize": 20480
    },
    {
      "fileName": "/fimongo1/data/index-15-5101412596364520171.wt",
      "fileSize": 36864
    },
    {
      "fileName": "/fimongo1/data/index-2-15553579168353449655.wt",
      "fileSize": 36864
    },
    {
      "fileName": "/fimongo1/data/index-20-5101412596364520171.wt",
      "fileSize": 32768
    },
    {
      "fileName": "/fimongo1/data/index-22-5101412596364520171.wt",
      "fileSize": 32768
    },
    {
      "fileName": "/fimongo1/data/index-24-5101412596364520171.wt",
      "fileSize": 20480
    },
    {
      "fileName": "/fimongo1/data/index-25-5101412596364520171.wt",
      "fileSize": 4096
    },
    {
      "fileName": "/fimongo1/data/index-27-5101412596364520171.wt",
      "fileSize": 4096
    },
    {
      "fileName": "/fimongo1/data/index-29-5101412596364520171.wt",
      "fileSize": 4096
    },
    {
      "fileName": "/fimongo1/data/index-3-15553579168353449655.wt",
      "fileSize": 36864
    },
    {
      "fileName": "/fimongo1/data/index-3-5101412596364520171.wt",
      "fileSize": 32768
    },
    {
      "fileName": "/fimongo1/data/index-30-5101412596364520171.wt",
      "fileSize": 4096
    },
    {
      "fileName": "/fimongo1/data/index-32-5101412596364520171.wt",
      "fileSize": 4096
    },
    {
      "fileName": "/fimongo1/data/index-35-5101412596364520171.wt",
      "fileSize": 4096
    },
    {
      "fileName": "/fimongo1/data/index-36-5101412596364520171.wt",
      "fileSize": 4096
    },
    {
      "fileName": "/fimongo1/data/index-38-5101412596364520171.wt",
      "fileSize": 4096
    },
    {
      "fileName": "/fimongo1/data/index-39-5101412596364520171.wt",
      "fileSize": 4096
    },
    {
      "fileName": "/fimongo1/data/index-41-5101412596364520171.wt",
      "fileSize": 4096
    },
    {
      "fileName": "/fimongo1/data/index-42-5101412596364520171.wt",
      "fileSize": 4096
    },
    {
      "fileName": "/fimongo1/data/index-44-5101412596364520171.wt",
      "fileSize": 36864
    },
    {
      "fileName": "/fimongo1/data/index-45-5101412596364520171.wt",
      "fileSize": 36864
    },
    {
      "fileName": "/fimongo1/data/index-47-5101412596364520171.wt",
      "fileSize": 36864
    },
    {
      "fileName": "/fimongo1/data/index-48-5101412596364520171.wt",
      "fileSize": 36864
    },
    {
      "fileName": "/fimongo1/data/index-5-15553579168353449655.wt",
      "fileSize": 36864
    },
    {
      "fileName": "/fimongo1/data/index-5-5101412596364520171.wt",
      "fileSize": 36864
    },
    {
      "fileName": "/fimongo1/data/index-50-5101412596364520171.wt",
      "fileSize": 36864
    },
    {
      "fileName": "/fimongo1/data/index-54-5101412596364520171.wt",
      "fileSize": 24576
    },
    {
      "fileName": "/fimongo1/data/index-56-5101412596364520171.wt",
      "fileSize": 24576
    },
    {
      "fileName": "/fimongo1/data/index-58-5101412596364520171.wt",
      "fileSize": 5083136
    },
    {
      "fileName": "/fimongo1/data/index-59-5101412596364520171.wt",
      "fileSize": 2904064
    },
    {
      "fileName": "/fimongo1/data/index-6-15553579168353449655.wt",
      "fileSize": 36864
    },
    {
      "fileName": "/fimongo1/data/index-61-5101412596364520171.wt",
      "fileSize": 36864
    },
    {
      "fileName": "/fimongo1/data/index-68-5101412596364520171.wt",
      "fileSize": 53248
    },
    {
      "fileName": "/fimongo1/data/index-7-5101412596364520171.wt",
      "fileSize": 32768
    },
    {
      "fileName": "/fimongo1/data/index-72-5101412596364520171.wt",
      "fileSize": 45056
    },
    {
      "fileName": "/fimongo1/data/index-8-15553579168353449655.wt",
      "fileSize": 36864
    },
    {
      "fileName": "/fimongo1/data/index-9-15553579168353449655.wt",
      "fileSize": 36864
    },
    {
      "fileName": "/fimongo1/data/index-9-5101412596364520171.wt",
      "fileSize": 32768
    },
    {
      "fileName": "/fimongo1/data/sizeStorer.wt",
      "fileSize": 36864
    },
    {
      "fileName": "/fimongo1/data/WiredTiger.backup",
      "fileSize": 143115
    },
    {
      "fileName": "/fimongo1/data/WiredTiger",
      "fileSize": 50
    }
  ],
  "finishedToken": null,
  "nextToken": "ZDM0MjEwNmM1ZDQ2YTBiNDc2MjQ5ZTkwOTMyYWM1ZWRmOTYxYTcwMDBjMDAzZDQxYmZmMWU1YTkyYmY2MmZmZC00NTI1NmIxM2RkYWUyYzcwMjJkNTBhNzY5Y2QwODkxOS04NTQ3ZmMxMGJhMDM2MTA2NTBiZTUzNzJlMmVlNTgyYmJmNjAwYThiM2MzOTk1MmRmYjVlMGUzZjMyN2VlNjY5MGNhMTQwOWVkYjA4ODczNjZmNWNmZGI5ODAwYWE1OGE5OWE4YzQ3ZmI2MmFhM2RjN2M0MWZiZjdjZDFhOTI5Ni1lNzcyMjU4OTRlYjY4ZmExYmRhZDUzNTk4NzNlODFkNGZiZjk2MmVjMzA2MGVjNTM4YzI5YzAxNDhjN2NjZjAwMTg5NWU3ZGE3MzIyNjI1Y2RjNjQ3MzE5ZmFlZjk2ZWVmMDczYTU0YmU3Y2I3ZDUyOGEyODc1ZjI3OGFhZWI2OA=="
}
2026-01-26 14:45:32,000 [INFO] fileList ready on mdb8:37017
2026-01-26 14:45:32,001 [INFO] Waiting for fileList on mdb2:37017
2026-01-26 14:45:32,001 [DEBUG] API GET http://sb1.cpolab.ibm.com:8080/api/public/v1.0/backup/third_party/group/67eed68e0ba1970a07e16b77/clusters/695154083e4bf100f30af512/snapshot/6977d13a3e4bf100f381e17e/mdb2:37017/fileList
2026-01-26 14:45:32,118 [DEBUG] STATUS 200
2026-01-26 14:45:32,118 [DEBUG] {
  "fileList": [
    {
      "fileName": "/fimongo1/data/journal/WiredTigerLog.0000000026",
      "fileSize": 104857600
    },
    {
      "fileName": "/fimongo1/data/WiredTigerHS.wt",
      "fileSize": 12288
    },
    {
      "fileName": "/fimongo1/data/_mdb_catalog.wt",
      "fileSize": 36864
    },
    {
      "fileName": "/fimongo1/data/collection-0-17106086007713474665.wt",
      "fileSize": 45056
    },
    {
      "fileName": "/fimongo1/data/collection-0-5544484308896783483.wt",
      "fileSize": 36864
    },
    {
      "fileName": "/fimongo1/data/collection-10-17106086007713474665.wt",
      "fileSize": 20480
    },
    {
      "fileName": "/fimongo1/data/collection-12-17106086007713474665.wt",
      "fileSize": 36864
    },
    {
      "fileName": "/fimongo1/data/collection-14-17106086007713474665.wt",
      "fileSize": 36864
    },
    {
      "fileName": "/fimongo1/data/collection-18-17106086007713474665.wt",
      "fileSize": 289681408
    },
    {
      "fileName": "/fimongo1/data/collection-19-17106086007713474665.wt",
      "fileSize": 36864
    },
    {
      "fileName": "/fimongo1/data/collection-2-17106086007713474665.wt",
      "fileSize": 36864
    },
    {
      "fileName": "/fimongo1/data/collection-2-5544484308896783483.wt",
      "fileSize": 36864
    },
    {
      "fileName": "/fimongo1/data/collection-21-17106086007713474665.wt",
      "fileSize": 24576
    },
    {
      "fileName": "/fimongo1/data/collection-23-17106086007713474665.wt",
      "fileSize": 24576
    },
    {
      "fileName": "/fimongo1/data/collection-26-17106086007713474665.wt",
      "fileSize": 4096
    },
    {
      "fileName": "/fimongo1/data/collection-28-17106086007713474665.wt",
      "fileSize": 4096
    },
    {
      "fileName": "/fimongo1/data/collection-31-17106086007713474665.wt",
      "fileSize": 4096
    },
    {
      "fileName": "/fimongo1/data/collection-33-17106086007713474665.wt",
      "fileSize": 4096
    },
    {
      "fileName": "/fimongo1/data/collection-34-17106086007713474665.wt",
      "fileSize": 4096
    },
    {
      "fileName": "/fimongo1/data/collection-37-17106086007713474665.wt",
      "fileSize": 4096
    },
    {
      "fileName": "/fimongo1/data/collection-4-17106086007713474665.wt",
      "fileSize": 36864
    },
    {
      "fileName": "/fimongo1/data/collection-4-5544484308896783483.wt",
      "fileSize": 36864
    },
    {
      "fileName": "/fimongo1/data/collection-40-17106086007713474665.wt",
      "fileSize": 4096
    },
    {
      "fileName": "/fimongo1/data/collection-43-17106086007713474665.wt",
      "fileSize": 36864
    },
    {
      "fileName": "/fimongo1/data/collection-46-17106086007713474665.wt",
      "fileSize": 36864
    },
    {
      "fileName": "/fimongo1/data/collection-49-17106086007713474665.wt",
      "fileSize": 36864
    },
    {
      "fileName": "/fimongo1/data/collection-51-17106086007713474665.wt",
      "fileSize": 32768
    },
    {
      "fileName": "/fimongo1/data/collection-53-17106086007713474665.wt",
      "fileSize": 343339008
    },
    {
      "fileName": "/fimongo1/data/collection-6-17106086007713474665.wt",
      "fileSize": 36864
    },
    {
      "fileName": "/fimongo1/data/collection-7-5544484308896783483.wt",
      "fileSize": 36864
    },
    {
      "fileName": "/fimongo1/data/collection-8-17106086007713474665.wt",
      "fileSize": 20480
    },
    {
      "fileName": "/fimongo1/data/index-1-17106086007713474665.wt",
      "fileSize": 36864
    },
    {
      "fileName": "/fimongo1/data/index-1-5544484308896783483.wt",
      "fileSize": 36864
    },
    {
      "fileName": "/fimongo1/data/index-11-17106086007713474665.wt",
      "fileSize": 20480
    },
    {
      "fileName": "/fimongo1/data/index-13-17106086007713474665.wt",
      "fileSize": 20480
    },
    {
      "fileName": "/fimongo1/data/index-15-17106086007713474665.wt",
      "fileSize": 36864
    },
    {
      "fileName": "/fimongo1/data/index-20-17106086007713474665.wt",
      "fileSize": 36864
    },
    {
      "fileName": "/fimongo1/data/index-22-17106086007713474665.wt",
      "fileSize": 24576
    },
    {
      "fileName": "/fimongo1/data/index-24-17106086007713474665.wt",
      "fileSize": 24576
    },
    {
      "fileName": "/fimongo1/data/index-25-17106086007713474665.wt",
      "fileSize": 4096
    },
    {
      "fileName": "/fimongo1/data/index-27-17106086007713474665.wt",
      "fileSize": 4096
    },
    {
      "fileName": "/fimongo1/data/index-29-17106086007713474665.wt",
      "fileSize": 4096
    },
    {
      "fileName": "/fimongo1/data/index-3-17106086007713474665.wt",
      "fileSize": 36864
    },
    {
      "fileName": "/fimongo1/data/index-3-5544484308896783483.wt",
      "fileSize": 36864
    },
    {
      "fileName": "/fimongo1/data/index-30-17106086007713474665.wt",
      "fileSize": 4096
    },
    {
      "fileName": "/fimongo1/data/index-32-17106086007713474665.wt",
      "fileSize": 4096
    },
    {
      "fileName": "/fimongo1/data/index-35-17106086007713474665.wt",
      "fileSize": 4096
    },
    {
      "fileName": "/fimongo1/data/index-36-17106086007713474665.wt",
      "fileSize": 4096
    },
    {
      "fileName": "/fimongo1/data/index-38-17106086007713474665.wt",
      "fileSize": 4096
    },
    {
      "fileName": "/fimongo1/data/index-39-17106086007713474665.wt",
      "fileSize": 4096
    },
    {
      "fileName": "/fimongo1/data/index-41-17106086007713474665.wt",
      "fileSize": 4096
    },
    {
      "fileName": "/fimongo1/data/index-42-17106086007713474665.wt",
      "fileSize": 4096
    },
    {
      "fileName": "/fimongo1/data/index-44-17106086007713474665.wt",
      "fileSize": 36864
    },
    {
      "fileName": "/fimongo1/data/index-45-17106086007713474665.wt",
      "fileSize": 36864
    },
    {
      "fileName": "/fimongo1/data/index-47-17106086007713474665.wt",
      "fileSize": 36864
    },
    {
      "fileName": "/fimongo1/data/index-48-17106086007713474665.wt",
      "fileSize": 36864
    },
    {
      "fileName": "/fimongo1/data/index-5-17106086007713474665.wt",
      "fileSize": 36864
    },
    {
      "fileName": "/fimongo1/data/index-5-5544484308896783483.wt",
      "fileSize": 36864
    },
    {
      "fileName": "/fimongo1/data/index-50-17106086007713474665.wt",
      "fileSize": 36864
    },
    {
      "fileName": "/fimongo1/data/index-52-17106086007713474665.wt",
      "fileSize": 24576
    },
    {
      "fileName": "/fimongo1/data/index-54-17106086007713474665.wt",
      "fileSize": 5070848
    },
    {
      "fileName": "/fimongo1/data/index-55-17106086007713474665.wt",
      "fileSize": 2928640
    },
    {
      "fileName": "/fimongo1/data/index-6-5544484308896783483.wt",
      "fileSize": 36864
    },
    {
      "fileName": "/fimongo1/data/index-7-17106086007713474665.wt",
      "fileSize": 24576
    },
    {
      "fileName": "/fimongo1/data/index-8-5544484308896783483.wt",
      "fileSize": 36864
    },
    {
      "fileName": "/fimongo1/data/index-9-17106086007713474665.wt",
      "fileSize": 20480
    },
    {
      "fileName": "/fimongo1/data/index-9-5544484308896783483.wt",
      "fileSize": 36864
    },
    {
      "fileName": "/fimongo1/data/sizeStorer.wt",
      "fileSize": 36864
    },
    {
      "fileName": "/fimongo1/data/WiredTiger.backup",
      "fileSize": 128672
    },
    {
      "fileName": "/fimongo1/data/WiredTiger",
      "fileSize": 50
    }
  ],
  "finishedToken": null,
  "nextToken": "ZDM0MjEwNmM1ZDQ2YTBiNDc2MjQ5ZTkwOTMyYWM1ZWRmOTYxYTcwMDBjMDAzZDQxYmZmMWU1YTkyYmY2MmZmZC1hYzgwZThhZjA3MjcwMjIwYzg0ZDA4Nzk0NmZiNjkzYS01ZTllMTk0MWUxNDk3NzljYTg0NGIzZGRiMjJhNmIxZjk0OWViYzUwZTIwYWNkOTZjZTE3OThmZWNlMGNlZmQ5OTBlYmM3NGRkODYzM2U0NTEyOTgxZDBhOWE0MTNlOTYxNGZjMTgwYzk1YzY2YmYxNWE3ZTdiZGRlNGVjYTRjYS03YWMyYmZjMGU4MDk2YjNjNjM2NjUzZDI1OWY4NGU3N2VmOTUyZjE0YTc3ZTY5OGIyZDc5NWZhMzUzZWQ4MDE1OWQyNjE0MmRkNTMxM2I3NmZkMzI5Yjc0MTkzNTIwOWU1ZjZkYTE4ZDI5ZTgzNjg4MGI2MjEyMDgwN2JhMGRkMA=="
}
2026-01-26 14:45:32,118 [INFO] fileList ready on mdb2:37017
2026-01-26 14:45:32,118 [INFO] Waiting for fileList on mdb-config2:37017
2026-01-26 14:45:32,119 [DEBUG] API GET http://sb1.cpolab.ibm.com:8080/api/public/v1.0/backup/third_party/group/67eed68e0ba1970a07e16b77/clusters/695154083e4bf100f30af512/snapshot/6977d13a3e4bf100f381e17e/mdb-config2:37017/fileList
2026-01-26 14:45:32,237 [DEBUG] STATUS 200
2026-01-26 14:45:32,237 [DEBUG] {
  "fileList": [
    {
      "fileName": "/fimongo1/data/journal/WiredTigerLog.0000000054",
      "fileSize": 104857600
    },
    {
      "fileName": "/fimongo1/data/WiredTigerHS.wt",
      "fileSize": 40960
    },
    {
      "fileName": "/fimongo1/data/_mdb_catalog.wt",
      "fileSize": 45056
    },
    {
      "fileName": "/fimongo1/data/collection-0-12680986822791114740.wt",
      "fileSize": 36864
    },
    {
      "fileName": "/fimongo1/data/collection-0-13194770625540408556.wt",
      "fileSize": 45056
    },
    {
      "fileName": "/fimongo1/data/collection-0-1953386173271518288.wt",
      "fileSize": 12288
    },
    {
      "fileName": "/fimongo1/data/collection-0-8099911404417608084.wt",
      "fileSize": 12288
    },
    {
      "fileName": "/fimongo1/data/collection-10-13194770625540408556.wt",
      "fileSize": 20480
    },
    {
      "fileName": "/fimongo1/data/collection-12-13194770625540408556.wt",
      "fileSize": 36864
    },
    {
      "fileName": "/fimongo1/data/collection-14-13194770625540408556.wt",
      "fileSize": 36864
    },
    {
      "fileName": "/fimongo1/data/collection-18-13194770625540408556.wt",
      "fileSize": 55717888
    },
    {
      "fileName": "/fimongo1/data/collection-19-13194770625540408556.wt",
      "fileSize": 36864
    },
    {
      "fileName": "/fimongo1/data/collection-2-12680986822791114740.wt",
      "fileSize": 36864
    },
    {
      "fileName": "/fimongo1/data/collection-2-13194770625540408556.wt",
      "fileSize": 36864
    },
    {
      "fileName": "/fimongo1/data/collection-21-13194770625540408556.wt",
      "fileSize": 24576
    },
    {
      "fileName": "/fimongo1/data/collection-23-13194770625540408556.wt",
      "fileSize": 24576
    },
    {
      "fileName": "/fimongo1/data/collection-26-13194770625540408556.wt",
      "fileSize": 4096
    },
    {
      "fileName": "/fimongo1/data/collection-28-13194770625540408556.wt",
      "fileSize": 36864
    },
    {
      "fileName": "/fimongo1/data/collection-30-13194770625540408556.wt",
      "fileSize": 36864
    },
    {
      "fileName": "/fimongo1/data/collection-36-13194770625540408556.wt",
      "fileSize": 36864
    },
    {
      "fileName": "/fimongo1/data/collection-38-13194770625540408556.wt",
      "fileSize": 36864
    },
    {
      "fileName": "/fimongo1/data/collection-4-13194770625540408556.wt",
      "fileSize": 36864
    },
    {
      "fileName": "/fimongo1/data/collection-41-13194770625540408556.wt",
      "fileSize": 4096
    },
    {
      "fileName": "/fimongo1/data/collection-45-13194770625540408556.wt",
      "fileSize": 36864
    },
    {
      "fileName": "/fimongo1/data/collection-48-13194770625540408556.wt",
      "fileSize": 36864
    },
    {
      "fileName": "/fimongo1/data/collection-50-13194770625540408556.wt",
      "fileSize": 36864
    },
    {
      "fileName": "/fimongo1/data/collection-52-13194770625540408556.wt",
      "fileSize": 4096
    },
    {
      "fileName": "/fimongo1/data/collection-55-13194770625540408556.wt",
      "fileSize": 4096
    },
    {
      "fileName": "/fimongo1/data/collection-57-13194770625540408556.wt",
      "fileSize": 4096
    },
    {
      "fileName": "/fimongo1/data/collection-58-13194770625540408556.wt",
      "fileSize": 36864
    },
    {
      "fileName": "/fimongo1/data/collection-6-13194770625540408556.wt",
      "fileSize": 36864
    },
    {
      "fileName": "/fimongo1/data/collection-60-13194770625540408556.wt",
      "fileSize": 4096
    },
    {
      "fileName": "/fimongo1/data/collection-63-13194770625540408556.wt",
      "fileSize": 4096
    },
    {
      "fileName": "/fimongo1/data/collection-66-13194770625540408556.wt",
      "fileSize": 4096
    },
    {
      "fileName": "/fimongo1/data/collection-69-13194770625540408556.wt",
      "fileSize": 4096
    },
    {
      "fileName": "/fimongo1/data/collection-7-8099911404417608084.wt",
      "fileSize": 36864
    },
    {
      "fileName": "/fimongo1/data/collection-71-13194770625540408556.wt",
      "fileSize": 159744
    },
    {
      "fileName": "/fimongo1/data/collection-73-13194770625540408556.wt",
      "fileSize": 36864
    },
    {
      "fileName": "/fimongo1/data/collection-75-13194770625540408556.wt",
      "fileSize": 36864
    },
    {
      "fileName": "/fimongo1/data/collection-78-13194770625540408556.wt",
      "fileSize": 36864
    },
    {
      "fileName": "/fimongo1/data/collection-8-13194770625540408556.wt",
      "fileSize": 20480
    },
    {
      "fileName": "/fimongo1/data/collection-81-13194770625540408556.wt",
      "fileSize": 32768
    },
    {
      "fileName": "/fimongo1/data/collection-83-13194770625540408556.wt",
      "fileSize": 36864
    },
    {
      "fileName": "/fimongo1/data/index-1-12680986822791114740.wt",
      "fileSize": 36864
    },
    {
      "fileName": "/fimongo1/data/index-1-13194770625540408556.wt",
      "fileSize": 36864
    },
    {
      "fileName": "/fimongo1/data/index-1-1953386173271518288.wt",
      "fileSize": 24576
    },
    {
      "fileName": "/fimongo1/data/index-1-8099911404417608084.wt",
      "fileSize": 24576
    },
    {
      "fileName": "/fimongo1/data/index-11-13194770625540408556.wt",
      "fileSize": 20480
    },
    {
      "fileName": "/fimongo1/data/index-13-13194770625540408556.wt",
      "fileSize": 20480
    },
    {
      "fileName": "/fimongo1/data/index-15-13194770625540408556.wt",
      "fileSize": 36864
    },
    {
      "fileName": "/fimongo1/data/index-20-13194770625540408556.wt",
      "fileSize": 36864
    },
    {
      "fileName": "/fimongo1/data/index-22-13194770625540408556.wt",
      "fileSize": 24576
    },
    {
      "fileName": "/fimongo1/data/index-24-13194770625540408556.wt",
      "fileSize": 24576
    },
    {
      "fileName": "/fimongo1/data/index-25-13194770625540408556.wt",
      "fileSize": 32768
    },
    {
      "fileName": "/fimongo1/data/index-27-13194770625540408556.wt",
      "fileSize": 4096
    },
    {
      "fileName": "/fimongo1/data/index-29-13194770625540408556.wt",
      "fileSize": 36864
    },
    {
      "fileName": "/fimongo1/data/index-3-12680986822791114740.wt",
      "fileSize": 36864
    },
    {
      "fileName": "/fimongo1/data/index-3-13194770625540408556.wt",
      "fileSize": 36864
    },
    {
      "fileName": "/fimongo1/data/index-31-13194770625540408556.wt",
      "fileSize": 36864
    },
    {
      "fileName": "/fimongo1/data/index-32-13194770625540408556.wt",
      "fileSize": 36864
    },
    {
      "fileName": "/fimongo1/data/index-33-13194770625540408556.wt",
      "fileSize": 36864
    },
    {
      "fileName": "/fimongo1/data/index-34-13194770625540408556.wt",
      "fileSize": 36864
    },
    {
      "fileName": "/fimongo1/data/index-35-13194770625540408556.wt",
      "fileSize": 36864
    },
    {
      "fileName": "/fimongo1/data/index-37-13194770625540408556.wt",
      "fileSize": 36864
    },
    {
      "fileName": "/fimongo1/data/index-39-13194770625540408556.wt",
      "fileSize": 36864
    },
    {
      "fileName": "/fimongo1/data/index-4-12680986822791114740.wt",
      "fileSize": 36864
    },
    {
      "fileName": "/fimongo1/data/index-40-13194770625540408556.wt",
      "fileSize": 36864
    },
    {
      "fileName": "/fimongo1/data/index-42-13194770625540408556.wt",
      "fileSize": 4096
    },
    {
      "fileName": "/fimongo1/data/index-43-13194770625540408556.wt",
      "fileSize": 4096
    },
    {
      "fileName": "/fimongo1/data/index-44-13194770625540408556.wt",
      "fileSize": 4096
    },
    {
      "fileName": "/fimongo1/data/index-46-13194770625540408556.wt",
      "fileSize": 36864
    },
    {
      "fileName": "/fimongo1/data/index-47-13194770625540408556.wt",
      "fileSize": 36864
    },
    {
      "fileName": "/fimongo1/data/index-49-13194770625540408556.wt",
      "fileSize": 36864
    },
    {
      "fileName": "/fimongo1/data/index-5-13194770625540408556.wt",
      "fileSize": 36864
    },
    {
      "fileName": "/fimongo1/data/index-51-13194770625540408556.wt",
      "fileSize": 36864
    },
    {
      "fileName": "/fimongo1/data/index-53-13194770625540408556.wt",
      "fileSize": 4096
    },
    {
      "fileName": "/fimongo1/data/index-54-13194770625540408556.wt",
      "fileSize": 4096
    },
    {
      "fileName": "/fimongo1/data/index-56-13194770625540408556.wt",
      "fileSize": 4096
    },
    {
      "fileName": "/fimongo1/data/index-59-13194770625540408556.wt",
      "fileSize": 36864
    },
    {
      "fileName": "/fimongo1/data/index-61-13194770625540408556.wt",
      "fileSize": 4096
    },
    {
      "fileName": "/fimongo1/data/index-62-13194770625540408556.wt",
      "fileSize": 4096
    },
    {
      "fileName": "/fimongo1/data/index-64-13194770625540408556.wt",
      "fileSize": 4096
    },
    {
      "fileName": "/fimongo1/data/index-65-13194770625540408556.wt",
      "fileSize": 4096
    },
    {
      "fileName": "/fimongo1/data/index-67-13194770625540408556.wt",
      "fileSize": 4096
    },
    {
      "fileName": "/fimongo1/data/index-68-13194770625540408556.wt",
      "fileSize": 4096
    },
    {
      "fileName": "/fimongo1/data/index-7-13194770625540408556.wt",
      "fileSize": 24576
    },
    {
      "fileName": "/fimongo1/data/index-70-13194770625540408556.wt",
      "fileSize": 4096
    },
    {
      "fileName": "/fimongo1/data/index-72-13194770625540408556.wt",
      "fileSize": 208896
    },
    {
      "fileName": "/fimongo1/data/index-74-13194770625540408556.wt",
      "fileSize": 36864
    },
    {
      "fileName": "/fimongo1/data/index-76-13194770625540408556.wt",
      "fileSize": 36864
    },
    {
      "fileName": "/fimongo1/data/index-77-13194770625540408556.wt",
      "fileSize": 36864
    },
    {
      "fileName": "/fimongo1/data/index-79-13194770625540408556.wt",
      "fileSize": 36864
    },
    {
      "fileName": "/fimongo1/data/index-8-8099911404417608084.wt",
      "fileSize": 36864
    },
    {
      "fileName": "/fimongo1/data/index-80-13194770625540408556.wt",
      "fileSize": 36864
    },
    {
      "fileName": "/fimongo1/data/index-82-13194770625540408556.wt",
      "fileSize": 32768
    },
    {
      "fileName": "/fimongo1/data/index-84-13194770625540408556.wt",
      "fileSize": 36864
    },
    {
      "fileName": "/fimongo1/data/index-9-13194770625540408556.wt",
      "fileSize": 20480
    },
    {
      "fileName": "/fimongo1/data/sizeStorer.wt",
      "fileSize": 36864
    },
    {
      "fileName": "/fimongo1/data/WiredTiger.backup",
      "fileSize": 187710
    },
    {
      "fileName": "/fimongo1/data/WiredTiger",
      "fileSize": 50
    }
  ],
  "finishedToken": null,
  "nextToken": "ZDM0MjEwNmM1ZDQ2YTBiNDc2MjQ5ZTkwOTMyYWM1ZWRmOTYxYTcwMDBjMDAzZDQxYmZmMWU1YTkyYmY2MmZmZC1jNGRkYzY5MGUyYWY5YjM1NzcyYzgwMzcyMWRlZWI5ZC05MGEyNDdkZGU1MGVkMjEzMzg1ZTE0NjA4NjEwMDFkN2ViODU3MzE2NjRjMTc0ZDAzNTg5ZjliYzhiNjBmNjc1MTBkZGJlNDQ0N2ZlZGE3MTFlYzg5YzdiNmY1YWZkODU3NzJlMWNiMTQxN2RiODFmMzJhMzE0N2QwZDFhMTY5Yy1hODk5ZmJmMGU1MGQ2OTVkOWVlYjFlMmIxNDJkMDQ5NTY5MDJmN2U2ZmY4NGU5ZmJmMWVlNGNiNzFmMmFlYjYzMGFkMGYzMmNhNDU3YTgxYzEzMTJiMDdhY2YxYjc3YjI4ODlkOTNiZDQzMGQ3Y2ZjMTZiOWY5ZTdjMDc0ZTBmZA=="
}
2026-01-26 14:45:32,237 [INFO] fileList ready on mdb-config2:37017
2026-01-26 14:45:32,237 [INFO] === TAKEING IBM FLASHSYSTEM SNAPSHOT NOW ===
2026-01-26 14:45:42,843 [INFO] FlashSystem snapshot completed successfully
2026-01-26 14:45:42,843 [DEBUG] API POST http://sb1.cpolab.ibm.com:8080/api/public/v1.0/backup/third_party/group/67eed68e0ba1970a07e16b77/clusters/695154083e4bf100f30af512/snapshot/6977d13a3e4bf100f381e17e/finish
2026-01-26 14:45:42,974 [DEBUG] STATUS 200
2026-01-26 14:45:42,974 [DEBUG] {
  "errorCode": "NONE",
  "version": "1",
  "status": "OK"
}
2026-01-26 14:45:42,974 [DEBUG] API GET http://sb1.cpolab.ibm.com:8080/api/public/v1.0/backup/third_party/group/67eed68e0ba1970a07e16b77/clusters/695154083e4bf100f30af512/snapshot/6977d13a3e4bf100f381e17e
2026-01-26 14:45:43,103 [DEBUG] STATUS 200
2026-01-26 14:45:43,103 [DEBUG] {
  "nodes": [
    {
      "dbPath": "/fimongo1/data",
      "hidden": false,
      "hostname": "mdb2",
      "id": "mdb2:37017",
      "lastAgentPing": "2026-01-26T20:45:22Z",
      "memberState": "SECONDARY",
      "mongodbVersion": "8.0.10",
      "opTime": "2026-01-26T20:44:48Z",
      "oplogPath": "/oplog",
      "oplogStoreType": "thirdPartyOplogStore",
      "port": 37017,
      "priority": 1.0,
      "rsId": "sgcShard_1",
      "snapshotable": true,
      "votes": 1
    },
    {
      "dbPath": "/fimongo1/data",
      "hidden": false,
      "hostname": "mdb8",
      "id": "mdb8:37017",
      "lastAgentPing": "2026-01-26T20:45:29Z",
      "memberState": "SECONDARY",
      "mongodbVersion": "8.0.10",
      "opTime": "2026-01-26T20:44:44Z",
      "oplogPath": "/oplog",
      "oplogStoreType": "thirdPartyOplogStore",
      "port": 37017,
      "priority": 1.0,
      "rsId": "sgcShard_0",
      "snapshotable": true,
      "votes": 1
    },
    {
      "dbPath": "/fimongo1/data",
      "hidden": false,
      "hostname": "mdb-config2",
      "id": "mdb-config2:37017",
      "lastAgentPing": "2026-01-26T20:45:39Z",
      "memberState": "SECONDARY",
      "mongodbVersion": "8.0.10",
      "opTime": "2026-01-26T20:44:54Z",
      "oplogPath": "/oplog",
      "oplogStoreType": "thirdPartyOplogStore",
      "port": 37017,
      "priority": 1.0,
      "rsId": "configRS",
      "snapshotable": true,
      "votes": 1
    }
  ],
  "state": "FINISHING"
}
2026-01-26 14:45:43,103 [INFO] Snapshot state: FINISHING
2026-01-26 14:45:53,104 [DEBUG] API GET http://sb1.cpolab.ibm.com:8080/api/public/v1.0/backup/third_party/group/67eed68e0ba1970a07e16b77/clusters/695154083e4bf100f30af512/snapshot/6977d13a3e4bf100f381e17e
2026-01-26 14:45:53,243 [DEBUG] STATUS 200
2026-01-26 14:45:53,244 [DEBUG] {
  "nodes": [
    {
      "dbPath": "/fimongo1/data",
      "hidden": false,
      "hostname": "mdb2",
      "id": "mdb2:37017",
      "lastAgentPing": "2026-01-26T20:45:22Z",
      "memberState": "SECONDARY",
      "mongodbVersion": "8.0.10",
      "opTime": "2026-01-26T20:44:48Z",
      "oplogPath": "/oplog",
      "oplogStoreType": "thirdPartyOplogStore",
      "port": 37017,
      "priority": 1.0,
      "rsId": "sgcShard_1",
      "snapshotable": true,
      "votes": 1
    },
    {
      "dbPath": "/fimongo1/data",
      "hidden": false,
      "hostname": "mdb8",
      "id": "mdb8:37017",
      "lastAgentPing": "2026-01-26T20:45:29Z",
      "memberState": "SECONDARY",
      "mongodbVersion": "8.0.10",
      "opTime": "2026-01-26T20:44:44Z",
      "oplogPath": "/oplog",
      "oplogStoreType": "thirdPartyOplogStore",
      "port": 37017,
      "priority": 1.0,
      "rsId": "sgcShard_0",
      "snapshotable": true,
      "votes": 1
    },
    {
      "dbPath": "/fimongo1/data",
      "hidden": false,
      "hostname": "mdb-config2",
      "id": "mdb-config2:37017",
      "lastAgentPing": "2026-01-26T20:45:39Z",
      "memberState": "SECONDARY",
      "mongodbVersion": "8.0.10",
      "opTime": "2026-01-26T20:44:54Z",
      "oplogPath": "/oplog",
      "oplogStoreType": "thirdPartyOplogStore",
      "port": 37017,
      "priority": 1.0,
      "rsId": "configRS",
      "snapshotable": true,
      "votes": 1
    }
  ],
  "state": "FINISHING"
}
2026-01-26 14:45:53,244 [INFO] Snapshot state: FINISHING
2026-01-26 14:46:03,244 [DEBUG] API GET http://sb1.cpolab.ibm.com:8080/api/public/v1.0/backup/third_party/group/67eed68e0ba1970a07e16b77/clusters/695154083e4bf100f30af512/snapshot/6977d13a3e4bf100f381e17e
2026-01-26 14:46:03,386 [DEBUG] STATUS 200
2026-01-26 14:46:03,386 [DEBUG] {
  "nodes": [
    {
      "dbPath": "/fimongo1/data",
      "hidden": false,
      "hostname": "mdb2",
      "id": "mdb2:37017",
      "lastAgentPing": "2026-01-26T20:45:22Z",
      "memberState": "SECONDARY",
      "mongodbVersion": "8.0.10",
      "opTime": "2026-01-26T20:44:48Z",
      "oplogPath": "/oplog",
      "oplogStoreType": "thirdPartyOplogStore",
      "port": 37017,
      "priority": 1.0,
      "rsId": "sgcShard_1",
      "snapshotable": true,
      "votes": 1
    },
    {
      "dbPath": "/fimongo1/data",
      "hidden": false,
      "hostname": "mdb8",
      "id": "mdb8:37017",
      "lastAgentPing": "2026-01-26T20:45:29Z",
      "memberState": "SECONDARY",
      "mongodbVersion": "8.0.10",
      "opTime": "2026-01-26T20:44:44Z",
      "oplogPath": "/oplog",
      "oplogStoreType": "thirdPartyOplogStore",
      "port": 37017,
      "priority": 1.0,
      "rsId": "sgcShard_0",
      "snapshotable": true,
      "votes": 1
    },
    {
      "dbPath": "/fimongo1/data",
      "hidden": false,
      "hostname": "mdb-config2",
      "id": "mdb-config2:37017",
      "lastAgentPing": "2026-01-26T20:45:39Z",
      "memberState": "SECONDARY",
      "mongodbVersion": "8.0.10",
      "opTime": "2026-01-26T20:44:54Z",
      "oplogPath": "/oplog",
      "oplogStoreType": "thirdPartyOplogStore",
      "port": 37017,
      "priority": 1.0,
      "rsId": "configRS",
      "snapshotable": true,
      "votes": 1
    }
  ],
  "state": "FINISHING"
}
2026-01-26 14:46:03,386 [INFO] Snapshot state: FINISHING
2026-01-26 14:46:13,387 [DEBUG] API GET http://sb1.cpolab.ibm.com:8080/api/public/v1.0/backup/third_party/group/67eed68e0ba1970a07e16b77/clusters/695154083e4bf100f30af512/snapshot/6977d13a3e4bf100f381e17e
2026-01-26 14:46:13,528 [DEBUG] STATUS 200
2026-01-26 14:46:13,528 [DEBUG] {
  "nodes": [
    {
      "dbPath": "/fimongo1/data",
      "hidden": false,
      "hostname": "mdb2",
      "id": "mdb2:37017",
      "lastAgentPing": "2026-01-26T20:45:22Z",
      "memberState": "SECONDARY",
      "mongodbVersion": "8.0.10",
      "opTime": "2026-01-26T20:44:48Z",
      "oplogPath": "/oplog",
      "oplogStoreType": "thirdPartyOplogStore",
      "port": 37017,
      "priority": 1.0,
      "rsId": "sgcShard_1",
      "snapshotable": true,
      "votes": 1
    },
    {
      "dbPath": "/fimongo1/data",
      "hidden": false,
      "hostname": "mdb8",
      "id": "mdb8:37017",
      "lastAgentPing": "2026-01-26T20:45:29Z",
      "memberState": "SECONDARY",
      "mongodbVersion": "8.0.10",
      "opTime": "2026-01-26T20:44:44Z",
      "oplogPath": "/oplog",
      "oplogStoreType": "thirdPartyOplogStore",
      "port": 37017,
      "priority": 1.0,
      "rsId": "sgcShard_0",
      "snapshotable": true,
      "votes": 1
    },
    {
      "dbPath": "/fimongo1/data",
      "hidden": false,
      "hostname": "mdb-config2",
      "id": "mdb-config2:37017",
      "lastAgentPing": "2026-01-26T20:45:39Z",
      "memberState": "SECONDARY",
      "mongodbVersion": "8.0.10",
      "opTime": "2026-01-26T20:44:54Z",
      "oplogPath": "/oplog",
      "oplogStoreType": "thirdPartyOplogStore",
      "port": 37017,
      "priority": 1.0,
      "rsId": "configRS",
      "snapshotable": true,
      "votes": 1
    }
  ],
  "state": "FINISHING"
}
2026-01-26 14:46:13,528 [INFO] Snapshot state: FINISHING
2026-01-26 14:46:23,529 [DEBUG] API GET http://sb1.cpolab.ibm.com:8080/api/public/v1.0/backup/third_party/group/67eed68e0ba1970a07e16b77/clusters/695154083e4bf100f30af512/snapshot/6977d13a3e4bf100f381e17e
2026-01-26 14:46:23,668 [DEBUG] STATUS 200
2026-01-26 14:46:23,669 [DEBUG] {
  "nodes": [
    {
      "dbPath": "/fimongo1/data",
      "hidden": false,
      "hostname": "mdb2",
      "id": "mdb2:37017",
      "lastAgentPing": "2026-01-26T20:46:22Z",
      "memberState": "SECONDARY",
      "mongodbVersion": "8.0.10",
      "opTime": "2026-01-26T20:44:48Z",
      "oplogPath": "/oplog",
      "oplogStoreType": "thirdPartyOplogStore",
      "port": 37017,
      "priority": 1.0,
      "rsId": "sgcShard_1",
      "snapshotable": true,
      "votes": 1
    },
    {
      "dbPath": "/fimongo1/data",
      "hidden": false,
      "hostname": "mdb8",
      "id": "mdb8:37017",
      "lastAgentPing": "2026-01-26T20:45:29Z",
      "memberState": "SECONDARY",
      "mongodbVersion": "8.0.10",
      "opTime": "2026-01-26T20:44:44Z",
      "oplogPath": "/oplog",
      "oplogStoreType": "thirdPartyOplogStore",
      "port": 37017,
      "priority": 1.0,
      "rsId": "sgcShard_0",
      "snapshotable": true,
      "votes": 1
    },
    {
      "dbPath": "/fimongo1/data",
      "hidden": false,
      "hostname": "mdb-config2",
      "id": "mdb-config2:37017",
      "lastAgentPing": "2026-01-26T20:45:39Z",
      "memberState": "SECONDARY",
      "mongodbVersion": "8.0.10",
      "opTime": "2026-01-26T20:44:54Z",
      "oplogPath": "/oplog",
      "oplogStoreType": "thirdPartyOplogStore",
      "port": 37017,
      "priority": 1.0,
      "rsId": "configRS",
      "snapshotable": true,
      "votes": 1
    }
  ],
  "state": "FINISHING"
}
2026-01-26 14:46:23,669 [INFO] Snapshot state: FINISHING
2026-01-26 14:46:33,670 [DEBUG] API GET http://sb1.cpolab.ibm.com:8080/api/public/v1.0/backup/third_party/group/67eed68e0ba1970a07e16b77/clusters/695154083e4bf100f30af512/snapshot/6977d13a3e4bf100f381e17e
2026-01-26 14:46:33,867 [DEBUG] STATUS 200
2026-01-26 14:46:33,867 [DEBUG] {
  "nodes": [
    {
      "dbPath": "/fimongo1/data",
      "hidden": false,
      "hostname": "mdb2",
      "id": "mdb2:37017",
      "lastAgentPing": "2026-01-26T20:46:22Z",
      "memberState": "SECONDARY",
      "mongodbVersion": "8.0.10",
      "opTime": "2026-01-26T20:44:48Z",
      "oplogPath": "/oplog",
      "oplogStoreType": "thirdPartyOplogStore",
      "port": 37017,
      "priority": 1.0,
      "rsId": "sgcShard_1",
      "snapshotable": true,
      "votes": 1
    },
    {
      "dbPath": "/fimongo1/data",
      "hidden": false,
      "hostname": "mdb8",
      "id": "mdb8:37017",
      "lastAgentPing": "2026-01-26T20:46:27Z",
      "memberState": "SECONDARY",
      "mongodbVersion": "8.0.10",
      "opTime": "2026-01-26T20:44:44Z",
      "oplogPath": "/oplog",
      "oplogStoreType": "thirdPartyOplogStore",
      "port": 37017,
      "priority": 1.0,
      "rsId": "sgcShard_0",
      "snapshotable": true,
      "votes": 1
    },
    {
      "dbPath": "/fimongo1/data",
      "hidden": false,
      "hostname": "mdb-config2",
      "id": "mdb-config2:37017",
      "lastAgentPing": "2026-01-26T20:45:39Z",
      "memberState": "SECONDARY",
      "mongodbVersion": "8.0.10",
      "opTime": "2026-01-26T20:44:54Z",
      "oplogPath": "/oplog",
      "oplogStoreType": "thirdPartyOplogStore",
      "port": 37017,
      "priority": 1.0,
      "rsId": "configRS",
      "snapshotable": true,
      "votes": 1
    }
  ],
  "state": "FINISHING"
}
2026-01-26 14:46:33,867 [INFO] Snapshot state: FINISHING
2026-01-26 14:46:43,868 [DEBUG] API GET http://sb1.cpolab.ibm.com:8080/api/public/v1.0/backup/third_party/group/67eed68e0ba1970a07e16b77/clusters/695154083e4bf100f30af512/snapshot/6977d13a3e4bf100f381e17e
2026-01-26 14:46:44,015 [DEBUG] STATUS 200
2026-01-26 14:46:44,015 [DEBUG] {
  "nodes": [
    {
      "dbPath": "/fimongo1/data",
      "hidden": false,
      "hostname": "mdb2",
      "id": "mdb2:37017",
      "lastAgentPing": "2026-01-26T20:46:22Z",
      "memberState": "SECONDARY",
      "mongodbVersion": "8.0.10",
      "opTime": "2026-01-26T20:44:48Z",
      "oplogPath": "/oplog",
      "oplogStoreType": "thirdPartyOplogStore",
      "port": 37017,
      "priority": 1.0,
      "rsId": "sgcShard_1",
      "snapshotable": true,
      "votes": 1
    },
    {
      "dbPath": "/fimongo1/data",
      "hidden": false,
      "hostname": "mdb8",
      "id": "mdb8:37017",
      "lastAgentPing": "2026-01-26T20:46:27Z",
      "memberState": "SECONDARY",
      "mongodbVersion": "8.0.10",
      "opTime": "2026-01-26T20:44:44Z",
      "oplogPath": "/oplog",
      "oplogStoreType": "thirdPartyOplogStore",
      "port": 37017,
      "priority": 1.0,
      "rsId": "sgcShard_0",
      "snapshotable": true,
      "votes": 1
    },
    {
      "dbPath": "/fimongo1/data",
      "hidden": false,
      "hostname": "mdb-config2",
      "id": "mdb-config2:37017",
      "lastAgentPing": "2026-01-26T20:46:36Z",
      "memberState": "SECONDARY",
      "mongodbVersion": "8.0.10",
      "opTime": "2026-01-26T20:44:54Z",
      "oplogPath": "/oplog",
      "oplogStoreType": "thirdPartyOplogStore",
      "port": 37017,
      "priority": 1.0,
      "rsId": "configRS",
      "snapshotable": true,
      "votes": 1
    }
  ],
  "snapshotMetadata": {
    "clusterId": "695154083e4bf100f30af512",
    "clusterName": "sgcCluster",
    "groupId": "67eed68e0ba1970a07e16b77",
    "restoreTimestamp": {
      "increment": 1,
      "time": 1769460094
    },
    "rsSnapshotsMetadata": [
      {
        "defaultRWConcern": {
          "defaultReadConcern": {
            "level": "local"
          },
          "defaultReadConcernSource": "implicit",
          "defaultWriteConcern": {
            "w": "majority",
            "wtimeout": 0
          },
          "defaultWriteConcernSource": "implicit",
          "localUpdateWallClockTime": "2026-01-26T20:44:46Z"
        },
        "encryption": false,
        "fcv": "8.0",
        "incremental": true,
        "isConfigShard": false,
        "keyEncryptionUUID": null,
        "lastOplogApplied": {
          "increment": 1,
          "time": 1769460094
        },
        "member": "SHARD",
        "mongodbVersion": "8.0.10",
        "oplogStoreType": "thirdPartyOplogStore",
        "rsId": "sgcShard_1",
        "shardId": "sgcShard_1",
        "snapshotVersion": 1,
        "srcBackupName": null,
        "startupOptions": {},
        "storageEngine": "wiredTiger",
        "thisBackupName": "mdb2.37017.1769460079"
      },
      {
        "defaultRWConcern": {
          "defaultReadConcern": {
            "level": "local"
          },
          "defaultReadConcernSource": "implicit",
          "defaultWriteConcern": {
            "w": "majority",
            "wtimeout": 0
          },
          "defaultWriteConcernSource": "implicit",
          "localUpdateWallClockTime": "2026-01-26T20:41:54Z"
        },
        "encryption": false,
        "fcv": "8.0",
        "incremental": true,
        "isConfigShard": false,
        "keyEncryptionUUID": null,
        "lastOplogApplied": {
          "increment": 1,
          "time": 1769460094
        },
        "member": "SHARD",
        "mongodbVersion": "8.0.10",
        "oplogStoreType": "thirdPartyOplogStore",
        "rsId": "sgcShard_0",
        "shardId": "sgcShard_0",
        "snapshotVersion": 1,
        "srcBackupName": null,
        "startupOptions": {},
        "storageEngine": "wiredTiger",
        "thisBackupName": "mdb8.37017.1769460090"
      },
      {
        "defaultRWConcern": {
          "defaultReadConcern": {
            "level": "local"
          },
          "defaultReadConcernSource": "implicit",
          "defaultWriteConcern": {
            "w": "majority",
            "wtimeout": 0
          },
          "defaultWriteConcernSource": "implicit",
          "localUpdateWallClockTime": "2026-01-26T20:41:54Z"
        },
        "encryption": false,
        "fcv": "8.0",
        "incremental": true,
        "isConfigShard": false,
        "keyEncryptionUUID": null,
        "lastOplogApplied": {
          "increment": 1,
          "time": 1769460094
        },
        "member": "CONFIG_SERVER",
        "mongodbVersion": "8.0.10",
        "oplogStoreType": "thirdPartyOplogStore",
        "rsId": "configRS",
        "shardId": "",
        "snapshotVersion": 1,
        "srcBackupName": null,
        "startupOptions": {},
        "storageEngine": "wiredTiger",
        "thisBackupName": "mdb-config2.37017.1769460095"
      }
    ],
    "snapshotId": "6977d13a3e4bf100f381e17e",
    "snapshotTimestamp": {
      "increment": 1,
      "time": 1769460094
    }
  },
  "state": "FINISHED"
}
2026-01-26 14:46:44,015 [INFO] Snapshot state: FINISHED
2026-01-26 14:46:44,020 [INFO] Metadata saved: runs/sgcCluster_20260126T204026Z\snapshot_metadata.json
2026-01-26 14:46:44,020 [INFO] Snapshot workflow completed successfully
