2026-08-24 16:15:39,000 [INFO] Starting Ops Manager snapshot workflow
2026-08-24 16:15:39,001 [DEBUG] API GET http://129.40.36.100:8080/api/public/v1.0/backup/third_party/group/6a386221ee19a6537cc68a97/clusters
2026-08-24 16:15:39,187 [DEBUG] STATUS 200
2026-08-24 16:15:39,188 [DEBUG] {
  "clusters": [
    {
      "clusterId": "6a387fc1f9f8584e2262c8f3",
      "clusterName": "testRep",
      "groupId": "6a386221ee19a6537cc68a97",
      "jobId": "6a387fc1f9f8584e2262c8f3",
      "state": "ACTIVE"
    },
    {
      "clusterId": "6a3939acf9f8584e226a56e4",
      "clusterName": "tsetrepRestore",
      "groupId": "6a386221ee19a6537cc68a97",
      "jobId": "6a3939acf9f8584e226a56e4",
      "state": "ACTIVE"
    },
    {
      "clusterId": "6a39559ff9f8584e226bec72",
      "clusterName": "sgcCluster",
      "groupId": "6a386221ee19a6537cc68a97",
      "jobId": "6a39559ff9f8584e226bec72",
      "state": "ACTIVE"
    },
    {
      "clusterId": "6a67ab0a0b3bb92668612c59",
      "clusterName": "tgtCluster",
      "groupId": "6a386221ee19a6537cc68a97",
      "jobId": "6a67ab0a0b3bb92668612c59",
      "state": "ACTIVE"
    }
  ]
}
2026-08-24 16:15:39,189 [INFO] Cluster resolved: sgcCluster
2026-08-24 16:15:39,189 [INFO] Using explicitly provided snapshot nodes: ['mdb7:37017', 'mdb8:37017', 'mdb9:37017']
2026-08-24 16:15:39,189 [INFO] Snapshot nodes: ['mdb7:37017', 'mdb8:37017', 'mdb9:37017']
2026-08-24 16:15:39,189 [DEBUG] API POST http://129.40.36.100:8080/api/public/v1.0/backup/third_party/group/6a386221ee19a6537cc68a97/clusters/6a39559ff9f8584e226bec72/snapshot
2026-08-24 16:15:39,189 [DEBUG] {
  "nodeIds": [
    "mdb7:37017",
    "mdb8:37017",
    "mdb9:37017"
  ]
}
2026-08-24 16:15:39,331 [DEBUG] STATUS 200
2026-08-24 16:15:39,331 [DEBUG] {
  "snapshotId": "6a8cb47a3d9e727fec91723d"
}
2026-08-24 16:15:39,333 [INFO] Snapshot ID: 6a8cb47a3d9e727fec91723d
2026-08-24 16:15:39,339 [DEBUG] API POST http://129.40.36.100:8080/api/public/v1.0/backup/third_party/group/6a386221ee19a6537cc68a97/clusters/6a39559ff9f8584e226bec72/snapshot/6a8cb47a3d9e727fec91723d/start
2026-08-24 16:15:39,471 [DEBUG] STATUS 200
2026-08-24 16:15:39,471 [DEBUG] {
  "errorCode": "NONE",
  "version": "1",
  "status": "OK"
}
2026-08-24 16:15:39,471 [DEBUG] API GET http://129.40.36.100:8080/api/public/v1.0/backup/third_party/group/6a386221ee19a6537cc68a97/clusters/6a39559ff9f8584e226bec72/snapshot/6a8cb47a3d9e727fec91723d
2026-08-24 16:15:39,612 [DEBUG] STATUS 200
2026-08-24 16:15:39,612 [DEBUG] {
  "nodes": [
    {
      "dbPath": "/fimongo1/data",
      "hidden": false,
      "hostname": "mdb8",
      "id": "mdb8:37017",
      "lastAgentPing": "2026-08-24T21:15:16Z",
      "memberState": "SECONDARY",
      "mongodbVersion": "8.0.26",
      "opTime": "2026-08-24T21:15:14Z",
      "oplogStoreType": "thirdPartyOplogStore",
      "port": 37017,
      "priority": 1.0,
      "rsId": "sgcShard_0",
      "snapshotable": true,
      "votes": 1
    },
    {
      "dbPath": "/fimongo1/data",
      "hidden": false,
      "hostname": "mdb7",
      "id": "mdb7:37017",
      "lastAgentPing": "2026-08-24T21:15:12Z",
      "memberState": "SECONDARY",
      "mongodbVersion": "8.0.26",
      "opTime": "2026-08-24T21:15:21Z",
      "oplogStoreType": "thirdPartyOplogStore",
      "port": 37017,
      "priority": 1.0,
      "rsId": "configRS",
      "snapshotable": true,
      "votes": 1
    },
    {
      "dbPath": "/fimongo1/data",
      "hidden": false,
      "hostname": "mdb9",
      "id": "mdb9:37017",
      "lastAgentPing": "2026-08-24T21:15:07Z",
      "memberState": "SECONDARY",
      "mongodbVersion": "8.0.26",
      "opTime": "2026-08-24T21:15:23Z",
      "oplogStoreType": "thirdPartyOplogStore",
      "port": 37017,
      "priority": 1.0,
      "rsId": "sgcShard_1",
      "snapshotable": true,
      "votes": 1
    }
  ],
  "state": "PENDING"
}
2026-08-24 16:15:39,613 [INFO] Snapshot state: PENDING
2026-08-24 16:15:49,613 [DEBUG] API GET http://129.40.36.100:8080/api/public/v1.0/backup/third_party/group/6a386221ee19a6537cc68a97/clusters/6a39559ff9f8584e226bec72/snapshot/6a8cb47a3d9e727fec91723d
2026-08-24 16:15:49,755 [DEBUG] STATUS 200
2026-08-24 16:15:49,755 [DEBUG] {
  "nodes": [
    {
      "dbPath": "/fimongo1/data",
      "hidden": false,
      "hostname": "mdb8",
      "id": "mdb8:37017",
      "lastAgentPing": "2026-08-24T21:15:16Z",
      "memberState": "SECONDARY",
      "mongodbVersion": "8.0.26",
      "opTime": "2026-08-24T21:15:14Z",
      "oplogStoreType": "thirdPartyOplogStore",
      "port": 37017,
      "priority": 1.0,
      "rsId": "sgcShard_0",
      "snapshotable": true,
      "votes": 1
    },
    {
      "dbPath": "/fimongo1/data",
      "hidden": false,
      "hostname": "mdb7",
      "id": "mdb7:37017",
      "lastAgentPing": "2026-08-24T21:15:12Z",
      "memberState": "SECONDARY",
      "mongodbVersion": "8.0.26",
      "opTime": "2026-08-24T21:15:21Z",
      "oplogStoreType": "thirdPartyOplogStore",
      "port": 37017,
      "priority": 1.0,
      "rsId": "configRS",
      "snapshotable": true,
      "votes": 1
    },
    {
      "dbPath": "/fimongo1/data",
      "hidden": false,
      "hostname": "mdb9",
      "id": "mdb9:37017",
      "lastAgentPing": "2026-08-24T21:15:07Z",
      "memberState": "SECONDARY",
      "mongodbVersion": "8.0.26",
      "opTime": "2026-08-24T21:15:23Z",
      "oplogStoreType": "thirdPartyOplogStore",
      "port": 37017,
      "priority": 1.0,
      "rsId": "sgcShard_1",
      "snapshotable": true,
      "votes": 1
    }
  ],
  "state": "PENDING"
}
2026-08-24 16:15:49,756 [INFO] Snapshot state: PENDING
2026-08-24 16:15:59,756 [DEBUG] API GET http://129.40.36.100:8080/api/public/v1.0/backup/third_party/group/6a386221ee19a6537cc68a97/clusters/6a39559ff9f8584e226bec72/snapshot/6a8cb47a3d9e727fec91723d
2026-08-24 16:15:59,900 [DEBUG] STATUS 200
2026-08-24 16:15:59,900 [DEBUG] {
  "nodes": [
    {
      "dbPath": "/fimongo1/data",
      "hidden": false,
      "hostname": "mdb8",
      "id": "mdb8:37017",
      "lastAgentPing": "2026-08-24T21:15:16Z",
      "memberState": "SECONDARY",
      "mongodbVersion": "8.0.26",
      "opTime": "2026-08-24T21:15:14Z",
      "oplogStoreType": "thirdPartyOplogStore",
      "port": 37017,
      "priority": 1.0,
      "rsId": "sgcShard_0",
      "snapshotable": true,
      "votes": 1
    },
    {
      "dbPath": "/fimongo1/data",
      "hidden": false,
      "hostname": "mdb7",
      "id": "mdb7:37017",
      "lastAgentPing": "2026-08-24T21:15:12Z",
      "memberState": "SECONDARY",
      "mongodbVersion": "8.0.26",
      "opTime": "2026-08-24T21:15:21Z",
      "oplogStoreType": "thirdPartyOplogStore",
      "port": 37017,
      "priority": 1.0,
      "rsId": "configRS",
      "snapshotable": true,
      "votes": 1
    },
    {
      "dbPath": "/fimongo1/data",
      "hidden": false,
      "hostname": "mdb9",
      "id": "mdb9:37017",
      "lastAgentPing": "2026-08-24T21:15:07Z",
      "memberState": "SECONDARY",
      "mongodbVersion": "8.0.26",
      "opTime": "2026-08-24T21:15:23Z",
      "oplogStoreType": "thirdPartyOplogStore",
      "port": 37017,
      "priority": 1.0,
      "rsId": "sgcShard_1",
      "snapshotable": true,
      "votes": 1
    }
  ],
  "state": "PENDING"
}
2026-08-24 16:15:59,900 [INFO] Snapshot state: PENDING
2026-08-24 16:16:09,901 [DEBUG] API GET http://129.40.36.100:8080/api/public/v1.0/backup/third_party/group/6a386221ee19a6537cc68a97/clusters/6a39559ff9f8584e226bec72/snapshot/6a8cb47a3d9e727fec91723d
2026-08-24 16:16:10,048 [DEBUG] STATUS 200
2026-08-24 16:16:10,048 [DEBUG] {
  "nodes": [
    {
      "dbPath": "/fimongo1/data",
      "hidden": false,
      "hostname": "mdb8",
      "id": "mdb8:37017",
      "lastAgentPing": "2026-08-24T21:15:16Z",
      "memberState": "SECONDARY",
      "mongodbVersion": "8.0.26",
      "opTime": "2026-08-24T21:15:14Z",
      "oplogStoreType": "thirdPartyOplogStore",
      "port": 37017,
      "priority": 1.0,
      "rsId": "sgcShard_0",
      "snapshotable": true,
      "votes": 1
    },
    {
      "dbPath": "/fimongo1/data",
      "hidden": false,
      "hostname": "mdb7",
      "id": "mdb7:37017",
      "lastAgentPing": "2026-08-24T21:15:12Z",
      "memberState": "SECONDARY",
      "mongodbVersion": "8.0.26",
      "opTime": "2026-08-24T21:15:21Z",
      "oplogStoreType": "thirdPartyOplogStore",
      "port": 37017,
      "priority": 1.0,
      "rsId": "configRS",
      "snapshotable": true,
      "votes": 1
    },
    {
      "dbPath": "/fimongo1/data",
      "hidden": false,
      "hostname": "mdb9",
      "id": "mdb9:37017",
      "lastAgentPing": "2026-08-24T21:16:04Z",
      "memberState": "SECONDARY",
      "mongodbVersion": "8.0.26",
      "opTime": "2026-08-24T21:15:23Z",
      "oplogStoreType": "thirdPartyOplogStore",
      "port": 37017,
      "priority": 1.0,
      "rsId": "sgcShard_1",
      "snapshotable": true,
      "votes": 1
    }
  ],
  "state": "PENDING"
}
2026-08-24 16:16:10,048 [INFO] Snapshot state: PENDING
2026-08-24 16:16:20,049 [DEBUG] API GET http://129.40.36.100:8080/api/public/v1.0/backup/third_party/group/6a386221ee19a6537cc68a97/clusters/6a39559ff9f8584e226bec72/snapshot/6a8cb47a3d9e727fec91723d
2026-08-24 16:16:20,192 [DEBUG] STATUS 200
2026-08-24 16:16:20,193 [DEBUG] {
  "nodes": [
    {
      "dbPath": "/fimongo1/data",
      "hidden": false,
      "hostname": "mdb8",
      "id": "mdb8:37017",
      "lastAgentPing": "2026-08-24T21:16:16Z",
      "memberState": "SECONDARY",
      "mongodbVersion": "8.0.26",
      "opTime": "2026-08-24T21:15:14Z",
      "oplogStoreType": "thirdPartyOplogStore",
      "port": 37017,
      "priority": 1.0,
      "rsId": "sgcShard_0",
      "snapshotable": true,
      "votes": 1
    },
    {
      "dbPath": "/fimongo1/data",
      "hidden": false,
      "hostname": "mdb7",
      "id": "mdb7:37017",
      "lastAgentPing": "2026-08-24T21:16:12Z",
      "memberState": "SECONDARY",
      "mongodbVersion": "8.0.26",
      "opTime": "2026-08-24T21:15:21Z",
      "oplogStoreType": "thirdPartyOplogStore",
      "port": 37017,
      "priority": 1.0,
      "rsId": "configRS",
      "snapshotable": true,
      "votes": 1
    },
    {
      "dbPath": "/fimongo1/data",
      "hidden": false,
      "hostname": "mdb9",
      "id": "mdb9:37017",
      "lastAgentPing": "2026-08-24T21:16:04Z",
      "memberState": "SECONDARY",
      "mongodbVersion": "8.0.26",
      "opTime": "2026-08-24T21:15:23Z",
      "oplogStoreType": "thirdPartyOplogStore",
      "port": 37017,
      "priority": 1.0,
      "rsId": "sgcShard_1",
      "snapshotable": true,
      "votes": 1
    }
  ],
  "state": "PENDING"
}
2026-08-24 16:16:20,193 [INFO] Snapshot state: PENDING
2026-08-24 16:16:30,193 [DEBUG] API GET http://129.40.36.100:8080/api/public/v1.0/backup/third_party/group/6a386221ee19a6537cc68a97/clusters/6a39559ff9f8584e226bec72/snapshot/6a8cb47a3d9e727fec91723d
2026-08-24 16:16:30,339 [DEBUG] STATUS 200
2026-08-24 16:16:30,339 [DEBUG] {
  "nodes": [
    {
      "dbPath": "/fimongo1/data",
      "hidden": false,
      "hostname": "mdb8",
      "id": "mdb8:37017",
      "lastAgentPing": "2026-08-24T21:16:16Z",
      "memberState": "SECONDARY",
      "mongodbVersion": "8.0.26",
      "opTime": "2026-08-24T21:15:14Z",
      "oplogStoreType": "thirdPartyOplogStore",
      "port": 37017,
      "priority": 1.0,
      "rsId": "sgcShard_0",
      "snapshotable": true,
      "votes": 1
    },
    {
      "dbPath": "/fimongo1/data",
      "hidden": false,
      "hostname": "mdb7",
      "id": "mdb7:37017",
      "lastAgentPing": "2026-08-24T21:16:12Z",
      "memberState": "SECONDARY",
      "mongodbVersion": "8.0.26",
      "opTime": "2026-08-24T21:15:21Z",
      "oplogStoreType": "thirdPartyOplogStore",
      "port": 37017,
      "priority": 1.0,
      "rsId": "configRS",
      "snapshotable": true,
      "votes": 1
    },
    {
      "dbPath": "/fimongo1/data",
      "hidden": false,
      "hostname": "mdb9",
      "id": "mdb9:37017",
      "lastAgentPing": "2026-08-24T21:16:04Z",
      "memberState": "SECONDARY",
      "mongodbVersion": "8.0.26",
      "opTime": "2026-08-24T21:15:23Z",
      "oplogStoreType": "thirdPartyOplogStore",
      "port": 37017,
      "priority": 1.0,
      "rsId": "sgcShard_1",
      "snapshotable": true,
      "votes": 1
    }
  ],
  "state": "PENDING"
}
2026-08-24 16:16:30,339 [INFO] Snapshot state: PENDING
2026-08-24 16:16:40,340 [DEBUG] API GET http://129.40.36.100:8080/api/public/v1.0/backup/third_party/group/6a386221ee19a6537cc68a97/clusters/6a39559ff9f8584e226bec72/snapshot/6a8cb47a3d9e727fec91723d
2026-08-24 16:16:40,543 [DEBUG] STATUS 200
2026-08-24 16:16:40,544 [DEBUG] {
  "nodes": [
    {
      "dbPath": "/fimongo1/data",
      "hidden": false,
      "hostname": "mdb8",
      "id": "mdb8:37017",
      "lastAgentPing": "2026-08-24T21:16:16Z",
      "memberState": "SECONDARY",
      "mongodbVersion": "8.0.26",
      "opTime": "2026-08-24T21:15:14Z",
      "oplogStoreType": "thirdPartyOplogStore",
      "port": 37017,
      "priority": 1.0,
      "rsId": "sgcShard_0",
      "snapshotable": true,
      "votes": 1
    },
    {
      "dbPath": "/fimongo1/data",
      "hidden": false,
      "hostname": "mdb7",
      "id": "mdb7:37017",
      "lastAgentPing": "2026-08-24T21:16:12Z",
      "memberState": "SECONDARY",
      "mongodbVersion": "8.0.26",
      "opTime": "2026-08-24T21:15:21Z",
      "oplogStoreType": "thirdPartyOplogStore",
      "port": 37017,
      "priority": 1.0,
      "rsId": "configRS",
      "snapshotable": true,
      "votes": 1
    },
    {
      "dbPath": "/fimongo1/data",
      "hidden": false,
      "hostname": "mdb9",
      "id": "mdb9:37017",
      "lastAgentPing": "2026-08-24T21:16:04Z",
      "memberState": "SECONDARY",
      "mongodbVersion": "8.0.26",
      "opTime": "2026-08-24T21:15:23Z",
      "oplogStoreType": "thirdPartyOplogStore",
      "port": 37017,
      "priority": 1.0,
      "rsId": "sgcShard_1",
      "snapshotable": true,
      "votes": 1
    }
  ],
  "state": "PENDING"
}
2026-08-24 16:16:40,544 [INFO] Snapshot state: PENDING
2026-08-24 16:16:50,544 [DEBUG] API GET http://129.40.36.100:8080/api/public/v1.0/backup/third_party/group/6a386221ee19a6537cc68a97/clusters/6a39559ff9f8584e226bec72/snapshot/6a8cb47a3d9e727fec91723d
2026-08-24 16:16:50,688 [DEBUG] STATUS 200
2026-08-24 16:16:50,688 [DEBUG] {
  "nodes": [
    {
      "dbPath": "/fimongo1/data",
      "hidden": false,
      "hostname": "mdb8",
      "id": "mdb8:37017",
      "lastAgentPing": "2026-08-24T21:16:16Z",
      "memberState": "SECONDARY",
      "mongodbVersion": "8.0.26",
      "opTime": "2026-08-24T21:15:14Z",
      "oplogStoreType": "thirdPartyOplogStore",
      "port": 37017,
      "priority": 1.0,
      "rsId": "sgcShard_0",
      "snapshotable": true,
      "votes": 1
    },
    {
      "dbPath": "/fimongo1/data",
      "hidden": false,
      "hostname": "mdb7",
      "id": "mdb7:37017",
      "lastAgentPing": "2026-08-24T21:16:12Z",
      "memberState": "SECONDARY",
      "mongodbVersion": "8.0.26",
      "opTime": "2026-08-24T21:15:21Z",
      "oplogStoreType": "thirdPartyOplogStore",
      "port": 37017,
      "priority": 1.0,
      "rsId": "configRS",
      "snapshotable": true,
      "votes": 1
    },
    {
      "dbPath": "/fimongo1/data",
      "hidden": false,
      "hostname": "mdb9",
      "id": "mdb9:37017",
      "lastAgentPing": "2026-08-24T21:16:04Z",
      "memberState": "SECONDARY",
      "mongodbVersion": "8.0.26",
      "opTime": "2026-08-24T21:15:23Z",
      "oplogStoreType": "thirdPartyOplogStore",
      "port": 37017,
      "priority": 1.0,
      "rsId": "sgcShard_1",
      "snapshotable": true,
      "votes": 1
    }
  ],
  "state": "PENDING"
}
2026-08-24 16:16:50,689 [INFO] Snapshot state: PENDING
2026-08-24 16:17:00,689 [DEBUG] API GET http://129.40.36.100:8080/api/public/v1.0/backup/third_party/group/6a386221ee19a6537cc68a97/clusters/6a39559ff9f8584e226bec72/snapshot/6a8cb47a3d9e727fec91723d
2026-08-24 16:17:00,834 [DEBUG] STATUS 200
2026-08-24 16:17:00,834 [DEBUG] {
  "nodes": [
    {
      "dbPath": "/fimongo1/data",
      "hidden": false,
      "hostname": "mdb8",
      "id": "mdb8:37017",
      "lastAgentPing": "2026-08-24T21:16:16Z",
      "memberState": "SECONDARY",
      "mongodbVersion": "8.0.26",
      "opTime": "2026-08-24T21:15:14Z",
      "oplogStoreType": "thirdPartyOplogStore",
      "port": 37017,
      "priority": 1.0,
      "rsId": "sgcShard_0",
      "snapshotable": true,
      "votes": 1
    },
    {
      "dbPath": "/fimongo1/data",
      "hidden": false,
      "hostname": "mdb7",
      "id": "mdb7:37017",
      "lastAgentPing": "2026-08-24T21:16:12Z",
      "memberState": "SECONDARY",
      "mongodbVersion": "8.0.26",
      "opTime": "2026-08-24T21:15:21Z",
      "oplogStoreType": "thirdPartyOplogStore",
      "port": 37017,
      "priority": 1.0,
      "rsId": "configRS",
      "snapshotable": true,
      "votes": 1
    },
    {
      "dbPath": "/fimongo1/data",
      "hidden": false,
      "hostname": "mdb9",
      "id": "mdb9:37017",
      "lastAgentPing": "2026-08-24T21:16:04Z",
      "memberState": "SECONDARY",
      "mongodbVersion": "8.0.26",
      "opTime": "2026-08-24T21:15:23Z",
      "oplogStoreType": "thirdPartyOplogStore",
      "port": 37017,
      "priority": 1.0,
      "rsId": "sgcShard_1",
      "snapshotable": true,
      "votes": 1
    }
  ],
  "state": "PENDING"
}
2026-08-24 16:17:00,835 [INFO] Snapshot state: PENDING
2026-08-24 16:17:10,835 [DEBUG] API GET http://129.40.36.100:8080/api/public/v1.0/backup/third_party/group/6a386221ee19a6537cc68a97/clusters/6a39559ff9f8584e226bec72/snapshot/6a8cb47a3d9e727fec91723d
2026-08-24 16:17:10,980 [DEBUG] STATUS 200
2026-08-24 16:17:10,980 [DEBUG] {
  "nodes": [
    {
      "dbPath": "/fimongo1/data",
      "hidden": false,
      "hostname": "mdb8",
      "id": "mdb8:37017",
      "lastAgentPing": "2026-08-24T21:16:16Z",
      "memberState": "SECONDARY",
      "mongodbVersion": "8.0.26",
      "opTime": "2026-08-24T21:15:14Z",
      "oplogStoreType": "thirdPartyOplogStore",
      "port": 37017,
      "priority": 1.0,
      "rsId": "sgcShard_0",
      "snapshotable": true,
      "votes": 1
    },
    {
      "dbPath": "/fimongo1/data",
      "hidden": false,
      "hostname": "mdb7",
      "id": "mdb7:37017",
      "lastAgentPing": "2026-08-24T21:16:12Z",
      "memberState": "SECONDARY",
      "mongodbVersion": "8.0.26",
      "opTime": "2026-08-24T21:15:21Z",
      "oplogStoreType": "thirdPartyOplogStore",
      "port": 37017,
      "priority": 1.0,
      "rsId": "configRS",
      "snapshotable": true,
      "votes": 1
    },
    {
      "dbPath": "/fimongo1/data",
      "hidden": false,
      "hostname": "mdb9",
      "id": "mdb9:37017",
      "lastAgentPing": "2026-08-24T21:17:05Z",
      "memberState": "SECONDARY",
      "mongodbVersion": "8.0.26",
      "opTime": "2026-08-24T21:15:23Z",
      "oplogStoreType": "thirdPartyOplogStore",
      "port": 37017,
      "priority": 1.0,
      "rsId": "sgcShard_1",
      "snapshotable": true,
      "votes": 1
    }
  ],
  "state": "PENDING"
}
2026-08-24 16:17:10,980 [INFO] Snapshot state: PENDING
2026-08-24 16:17:20,981 [DEBUG] API GET http://129.40.36.100:8080/api/public/v1.0/backup/third_party/group/6a386221ee19a6537cc68a97/clusters/6a39559ff9f8584e226bec72/snapshot/6a8cb47a3d9e727fec91723d
2026-08-24 16:17:21,126 [DEBUG] STATUS 200
2026-08-24 16:17:21,126 [DEBUG] {
  "nodes": [
    {
      "dbPath": "/fimongo1/data",
      "hidden": false,
      "hostname": "mdb8",
      "id": "mdb8:37017",
      "lastAgentPing": "2026-08-24T21:17:13Z",
      "memberState": "SECONDARY",
      "mongodbVersion": "8.0.26",
      "opTime": "2026-08-24T21:15:14Z",
      "oplogStoreType": "thirdPartyOplogStore",
      "port": 37017,
      "priority": 1.0,
      "rsId": "sgcShard_0",
      "snapshotable": true,
      "votes": 1
    },
    {
      "dbPath": "/fimongo1/data",
      "hidden": false,
      "hostname": "mdb7",
      "id": "mdb7:37017",
      "lastAgentPing": "2026-08-24T21:17:13Z",
      "memberState": "SECONDARY",
      "mongodbVersion": "8.0.26",
      "opTime": "2026-08-24T21:15:21Z",
      "oplogStoreType": "thirdPartyOplogStore",
      "port": 37017,
      "priority": 1.0,
      "rsId": "configRS",
      "snapshotable": true,
      "votes": 1
    },
    {
      "dbPath": "/fimongo1/data",
      "hidden": false,
      "hostname": "mdb9",
      "id": "mdb9:37017",
      "lastAgentPing": "2026-08-24T21:17:05Z",
      "memberState": "SECONDARY",
      "mongodbVersion": "8.0.26",
      "opTime": "2026-08-24T21:15:23Z",
      "oplogStoreType": "thirdPartyOplogStore",
      "port": 37017,
      "priority": 1.0,
      "rsId": "sgcShard_1",
      "snapshotable": true,
      "votes": 1
    }
  ],
  "state": "PENDING"
}
2026-08-24 16:17:21,126 [INFO] Snapshot state: PENDING
2026-08-24 16:17:31,127 [DEBUG] API GET http://129.40.36.100:8080/api/public/v1.0/backup/third_party/group/6a386221ee19a6537cc68a97/clusters/6a39559ff9f8584e226bec72/snapshot/6a8cb47a3d9e727fec91723d
2026-08-24 16:17:31,271 [DEBUG] STATUS 200
2026-08-24 16:17:31,271 [DEBUG] {
  "nodes": [
    {
      "dbPath": "/fimongo1/data",
      "hidden": false,
      "hostname": "mdb8",
      "id": "mdb8:37017",
      "lastAgentPing": "2026-08-24T21:17:13Z",
      "memberState": "SECONDARY",
      "mongodbVersion": "8.0.26",
      "opTime": "2026-08-24T21:15:14Z",
      "oplogStoreType": "thirdPartyOplogStore",
      "port": 37017,
      "priority": 1.0,
      "rsId": "sgcShard_0",
      "snapshotable": true,
      "votes": 1
    },
    {
      "dbPath": "/fimongo1/data",
      "hidden": false,
      "hostname": "mdb7",
      "id": "mdb7:37017",
      "lastAgentPing": "2026-08-24T21:17:13Z",
      "memberState": "SECONDARY",
      "mongodbVersion": "8.0.26",
      "opTime": "2026-08-24T21:15:21Z",
      "oplogStoreType": "thirdPartyOplogStore",
      "port": 37017,
      "priority": 1.0,
      "rsId": "configRS",
      "snapshotable": true,
      "votes": 1
    },
    {
      "dbPath": "/fimongo1/data",
      "hidden": false,
      "hostname": "mdb9",
      "id": "mdb9:37017",
      "lastAgentPing": "2026-08-24T21:17:05Z",
      "memberState": "SECONDARY",
      "mongodbVersion": "8.0.26",
      "opTime": "2026-08-24T21:15:23Z",
      "oplogStoreType": "thirdPartyOplogStore",
      "port": 37017,
      "priority": 1.0,
      "rsId": "sgcShard_1",
      "snapshotable": true,
      "votes": 1
    }
  ],
  "state": "PENDING"
}
2026-08-24 16:17:31,272 [INFO] Snapshot state: PENDING
2026-08-24 16:17:41,272 [DEBUG] API GET http://129.40.36.100:8080/api/public/v1.0/backup/third_party/group/6a386221ee19a6537cc68a97/clusters/6a39559ff9f8584e226bec72/snapshot/6a8cb47a3d9e727fec91723d
2026-08-24 16:17:41,475 [DEBUG] STATUS 200
2026-08-24 16:17:41,475 [DEBUG] {
  "nodes": [
    {
      "dbPath": "/fimongo1/data",
      "hidden": false,
      "hostname": "mdb8",
      "id": "mdb8:37017",
      "lastAgentPing": "2026-08-24T21:17:13Z",
      "memberState": "SECONDARY",
      "mongodbVersion": "8.0.26",
      "opTime": "2026-08-24T21:15:14Z",
      "oplogStoreType": "thirdPartyOplogStore",
      "port": 37017,
      "priority": 1.0,
      "rsId": "sgcShard_0",
      "snapshotable": true,
      "votes": 1
    },
    {
      "dbPath": "/fimongo1/data",
      "hidden": false,
      "hostname": "mdb7",
      "id": "mdb7:37017",
      "lastAgentPing": "2026-08-24T21:17:13Z",
      "memberState": "SECONDARY",
      "mongodbVersion": "8.0.26",
      "opTime": "2026-08-24T21:15:21Z",
      "oplogStoreType": "thirdPartyOplogStore",
      "port": 37017,
      "priority": 1.0,
      "rsId": "configRS",
      "snapshotable": true,
      "votes": 1
    },
    {
      "dbPath": "/fimongo1/data",
      "hidden": false,
      "hostname": "mdb9",
      "id": "mdb9:37017",
      "lastAgentPing": "2026-08-24T21:17:05Z",
      "memberState": "SECONDARY",
      "mongodbVersion": "8.0.26",
      "opTime": "2026-08-24T21:15:23Z",
      "oplogStoreType": "thirdPartyOplogStore",
      "port": 37017,
      "priority": 1.0,
      "rsId": "sgcShard_1",
      "snapshotable": true,
      "votes": 1
    }
  ],
  "state": "PENDING"
}
2026-08-24 16:17:41,476 [INFO] Snapshot state: PENDING
2026-08-24 16:17:51,476 [DEBUG] API GET http://129.40.36.100:8080/api/public/v1.0/backup/third_party/group/6a386221ee19a6537cc68a97/clusters/6a39559ff9f8584e226bec72/snapshot/6a8cb47a3d9e727fec91723d
2026-08-24 16:17:51,618 [DEBUG] STATUS 200
2026-08-24 16:17:51,619 [DEBUG] {
  "nodes": [
    {
      "dbPath": "/fimongo1/data",
      "hidden": false,
      "hostname": "mdb8",
      "id": "mdb8:37017",
      "lastAgentPing": "2026-08-24T21:17:13Z",
      "memberState": "SECONDARY",
      "mongodbVersion": "8.0.26",
      "opTime": "2026-08-24T21:15:14Z",
      "oplogStoreType": "thirdPartyOplogStore",
      "port": 37017,
      "priority": 1.0,
      "rsId": "sgcShard_0",
      "snapshotable": true,
      "votes": 1
    },
    {
      "dbPath": "/fimongo1/data",
      "hidden": false,
      "hostname": "mdb7",
      "id": "mdb7:37017",
      "lastAgentPing": "2026-08-24T21:17:13Z",
      "memberState": "SECONDARY",
      "mongodbVersion": "8.0.26",
      "opTime": "2026-08-24T21:15:21Z",
      "oplogStoreType": "thirdPartyOplogStore",
      "port": 37017,
      "priority": 1.0,
      "rsId": "configRS",
      "snapshotable": true,
      "votes": 1
    },
    {
      "dbPath": "/fimongo1/data",
      "hidden": false,
      "hostname": "mdb9",
      "id": "mdb9:37017",
      "lastAgentPing": "2026-08-24T21:17:05Z",
      "memberState": "SECONDARY",
      "mongodbVersion": "8.0.26",
      "opTime": "2026-08-24T21:15:23Z",
      "oplogStoreType": "thirdPartyOplogStore",
      "port": 37017,
      "priority": 1.0,
      "rsId": "sgcShard_1",
      "snapshotable": true,
      "votes": 1
    }
  ],
  "state": "PENDING"
}
2026-08-24 16:17:51,619 [INFO] Snapshot state: PENDING
2026-08-24 16:18:01,620 [DEBUG] API GET http://129.40.36.100:8080/api/public/v1.0/backup/third_party/group/6a386221ee19a6537cc68a97/clusters/6a39559ff9f8584e226bec72/snapshot/6a8cb47a3d9e727fec91723d
2026-08-24 16:18:01,763 [DEBUG] STATUS 200
2026-08-24 16:18:01,763 [DEBUG] {
  "nodes": [
    {
      "dbPath": "/fimongo1/data",
      "hidden": false,
      "hostname": "mdb8",
      "id": "mdb8:37017",
      "lastAgentPing": "2026-08-24T21:17:13Z",
      "memberState": "SECONDARY",
      "mongodbVersion": "8.0.26",
      "opTime": "2026-08-24T21:15:14Z",
      "oplogStoreType": "thirdPartyOplogStore",
      "port": 37017,
      "priority": 1.0,
      "rsId": "sgcShard_0",
      "snapshotable": true,
      "votes": 1
    },
    {
      "dbPath": "/fimongo1/data",
      "hidden": false,
      "hostname": "mdb7",
      "id": "mdb7:37017",
      "lastAgentPing": "2026-08-24T21:17:13Z",
      "memberState": "SECONDARY",
      "mongodbVersion": "8.0.26",
      "opTime": "2026-08-24T21:15:21Z",
      "oplogStoreType": "thirdPartyOplogStore",
      "port": 37017,
      "priority": 1.0,
      "rsId": "configRS",
      "snapshotable": true,
      "votes": 1
    },
    {
      "dbPath": "/fimongo1/data",
      "hidden": false,
      "hostname": "mdb9",
      "id": "mdb9:37017",
      "lastAgentPing": "2026-08-24T21:17:05Z",
      "memberState": "SECONDARY",
      "mongodbVersion": "8.0.26",
      "opTime": "2026-08-24T21:15:23Z",
      "oplogStoreType": "thirdPartyOplogStore",
      "port": 37017,
      "priority": 1.0,
      "rsId": "sgcShard_1",
      "snapshotable": true,
      "votes": 1
    }
  ],
  "state": "PENDING"
}
2026-08-24 16:18:01,763 [INFO] Snapshot state: PENDING
2026-08-24 16:18:11,764 [DEBUG] API GET http://129.40.36.100:8080/api/public/v1.0/backup/third_party/group/6a386221ee19a6537cc68a97/clusters/6a39559ff9f8584e226bec72/snapshot/6a8cb47a3d9e727fec91723d
2026-08-24 16:18:11,909 [DEBUG] STATUS 200
2026-08-24 16:18:11,909 [DEBUG] {
  "nodes": [
    {
      "dbPath": "/fimongo1/data",
      "hidden": false,
      "hostname": "mdb8",
      "id": "mdb8:37017",
      "lastAgentPing": "2026-08-24T21:17:13Z",
      "memberState": "SECONDARY",
      "mongodbVersion": "8.0.26",
      "opTime": "2026-08-24T21:15:14Z",
      "oplogStoreType": "thirdPartyOplogStore",
      "port": 37017,
      "priority": 1.0,
      "rsId": "sgcShard_0",
      "snapshotable": true,
      "votes": 1
    },
    {
      "dbPath": "/fimongo1/data",
      "hidden": false,
      "hostname": "mdb7",
      "id": "mdb7:37017",
      "lastAgentPing": "2026-08-24T21:17:13Z",
      "memberState": "SECONDARY",
      "mongodbVersion": "8.0.26",
      "opTime": "2026-08-24T21:15:21Z",
      "oplogStoreType": "thirdPartyOplogStore",
      "port": 37017,
      "priority": 1.0,
      "rsId": "configRS",
      "snapshotable": true,
      "votes": 1
    },
    {
      "dbPath": "/fimongo1/data",
      "hidden": false,
      "hostname": "mdb9",
      "id": "mdb9:37017",
      "lastAgentPing": "2026-08-24T21:17:05Z",
      "memberState": "SECONDARY",
      "mongodbVersion": "8.0.26",
      "opTime": "2026-08-24T21:15:23Z",
      "oplogStoreType": "thirdPartyOplogStore",
      "port": 37017,
      "priority": 1.0,
      "rsId": "sgcShard_1",
      "snapshotable": true,
      "votes": 1
    }
  ],
  "state": "PENDING"
}
2026-08-24 16:18:11,909 [INFO] Snapshot state: PENDING
2026-08-24 16:18:21,909 [DEBUG] API GET http://129.40.36.100:8080/api/public/v1.0/backup/third_party/group/6a386221ee19a6537cc68a97/clusters/6a39559ff9f8584e226bec72/snapshot/6a8cb47a3d9e727fec91723d
2026-08-24 16:18:22,051 [DEBUG] STATUS 200
2026-08-24 16:18:22,052 [DEBUG] {
  "nodes": [
    {
      "dbPath": "/fimongo1/data",
      "hidden": false,
      "hostname": "mdb8",
      "id": "mdb8:37017",
      "lastAgentPing": "2026-08-24T21:18:14Z",
      "memberState": "SECONDARY",
      "mongodbVersion": "8.0.26",
      "opTime": "2026-08-24T21:18:07Z",
      "oplogStoreType": "thirdPartyOplogStore",
      "port": 37017,
      "priority": 1.0,
      "rsId": "sgcShard_0",
      "snapshotable": true,
      "votes": 1
    },
    {
      "dbPath": "/fimongo1/data",
      "hidden": false,
      "hostname": "mdb7",
      "id": "mdb7:37017",
      "lastAgentPing": "2026-08-24T21:18:13Z",
      "memberState": "SECONDARY",
      "mongodbVersion": "8.0.26",
      "opTime": "2026-08-24T21:18:09Z",
      "oplogStoreType": "thirdPartyOplogStore",
      "port": 37017,
      "priority": 1.0,
      "rsId": "configRS",
      "snapshotable": true,
      "votes": 1
    },
    {
      "dbPath": "/fimongo1/data",
      "hidden": false,
      "hostname": "mdb9",
      "id": "mdb9:37017",
      "lastAgentPing": "2026-08-24T21:18:13Z",
      "memberState": "SECONDARY",
      "mongodbVersion": "8.0.26",
      "opTime": "2026-08-24T21:18:13Z",
      "oplogStoreType": "thirdPartyOplogStore",
      "port": 37017,
      "priority": 1.0,
      "rsId": "sgcShard_1",
      "snapshotable": true,
      "votes": 1
    }
  ],
  "state": "PENDING"
}
2026-08-24 16:18:22,052 [INFO] Snapshot state: PENDING
2026-08-24 16:18:32,053 [DEBUG] API GET http://129.40.36.100:8080/api/public/v1.0/backup/third_party/group/6a386221ee19a6537cc68a97/clusters/6a39559ff9f8584e226bec72/snapshot/6a8cb47a3d9e727fec91723d
2026-08-24 16:18:32,196 [DEBUG] STATUS 200
2026-08-24 16:18:32,196 [DEBUG] {
  "nodes": [
    {
      "dbPath": "/fimongo1/data",
      "hidden": false,
      "hostname": "mdb8",
      "id": "mdb8:37017",
      "lastAgentPing": "2026-08-24T21:18:14Z",
      "memberState": "SECONDARY",
      "mongodbVersion": "8.0.26",
      "opTime": "2026-08-24T21:18:07Z",
      "oplogStoreType": "thirdPartyOplogStore",
      "port": 37017,
      "priority": 1.0,
      "rsId": "sgcShard_0",
      "snapshotable": true,
      "votes": 1
    },
    {
      "dbPath": "/fimongo1/data",
      "hidden": false,
      "hostname": "mdb7",
      "id": "mdb7:37017",
      "lastAgentPing": "2026-08-24T21:18:13Z",
      "memberState": "SECONDARY",
      "mongodbVersion": "8.0.26",
      "opTime": "2026-08-24T21:18:09Z",
      "oplogStoreType": "thirdPartyOplogStore",
      "port": 37017,
      "priority": 1.0,
      "rsId": "configRS",
      "snapshotable": true,
      "votes": 1
    },
    {
      "dbPath": "/fimongo1/data",
      "hidden": false,
      "hostname": "mdb9",
      "id": "mdb9:37017",
      "lastAgentPing": "2026-08-24T21:18:13Z",
      "memberState": "SECONDARY",
      "mongodbVersion": "8.0.26",
      "opTime": "2026-08-24T21:18:13Z",
      "oplogStoreType": "thirdPartyOplogStore",
      "port": 37017,
      "priority": 1.0,
      "rsId": "sgcShard_1",
      "snapshotable": true,
      "votes": 1
    }
  ],
  "state": "PENDING"
}
2026-08-24 16:18:32,196 [INFO] Snapshot state: PENDING
2026-08-24 16:18:42,197 [DEBUG] API GET http://129.40.36.100:8080/api/public/v1.0/backup/third_party/group/6a386221ee19a6537cc68a97/clusters/6a39559ff9f8584e226bec72/snapshot/6a8cb47a3d9e727fec91723d
2026-08-24 16:18:42,405 [DEBUG] STATUS 200
2026-08-24 16:18:42,405 [DEBUG] {
  "nodes": [
    {
      "dbPath": "/fimongo1/data",
      "hidden": false,
      "hostname": "mdb8",
      "id": "mdb8:37017",
      "lastAgentPing": "2026-08-24T21:18:14Z",
      "memberState": "SECONDARY",
      "mongodbVersion": "8.0.26",
      "opTime": "2026-08-24T21:18:07Z",
      "oplogStoreType": "thirdPartyOplogStore",
      "port": 37017,
      "priority": 1.0,
      "rsId": "sgcShard_0",
      "snapshotable": true,
      "votes": 1
    },
    {
      "dbPath": "/fimongo1/data",
      "hidden": false,
      "hostname": "mdb7",
      "id": "mdb7:37017",
      "lastAgentPing": "2026-08-24T21:18:13Z",
      "memberState": "SECONDARY",
      "mongodbVersion": "8.0.26",
      "opTime": "2026-08-24T21:18:09Z",
      "oplogStoreType": "thirdPartyOplogStore",
      "port": 37017,
      "priority": 1.0,
      "rsId": "configRS",
      "snapshotable": true,
      "votes": 1
    },
    {
      "dbPath": "/fimongo1/data",
      "hidden": false,
      "hostname": "mdb9",
      "id": "mdb9:37017",
      "lastAgentPing": "2026-08-24T21:18:13Z",
      "memberState": "SECONDARY",
      "mongodbVersion": "8.0.26",
      "opTime": "2026-08-24T21:18:13Z",
      "oplogStoreType": "thirdPartyOplogStore",
      "port": 37017,
      "priority": 1.0,
      "rsId": "sgcShard_1",
      "snapshotable": true,
      "votes": 1
    }
  ],
  "state": "PENDING"
}
2026-08-24 16:18:42,405 [INFO] Snapshot state: PENDING
2026-08-24 16:18:52,406 [DEBUG] API GET http://129.40.36.100:8080/api/public/v1.0/backup/third_party/group/6a386221ee19a6537cc68a97/clusters/6a39559ff9f8584e226bec72/snapshot/6a8cb47a3d9e727fec91723d
2026-08-24 16:18:52,550 [DEBUG] STATUS 200
2026-08-24 16:18:52,550 [DEBUG] {
  "nodes": [
    {
      "dbPath": "/fimongo1/data",
      "hidden": false,
      "hostname": "mdb8",
      "id": "mdb8:37017",
      "lastAgentPing": "2026-08-24T21:18:14Z",
      "memberState": "SECONDARY",
      "mongodbVersion": "8.0.26",
      "opTime": "2026-08-24T21:18:07Z",
      "oplogStoreType": "thirdPartyOplogStore",
      "port": 37017,
      "priority": 1.0,
      "rsId": "sgcShard_0",
      "snapshotable": true,
      "votes": 1
    },
    {
      "dbPath": "/fimongo1/data",
      "hidden": false,
      "hostname": "mdb7",
      "id": "mdb7:37017",
      "lastAgentPing": "2026-08-24T21:18:13Z",
      "memberState": "SECONDARY",
      "mongodbVersion": "8.0.26",
      "opTime": "2026-08-24T21:18:09Z",
      "oplogStoreType": "thirdPartyOplogStore",
      "port": 37017,
      "priority": 1.0,
      "rsId": "configRS",
      "snapshotable": true,
      "votes": 1
    },
    {
      "dbPath": "/fimongo1/data",
      "hidden": false,
      "hostname": "mdb9",
      "id": "mdb9:37017",
      "lastAgentPing": "2026-08-24T21:18:13Z",
      "memberState": "SECONDARY",
      "mongodbVersion": "8.0.26",
      "opTime": "2026-08-24T21:18:13Z",
      "oplogStoreType": "thirdPartyOplogStore",
      "port": 37017,
      "priority": 1.0,
      "rsId": "sgcShard_1",
      "snapshotable": true,
      "votes": 1
    }
  ],
  "state": "PENDING"
}
2026-08-24 16:18:52,550 [INFO] Snapshot state: PENDING
2026-08-24 16:19:02,550 [DEBUG] API GET http://129.40.36.100:8080/api/public/v1.0/backup/third_party/group/6a386221ee19a6537cc68a97/clusters/6a39559ff9f8584e226bec72/snapshot/6a8cb47a3d9e727fec91723d
2026-08-24 16:19:02,697 [DEBUG] STATUS 200
2026-08-24 16:19:02,698 [DEBUG] {
  "nodes": [
    {
      "dbPath": "/fimongo1/data",
      "hidden": false,
      "hostname": "mdb8",
      "id": "mdb8:37017",
      "lastAgentPing": "2026-08-24T21:18:14Z",
      "memberState": "SECONDARY",
      "mongodbVersion": "8.0.26",
      "opTime": "2026-08-24T21:18:07Z",
      "oplogStoreType": "thirdPartyOplogStore",
      "port": 37017,
      "priority": 1.0,
      "rsId": "sgcShard_0",
      "snapshotable": true,
      "votes": 1
    },
    {
      "dbPath": "/fimongo1/data",
      "hidden": false,
      "hostname": "mdb7",
      "id": "mdb7:37017",
      "lastAgentPing": "2026-08-24T21:18:13Z",
      "memberState": "SECONDARY",
      "mongodbVersion": "8.0.26",
      "opTime": "2026-08-24T21:18:09Z",
      "oplogStoreType": "thirdPartyOplogStore",
      "port": 37017,
      "priority": 1.0,
      "rsId": "configRS",
      "snapshotable": true,
      "votes": 1
    },
    {
      "dbPath": "/fimongo1/data",
      "hidden": false,
      "hostname": "mdb9",
      "id": "mdb9:37017",
      "lastAgentPing": "2026-08-24T21:18:13Z",
      "memberState": "SECONDARY",
      "mongodbVersion": "8.0.26",
      "opTime": "2026-08-24T21:18:13Z",
      "oplogStoreType": "thirdPartyOplogStore",
      "port": 37017,
      "priority": 1.0,
      "rsId": "sgcShard_1",
      "snapshotable": true,
      "votes": 1
    }
  ],
  "state": "PENDING"
}
2026-08-24 16:19:02,698 [INFO] Snapshot state: PENDING
2026-08-24 16:19:12,698 [DEBUG] API GET http://129.40.36.100:8080/api/public/v1.0/backup/third_party/group/6a386221ee19a6537cc68a97/clusters/6a39559ff9f8584e226bec72/snapshot/6a8cb47a3d9e727fec91723d
2026-08-24 16:19:12,843 [DEBUG] STATUS 200
2026-08-24 16:19:12,844 [DEBUG] {
  "nodes": [
    {
      "dbPath": "/fimongo1/data",
      "hidden": false,
      "hostname": "mdb8",
      "id": "mdb8:37017",
      "lastAgentPing": "2026-08-24T21:18:14Z",
      "memberState": "SECONDARY",
      "mongodbVersion": "8.0.26",
      "opTime": "2026-08-24T21:18:07Z",
      "oplogStoreType": "thirdPartyOplogStore",
      "port": 37017,
      "priority": 1.0,
      "rsId": "sgcShard_0",
      "snapshotable": true,
      "votes": 1
    },
    {
      "dbPath": "/fimongo1/data",
      "hidden": false,
      "hostname": "mdb7",
      "id": "mdb7:37017",
      "lastAgentPing": "2026-08-24T21:18:13Z",
      "memberState": "SECONDARY",
      "mongodbVersion": "8.0.26",
      "opTime": "2026-08-24T21:18:09Z",
      "oplogStoreType": "thirdPartyOplogStore",
      "port": 37017,
      "priority": 1.0,
      "rsId": "configRS",
      "snapshotable": true,
      "votes": 1
    },
    {
      "dbPath": "/fimongo1/data",
      "hidden": false,
      "hostname": "mdb9",
      "id": "mdb9:37017",
      "lastAgentPing": "2026-08-24T21:19:10Z",
      "memberState": "SECONDARY",
      "mongodbVersion": "8.0.26",
      "opTime": "2026-08-24T21:18:13Z",
      "oplogStoreType": "thirdPartyOplogStore",
      "port": 37017,
      "priority": 1.0,
      "rsId": "sgcShard_1",
      "snapshotable": true,
      "votes": 1
    }
  ],
  "state": "PENDING"
}
2026-08-24 16:19:12,844 [INFO] Snapshot state: PENDING
2026-08-24 16:19:22,844 [DEBUG] API GET http://129.40.36.100:8080/api/public/v1.0/backup/third_party/group/6a386221ee19a6537cc68a97/clusters/6a39559ff9f8584e226bec72/snapshot/6a8cb47a3d9e727fec91723d
2026-08-24 16:19:22,990 [DEBUG] STATUS 200
2026-08-24 16:19:22,990 [DEBUG] {
  "nodes": [
    {
      "dbPath": "/fimongo1/data",
      "hidden": false,
      "hostname": "mdb8",
      "id": "mdb8:37017",
      "lastAgentPing": "2026-08-24T21:19:12Z",
      "memberState": "SECONDARY",
      "mongodbVersion": "8.0.26",
      "opTime": "2026-08-24T21:18:07Z",
      "oplogStoreType": "thirdPartyOplogStore",
      "port": 37017,
      "priority": 1.0,
      "rsId": "sgcShard_0",
      "snapshotable": true,
      "votes": 1
    },
    {
      "dbPath": "/fimongo1/data",
      "hidden": false,
      "hostname": "mdb7",
      "id": "mdb7:37017",
      "lastAgentPing": "2026-08-24T21:19:15Z",
      "memberState": "SECONDARY",
      "mongodbVersion": "8.0.26",
      "opTime": "2026-08-24T21:18:09Z",
      "oplogStoreType": "thirdPartyOplogStore",
      "port": 37017,
      "priority": 1.0,
      "rsId": "configRS",
      "snapshotable": true,
      "votes": 1
    },
    {
      "dbPath": "/fimongo1/data",
      "hidden": false,
      "hostname": "mdb9",
      "id": "mdb9:37017",
      "lastAgentPing": "2026-08-24T21:19:10Z",
      "memberState": "SECONDARY",
      "mongodbVersion": "8.0.26",
      "opTime": "2026-08-24T21:18:13Z",
      "oplogStoreType": "thirdPartyOplogStore",
      "port": 37017,
      "priority": 1.0,
      "rsId": "sgcShard_1",
      "snapshotable": true,
      "votes": 1
    }
  ],
  "state": "PENDING"
}
2026-08-24 16:19:22,990 [INFO] Snapshot state: PENDING
2026-08-24 16:19:32,991 [DEBUG] API GET http://129.40.36.100:8080/api/public/v1.0/backup/third_party/group/6a386221ee19a6537cc68a97/clusters/6a39559ff9f8584e226bec72/snapshot/6a8cb47a3d9e727fec91723d
2026-08-24 16:19:33,137 [DEBUG] STATUS 200
2026-08-24 16:19:33,137 [DEBUG] {
  "nodes": [
    {
      "dbPath": "/fimongo1/data",
      "hidden": false,
      "hostname": "mdb8",
      "id": "mdb8:37017",
      "lastAgentPing": "2026-08-24T21:19:12Z",
      "memberState": "SECONDARY",
      "mongodbVersion": "8.0.26",
      "opTime": "2026-08-24T21:18:07Z",
      "oplogStoreType": "thirdPartyOplogStore",
      "port": 37017,
      "priority": 1.0,
      "rsId": "sgcShard_0",
      "snapshotable": true,
      "votes": 1
    },
    {
      "dbPath": "/fimongo1/data",
      "hidden": false,
      "hostname": "mdb7",
      "id": "mdb7:37017",
      "lastAgentPing": "2026-08-24T21:19:15Z",
      "memberState": "SECONDARY",
      "mongodbVersion": "8.0.26",
      "opTime": "2026-08-24T21:18:09Z",
      "oplogStoreType": "thirdPartyOplogStore",
      "port": 37017,
      "priority": 1.0,
      "rsId": "configRS",
      "snapshotable": true,
      "votes": 1
    },
    {
      "dbPath": "/fimongo1/data",
      "hidden": false,
      "hostname": "mdb9",
      "id": "mdb9:37017",
      "lastAgentPing": "2026-08-24T21:19:10Z",
      "memberState": "SECONDARY",
      "mongodbVersion": "8.0.26",
      "opTime": "2026-08-24T21:18:13Z",
      "oplogStoreType": "thirdPartyOplogStore",
      "port": 37017,
      "priority": 1.0,
      "rsId": "sgcShard_1",
      "snapshotable": true,
      "votes": 1
    }
  ],
  "state": "PENDING"
}
2026-08-24 16:19:33,137 [INFO] Snapshot state: PENDING
2026-08-24 16:19:43,138 [DEBUG] API GET http://129.40.36.100:8080/api/public/v1.0/backup/third_party/group/6a386221ee19a6537cc68a97/clusters/6a39559ff9f8584e226bec72/snapshot/6a8cb47a3d9e727fec91723d
2026-08-24 16:19:43,345 [DEBUG] STATUS 200
2026-08-24 16:19:43,345 [DEBUG] {
  "nodes": [
    {
      "dbPath": "/fimongo1/data",
      "hidden": false,
      "hostname": "mdb8",
      "id": "mdb8:37017",
      "lastAgentPing": "2026-08-24T21:19:12Z",
      "memberState": "SECONDARY",
      "mongodbVersion": "8.0.26",
      "opTime": "2026-08-24T21:18:07Z",
      "oplogStoreType": "thirdPartyOplogStore",
      "port": 37017,
      "priority": 1.0,
      "rsId": "sgcShard_0",
      "snapshotable": true,
      "votes": 1
    },
    {
      "dbPath": "/fimongo1/data",
      "hidden": false,
      "hostname": "mdb7",
      "id": "mdb7:37017",
      "lastAgentPing": "2026-08-24T21:19:15Z",
      "memberState": "SECONDARY",
      "mongodbVersion": "8.0.26",
      "opTime": "2026-08-24T21:18:09Z",
      "oplogStoreType": "thirdPartyOplogStore",
      "port": 37017,
      "priority": 1.0,
      "rsId": "configRS",
      "snapshotable": true,
      "votes": 1
    },
    {
      "dbPath": "/fimongo1/data",
      "hidden": false,
      "hostname": "mdb9",
      "id": "mdb9:37017",
      "lastAgentPing": "2026-08-24T21:19:10Z",
      "memberState": "SECONDARY",
      "mongodbVersion": "8.0.26",
      "opTime": "2026-08-24T21:18:13Z",
      "oplogStoreType": "thirdPartyOplogStore",
      "port": 37017,
      "priority": 1.0,
      "rsId": "sgcShard_1",
      "snapshotable": true,
      "votes": 1
    }
  ],
  "state": "PENDING"
}
2026-08-24 16:19:43,346 [INFO] Snapshot state: PENDING
2026-08-24 16:19:53,346 [DEBUG] API GET http://129.40.36.100:8080/api/public/v1.0/backup/third_party/group/6a386221ee19a6537cc68a97/clusters/6a39559ff9f8584e226bec72/snapshot/6a8cb47a3d9e727fec91723d
2026-08-24 16:19:53,490 [DEBUG] STATUS 200
2026-08-24 16:19:53,490 [DEBUG] {
  "nodes": [
    {
      "dbPath": "/fimongo1/data",
      "hidden": false,
      "hostname": "mdb8",
      "id": "mdb8:37017",
      "lastAgentPing": "2026-08-24T21:19:12Z",
      "memberState": "SECONDARY",
      "mongodbVersion": "8.0.26",
      "opTime": "2026-08-24T21:18:07Z",
      "oplogStoreType": "thirdPartyOplogStore",
      "port": 37017,
      "priority": 1.0,
      "rsId": "sgcShard_0",
      "snapshotable": true,
      "votes": 1
    },
    {
      "dbPath": "/fimongo1/data",
      "hidden": false,
      "hostname": "mdb7",
      "id": "mdb7:37017",
      "lastAgentPing": "2026-08-24T21:19:15Z",
      "memberState": "SECONDARY",
      "mongodbVersion": "8.0.26",
      "opTime": "2026-08-24T21:18:09Z",
      "oplogStoreType": "thirdPartyOplogStore",
      "port": 37017,
      "priority": 1.0,
      "rsId": "configRS",
      "snapshotable": true,
      "votes": 1
    },
    {
      "dbPath": "/fimongo1/data",
      "hidden": false,
      "hostname": "mdb9",
      "id": "mdb9:37017",
      "lastAgentPing": "2026-08-24T21:19:10Z",
      "memberState": "SECONDARY",
      "mongodbVersion": "8.0.26",
      "opTime": "2026-08-24T21:18:13Z",
      "oplogStoreType": "thirdPartyOplogStore",
      "port": 37017,
      "priority": 1.0,
      "rsId": "sgcShard_1",
      "snapshotable": true,
      "votes": 1
    }
  ],
  "state": "PENDING"
}
2026-08-24 16:19:53,490 [INFO] Snapshot state: PENDING
2026-08-24 16:20:03,491 [DEBUG] API GET http://129.40.36.100:8080/api/public/v1.0/backup/third_party/group/6a386221ee19a6537cc68a97/clusters/6a39559ff9f8584e226bec72/snapshot/6a8cb47a3d9e727fec91723d
2026-08-24 16:20:03,647 [DEBUG] STATUS 200
2026-08-24 16:20:03,647 [DEBUG] {
  "nodes": [
    {
      "dbPath": "/fimongo1/data",
      "hidden": false,
      "hostname": "mdb8",
      "id": "mdb8:37017",
      "lastAgentPing": "2026-08-24T21:19:12Z",
      "memberState": "SECONDARY",
      "mongodbVersion": "8.0.26",
      "opTime": "2026-08-24T21:18:07Z",
      "oplogStoreType": "thirdPartyOplogStore",
      "port": 37017,
      "priority": 1.0,
      "rsId": "sgcShard_0",
      "snapshotable": true,
      "votes": 1
    },
    {
      "dbPath": "/fimongo1/data",
      "hidden": false,
      "hostname": "mdb7",
      "id": "mdb7:37017",
      "lastAgentPing": "2026-08-24T21:19:15Z",
      "memberState": "SECONDARY",
      "mongodbVersion": "8.0.26",
      "opTime": "2026-08-24T21:18:09Z",
      "oplogStoreType": "thirdPartyOplogStore",
      "port": 37017,
      "priority": 1.0,
      "rsId": "configRS",
      "snapshotable": true,
      "votes": 1
    },
    {
      "dbPath": "/fimongo1/data",
      "hidden": false,
      "hostname": "mdb9",
      "id": "mdb9:37017",
      "lastAgentPing": "2026-08-24T21:19:10Z",
      "memberState": "SECONDARY",
      "mongodbVersion": "8.0.26",
      "opTime": "2026-08-24T21:18:13Z",
      "oplogStoreType": "thirdPartyOplogStore",
      "port": 37017,
      "priority": 1.0,
      "rsId": "sgcShard_1",
      "snapshotable": true,
      "votes": 1
    }
  ],
  "state": "PENDING"
}
2026-08-24 16:20:03,647 [INFO] Snapshot state: PENDING
2026-08-24 16:20:13,648 [DEBUG] API GET http://129.40.36.100:8080/api/public/v1.0/backup/third_party/group/6a386221ee19a6537cc68a97/clusters/6a39559ff9f8584e226bec72/snapshot/6a8cb47a3d9e727fec91723d
2026-08-24 16:20:13,794 [DEBUG] STATUS 200
2026-08-24 16:20:13,795 [DEBUG] {
  "nodes": [
    {
      "dbPath": "/fimongo1/data",
      "hidden": false,
      "hostname": "mdb8",
      "id": "mdb8:37017",
      "lastAgentPing": "2026-08-24T21:19:12Z",
      "memberState": "SECONDARY",
      "mongodbVersion": "8.0.26",
      "opTime": "2026-08-24T21:18:07Z",
      "oplogStoreType": "thirdPartyOplogStore",
      "port": 37017,
      "priority": 1.0,
      "rsId": "sgcShard_0",
      "snapshotable": true,
      "votes": 1
    },
    {
      "dbPath": "/fimongo1/data",
      "hidden": false,
      "hostname": "mdb7",
      "id": "mdb7:37017",
      "lastAgentPing": "2026-08-24T21:19:15Z",
      "memberState": "SECONDARY",
      "mongodbVersion": "8.0.26",
      "opTime": "2026-08-24T21:18:09Z",
      "oplogStoreType": "thirdPartyOplogStore",
      "port": 37017,
      "priority": 1.0,
      "rsId": "configRS",
      "snapshotable": true,
      "votes": 1
    },
    {
      "dbPath": "/fimongo1/data",
      "hidden": false,
      "hostname": "mdb9",
      "id": "mdb9:37017",
      "lastAgentPing": "2026-08-24T21:20:09Z",
      "memberState": "SECONDARY",
      "mongodbVersion": "8.0.26",
      "opTime": "2026-08-24T21:18:13Z",
      "oplogStoreType": "thirdPartyOplogStore",
      "port": 37017,
      "priority": 1.0,
      "rsId": "sgcShard_1",
      "snapshotable": true,
      "votes": 1
    }
  ],
  "state": "PENDING"
}
2026-08-24 16:20:13,795 [INFO] Snapshot state: PENDING
2026-08-24 16:20:23,795 [DEBUG] API GET http://129.40.36.100:8080/api/public/v1.0/backup/third_party/group/6a386221ee19a6537cc68a97/clusters/6a39559ff9f8584e226bec72/snapshot/6a8cb47a3d9e727fec91723d
2026-08-24 16:20:23,936 [DEBUG] STATUS 200
2026-08-24 16:20:23,936 [DEBUG] {
  "nodes": [
    {
      "dbPath": "/fimongo1/data",
      "hidden": false,
      "hostname": "mdb8",
      "id": "mdb8:37017",
      "lastAgentPing": "2026-08-24T21:20:13Z",
      "memberState": "SECONDARY",
      "mongodbVersion": "8.0.26",
      "opTime": "2026-08-24T21:18:07Z",
      "oplogStoreType": "thirdPartyOplogStore",
      "port": 37017,
      "priority": 1.0,
      "rsId": "sgcShard_0",
      "snapshotable": true,
      "votes": 1
    },
    {
      "dbPath": "/fimongo1/data",
      "hidden": false,
      "hostname": "mdb7",
      "id": "mdb7:37017",
      "lastAgentPing": "2026-08-24T21:20:13Z",
      "memberState": "SECONDARY",
      "mongodbVersion": "8.0.26",
      "opTime": "2026-08-24T21:18:09Z",
      "oplogStoreType": "thirdPartyOplogStore",
      "port": 37017,
      "priority": 1.0,
      "rsId": "configRS",
      "snapshotable": true,
      "votes": 1
    },
    {
      "dbPath": "/fimongo1/data",
      "hidden": false,
      "hostname": "mdb9",
      "id": "mdb9:37017",
      "lastAgentPing": "2026-08-24T21:20:09Z",
      "memberState": "SECONDARY",
      "mongodbVersion": "8.0.26",
      "opTime": "2026-08-24T21:18:13Z",
      "oplogStoreType": "thirdPartyOplogStore",
      "port": 37017,
      "priority": 1.0,
      "rsId": "sgcShard_1",
      "snapshotable": true,
      "votes": 1
    }
  ],
  "state": "PENDING"
}
2026-08-24 16:20:23,936 [INFO] Snapshot state: PENDING
2026-08-24 16:20:33,937 [DEBUG] API GET http://129.40.36.100:8080/api/public/v1.0/backup/third_party/group/6a386221ee19a6537cc68a97/clusters/6a39559ff9f8584e226bec72/snapshot/6a8cb47a3d9e727fec91723d
2026-08-24 16:20:34,079 [DEBUG] STATUS 200
2026-08-24 16:20:34,080 [DEBUG] {
  "nodes": [
    {
      "dbPath": "/fimongo1/data",
      "hidden": false,
      "hostname": "mdb8",
      "id": "mdb8:37017",
      "lastAgentPing": "2026-08-24T21:20:13Z",
      "memberState": "SECONDARY",
      "mongodbVersion": "8.0.26",
      "opTime": "2026-08-24T21:18:07Z",
      "oplogStoreType": "thirdPartyOplogStore",
      "port": 37017,
      "priority": 1.0,
      "rsId": "sgcShard_0",
      "snapshotable": true,
      "votes": 1
    },
    {
      "dbPath": "/fimongo1/data",
      "hidden": false,
      "hostname": "mdb7",
      "id": "mdb7:37017",
      "lastAgentPing": "2026-08-24T21:20:13Z",
      "memberState": "SECONDARY",
      "mongodbVersion": "8.0.26",
      "opTime": "2026-08-24T21:18:09Z",
      "oplogStoreType": "thirdPartyOplogStore",
      "port": 37017,
      "priority": 1.0,
      "rsId": "configRS",
      "snapshotable": true,
      "votes": 1
    },
    {
      "dbPath": "/fimongo1/data",
      "hidden": false,
      "hostname": "mdb9",
      "id": "mdb9:37017",
      "lastAgentPing": "2026-08-24T21:20:09Z",
      "memberState": "SECONDARY",
      "mongodbVersion": "8.0.26",
      "opTime": "2026-08-24T21:18:13Z",
      "oplogStoreType": "thirdPartyOplogStore",
      "port": 37017,
      "priority": 1.0,
      "rsId": "sgcShard_1",
      "snapshotable": true,
      "votes": 1
    }
  ],
  "state": "PENDING"
}
2026-08-24 16:20:34,080 [INFO] Snapshot state: PENDING
2026-08-24 16:20:44,080 [DEBUG] API GET http://129.40.36.100:8080/api/public/v1.0/backup/third_party/group/6a386221ee19a6537cc68a97/clusters/6a39559ff9f8584e226bec72/snapshot/6a8cb47a3d9e727fec91723d
2026-08-24 16:20:44,289 [DEBUG] STATUS 200
2026-08-24 16:20:44,289 [DEBUG] {
  "nodes": [
    {
      "dbPath": "/fimongo1/data",
      "hidden": false,
      "hostname": "mdb8",
      "id": "mdb8:37017",
      "lastAgentPing": "2026-08-24T21:20:13Z",
      "memberState": "SECONDARY",
      "mongodbVersion": "8.0.26",
      "opTime": "2026-08-24T21:18:07Z",
      "oplogStoreType": "thirdPartyOplogStore",
      "port": 37017,
      "priority": 1.0,
      "rsId": "sgcShard_0",
      "snapshotable": true,
      "votes": 1
    },
    {
      "dbPath": "/fimongo1/data",
      "hidden": false,
      "hostname": "mdb7",
      "id": "mdb7:37017",
      "lastAgentPing": "2026-08-24T21:20:13Z",
      "memberState": "SECONDARY",
      "mongodbVersion": "8.0.26",
      "opTime": "2026-08-24T21:18:09Z",
      "oplogStoreType": "thirdPartyOplogStore",
      "port": 37017,
      "priority": 1.0,
      "rsId": "configRS",
      "snapshotable": true,
      "votes": 1
    },
    {
      "dbPath": "/fimongo1/data",
      "hidden": false,
      "hostname": "mdb9",
      "id": "mdb9:37017",
      "lastAgentPing": "2026-08-24T21:20:09Z",
      "memberState": "SECONDARY",
      "mongodbVersion": "8.0.26",
      "opTime": "2026-08-24T21:18:13Z",
      "oplogStoreType": "thirdPartyOplogStore",
      "port": 37017,
      "priority": 1.0,
      "rsId": "sgcShard_1",
      "snapshotable": true,
      "votes": 1
    }
  ],
  "state": "PENDING"
}
2026-08-24 16:20:44,289 [INFO] Snapshot state: PENDING
2026-08-24 16:20:54,290 [DEBUG] API GET http://129.40.36.100:8080/api/public/v1.0/backup/third_party/group/6a386221ee19a6537cc68a97/clusters/6a39559ff9f8584e226bec72/snapshot/6a8cb47a3d9e727fec91723d
2026-08-24 16:20:54,434 [DEBUG] STATUS 200
2026-08-24 16:20:54,435 [DEBUG] {
  "nodes": [
    {
      "dbPath": "/fimongo1/data",
      "hidden": false,
      "hostname": "mdb8",
      "id": "mdb8:37017",
      "lastAgentPing": "2026-08-24T21:20:13Z",
      "memberState": "SECONDARY",
      "mongodbVersion": "8.0.26",
      "opTime": "2026-08-24T21:18:07Z",
      "oplogStoreType": "thirdPartyOplogStore",
      "port": 37017,
      "priority": 1.0,
      "rsId": "sgcShard_0",
      "snapshotable": true,
      "votes": 1
    },
    {
      "dbPath": "/fimongo1/data",
      "hidden": false,
      "hostname": "mdb7",
      "id": "mdb7:37017",
      "lastAgentPing": "2026-08-24T21:20:13Z",
      "memberState": "SECONDARY",
      "mongodbVersion": "8.0.26",
      "opTime": "2026-08-24T21:18:09Z",
      "oplogStoreType": "thirdPartyOplogStore",
      "port": 37017,
      "priority": 1.0,
      "rsId": "configRS",
      "snapshotable": true,
      "votes": 1
    },
    {
      "dbPath": "/fimongo1/data",
      "hidden": false,
      "hostname": "mdb9",
      "id": "mdb9:37017",
      "lastAgentPing": "2026-08-24T21:20:09Z",
      "memberState": "SECONDARY",
      "mongodbVersion": "8.0.26",
      "opTime": "2026-08-24T21:18:13Z",
      "oplogStoreType": "thirdPartyOplogStore",
      "port": 37017,
      "priority": 1.0,
      "rsId": "sgcShard_1",
      "snapshotable": true,
      "votes": 1
    }
  ],
  "state": "PENDING"
}
2026-08-24 16:20:54,435 [INFO] Snapshot state: PENDING
2026-08-24 16:21:04,435 [DEBUG] API GET http://129.40.36.100:8080/api/public/v1.0/backup/third_party/group/6a386221ee19a6537cc68a97/clusters/6a39559ff9f8584e226bec72/snapshot/6a8cb47a3d9e727fec91723d
2026-08-24 16:21:04,587 [DEBUG] STATUS 200
2026-08-24 16:21:04,587 [DEBUG] {
  "nodes": [
    {
      "dbPath": "/fimongo1/data",
      "hidden": false,
      "hostname": "mdb8",
      "id": "mdb8:37017",
      "lastAgentPing": "2026-08-24T21:20:13Z",
      "memberState": "SECONDARY",
      "mongodbVersion": "8.0.26",
      "opTime": "2026-08-24T21:18:07Z",
      "oplogStoreType": "thirdPartyOplogStore",
      "port": 37017,
      "priority": 1.0,
      "rsId": "sgcShard_0",
      "snapshotable": true,
      "votes": 1
    },
    {
      "dbPath": "/fimongo1/data",
      "hidden": false,
      "hostname": "mdb7",
      "id": "mdb7:37017",
      "lastAgentPing": "2026-08-24T21:20:13Z",
      "memberState": "SECONDARY",
      "mongodbVersion": "8.0.26",
      "opTime": "2026-08-24T21:18:09Z",
      "oplogStoreType": "thirdPartyOplogStore",
      "port": 37017,
      "priority": 1.0,
      "rsId": "configRS",
      "snapshotable": true,
      "votes": 1
    },
    {
      "dbPath": "/fimongo1/data",
      "hidden": false,
      "hostname": "mdb9",
      "id": "mdb9:37017",
      "lastAgentPing": "2026-08-24T21:20:09Z",
      "memberState": "SECONDARY",
      "mongodbVersion": "8.0.26",
      "opTime": "2026-08-24T21:18:13Z",
      "oplogStoreType": "thirdPartyOplogStore",
      "port": 37017,
      "priority": 1.0,
      "rsId": "sgcShard_1",
      "snapshotable": true,
      "votes": 1
    }
  ],
  "state": "PENDING"
}
2026-08-24 16:21:04,588 [INFO] Snapshot state: PENDING
2026-08-24 16:21:14,588 [DEBUG] API GET http://129.40.36.100:8080/api/public/v1.0/backup/third_party/group/6a386221ee19a6537cc68a97/clusters/6a39559ff9f8584e226bec72/snapshot/6a8cb47a3d9e727fec91723d
2026-08-24 16:21:14,732 [DEBUG] STATUS 200
2026-08-24 16:21:14,732 [DEBUG] {
  "nodes": [
    {
      "dbPath": "/fimongo1/data",
      "hidden": false,
      "hostname": "mdb8",
      "id": "mdb8:37017",
      "lastAgentPing": "2026-08-24T21:20:13Z",
      "memberState": "SECONDARY",
      "mongodbVersion": "8.0.26",
      "opTime": "2026-08-24T21:18:07Z",
      "oplogStoreType": "thirdPartyOplogStore",
      "port": 37017,
      "priority": 1.0,
      "rsId": "sgcShard_0",
      "snapshotable": true,
      "votes": 1
    },
    {
      "dbPath": "/fimongo1/data",
      "hidden": false,
      "hostname": "mdb7",
      "id": "mdb7:37017",
      "lastAgentPing": "2026-08-24T21:21:10Z",
      "memberState": "SECONDARY",
      "mongodbVersion": "8.0.26",
      "opTime": "2026-08-24T21:18:09Z",
      "oplogStoreType": "thirdPartyOplogStore",
      "port": 37017,
      "priority": 1.0,
      "rsId": "configRS",
      "snapshotable": true,
      "votes": 1
    },
    {
      "dbPath": "/fimongo1/data",
      "hidden": false,
      "hostname": "mdb9",
      "id": "mdb9:37017",
      "lastAgentPing": "2026-08-24T21:21:08Z",
      "memberState": "SECONDARY",
      "mongodbVersion": "8.0.26",
      "opTime": "2026-08-24T21:18:13Z",
      "oplogStoreType": "thirdPartyOplogStore",
      "port": 37017,
      "priority": 1.0,
      "rsId": "sgcShard_1",
      "snapshotable": true,
      "votes": 1
    }
  ],
  "state": "PENDING"
}
2026-08-24 16:21:14,732 [INFO] Snapshot state: PENDING
2026-08-24 16:21:24,733 [DEBUG] API GET http://129.40.36.100:8080/api/public/v1.0/backup/third_party/group/6a386221ee19a6537cc68a97/clusters/6a39559ff9f8584e226bec72/snapshot/6a8cb47a3d9e727fec91723d
2026-08-24 16:21:24,877 [DEBUG] STATUS 200
2026-08-24 16:21:24,877 [DEBUG] {
  "nodes": [
    {
      "dbPath": "/fimongo1/data",
      "hidden": false,
      "hostname": "mdb8",
      "id": "mdb8:37017",
      "lastAgentPing": "2026-08-24T21:21:16Z",
      "memberState": "SECONDARY",
      "mongodbVersion": "8.0.26",
      "opTime": "2026-08-24T21:18:07Z",
      "oplogStoreType": "thirdPartyOplogStore",
      "port": 37017,
      "priority": 1.0,
      "rsId": "sgcShard_0",
      "snapshotable": true,
      "votes": 1
    },
    {
      "dbPath": "/fimongo1/data",
      "hidden": false,
      "hostname": "mdb7",
      "id": "mdb7:37017",
      "lastAgentPing": "2026-08-24T21:21:10Z",
      "memberState": "SECONDARY",
      "mongodbVersion": "8.0.26",
      "opTime": "2026-08-24T21:18:09Z",
      "oplogStoreType": "thirdPartyOplogStore",
      "port": 37017,
      "priority": 1.0,
      "rsId": "configRS",
      "snapshotable": true,
      "votes": 1
    },
    {
      "dbPath": "/fimongo1/data",
      "hidden": false,
      "hostname": "mdb9",
      "id": "mdb9:37017",
      "lastAgentPing": "2026-08-24T21:21:08Z",
      "memberState": "SECONDARY",
      "mongodbVersion": "8.0.26",
      "opTime": "2026-08-24T21:18:13Z",
      "oplogStoreType": "thirdPartyOplogStore",
      "port": 37017,
      "priority": 1.0,
      "rsId": "sgcShard_1",
      "snapshotable": true,
      "votes": 1
    }
  ],
  "state": "PENDING"
}
2026-08-24 16:21:24,878 [INFO] Snapshot state: PENDING
2026-08-24 16:21:34,879 [DEBUG] API GET http://129.40.36.100:8080/api/public/v1.0/backup/third_party/group/6a386221ee19a6537cc68a97/clusters/6a39559ff9f8584e226bec72/snapshot/6a8cb47a3d9e727fec91723d
2026-08-24 16:21:35,023 [DEBUG] STATUS 200
2026-08-24 16:21:35,023 [DEBUG] {
  "nodes": [
    {
      "dbPath": "/fimongo1/data",
      "hidden": false,
      "hostname": "mdb8",
      "id": "mdb8:37017",
      "lastAgentPing": "2026-08-24T21:21:16Z",
      "memberState": "SECONDARY",
      "mongodbVersion": "8.0.26",
      "opTime": "2026-08-24T21:18:07Z",
      "oplogStoreType": "thirdPartyOplogStore",
      "port": 37017,
      "priority": 1.0,
      "rsId": "sgcShard_0",
      "snapshotable": true,
      "votes": 1
    },
    {
      "dbPath": "/fimongo1/data",
      "hidden": false,
      "hostname": "mdb7",
      "id": "mdb7:37017",
      "lastAgentPing": "2026-08-24T21:21:10Z",
      "memberState": "SECONDARY",
      "mongodbVersion": "8.0.26",
      "opTime": "2026-08-24T21:18:09Z",
      "oplogStoreType": "thirdPartyOplogStore",
      "port": 37017,
      "priority": 1.0,
      "rsId": "configRS",
      "snapshotable": true,
      "votes": 1
    },
    {
      "dbPath": "/fimongo1/data",
      "hidden": false,
      "hostname": "mdb9",
      "id": "mdb9:37017",
      "lastAgentPing": "2026-08-24T21:21:08Z",
      "memberState": "SECONDARY",
      "mongodbVersion": "8.0.26",
      "opTime": "2026-08-24T21:18:13Z",
      "oplogStoreType": "thirdPartyOplogStore",
      "port": 37017,
      "priority": 1.0,
      "rsId": "sgcShard_1",
      "snapshotable": true,
      "votes": 1
    }
  ],
  "state": "PENDING"
}
2026-08-24 16:21:35,023 [INFO] Snapshot state: PENDING
2026-08-24 16:21:45,024 [DEBUG] API GET http://129.40.36.100:8080/api/public/v1.0/backup/third_party/group/6a386221ee19a6537cc68a97/clusters/6a39559ff9f8584e226bec72/snapshot/6a8cb47a3d9e727fec91723d
2026-08-24 16:21:45,226 [DEBUG] STATUS 200
2026-08-24 16:21:45,226 [DEBUG] {
  "nodes": [
    {
      "dbPath": "/fimongo1/data",
      "hidden": false,
      "hostname": "mdb8",
      "id": "mdb8:37017",
      "lastAgentPing": "2026-08-24T21:21:16Z",
      "memberState": "SECONDARY",
      "mongodbVersion": "8.0.26",
      "opTime": "2026-08-24T21:18:07Z",
      "oplogStoreType": "thirdPartyOplogStore",
      "port": 37017,
      "priority": 1.0,
      "rsId": "sgcShard_0",
      "snapshotable": true,
      "votes": 1
    },
    {
      "dbPath": "/fimongo1/data",
      "hidden": false,
      "hostname": "mdb7",
      "id": "mdb7:37017",
      "lastAgentPing": "2026-08-24T21:21:10Z",
      "memberState": "SECONDARY",
      "mongodbVersion": "8.0.26",
      "opTime": "2026-08-24T21:18:09Z",
      "oplogStoreType": "thirdPartyOplogStore",
      "port": 37017,
      "priority": 1.0,
      "rsId": "configRS",
      "snapshotable": true,
      "votes": 1
    },
    {
      "dbPath": "/fimongo1/data",
      "hidden": false,
      "hostname": "mdb9",
      "id": "mdb9:37017",
      "lastAgentPing": "2026-08-24T21:21:08Z",
      "memberState": "SECONDARY",
      "mongodbVersion": "8.0.26",
      "opTime": "2026-08-24T21:18:13Z",
      "oplogStoreType": "thirdPartyOplogStore",
      "port": 37017,
      "priority": 1.0,
      "rsId": "sgcShard_1",
      "snapshotable": true,
      "votes": 1
    }
  ],
  "state": "PENDING"
}
2026-08-24 16:21:45,227 [INFO] Snapshot state: PENDING
2026-08-24 16:21:55,227 [DEBUG] API GET http://129.40.36.100:8080/api/public/v1.0/backup/third_party/group/6a386221ee19a6537cc68a97/clusters/6a39559ff9f8584e226bec72/snapshot/6a8cb47a3d9e727fec91723d
2026-08-24 16:21:55,371 [DEBUG] STATUS 200
2026-08-24 16:21:55,371 [DEBUG] {
  "nodes": [
    {
      "dbPath": "/fimongo1/data",
      "hidden": false,
      "hostname": "mdb8",
      "id": "mdb8:37017",
      "lastAgentPing": "2026-08-24T21:21:16Z",
      "memberState": "SECONDARY",
      "mongodbVersion": "8.0.26",
      "opTime": "2026-08-24T21:18:07Z",
      "oplogStoreType": "thirdPartyOplogStore",
      "port": 37017,
      "priority": 1.0,
      "rsId": "sgcShard_0",
      "snapshotable": true,
      "votes": 1
    },
    {
      "dbPath": "/fimongo1/data",
      "hidden": false,
      "hostname": "mdb7",
      "id": "mdb7:37017",
      "lastAgentPing": "2026-08-24T21:21:10Z",
      "memberState": "SECONDARY",
      "mongodbVersion": "8.0.26",
      "opTime": "2026-08-24T21:18:09Z",
      "oplogStoreType": "thirdPartyOplogStore",
      "port": 37017,
      "priority": 1.0,
      "rsId": "configRS",
      "snapshotable": true,
      "votes": 1
    },
    {
      "dbPath": "/fimongo1/data",
      "hidden": false,
      "hostname": "mdb9",
      "id": "mdb9:37017",
      "lastAgentPing": "2026-08-24T21:21:08Z",
      "memberState": "SECONDARY",
      "mongodbVersion": "8.0.26",
      "opTime": "2026-08-24T21:18:13Z",
      "oplogStoreType": "thirdPartyOplogStore",
      "port": 37017,
      "priority": 1.0,
      "rsId": "sgcShard_1",
      "snapshotable": true,
      "votes": 1
    }
  ],
  "state": "PENDING"
}
2026-08-24 16:21:55,372 [INFO] Snapshot state: PENDING
2026-08-24 16:22:05,372 [DEBUG] API GET http://129.40.36.100:8080/api/public/v1.0/backup/third_party/group/6a386221ee19a6537cc68a97/clusters/6a39559ff9f8584e226bec72/snapshot/6a8cb47a3d9e727fec91723d
2026-08-24 16:22:05,518 [DEBUG] STATUS 200
2026-08-24 16:22:05,518 [DEBUG] {
  "nodes": [
    {
      "dbPath": "/fimongo1/data",
      "hidden": false,
      "hostname": "mdb8",
      "id": "mdb8:37017",
      "lastAgentPing": "2026-08-24T21:21:16Z",
      "memberState": "SECONDARY",
      "mongodbVersion": "8.0.26",
      "opTime": "2026-08-24T21:21:47Z",
      "oplogStoreType": "thirdPartyOplogStore",
      "port": 37017,
      "priority": 1.0,
      "rsId": "sgcShard_0",
      "snapshotable": true,
      "votes": 1
    },
    {
      "dbPath": "/fimongo1/data",
      "hidden": false,
      "hostname": "mdb7",
      "id": "mdb7:37017",
      "lastAgentPing": "2026-08-24T21:21:10Z",
      "memberState": "SECONDARY",
      "mongodbVersion": "8.0.26",
      "opTime": "2026-08-24T21:21:55Z",
      "oplogStoreType": "thirdPartyOplogStore",
      "port": 37017,
      "priority": 1.0,
      "rsId": "configRS",
      "snapshotable": true,
      "votes": 1
    },
    {
      "dbPath": "/fimongo1/data",
      "hidden": false,
      "hostname": "mdb9",
      "id": "mdb9:37017",
      "lastAgentPing": "2026-08-24T21:21:08Z",
      "memberState": "SECONDARY",
      "mongodbVersion": "8.0.26",
      "opTime": "2026-08-24T21:21:57Z",
      "oplogStoreType": "thirdPartyOplogStore",
      "port": 37017,
      "priority": 1.0,
      "rsId": "sgcShard_1",
      "snapshotable": true,
      "votes": 1
    }
  ],
  "state": "PENDING"
}
2026-08-24 16:22:05,518 [INFO] Snapshot state: PENDING
2026-08-24 16:22:15,519 [DEBUG] API GET http://129.40.36.100:8080/api/public/v1.0/backup/third_party/group/6a386221ee19a6537cc68a97/clusters/6a39559ff9f8584e226bec72/snapshot/6a8cb47a3d9e727fec91723d
2026-08-24 16:22:15,662 [DEBUG] STATUS 200
2026-08-24 16:22:15,662 [DEBUG] {
  "nodes": [
    {
      "dbPath": "/fimongo1/data",
      "hidden": false,
      "hostname": "mdb8",
      "id": "mdb8:37017",
      "lastAgentPing": "2026-08-24T21:22:13Z",
      "memberState": "SECONDARY",
      "mongodbVersion": "8.0.26",
      "opTime": "2026-08-24T21:21:47Z",
      "oplogStoreType": "thirdPartyOplogStore",
      "port": 37017,
      "priority": 1.0,
      "rsId": "sgcShard_0",
      "snapshotable": true,
      "votes": 1
    },
    {
      "dbPath": "/fimongo1/data",
      "hidden": false,
      "hostname": "mdb7",
      "id": "mdb7:37017",
      "lastAgentPing": "2026-08-24T21:22:08Z",
      "memberState": "SECONDARY",
      "mongodbVersion": "8.0.26",
      "opTime": "2026-08-24T21:21:55Z",
      "oplogStoreType": "thirdPartyOplogStore",
      "port": 37017,
      "priority": 1.0,
      "rsId": "configRS",
      "snapshotable": true,
      "votes": 1
    },
    {
      "dbPath": "/fimongo1/data",
      "hidden": false,
      "hostname": "mdb9",
      "id": "mdb9:37017",
      "lastAgentPing": "2026-08-24T21:22:05Z",
      "memberState": "SECONDARY",
      "mongodbVersion": "8.0.26",
      "opTime": "2026-08-24T21:21:57Z",
      "oplogStoreType": "thirdPartyOplogStore",
      "port": 37017,
      "priority": 1.0,
      "rsId": "sgcShard_1",
      "snapshotable": true,
      "votes": 1
    }
  ],
  "state": "READY"
}
2026-08-24 16:22:15,663 [INFO] Snapshot state: READY
2026-08-24 16:22:15,663 [INFO] Waiting for fileList on mdb7:37017
2026-08-24 16:22:15,664 [DEBUG] API GET http://129.40.36.100:8080/api/public/v1.0/backup/third_party/group/6a386221ee19a6537cc68a97/clusters/6a39559ff9f8584e226bec72/snapshot/6a8cb47a3d9e727fec91723d/mdb7:37017/fileList
2026-08-24 16:22:15,793 [DEBUG] STATUS 200
2026-08-24 16:22:15,793 [DEBUG] {
  "fileList": [
    {
      "fileName": "/fimongo1/data/journal/WiredTigerLog.0000000037",
      "fileSize": 104857600
    },
    {
      "fileName": "/fimongo1/data/WiredTigerHS.wt",
      "fileSize": 40960
    },
    {
      "fileName": "/fimongo1/data/_mdb_catalog.wt",
      "fileSize": 45056
    },
    {
      "fileName": "/fimongo1/data/collection-0-8349017426506583381.wt",
      "fileSize": 36864
    },
    {
      "fileName": "/fimongo1/data/collection-0-8800155628005611892.wt",
      "fileSize": 102400
    },
    {
      "fileName": "/fimongo1/data/collection-10-8349017426506583381.wt",
      "fileSize": 20480
    },
    {
      "fileName": "/fimongo1/data/collection-12-8349017426506583381.wt",
      "fileSize": 36864
    },
    {
      "fileName": "/fimongo1/data/collection-14-8349017426506583381.wt",
      "fileSize": 36864
    },
    {
      "fileName": "/fimongo1/data/collection-18-8349017426506583381.wt",
      "fileSize": 118550528
    },
    {
      "fileName": "/fimongo1/data/collection-19-8349017426506583381.wt",
      "fileSize": 36864
    },
    {
      "fileName": "/fimongo1/data/collection-2-8349017426506583381.wt",
      "fileSize": 36864
    },
    {
      "fileName": "/fimongo1/data/collection-21-8349017426506583381.wt",
      "fileSize": 20480
    },
    {
      "fileName": "/fimongo1/data/collection-23-8349017426506583381.wt",
      "fileSize": 24576
    },
    {
      "fileName": "/fimongo1/data/collection-26-8349017426506583381.wt",
      "fileSize": 4096
    },
    {
      "fileName": "/fimongo1/data/collection-28-8349017426506583381.wt",
      "fileSize": 36864
    },
    {
      "fileName": "/fimongo1/data/collection-30-8349017426506583381.wt",
      "fileSize": 36864
    },
    {
      "fileName": "/fimongo1/data/collection-36-8349017426506583381.wt",
      "fileSize": 36864
    },
    {
      "fileName": "/fimongo1/data/collection-38-8349017426506583381.wt",
      "fileSize": 36864
    },
    {
      "fileName": "/fimongo1/data/collection-4-8349017426506583381.wt",
      "fileSize": 36864
    },
    {
      "fileName": "/fimongo1/data/collection-41-8349017426506583381.wt",
      "fileSize": 4096
    },
    {
      "fileName": "/fimongo1/data/collection-45-8349017426506583381.wt",
      "fileSize": 36864
    },
    {
      "fileName": "/fimongo1/data/collection-48-8349017426506583381.wt",
      "fileSize": 4096
    },
    {
      "fileName": "/fimongo1/data/collection-50-8349017426506583381.wt",
      "fileSize": 36864
    },
    {
      "fileName": "/fimongo1/data/collection-52-8349017426506583381.wt",
      "fileSize": 4096
    },
    {
      "fileName": "/fimongo1/data/collection-55-8349017426506583381.wt",
      "fileSize": 4096
    },
    {
      "fileName": "/fimongo1/data/collection-57-8349017426506583381.wt",
      "fileSize": 4096
    },
    {
      "fileName": "/fimongo1/data/collection-58-8349017426506583381.wt",
      "fileSize": 36864
    },
    {
      "fileName": "/fimongo1/data/collection-6-8349017426506583381.wt",
      "fileSize": 36864
    },
    {
      "fileName": "/fimongo1/data/collection-60-8349017426506583381.wt",
      "fileSize": 4096
    },
    {
      "fileName": "/fimongo1/data/collection-63-8349017426506583381.wt",
      "fileSize": 4096
    },
    {
      "fileName": "/fimongo1/data/collection-66-8349017426506583381.wt",
      "fileSize": 4096
    },
    {
      "fileName": "/fimongo1/data/collection-69-8349017426506583381.wt",
      "fileSize": 4096
    },
    {
      "fileName": "/fimongo1/data/collection-71-8349017426506583381.wt",
      "fileSize": 241664
    },
    {
      "fileName": "/fimongo1/data/collection-73-8349017426506583381.wt",
      "fileSize": 36864
    },
    {
      "fileName": "/fimongo1/data/collection-75-8349017426506583381.wt",
      "fileSize": 32768
    },
    {
      "fileName": "/fimongo1/data/collection-77-8349017426506583381.wt",
      "fileSize": 36864
    },
    {
      "fileName": "/fimongo1/data/collection-79-8349017426506583381.wt",
      "fileSize": 36864
    },
    {
      "fileName": "/fimongo1/data/collection-8-8349017426506583381.wt",
      "fileSize": 36864
    },
    {
      "fileName": "/fimongo1/data/collection-81-8349017426506583381.wt",
      "fileSize": 36864
    },
    {
      "fileName": "/fimongo1/data/index-1-8349017426506583381.wt",
      "fileSize": 36864
    },
    {
      "fileName": "/fimongo1/data/index-1-8800155628005611892.wt",
      "fileSize": 106496
    },
    {
      "fileName": "/fimongo1/data/index-11-8349017426506583381.wt",
      "fileSize": 20480
    },
    {
      "fileName": "/fimongo1/data/index-13-8349017426506583381.wt",
      "fileSize": 20480
    },
    {
      "fileName": "/fimongo1/data/index-15-8349017426506583381.wt",
      "fileSize": 20480
    },
    {
      "fileName": "/fimongo1/data/index-20-8349017426506583381.wt",
      "fileSize": 36864
    },
    {
      "fileName": "/fimongo1/data/index-22-8349017426506583381.wt",
      "fileSize": 20480
    },
    {
      "fileName": "/fimongo1/data/index-24-8349017426506583381.wt",
      "fileSize": 24576
    },
    {
      "fileName": "/fimongo1/data/index-25-8349017426506583381.wt",
      "fileSize": 32768
    },
    {
      "fileName": "/fimongo1/data/index-27-8349017426506583381.wt",
      "fileSize": 4096
    },
    {
      "fileName": "/fimongo1/data/index-29-8349017426506583381.wt",
      "fileSize": 36864
    },
    {
      "fileName": "/fimongo1/data/index-3-8349017426506583381.wt",
      "fileSize": 20480
    },
    {
      "fileName": "/fimongo1/data/index-31-8349017426506583381.wt",
      "fileSize": 36864
    },
    {
      "fileName": "/fimongo1/data/index-32-8349017426506583381.wt",
      "fileSize": 36864
    },
    {
      "fileName": "/fimongo1/data/index-33-8349017426506583381.wt",
      "fileSize": 36864
    },
    {
      "fileName": "/fimongo1/data/index-34-8349017426506583381.wt",
      "fileSize": 36864
    },
    {
      "fileName": "/fimongo1/data/index-35-8349017426506583381.wt",
      "fileSize": 36864
    },
    {
      "fileName": "/fimongo1/data/index-37-8349017426506583381.wt",
      "fileSize": 36864
    },
    {
      "fileName": "/fimongo1/data/index-39-8349017426506583381.wt",
      "fileSize": 36864
    },
    {
      "fileName": "/fimongo1/data/index-40-8349017426506583381.wt",
      "fileSize": 36864
    },
    {
      "fileName": "/fimongo1/data/index-42-8349017426506583381.wt",
      "fileSize": 4096
    },
    {
      "fileName": "/fimongo1/data/index-43-8349017426506583381.wt",
      "fileSize": 4096
    },
    {
      "fileName": "/fimongo1/data/index-44-8349017426506583381.wt",
      "fileSize": 4096
    },
    {
      "fileName": "/fimongo1/data/index-46-8349017426506583381.wt",
      "fileSize": 36864
    },
    {
      "fileName": "/fimongo1/data/index-47-8349017426506583381.wt",
      "fileSize": 36864
    },
    {
      "fileName": "/fimongo1/data/index-49-8349017426506583381.wt",
      "fileSize": 4096
    },
    {
      "fileName": "/fimongo1/data/index-5-8349017426506583381.wt",
      "fileSize": 20480
    },
    {
      "fileName": "/fimongo1/data/index-51-8349017426506583381.wt",
      "fileSize": 36864
    },
    {
      "fileName": "/fimongo1/data/index-53-8349017426506583381.wt",
      "fileSize": 4096
    },
    {
      "fileName": "/fimongo1/data/index-54-8349017426506583381.wt",
      "fileSize": 4096
    },
    {
      "fileName": "/fimongo1/data/index-56-8349017426506583381.wt",
      "fileSize": 4096
    },
    {
      "fileName": "/fimongo1/data/index-59-8349017426506583381.wt",
      "fileSize": 36864
    },
    {
      "fileName": "/fimongo1/data/index-61-8349017426506583381.wt",
      "fileSize": 4096
    },
    {
      "fileName": "/fimongo1/data/index-62-8349017426506583381.wt",
      "fileSize": 4096
    },
    {
      "fileName": "/fimongo1/data/index-64-8349017426506583381.wt",
      "fileSize": 4096
    },
    {
      "fileName": "/fimongo1/data/index-65-8349017426506583381.wt",
      "fileSize": 4096
    },
    {
      "fileName": "/fimongo1/data/index-67-8349017426506583381.wt",
      "fileSize": 4096
    },
    {
      "fileName": "/fimongo1/data/index-68-8349017426506583381.wt",
      "fileSize": 4096
    },
    {
      "fileName": "/fimongo1/data/index-7-8349017426506583381.wt",
      "fileSize": 20480
    },
    {
      "fileName": "/fimongo1/data/index-70-8349017426506583381.wt",
      "fileSize": 4096
    },
    {
      "fileName": "/fimongo1/data/index-72-8349017426506583381.wt",
      "fileSize": 299008
    },
    {
      "fileName": "/fimongo1/data/index-74-8349017426506583381.wt",
      "fileSize": 36864
    },
    {
      "fileName": "/fimongo1/data/index-76-8349017426506583381.wt",
      "fileSize": 32768
    },
    {
      "fileName": "/fimongo1/data/index-78-8349017426506583381.wt",
      "fileSize": 36864
    },
    {
      "fileName": "/fimongo1/data/index-80-8349017426506583381.wt",
      "fileSize": 36864
    },
    {
      "fileName": "/fimongo1/data/index-82-8349017426506583381.wt",
      "fileSize": 36864
    },
    {
      "fileName": "/fimongo1/data/index-83-8349017426506583381.wt",
      "fileSize": 36864
    },
    {
      "fileName": "/fimongo1/data/index-9-8349017426506583381.wt",
      "fileSize": 20480
    },
    {
      "fileName": "/fimongo1/data/sizeStorer.wt",
      "fileSize": 36864
    },
    {
      "fileName": "/fimongo1/data/WiredTiger.backup",
      "fileSize": 170080
    },
    {
      "fileName": "/fimongo1/data/WiredTiger",
      "fileSize": 50
    }
  ],
  "finishedToken": null,
  "nextToken": "ZDM0MjEwNmM1ZDQ2YTBiNDc2MjQ5ZTkwOTMyYWM1ZWRmOTYxYTcwMDBjMDAzZDQxYmZmMWU1YTkyYmY2MmZmZC02MTczYjU0M2UxYTVlOTk4MmUxZThmYTgzYTllZmVkMi1iODU1Njg4YWRkZmE0YmU3ZTRkOWMyNDQ3NGYwNDExNDRlMjBlNTdjMDc3NmEzMjc1ZTVmNjM0N2MwNWMxZjZiMjRmNTI3NGU5ZGNlMDA1YjNmOWRjZWU2MzU3NjRkYjI1NDQ5NGI1ODZhNmNlNzFhMDRmZGU4ZmY0YWZhOTk1Ny1lMjdiMDAyMTIwM2ZlZTFlNzc3ZTRkZDM5YWRkNDAyOTZkZmQ5ZTcyZWI1YWJhZmQ4NWU4ZjdjOTMxMzc2ZjgzNTljMGIyMjRhOGQwYzE2M2U3M2I0NDBiYjRiNThmNGUxNjNkOTcwOTgyMjJjOWQxMmQ0ZmFkZmMwMjhiNzA0Mw=="
}
2026-08-24 16:22:15,793 [INFO] fileList ready on mdb7:37017
2026-08-24 16:22:15,794 [INFO] Waiting for fileList on mdb8:37017
2026-08-24 16:22:15,794 [DEBUG] API GET http://129.40.36.100:8080/api/public/v1.0/backup/third_party/group/6a386221ee19a6537cc68a97/clusters/6a39559ff9f8584e226bec72/snapshot/6a8cb47a3d9e727fec91723d/mdb8:37017/fileList
2026-08-24 16:22:15,922 [DEBUG] STATUS 200
2026-08-24 16:22:15,923 [DEBUG] {
  "fileList": [
    {
      "fileName": "/fimongo1/data/journal/WiredTigerLog.0000000047",
      "fileSize": 104857600
    },
    {
      "fileName": "/fimongo1/data/WiredTigerHS.wt",
      "fileSize": 49152
    },
    {
      "fileName": "/fimongo1/data/_mdb_catalog.wt",
      "fileSize": 36864
    },
    {
      "fileName": "/fimongo1/data/collection-0-3543678638031846080.wt",
      "fileSize": 53248
    },
    {
      "fileName": "/fimongo1/data/collection-10-3543678638031846080.wt",
      "fileSize": 20480
    },
    {
      "fileName": "/fimongo1/data/collection-12-3543678638031846080.wt",
      "fileSize": 36864
    },
    {
      "fileName": "/fimongo1/data/collection-14-3543678638031846080.wt",
      "fileSize": 36864
    },
    {
      "fileName": "/fimongo1/data/collection-18-3543678638031846080.wt",
      "fileSize": 1769009152
    },
    {
      "fileName": "/fimongo1/data/collection-19-3543678638031846080.wt",
      "fileSize": 36864
    },
    {
      "fileName": "/fimongo1/data/collection-2-3543678638031846080.wt",
      "fileSize": 36864
    },
    {
      "fileName": "/fimongo1/data/collection-21-3543678638031846080.wt",
      "fileSize": 20480
    },
    {
      "fileName": "/fimongo1/data/collection-23-3543678638031846080.wt",
      "fileSize": 32768
    },
    {
      "fileName": "/fimongo1/data/collection-26-3543678638031846080.wt",
      "fileSize": 4096
    },
    {
      "fileName": "/fimongo1/data/collection-28-3543678638031846080.wt",
      "fileSize": 4096
    },
    {
      "fileName": "/fimongo1/data/collection-31-3543678638031846080.wt",
      "fileSize": 4096
    },
    {
      "fileName": "/fimongo1/data/collection-33-3543678638031846080.wt",
      "fileSize": 4096
    },
    {
      "fileName": "/fimongo1/data/collection-34-3543678638031846080.wt",
      "fileSize": 4096
    },
    {
      "fileName": "/fimongo1/data/collection-37-3543678638031846080.wt",
      "fileSize": 4096
    },
    {
      "fileName": "/fimongo1/data/collection-4-3543678638031846080.wt",
      "fileSize": 36864
    },
    {
      "fileName": "/fimongo1/data/collection-40-3543678638031846080.wt",
      "fileSize": 4096
    },
    {
      "fileName": "/fimongo1/data/collection-43-3543678638031846080.wt",
      "fileSize": 36864
    },
    {
      "fileName": "/fimongo1/data/collection-45-3543678638031846080.wt",
      "fileSize": 24576
    },
    {
      "fileName": "/fimongo1/data/collection-47-3543678638031846080.wt",
      "fileSize": 32768
    },
    {
      "fileName": "/fimongo1/data/collection-49-3543678638031846080.wt",
      "fileSize": 61440
    },
    {
      "fileName": "/fimongo1/data/collection-51-3543678638031846080.wt",
      "fileSize": 36864
    },
    {
      "fileName": "/fimongo1/data/collection-53-3543678638031846080.wt",
      "fileSize": 36864
    },
    {
      "fileName": "/fimongo1/data/collection-55-3543678638031846080.wt",
      "fileSize": 36864
    },
    {
      "fileName": "/fimongo1/data/collection-59-3543678638031846080.wt",
      "fileSize": 1986994176
    },
    {
      "fileName": "/fimongo1/data/collection-6-3543678638031846080.wt",
      "fileSize": 36864
    },
    {
      "fileName": "/fimongo1/data/collection-62-3543678638031846080.wt",
      "fileSize": 36864
    },
    {
      "fileName": "/fimongo1/data/collection-64-3543678638031846080.wt",
      "fileSize": 36864
    },
    {
      "fileName": "/fimongo1/data/collection-8-3543678638031846080.wt",
      "fileSize": 36864
    },
    {
      "fileName": "/fimongo1/data/index-1-3543678638031846080.wt",
      "fileSize": 36864
    },
    {
      "fileName": "/fimongo1/data/index-11-3543678638031846080.wt",
      "fileSize": 20480
    },
    {
      "fileName": "/fimongo1/data/index-13-3543678638031846080.wt",
      "fileSize": 20480
    },
    {
      "fileName": "/fimongo1/data/index-15-3543678638031846080.wt",
      "fileSize": 20480
    },
    {
      "fileName": "/fimongo1/data/index-20-3543678638031846080.wt",
      "fileSize": 36864
    },
    {
      "fileName": "/fimongo1/data/index-22-3543678638031846080.wt",
      "fileSize": 20480
    },
    {
      "fileName": "/fimongo1/data/index-24-3543678638031846080.wt",
      "fileSize": 32768
    },
    {
      "fileName": "/fimongo1/data/index-25-3543678638031846080.wt",
      "fileSize": 4096
    },
    {
      "fileName": "/fimongo1/data/index-27-3543678638031846080.wt",
      "fileSize": 4096
    },
    {
      "fileName": "/fimongo1/data/index-29-3543678638031846080.wt",
      "fileSize": 4096
    },
    {
      "fileName": "/fimongo1/data/index-3-3543678638031846080.wt",
      "fileSize": 20480
    },
    {
      "fileName": "/fimongo1/data/index-30-3543678638031846080.wt",
      "fileSize": 4096
    },
    {
      "fileName": "/fimongo1/data/index-32-3543678638031846080.wt",
      "fileSize": 4096
    },
    {
      "fileName": "/fimongo1/data/index-35-3543678638031846080.wt",
      "fileSize": 4096
    },
    {
      "fileName": "/fimongo1/data/index-36-3543678638031846080.wt",
      "fileSize": 4096
    },
    {
      "fileName": "/fimongo1/data/index-38-3543678638031846080.wt",
      "fileSize": 4096
    },
    {
      "fileName": "/fimongo1/data/index-39-3543678638031846080.wt",
      "fileSize": 4096
    },
    {
      "fileName": "/fimongo1/data/index-41-3543678638031846080.wt",
      "fileSize": 4096
    },
    {
      "fileName": "/fimongo1/data/index-42-3543678638031846080.wt",
      "fileSize": 4096
    },
    {
      "fileName": "/fimongo1/data/index-44-3543678638031846080.wt",
      "fileSize": 36864
    },
    {
      "fileName": "/fimongo1/data/index-46-3543678638031846080.wt",
      "fileSize": 24576
    },
    {
      "fileName": "/fimongo1/data/index-48-3543678638031846080.wt",
      "fileSize": 32768
    },
    {
      "fileName": "/fimongo1/data/index-5-3543678638031846080.wt",
      "fileSize": 20480
    },
    {
      "fileName": "/fimongo1/data/index-50-3543678638031846080.wt",
      "fileSize": 114688
    },
    {
      "fileName": "/fimongo1/data/index-52-3543678638031846080.wt",
      "fileSize": 36864
    },
    {
      "fileName": "/fimongo1/data/index-54-3543678638031846080.wt",
      "fileSize": 36864
    },
    {
      "fileName": "/fimongo1/data/index-56-3543678638031846080.wt",
      "fileSize": 36864
    },
    {
      "fileName": "/fimongo1/data/index-57-3543678638031846080.wt",
      "fileSize": 36864
    },
    {
      "fileName": "/fimongo1/data/index-58-3543678638031846080.wt",
      "fileSize": 45056
    },
    {
      "fileName": "/fimongo1/data/index-60-3543678638031846080.wt",
      "fileSize": 34365440
    },
    {
      "fileName": "/fimongo1/data/index-61-3543678638031846080.wt",
      "fileSize": 17768448
    },
    {
      "fileName": "/fimongo1/data/index-63-3543678638031846080.wt",
      "fileSize": 36864
    },
    {
      "fileName": "/fimongo1/data/index-65-3543678638031846080.wt",
      "fileSize": 36864
    },
    {
      "fileName": "/fimongo1/data/index-66-3543678638031846080.wt",
      "fileSize": 36864
    },
    {
      "fileName": "/fimongo1/data/index-7-3543678638031846080.wt",
      "fileSize": 20480
    },
    {
      "fileName": "/fimongo1/data/index-9-3543678638031846080.wt",
      "fileSize": 20480
    },
    {
      "fileName": "/fimongo1/data/sizeStorer.wt",
      "fileSize": 36864
    },
    {
      "fileName": "/fimongo1/data/WiredTiger.backup",
      "fileSize": 133334
    },
    {
      "fileName": "/fimongo1/data/WiredTiger",
      "fileSize": 50
    }
  ],
  "finishedToken": null,
  "nextToken": "ZDM0MjEwNmM1ZDQ2YTBiNDc2MjQ5ZTkwOTMyYWM1ZWRmOTYxYTcwMDBjMDAzZDQxYmZmMWU1YTkyYmY2MmZmZC1jNzRkYjI2MzIzYjY2MGQzMTg3ZDk0ZTNhZjQ0Y2U5OS05NWYwOTkzNmJjZTk1Y2ZiZjcxNzZlMDc1MTZmMzI2ZmFmYTQ1Y2Y2NmM2Y2ViNjNjZGViMDQ5YjVmN2Q5MTFmNWFmZTA2N2MxZDI1ZTRmMThmOGU5MzEwOTUyMmZmMjM2MDY3MDY5YTY4MTViYWNhNDM0YmU0Y2I3YTY3YjM5ZC04ZGIzMjgzODYxNTUzZjUwY2ExODgxYzVhODY2YTI5YmU3NjdmN2FlMWRiZTZjYmM4YThjODQ2NTRmOGMwYjcyOGIxMWY0ZDkwMDFkMDcxNDFjNTFkOTc4OTg0NWM3YWQ5YzkxZDcwYmRlMjZmMzI0ZjI2YTYwMTExOGQxZWE0ZQ=="
}
2026-08-24 16:22:15,923 [INFO] fileList ready on mdb8:37017
2026-08-24 16:22:15,924 [INFO] Waiting for fileList on mdb9:37017
2026-08-24 16:22:15,924 [DEBUG] API GET http://129.40.36.100:8080/api/public/v1.0/backup/third_party/group/6a386221ee19a6537cc68a97/clusters/6a39559ff9f8584e226bec72/snapshot/6a8cb47a3d9e727fec91723d/mdb9:37017/fileList
2026-08-24 16:22:16,055 [DEBUG] STATUS 200
2026-08-24 16:22:16,055 [DEBUG] {
  "fileList": [
    {
      "fileName": "/fimongo1/data/journal/WiredTigerLog.0000000289",
      "fileSize": 104600192
    },
    {
      "fileName": "/fimongo1/data/journal/WiredTigerLog.0000000290",
      "fileSize": 104857600
    },
    {
      "fileName": "/fimongo1/data/WiredTigerHS.wt",
      "fileSize": 8157995008
    },
    {
      "fileName": "/fimongo1/data/_mdb_catalog.wt",
      "fileSize": 36864
    },
    {
      "fileName": "/fimongo1/data/collection-0-11149018524623479022.wt",
      "fileSize": 36864
    },
    {
      "fileName": "/fimongo1/data/collection-10-11149018524623479022.wt",
      "fileSize": 20480
    },
    {
      "fileName": "/fimongo1/data/collection-12-11149018524623479022.wt",
      "fileSize": 36864
    },
    {
      "fileName": "/fimongo1/data/collection-14-11149018524623479022.wt",
      "fileSize": 36864
    },
    {
      "fileName": "/fimongo1/data/collection-18-11149018524623479022.wt",
      "fileSize": 5886144512
    },
    {
      "fileName": "/fimongo1/data/collection-19-11149018524623479022.wt",
      "fileSize": 36864
    },
    {
      "fileName": "/fimongo1/data/collection-2-11149018524623479022.wt",
      "fileSize": 36864
    },
    {
      "fileName": "/fimongo1/data/collection-21-11149018524623479022.wt",
      "fileSize": 20480
    },
    {
      "fileName": "/fimongo1/data/collection-23-11149018524623479022.wt",
      "fileSize": 24576
    },
    {
      "fileName": "/fimongo1/data/collection-26-11149018524623479022.wt",
      "fileSize": 4096
    },
    {
      "fileName": "/fimongo1/data/collection-28-11149018524623479022.wt",
      "fileSize": 4096
    },
    {
      "fileName": "/fimongo1/data/collection-31-11149018524623479022.wt",
      "fileSize": 24576
    },
    {
      "fileName": "/fimongo1/data/collection-33-11149018524623479022.wt",
      "fileSize": 4096
    },
    {
      "fileName": "/fimongo1/data/collection-34-11149018524623479022.wt",
      "fileSize": 4096
    },
    {
      "fileName": "/fimongo1/data/collection-37-11149018524623479022.wt",
      "fileSize": 4096
    },
    {
      "fileName": "/fimongo1/data/collection-4-11149018524623479022.wt",
      "fileSize": 36864
    },
    {
      "fileName": "/fimongo1/data/collection-4-4153592803257472393.wt",
      "fileSize": 54207782912
    },
    {
      "fileName": "/fimongo1/data/collection-40-11149018524623479022.wt",
      "fileSize": 4096
    },
    {
      "fileName": "/fimongo1/data/collection-43-11149018524623479022.wt",
      "fileSize": 36864
    },
    {
      "fileName": "/fimongo1/data/collection-45-11149018524623479022.wt",
      "fileSize": 36864
    },
    {
      "fileName": "/fimongo1/data/collection-47-11149018524623479022.wt",
      "fileSize": 36864
    },
    {
      "fileName": "/fimongo1/data/collection-50-11149018524623479022.wt",
      "fileSize": 36864
    },
    {
      "fileName": "/fimongo1/data/collection-52-11149018524623479022.wt",
      "fileSize": 24576
    },
    {
      "fileName": "/fimongo1/data/collection-54-11149018524623479022.wt",
      "fileSize": 24576
    },
    {
      "fileName": "/fimongo1/data/collection-56-11149018524623479022.wt",
      "fileSize": 2123026432
    },
    {
      "fileName": "/fimongo1/data/collection-59-11149018524623479022.wt",
      "fileSize": 36864
    },
    {
      "fileName": "/fimongo1/data/collection-6-11149018524623479022.wt",
      "fileSize": 36864
    },
    {
      "fileName": "/fimongo1/data/collection-61-11149018524623479022.wt",
      "fileSize": 36864
    },
    {
      "fileName": "/fimongo1/data/collection-64-11149018524623479022.wt",
      "fileSize": 53248
    },
    {
      "fileName": "/fimongo1/data/collection-8-11149018524623479022.wt",
      "fileSize": 36864
    },
    {
      "fileName": "/fimongo1/data/index-1-11149018524623479022.wt",
      "fileSize": 36864
    },
    {
      "fileName": "/fimongo1/data/index-11-11149018524623479022.wt",
      "fileSize": 20480
    },
    {
      "fileName": "/fimongo1/data/index-13-11149018524623479022.wt",
      "fileSize": 20480
    },
    {
      "fileName": "/fimongo1/data/index-15-11149018524623479022.wt",
      "fileSize": 20480
    },
    {
      "fileName": "/fimongo1/data/index-20-11149018524623479022.wt",
      "fileSize": 36864
    },
    {
      "fileName": "/fimongo1/data/index-22-11149018524623479022.wt",
      "fileSize": 20480
    },
    {
      "fileName": "/fimongo1/data/index-24-11149018524623479022.wt",
      "fileSize": 24576
    },
    {
      "fileName": "/fimongo1/data/index-25-11149018524623479022.wt",
      "fileSize": 4096
    },
    {
      "fileName": "/fimongo1/data/index-27-11149018524623479022.wt",
      "fileSize": 4096
    },
    {
      "fileName": "/fimongo1/data/index-29-11149018524623479022.wt",
      "fileSize": 4096
    },
    {
      "fileName": "/fimongo1/data/index-3-11149018524623479022.wt",
      "fileSize": 20480
    },
    {
      "fileName": "/fimongo1/data/index-30-11149018524623479022.wt",
      "fileSize": 4096
    },
    {
      "fileName": "/fimongo1/data/index-32-11149018524623479022.wt",
      "fileSize": 24576
    },
    {
      "fileName": "/fimongo1/data/index-35-11149018524623479022.wt",
      "fileSize": 4096
    },
    {
      "fileName": "/fimongo1/data/index-36-11149018524623479022.wt",
      "fileSize": 4096
    },
    {
      "fileName": "/fimongo1/data/index-38-11149018524623479022.wt",
      "fileSize": 4096
    },
    {
      "fileName": "/fimongo1/data/index-39-11149018524623479022.wt",
      "fileSize": 4096
    },
    {
      "fileName": "/fimongo1/data/index-41-11149018524623479022.wt",
      "fileSize": 4096
    },
    {
      "fileName": "/fimongo1/data/index-42-11149018524623479022.wt",
      "fileSize": 4096
    },
    {
      "fileName": "/fimongo1/data/index-44-11149018524623479022.wt",
      "fileSize": 36864
    },
    {
      "fileName": "/fimongo1/data/index-46-11149018524623479022.wt",
      "fileSize": 36864
    },
    {
      "fileName": "/fimongo1/data/index-48-11149018524623479022.wt",
      "fileSize": 36864
    },
    {
      "fileName": "/fimongo1/data/index-49-11149018524623479022.wt",
      "fileSize": 36864
    },
    {
      "fileName": "/fimongo1/data/index-5-11149018524623479022.wt",
      "fileSize": 20480
    },
    {
      "fileName": "/fimongo1/data/index-5-4153592803257472393.wt",
      "fileSize": 1420865536
    },
    {
      "fileName": "/fimongo1/data/index-51-11149018524623479022.wt",
      "fileSize": 36864
    },
    {
      "fileName": "/fimongo1/data/index-53-11149018524623479022.wt",
      "fileSize": 24576
    },
    {
      "fileName": "/fimongo1/data/index-55-11149018524623479022.wt",
      "fileSize": 24576
    },
    {
      "fileName": "/fimongo1/data/index-57-11149018524623479022.wt",
      "fileSize": 33386496
    },
    {
      "fileName": "/fimongo1/data/index-58-11149018524623479022.wt",
      "fileSize": 17616896
    },
    {
      "fileName": "/fimongo1/data/index-60-11149018524623479022.wt",
      "fileSize": 36864
    },
    {
      "fileName": "/fimongo1/data/index-62-11149018524623479022.wt",
      "fileSize": 36864
    },
    {
      "fileName": "/fimongo1/data/index-63-11149018524623479022.wt",
      "fileSize": 36864
    },
    {
      "fileName": "/fimongo1/data/index-65-11149018524623479022.wt",
      "fileSize": 53248
    },
    {
      "fileName": "/fimongo1/data/index-7-11149018524623479022.wt",
      "fileSize": 20480
    },
    {
      "fileName": "/fimongo1/data/index-9-11149018524623479022.wt",
      "fileSize": 20480
    },
    {
      "fileName": "/fimongo1/data/sizeStorer.wt",
      "fileSize": 36864
    },
    {
      "fileName": "/fimongo1/data/WiredTiger.backup",
      "fileSize": 137389
    },
    {
      "fileName": "/fimongo1/data/WiredTiger",
      "fileSize": 50
    }
  ],
  "finishedToken": null,
  "nextToken": "ZDM0MjEwNmM1ZDQ2YTBiNDc2MjQ5ZTkwOTMyYWM1ZWRmOTYxYTcwMDBjMDAzZDQxYmZmMWU1YTkyYmY2MmZmZC0wNTdlMTU1Y2M5ZWEyY2Y2ZTNjMjE1NjRlYmMyMDk2OC1lMjIyMTdkZWQ5NDI5ZjQ0ZjVmZDMwMTllOTZiNjY4MTc4M2Y2MWI3M2Q1OTUxNmViMDY4OTI0MTMwZWFhZTlmZTA5ZWJjZTQzN2E4NzBlY2M5ZDExYjA3ZWEwMTExODBkY2I1NTNiZDRjYzA1Mjg2MTVlMWQxYmU0ZWFlM2ZmNC05ODdiN2RmMDNlZWM3ZDViNTI3OTEyNTAzYWIxYTJhNmUyNDkyZTJlM2ExODc5MjIzOWNjYzc4ZTc2NmJkODcwYjZhODliODZkOTM1NDcxOGUyNWVjOWYyN2Y2Y2IyMDRiNDhjNDM4OTA2NDQzMjRhYmFkYWI5MjI5OWYyNTFiYg=="
}
2026-08-24 16:22:16,055 [INFO] fileList ready on mdb9:37017
2026-08-24 16:22:16,055 [INFO] Flushing filesystem buffers on snapshot nodes
2026-08-24 16:22:16,055 [INFO] Running filesystem sync on mdb7
2026-08-24 16:22:16,957 [INFO] Running filesystem sync on mdb8
2026-08-24 16:22:17,897 [INFO] Running filesystem sync on mdb9
2026-08-24 16:22:19,278 [INFO] === TAKING IBM FLASHSYSTEM SNAPSHOT NOW ===
2026-08-24 16:22:23,678 [INFO] FlashSystem snapshot completed successfully
2026-08-24 16:22:23,678 [INFO] Replicating Snapshots to remote facilities
2026-08-24 16:22:27,829 [DEBUG] API POST http://129.40.36.100:8080/api/public/v1.0/backup/third_party/group/6a386221ee19a6537cc68a97/clusters/6a39559ff9f8584e226bec72/snapshot/6a8cb47a3d9e727fec91723d/finish
2026-08-24 16:22:27,959 [DEBUG] STATUS 200
2026-08-24 16:22:27,959 [DEBUG] {
  "errorCode": "NONE",
  "version": "1",
  "status": "OK"
}
2026-08-24 16:22:27,960 [DEBUG] API GET http://129.40.36.100:8080/api/public/v1.0/backup/third_party/group/6a386221ee19a6537cc68a97/clusters/6a39559ff9f8584e226bec72/snapshot/6a8cb47a3d9e727fec91723d
2026-08-24 16:22:28,103 [DEBUG] STATUS 200
2026-08-24 16:22:28,104 [DEBUG] {
  "nodes": [
    {
      "dbPath": "/fimongo1/data",
      "hidden": false,
      "hostname": "mdb8",
      "id": "mdb8:37017",
      "lastAgentPing": "2026-08-24T21:22:13Z",
      "memberState": "SECONDARY",
      "mongodbVersion": "8.0.26",
      "opTime": "2026-08-24T21:21:47Z",
      "oplogStoreType": "thirdPartyOplogStore",
      "port": 37017,
      "priority": 1.0,
      "rsId": "sgcShard_0",
      "snapshotable": true,
      "votes": 1
    },
    {
      "dbPath": "/fimongo1/data",
      "hidden": false,
      "hostname": "mdb7",
      "id": "mdb7:37017",
      "lastAgentPing": "2026-08-24T21:22:08Z",
      "memberState": "SECONDARY",
      "mongodbVersion": "8.0.26",
      "opTime": "2026-08-24T21:21:55Z",
      "oplogStoreType": "thirdPartyOplogStore",
      "port": 37017,
      "priority": 1.0,
      "rsId": "configRS",
      "snapshotable": true,
      "votes": 1
    },
    {
      "dbPath": "/fimongo1/data",
      "hidden": false,
      "hostname": "mdb9",
      "id": "mdb9:37017",
      "lastAgentPing": "2026-08-24T21:22:05Z",
      "memberState": "SECONDARY",
      "mongodbVersion": "8.0.26",
      "opTime": "2026-08-24T21:21:57Z",
      "oplogStoreType": "thirdPartyOplogStore",
      "port": 37017,
      "priority": 1.0,
      "rsId": "sgcShard_1",
      "snapshotable": true,
      "votes": 1
    }
  ],
  "state": "FINISHING"
}
2026-08-24 16:22:28,104 [INFO] Snapshot state: FINISHING
2026-08-24 16:22:38,105 [DEBUG] API GET http://129.40.36.100:8080/api/public/v1.0/backup/third_party/group/6a386221ee19a6537cc68a97/clusters/6a39559ff9f8584e226bec72/snapshot/6a8cb47a3d9e727fec91723d
2026-08-24 16:22:38,249 [DEBUG] STATUS 200
2026-08-24 16:22:38,250 [DEBUG] {
  "nodes": [
    {
      "dbPath": "/fimongo1/data",
      "hidden": false,
      "hostname": "mdb8",
      "id": "mdb8:37017",
      "lastAgentPing": "2026-08-24T21:22:13Z",
      "memberState": "SECONDARY",
      "mongodbVersion": "8.0.26",
      "opTime": "2026-08-24T21:21:47Z",
      "oplogStoreType": "thirdPartyOplogStore",
      "port": 37017,
      "priority": 1.0,
      "rsId": "sgcShard_0",
      "snapshotable": true,
      "votes": 1
    },
    {
      "dbPath": "/fimongo1/data",
      "hidden": false,
      "hostname": "mdb7",
      "id": "mdb7:37017",
      "lastAgentPing": "2026-08-24T21:22:08Z",
      "memberState": "SECONDARY",
      "mongodbVersion": "8.0.26",
      "opTime": "2026-08-24T21:21:55Z",
      "oplogStoreType": "thirdPartyOplogStore",
      "port": 37017,
      "priority": 1.0,
      "rsId": "configRS",
      "snapshotable": true,
      "votes": 1
    },
    {
      "dbPath": "/fimongo1/data",
      "hidden": false,
      "hostname": "mdb9",
      "id": "mdb9:37017",
      "lastAgentPing": "2026-08-24T21:22:05Z",
      "memberState": "SECONDARY",
      "mongodbVersion": "8.0.26",
      "opTime": "2026-08-24T21:21:57Z",
      "oplogStoreType": "thirdPartyOplogStore",
      "port": 37017,
      "priority": 1.0,
      "rsId": "sgcShard_1",
      "snapshotable": true,
      "votes": 1
    }
  ],
  "state": "FINISHING"
}
2026-08-24 16:22:38,250 [INFO] Snapshot state: FINISHING
2026-08-24 16:22:48,250 [DEBUG] API GET http://129.40.36.100:8080/api/public/v1.0/backup/third_party/group/6a386221ee19a6537cc68a97/clusters/6a39559ff9f8584e226bec72/snapshot/6a8cb47a3d9e727fec91723d
2026-08-24 16:22:48,452 [DEBUG] STATUS 200
2026-08-24 16:22:48,452 [DEBUG] {
  "nodes": [
    {
      "dbPath": "/fimongo1/data",
      "hidden": false,
      "hostname": "mdb8",
      "id": "mdb8:37017",
      "lastAgentPing": "2026-08-24T21:22:13Z",
      "memberState": "SECONDARY",
      "mongodbVersion": "8.0.26",
      "opTime": "2026-08-24T21:21:47Z",
      "oplogStoreType": "thirdPartyOplogStore",
      "port": 37017,
      "priority": 1.0,
      "rsId": "sgcShard_0",
      "snapshotable": true,
      "votes": 1
    },
    {
      "dbPath": "/fimongo1/data",
      "hidden": false,
      "hostname": "mdb7",
      "id": "mdb7:37017",
      "lastAgentPing": "2026-08-24T21:22:08Z",
      "memberState": "SECONDARY",
      "mongodbVersion": "8.0.26",
      "opTime": "2026-08-24T21:21:55Z",
      "oplogStoreType": "thirdPartyOplogStore",
      "port": 37017,
      "priority": 1.0,
      "rsId": "configRS",
      "snapshotable": true,
      "votes": 1
    },
    {
      "dbPath": "/fimongo1/data",
      "hidden": false,
      "hostname": "mdb9",
      "id": "mdb9:37017",
      "lastAgentPing": "2026-08-24T21:22:05Z",
      "memberState": "SECONDARY",
      "mongodbVersion": "8.0.26",
      "opTime": "2026-08-24T21:21:57Z",
      "oplogStoreType": "thirdPartyOplogStore",
      "port": 37017,
      "priority": 1.0,
      "rsId": "sgcShard_1",
      "snapshotable": true,
      "votes": 1
    }
  ],
  "state": "FINISHING"
}
2026-08-24 16:22:48,453 [INFO] Snapshot state: FINISHING
2026-08-24 16:22:58,453 [DEBUG] API GET http://129.40.36.100:8080/api/public/v1.0/backup/third_party/group/6a386221ee19a6537cc68a97/clusters/6a39559ff9f8584e226bec72/snapshot/6a8cb47a3d9e727fec91723d
2026-08-24 16:22:58,600 [DEBUG] STATUS 200
2026-08-24 16:22:58,601 [DEBUG] {
  "nodes": [
    {
      "dbPath": "/fimongo1/data",
      "hidden": false,
      "hostname": "mdb8",
      "id": "mdb8:37017",
      "lastAgentPing": "2026-08-24T21:22:13Z",
      "memberState": "SECONDARY",
      "mongodbVersion": "8.0.26",
      "opTime": "2026-08-24T21:21:47Z",
      "oplogStoreType": "thirdPartyOplogStore",
      "port": 37017,
      "priority": 1.0,
      "rsId": "sgcShard_0",
      "snapshotable": true,
      "votes": 1
    },
    {
      "dbPath": "/fimongo1/data",
      "hidden": false,
      "hostname": "mdb7",
      "id": "mdb7:37017",
      "lastAgentPing": "2026-08-24T21:22:08Z",
      "memberState": "SECONDARY",
      "mongodbVersion": "8.0.26",
      "opTime": "2026-08-24T21:21:55Z",
      "oplogStoreType": "thirdPartyOplogStore",
      "port": 37017,
      "priority": 1.0,
      "rsId": "configRS",
      "snapshotable": true,
      "votes": 1
    },
    {
      "dbPath": "/fimongo1/data",
      "hidden": false,
      "hostname": "mdb9",
      "id": "mdb9:37017",
      "lastAgentPing": "2026-08-24T21:22:05Z",
      "memberState": "SECONDARY",
      "mongodbVersion": "8.0.26",
      "opTime": "2026-08-24T21:21:57Z",
      "oplogStoreType": "thirdPartyOplogStore",
      "port": 37017,
      "priority": 1.0,
      "rsId": "sgcShard_1",
      "snapshotable": true,
      "votes": 1
    }
  ],
  "state": "FINISHING"
}
2026-08-24 16:22:58,601 [INFO] Snapshot state: FINISHING
2026-08-24 16:23:08,602 [DEBUG] API GET http://129.40.36.100:8080/api/public/v1.0/backup/third_party/group/6a386221ee19a6537cc68a97/clusters/6a39559ff9f8584e226bec72/snapshot/6a8cb47a3d9e727fec91723d
2026-08-24 16:23:08,746 [DEBUG] STATUS 200
2026-08-24 16:23:08,747 [DEBUG] {
  "nodes": [
    {
      "dbPath": "/fimongo1/data",
      "hidden": false,
      "hostname": "mdb8",
      "id": "mdb8:37017",
      "lastAgentPing": "2026-08-24T21:22:13Z",
      "memberState": "SECONDARY",
      "mongodbVersion": "8.0.26",
      "opTime": "2026-08-24T21:21:47Z",
      "oplogStoreType": "thirdPartyOplogStore",
      "port": 37017,
      "priority": 1.0,
      "rsId": "sgcShard_0",
      "snapshotable": true,
      "votes": 1
    },
    {
      "dbPath": "/fimongo1/data",
      "hidden": false,
      "hostname": "mdb7",
      "id": "mdb7:37017",
      "lastAgentPing": "2026-08-24T21:22:08Z",
      "memberState": "SECONDARY",
      "mongodbVersion": "8.0.26",
      "opTime": "2026-08-24T21:21:55Z",
      "oplogStoreType": "thirdPartyOplogStore",
      "port": 37017,
      "priority": 1.0,
      "rsId": "configRS",
      "snapshotable": true,
      "votes": 1
    },
    {
      "dbPath": "/fimongo1/data",
      "hidden": false,
      "hostname": "mdb9",
      "id": "mdb9:37017",
      "lastAgentPing": "2026-08-24T21:23:04Z",
      "memberState": "SECONDARY",
      "mongodbVersion": "8.0.26",
      "opTime": "2026-08-24T21:21:57Z",
      "oplogStoreType": "thirdPartyOplogStore",
      "port": 37017,
      "priority": 1.0,
      "rsId": "sgcShard_1",
      "snapshotable": true,
      "votes": 1
    }
  ],
  "state": "FINISHING"
}
2026-08-24 16:23:08,747 [INFO] Snapshot state: FINISHING
2026-08-24 16:23:18,748 [DEBUG] API GET http://129.40.36.100:8080/api/public/v1.0/backup/third_party/group/6a386221ee19a6537cc68a97/clusters/6a39559ff9f8584e226bec72/snapshot/6a8cb47a3d9e727fec91723d
2026-08-24 16:23:18,900 [DEBUG] STATUS 200
2026-08-24 16:23:18,900 [DEBUG] {
  "nodes": [
    {
      "dbPath": "/fimongo1/data",
      "hidden": false,
      "hostname": "mdb8",
      "id": "mdb8:37017",
      "lastAgentPing": "2026-08-24T21:23:11Z",
      "memberState": "SECONDARY",
      "mongodbVersion": "8.0.26",
      "opTime": "2026-08-24T21:21:47Z",
      "oplogStoreType": "thirdPartyOplogStore",
      "port": 37017,
      "priority": 1.0,
      "rsId": "sgcShard_0",
      "snapshotable": true,
      "votes": 1
    },
    {
      "dbPath": "/fimongo1/data",
      "hidden": false,
      "hostname": "mdb7",
      "id": "mdb7:37017",
      "lastAgentPing": "2026-08-24T21:23:10Z",
      "memberState": "SECONDARY",
      "mongodbVersion": "8.0.26",
      "opTime": "2026-08-24T21:21:55Z",
      "oplogStoreType": "thirdPartyOplogStore",
      "port": 37017,
      "priority": 1.0,
      "rsId": "configRS",
      "snapshotable": true,
      "votes": 1
    },
    {
      "dbPath": "/fimongo1/data",
      "hidden": false,
      "hostname": "mdb9",
      "id": "mdb9:37017",
      "lastAgentPing": "2026-08-24T21:23:04Z",
      "memberState": "SECONDARY",
      "mongodbVersion": "8.0.26",
      "opTime": "2026-08-24T21:21:57Z",
      "oplogStoreType": "thirdPartyOplogStore",
      "port": 37017,
      "priority": 1.0,
      "rsId": "sgcShard_1",
      "snapshotable": true,
      "votes": 1
    }
  ],
  "snapshotMetadata": {
    "clusterId": "6a39559ff9f8584e226bec72",
    "clusterName": "sgcCluster",
    "groupId": "6a386221ee19a6537cc68a97",
    "restoreTimestamp": {
      "increment": 1,
      "time": 1787606232
    },
    "rsSnapshotsMetadata": [
      {
        "defaultRWConcern": {
          "defaultReadConcern": {
            "level": "local"
          },
          "defaultReadConcernSource": "implicit",
          "defaultWriteConcern": {
            "w": "majority",
            "wtimeout": 0
          },
          "defaultWriteConcernSource": "implicit",
          "localUpdateWallClockTime": "2026-08-24T21:18:05Z"
        },
        "encryption": false,
        "fcv": "8.0",
        "fileSize": 3809828864,
        "incremental": true,
        "isConfigShard": false,
        "keyEncryptionUUID": null,
        "lastOplogApplied": {
          "increment": 1,
          "time": 1787606232
        },
        "member": "SHARD",
        "mongodbVersion": "8.0.26",
        "oplogStoreType": "thirdPartyOplogStore",
        "rsId": "sgcShard_0",
        "shardId": "sgcShard_0",
        "snapshotVersion": 1,
        "srcBackupName": null,
        "startupOptions": {},
        "storageEngine": "wiredTiger",
        "thisBackupName": "mdb8.37017.1787606176"
      },
      {
        "defaultRWConcern": {
          "defaultReadConcern": {
            "level": "local"
          },
          "defaultReadConcernSource": "implicit",
          "defaultWriteConcern": {
            "w": "majority",
            "wtimeout": 0
          },
          "defaultWriteConcernSource": "implicit",
          "localUpdateWallClockTime": "2026-08-24T21:18:05Z"
        },
        "encryption": false,
        "fcv": "8.0",
        "fileSize": 121438208,
        "incremental": true,
        "isConfigShard": false,
        "keyEncryptionUUID": null,
        "lastOplogApplied": {
          "increment": 1,
          "time": 1787606232
        },
        "member": "CONFIG_SERVER",
        "mongodbVersion": "8.0.26",
        "oplogStoreType": "thirdPartyOplogStore",
        "rsId": "configRS",
        "shardId": "",
        "snapshotVersion": 1,
        "srcBackupName": null,
        "startupOptions": {},
        "storageEngine": "wiredTiger",
        "thisBackupName": "mdb7.37017.1787606233"
      },
      {
        "defaultRWConcern": {
          "defaultReadConcern": {
            "level": "local"
          },
          "defaultReadConcernSource": "implicit",
          "defaultWriteConcern": {
            "w": "majority",
            "wtimeout": 0
          },
          "defaultWriteConcernSource": "implicit",
          "localUpdateWallClockTime": "2026-08-24T21:21:48Z"
        },
        "encryption": false,
        "fcv": "8.0",
        "fileSize": 63690280960,
        "incremental": true,
        "isConfigShard": false,
        "keyEncryptionUUID": null,
        "lastOplogApplied": {
          "increment": 1,
          "time": 1787606232
        },
        "member": "SHARD",
        "mongodbVersion": "8.0.26",
        "oplogStoreType": "thirdPartyOplogStore",
        "rsId": "sgcShard_1",
        "shardId": "sgcShard_1",
        "snapshotVersion": 1,
        "srcBackupName": null,
        "startupOptions": {},
        "storageEngine": "wiredTiger",
        "thisBackupName": "mdb9.37017.1787606225"
      }
    ],
    "snapshotId": "6a8cb47a3d9e727fec91723d",
    "snapshotTimestamp": {
      "increment": 1,
      "time": 1787606232
    }
  },
  "state": "FINISHED"
}
2026-08-24 16:23:18,901 [INFO] Snapshot state: FINISHED
2026-08-24 16:23:18,901 [INFO] Collecting host mount metadata
2026-08-24 16:23:20,030 [INFO] Metadata saved: runs/sgcCluster_20260824T211538Z\snapshot_metadata.json
2026-08-24 16:23:20,031 [INFO] Snapshot workflow completed successfully
2026-08-24 16:23:20,031 [INFO] Sleeping for 60 seconds
2026-08-24 16:24:20,032 [INFO] === TAKING REMOTE IBM FLASHSYSTEM SNAPSHOT NOW ===
2026-08-24 16:24:24,924 [INFO] === Backup Complete ===
