2026-10-02 15:44:47,372 [INFO] Starting Ops Manager restore workflow
2026-10-02 15:44:47,372 [INFO] Restore point 6ac0155b7c5bbb3be00623a9 taken from cluster 'sgcCluster' at 2026-10-02T20:40:53.475898+00:00
2026-10-02 15:44:47,372 [INFO] Restore log: runs\sgcCluster_20261002T203336Z\restore_6ac0155b7c5bbb3be00623a9_20261002T204447Z.log
2026-10-02 15:44:47,372 [INFO] Building infrastructure map for target cluster 'tgtCluster'
2026-10-02 15:45:46,596 [INFO] Shard mapping supplied by --shardmap:
2026-10-02 15:45:46,596 [INFO]   configRS -> tgtconfigRS
2026-10-02 15:45:46,597 [INFO]   sgcShard_0 -> tgtShard_0
2026-10-02 15:45:46,597 [INFO]   sgcShard_1 -> tgtShard_1
2026-10-02 15:45:46,599 [INFO] Restore record: runs\sgcCluster_20261002T203336Z\restore_metadata.json
2026-10-02 15:45:46,599 [INFO] call  find_cluster('http://129.40.36.100:8080', '6a386221ee19a6537cc68a97', <requests.auth.HTTPDigestAuth object at 0x00000279C5536E40>, 'tgtCluster')
2026-10-02 15:45:46,599 [DEBUG] API GET http://129.40.36.100:8080/api/public/v1.0/backup/third_party/group/6a386221ee19a6537cc68a97/clusters
2026-10-02 15:45:46,720 [DEBUG] STATUS 200
2026-10-02 15:45:46,721 [DEBUG] {
  "clusters": [
    {
      "clusterId": "6a387fc1f9f8584e2262c8f3",
      "clusterName": "testRep",
      "groupId": "6a386221ee19a6537cc68a97",
      "jobId": "6a387fc1f9f8584e2262c8f3",
      "state": "ACTIVE"
    },
    {
      "clusterId": "6a3939acf9f8584e226a56e4",
      "clusterName": "tsetrepRestore",
      "groupId": "6a386221ee19a6537cc68a97",
      "jobId": "6a3939acf9f8584e226a56e4",
      "state": "ACTIVE"
    },
    {
      "clusterId": "6a39559ff9f8584e226bec72",
      "clusterName": "sgcCluster",
      "groupId": "6a386221ee19a6537cc68a97",
      "jobId": "6a39559ff9f8584e226bec72",
      "state": "ACTIVE"
    },
    {
      "clusterId": "6a67ab0a0b3bb92668612c59",
      "clusterName": "tgtCluster",
      "groupId": "6a386221ee19a6537cc68a97",
      "jobId": "6a67ab0a0b3bb92668612c59",
      "state": "ACTIVE"
    }
  ]
}
2026-10-02 15:45:46,721 [INFO] ret   find_cluster -> '6a67ab0a0b3bb92668612c59'
2026-10-02 15:45:46,722 [INFO] call  get_cluster_nodes('http://129.40.36.100:8080', '6a386221ee19a6537cc68a97', '6a67ab0a0b3bb92668612c59', <requests.auth.HTTPDigestAuth object at 0x00000279C5536E40>)
2026-10-02 15:45:46,722 [DEBUG] API GET http://129.40.36.100:8080/api/public/v1.0/backup/third_party/group/6a386221ee19a6537cc68a97/clusters/6a67ab0a0b3bb92668612c59
2026-10-02 15:45:46,915 [DEBUG] STATUS 200
2026-10-02 15:45:46,916 [DEBUG] {
  "replicaSets": [
    {
      "id": "tgtShard_1",
      "nodes": [
        {
          "dbPath": "/fimongo1/data",
          "hidden": false,
          "hostname": "rmdb12",
          "id": "rmdb12:37017",
          "lastAgentPing": "2026-10-02T20:45:37Z",
          "memberState": "SECONDARY",
          "mongodbVersion": "8.0.26",
          "opTime": "2026-10-02T20:45:25Z",
          "oplogStoreType": "thirdPartyOplogStore",
          "port": 37017,
          "priority": 1.0,
          "rsId": "tgtShard_1",
          "snapshotable": true,
          "votes": 1
        },
        {
          "dbPath": "/fimongo1/data",
          "hidden": false,
          "hostname": "rmdb14",
          "id": "rmdb14:37017",
          "lastAgentPing": "2026-10-02T20:45:42Z",
          "memberState": "SECONDARY",
          "mongodbVersion": "8.0.26",
          "opTime": "2026-10-02T20:45:25Z",
          "oplogStoreType": "thirdPartyOplogStore",
          "port": 37017,
          "priority": 0.0,
          "rsId": "tgtShard_1",
          "snapshotable": true,
          "votes": 0
        },
        {
          "dbPath": "/fimongo1/data",
          "hidden": false,
          "hostname": "rmdb9",
          "id": "rmdb9:37017",
          "lastAgentPing": "2026-10-02T20:44:52Z",
          "memberState": "SECONDARY",
          "mongodbVersion": "8.0.26",
          "opTime": "2026-10-02T20:45:25Z",
          "oplogStoreType": "thirdPartyOplogStore",
          "port": 37017,
          "priority": 1.0,
          "rsId": "tgtShard_1",
          "snapshotable": true,
          "votes": 1
        },
        {
          "dbPath": "/fimongo1/data",
          "hidden": false,
          "hostname": "rmdb4",
          "id": "rmdb4:37017",
          "lastAgentPing": "2026-10-02T20:45:05Z",
          "memberState": "PRIMARY",
          "mongodbVersion": "8.0.26",
          "opTime": "2026-10-02T20:45:25Z",
          "oplogStoreType": "thirdPartyOplogStore",
          "port": 37017,
          "priority": 1.0,
          "rsId": "tgtShard_1",
          "snapshotable": true,
          "votes": 1
        },
        {
          "dbPath": "/fimongo1/data",
          "hidden": false,
          "hostname": "rmdb2",
          "id": "rmdb2:37017",
          "lastAgentPing": "2026-10-02T20:44:59Z",
          "memberState": "SECONDARY",
          "mongodbVersion": "8.0.26",
          "opTime": "2026-10-02T20:45:25Z",
          "oplogStoreType": "thirdPartyOplogStore",
          "port": 37017,
          "priority": 1.0,
          "rsId": "tgtShard_1",
          "snapshotable": true,
          "votes": 1
        }
      ],
      "oplogType": "thirdParty"
    },
    {
      "id": "tgtShard_0",
      "nodes": [
        {
          "dbPath": "/fimongo1/data",
          "hidden": false,
          "hostname": "rmdb8",
          "id": "rmdb8:37017",
          "lastAgentPing": "2026-10-02T20:45:08Z",
          "memberState": "SECONDARY",
          "mongodbVersion": "8.0.26",
          "opTime": "2026-10-02T20:45:25Z",
          "oplogStoreType": "thirdPartyOplogStore",
          "port": 37017,
          "priority": 1.0,
          "rsId": "tgtShard_0",
          "snapshotable": true,
          "votes": 1
        },
        {
          "dbPath": "/fimongo1/data",
          "hidden": false,
          "hostname": "rmdb13",
          "id": "rmdb13:37017",
          "lastAgentPing": "2026-10-02T20:45:42Z",
          "memberState": "PRIMARY",
          "mongodbVersion": "8.0.26",
          "opTime": "2026-10-02T20:45:25Z",
          "oplogStoreType": "thirdPartyOplogStore",
          "port": 37017,
          "priority": 1.0,
          "rsId": "tgtShard_0",
          "snapshotable": true,
          "votes": 1
        },
        {
          "dbPath": "/fimongo1/data",
          "hidden": false,
          "hostname": "rmdb1",
          "id": "rmdb1:37017",
          "lastAgentPing": "2026-10-02T20:44:49Z",
          "memberState": "SECONDARY",
          "mongodbVersion": "8.0.26",
          "opTime": "2026-10-02T20:45:25Z",
          "oplogStoreType": "thirdPartyOplogStore",
          "port": 37017,
          "priority": 1.0,
          "rsId": "tgtShard_0",
          "snapshotable": true,
          "votes": 1
        },
        {
          "dbPath": "/fimongo1/data",
          "hidden": false,
          "hostname": "rmdb3",
          "id": "rmdb3:37017",
          "lastAgentPing": "2026-10-02T20:45:21Z",
          "memberState": "SECONDARY",
          "mongodbVersion": "8.0.26",
          "opTime": "2026-10-02T20:45:25Z",
          "oplogStoreType": "thirdPartyOplogStore",
          "port": 37017,
          "priority": 1.0,
          "rsId": "tgtShard_0",
          "snapshotable": true,
          "votes": 1
        },
        {
          "dbPath": "/fimongo1/data",
          "hidden": false,
          "hostname": "rmdb11",
          "id": "rmdb11:37017",
          "lastAgentPing": "2026-10-02T20:45:28Z",
          "memberState": "SECONDARY",
          "mongodbVersion": "8.0.26",
          "opTime": "2026-10-02T20:45:25Z",
          "oplogStoreType": "thirdPartyOplogStore",
          "port": 37017,
          "priority": 1.0,
          "rsId": "tgtShard_0",
          "snapshotable": true,
          "votes": 1
        }
      ],
      "oplogType": "thirdParty"
    },
    {
      "id": "tgtconfigRS",
      "nodes": [
        {
          "dbPath": "/fimongo1/data",
          "hidden": false,
          "hostname": "rmdb7",
          "id": "rmdb7:37017",
          "lastAgentPing": "2026-10-02T20:45:24Z",
          "memberState": "PRIMARY",
          "mongodbVersion": "8.0.26",
          "opTime": "2026-10-02T20:45:29Z",
          "oplogStoreType": "thirdPartyOplogStore",
          "port": 37017,
          "priority": 1.0,
          "rsId": "tgtconfigRS",
          "snapshotable": true,
          "votes": 1
        },
        {
          "dbPath": "/fimongo1/data",
          "hidden": false,
          "hostname": "rmdb-config1",
          "id": "rmdb-config1:37017",
          "lastAgentPing": "2026-10-02T20:45:02Z",
          "memberState": "SECONDARY",
          "mongodbVersion": "8.0.26",
          "opTime": "2026-10-02T20:45:28Z",
          "oplogStoreType": "thirdPartyOplogStore",
          "port": 37017,
          "priority": 1.0,
          "rsId": "tgtconfigRS",
          "snapshotable": true,
          "votes": 1
        },
        {
          "dbPath": "/fimongo1/data",
          "hidden": false,
          "hostname": "rmdb-config2",
          "id": "rmdb-config2:37017",
          "lastAgentPing": "2026-10-02T20:45:03Z",
          "memberState": "SECONDARY",
          "mongodbVersion": "8.0.26",
          "opTime": "2026-10-02T20:45:28Z",
          "oplogStoreType": "thirdPartyOplogStore",
          "port": 37017,
          "priority": 1.0,
          "rsId": "tgtconfigRS",
          "snapshotable": true,
          "votes": 1
        }
      ],
      "oplogType": "thirdParty"
    }
  ],
  "restoreId": "6ac00ab9457a6b8070195e8c"
}
2026-10-02 15:45:46,917 [INFO] ret   get_cluster_nodes -> [{'id': 'rmdb12:37017', 'dbPath': '/fimongo1/data'}, {'id': 'rmdb14:37017', 'dbPath': '/fimongo1/data'}, {'id': 'rmdb9:37017', 'dbPath': '/fimongo1/data'}, {'id': 'rmdb4:37017', 'dbPath': '/fimongo1/data'}, {'id': 'rmdb2:37017', 'dbPath': '/fimongo1/data'}, {'id': 'rmdb8:37017', 'dbPath': '/fimongo1/data'}, {'id': 'rmdb13:37017', 'dbPath': '/fimongo1/data'}, {'id': 'rmdb1:37017', 'dbPath': '/fimongo1/data'}, {'id': 'rmdb3:37017', 'dbPath': '/fimongo1/data'}, {'id': 'rmdb11:37017', 'dbPath': '/fimongo1/data'}, {'id': 'rmdb7:37017', 'dbPath': '/fimongo1/data'}, {'id': 'rmdb-config1:37017', 'dbPath': '/fimongo1/data'}, {'id': 'rmdb-config2:37017', 'dbPath': '/fimongo1/data'}]
2026-10-02 15:45:46,917 [INFO] call  get_cluster_topology('http://129.40.36.100:8080', '6a386221ee19a6537cc68a97', '6a67ab0a0b3bb92668612c59', <requests.auth.HTTPDigestAuth object at 0x00000279C5536E40>)
2026-10-02 15:45:46,917 [DEBUG] API GET http://129.40.36.100:8080/api/public/v1.0/backup/third_party/group/6a386221ee19a6537cc68a97/clusters/6a67ab0a0b3bb92668612c59
2026-10-02 15:45:47,120 [DEBUG] STATUS 200
2026-10-02 15:45:47,120 [DEBUG] {
  "replicaSets": [
    {
      "id": "tgtShard_1",
      "nodes": [
        {
          "dbPath": "/fimongo1/data",
          "hidden": false,
          "hostname": "rmdb12",
          "id": "rmdb12:37017",
          "lastAgentPing": "2026-10-02T20:45:37Z",
          "memberState": "SECONDARY",
          "mongodbVersion": "8.0.26",
          "opTime": "2026-10-02T20:45:25Z",
          "oplogStoreType": "thirdPartyOplogStore",
          "port": 37017,
          "priority": 1.0,
          "rsId": "tgtShard_1",
          "snapshotable": true,
          "votes": 1
        },
        {
          "dbPath": "/fimongo1/data",
          "hidden": false,
          "hostname": "rmdb14",
          "id": "rmdb14:37017",
          "lastAgentPing": "2026-10-02T20:45:42Z",
          "memberState": "SECONDARY",
          "mongodbVersion": "8.0.26",
          "opTime": "2026-10-02T20:45:25Z",
          "oplogStoreType": "thirdPartyOplogStore",
          "port": 37017,
          "priority": 0.0,
          "rsId": "tgtShard_1",
          "snapshotable": true,
          "votes": 0
        },
        {
          "dbPath": "/fimongo1/data",
          "hidden": false,
          "hostname": "rmdb9",
          "id": "rmdb9:37017",
          "lastAgentPing": "2026-10-02T20:44:52Z",
          "memberState": "SECONDARY",
          "mongodbVersion": "8.0.26",
          "opTime": "2026-10-02T20:45:25Z",
          "oplogStoreType": "thirdPartyOplogStore",
          "port": 37017,
          "priority": 1.0,
          "rsId": "tgtShard_1",
          "snapshotable": true,
          "votes": 1
        },
        {
          "dbPath": "/fimongo1/data",
          "hidden": false,
          "hostname": "rmdb4",
          "id": "rmdb4:37017",
          "lastAgentPing": "2026-10-02T20:45:05Z",
          "memberState": "PRIMARY",
          "mongodbVersion": "8.0.26",
          "opTime": "2026-10-02T20:45:25Z",
          "oplogStoreType": "thirdPartyOplogStore",
          "port": 37017,
          "priority": 1.0,
          "rsId": "tgtShard_1",
          "snapshotable": true,
          "votes": 1
        },
        {
          "dbPath": "/fimongo1/data",
          "hidden": false,
          "hostname": "rmdb2",
          "id": "rmdb2:37017",
          "lastAgentPing": "2026-10-02T20:44:59Z",
          "memberState": "SECONDARY",
          "mongodbVersion": "8.0.26",
          "opTime": "2026-10-02T20:45:25Z",
          "oplogStoreType": "thirdPartyOplogStore",
          "port": 37017,
          "priority": 1.0,
          "rsId": "tgtShard_1",
          "snapshotable": true,
          "votes": 1
        }
      ],
      "oplogType": "thirdParty"
    },
    {
      "id": "tgtShard_0",
      "nodes": [
        {
          "dbPath": "/fimongo1/data",
          "hidden": false,
          "hostname": "rmdb8",
          "id": "rmdb8:37017",
          "lastAgentPing": "2026-10-02T20:45:08Z",
          "memberState": "SECONDARY",
          "mongodbVersion": "8.0.26",
          "opTime": "2026-10-02T20:45:25Z",
          "oplogStoreType": "thirdPartyOplogStore",
          "port": 37017,
          "priority": 1.0,
          "rsId": "tgtShard_0",
          "snapshotable": true,
          "votes": 1
        },
        {
          "dbPath": "/fimongo1/data",
          "hidden": false,
          "hostname": "rmdb13",
          "id": "rmdb13:37017",
          "lastAgentPing": "2026-10-02T20:45:42Z",
          "memberState": "PRIMARY",
          "mongodbVersion": "8.0.26",
          "opTime": "2026-10-02T20:45:25Z",
          "oplogStoreType": "thirdPartyOplogStore",
          "port": 37017,
          "priority": 1.0,
          "rsId": "tgtShard_0",
          "snapshotable": true,
          "votes": 1
        },
        {
          "dbPath": "/fimongo1/data",
          "hidden": false,
          "hostname": "rmdb1",
          "id": "rmdb1:37017",
          "lastAgentPing": "2026-10-02T20:44:49Z",
          "memberState": "SECONDARY",
          "mongodbVersion": "8.0.26",
          "opTime": "2026-10-02T20:45:25Z",
          "oplogStoreType": "thirdPartyOplogStore",
          "port": 37017,
          "priority": 1.0,
          "rsId": "tgtShard_0",
          "snapshotable": true,
          "votes": 1
        },
        {
          "dbPath": "/fimongo1/data",
          "hidden": false,
          "hostname": "rmdb3",
          "id": "rmdb3:37017",
          "lastAgentPing": "2026-10-02T20:45:21Z",
          "memberState": "SECONDARY",
          "mongodbVersion": "8.0.26",
          "opTime": "2026-10-02T20:45:25Z",
          "oplogStoreType": "thirdPartyOplogStore",
          "port": 37017,
          "priority": 1.0,
          "rsId": "tgtShard_0",
          "snapshotable": true,
          "votes": 1
        },
        {
          "dbPath": "/fimongo1/data",
          "hidden": false,
          "hostname": "rmdb11",
          "id": "rmdb11:37017",
          "lastAgentPing": "2026-10-02T20:45:28Z",
          "memberState": "SECONDARY",
          "mongodbVersion": "8.0.26",
          "opTime": "2026-10-02T20:45:25Z",
          "oplogStoreType": "thirdPartyOplogStore",
          "port": 37017,
          "priority": 1.0,
          "rsId": "tgtShard_0",
          "snapshotable": true,
          "votes": 1
        }
      ],
      "oplogType": "thirdParty"
    },
    {
      "id": "tgtconfigRS",
      "nodes": [
        {
          "dbPath": "/fimongo1/data",
          "hidden": false,
          "hostname": "rmdb7",
          "id": "rmdb7:37017",
          "lastAgentPing": "2026-10-02T20:45:24Z",
          "memberState": "PRIMARY",
          "mongodbVersion": "8.0.26",
          "opTime": "2026-10-02T20:45:29Z",
          "oplogStoreType": "thirdPartyOplogStore",
          "port": 37017,
          "priority": 1.0,
          "rsId": "tgtconfigRS",
          "snapshotable": true,
          "votes": 1
        },
        {
          "dbPath": "/fimongo1/data",
          "hidden": false,
          "hostname": "rmdb-config1",
          "id": "rmdb-config1:37017",
          "lastAgentPing": "2026-10-02T20:45:02Z",
          "memberState": "SECONDARY",
          "mongodbVersion": "8.0.26",
          "opTime": "2026-10-02T20:45:28Z",
          "oplogStoreType": "thirdPartyOplogStore",
          "port": 37017,
          "priority": 1.0,
          "rsId": "tgtconfigRS",
          "snapshotable": true,
          "votes": 1
        },
        {
          "dbPath": "/fimongo1/data",
          "hidden": false,
          "hostname": "rmdb-config2",
          "id": "rmdb-config2:37017",
          "lastAgentPing": "2026-10-02T20:45:03Z",
          "memberState": "SECONDARY",
          "mongodbVersion": "8.0.26",
          "opTime": "2026-10-02T20:45:28Z",
          "oplogStoreType": "thirdPartyOplogStore",
          "port": 37017,
          "priority": 1.0,
          "rsId": "tgtconfigRS",
          "snapshotable": true,
          "votes": 1
        }
      ],
      "oplogType": "thirdParty"
    }
  ],
  "restoreId": "6ac00ab9457a6b8070195e8c"
}
2026-10-02 15:45:47,120 [INFO] ret   get_cluster_topology -> {'replicaSets': [{'id': 'tgtShard_1', 'nodes': [{'dbPath': '/fimongo1/data', 'hidden': False, 'hostname': 'rmdb12', 'id': 'rmdb12:37017', 'lastAgentPing': '2026-10-02T20:45:37Z', 'memberState': 'SECONDARY', 'mongodbVersion': '8.0.26', 'opTime': '2026-10-02T20:45:25Z', 'oplogStoreType': 'thirdPartyOplogStore', 'port': 37017, 'priority': 1.0, 'rsId': 'tgtShard_1', 'snapshotable': True, 'votes': 1}, {'dbPath': '/fimongo1/data', 'hidden': False, 'hostname': 'rmdb14', 'id': 'rmdb14:37017', 'lastAgentPing': '2026-10-02T20:45:42Z', 'memberState': 'SECONDARY', 'mongodbVersion': '8.0.26', 'opTime': '2026-10-02T20:45:25Z', 'oplogStoreType': 'thirdPartyOplogStore', 'port': 37017, 'priority': 0.0, 'rsId': 'tgtShard_1', 'snapshotable': True, 'votes': 0}, {'dbPath': '/fimongo1/data', 'hidden': False, 'hostname': 'rmdb9', 'id': 'rmdb9:37017', 'lastAgentPing': '2026-10-02T20:44:52Z', 'memberState': 'SECONDARY', 'mongodbVersion': '8.0.26', 'opTime': '2026-10-02T20:45:25Z', 'oplogStoreType': 'thirdPartyOplogStore', 'port': 37017, 'priority': 1.0, 'rsId': 'tgtShard_1', 'snapshotable': True, 'votes': 1}, {'dbPath': '/fimongo1/data', 'hidden': False, 'hostname': 'rmdb4', 'id': 'rmdb4:37017', 'lastAgentPing': '2026-10-02T20:45:05Z', 'memberState': 'PRIMARY', 'mongodbVersion': '8.0.26', 'opTime': '2026-10-02T20:45:25Z', 'oplogStoreType': 'thirdPartyOplogStore', 'port': 37017, 'priority': 1.0, 'rsId': 'tgtShard_1', 'snapshotable': True, 'votes': 1}, {'dbPath': '/fimongo1/data', 'hidden': False, 'hostname': 'rmdb2', 'id': 'rmdb2:37017', 'lastAgentPing': '2026-10-02T20:44:59Z', 'memberState': 'SECONDARY', 'mongodbVersion': '8.0.26', 'opTime': '2026-10-02T20:45:25Z', 'oplogStoreType': 'thirdPartyOplogStore', 'port': 37017, 'priority': 1.0, 'rsId': 'tgtShard_1', 'snapshotable': True, 'votes': 1}], 'oplogType': 'thirdParty'}, {'id': 'tgtShard_0', 'nodes': [{'dbPath': '/fimongo1/data', 'hidden': False, 'hostname': 'rmdb8', 'id': 'rmdb8:37017', 'lastAgentPing': '2026-10-02T20:45:08Z', 'memberState': 'SECONDARY', 'mongodbVersion': '8.0.26', 'opTime': '2026-10-02T20:45:25Z', 'oplogStoreType': 'thirdPartyOplogStore', 'port': 37017, 'priority': 1.0, 'rsId': 'tgtShard_0', 'snapshotable': True, 'votes': 1}, {'dbPath': '/fimongo1/data', 'hidden': False, 'hostname': 'rmdb13', 'id': 'rmdb13:37017', 'lastAgentPing': '2026-10-02T20:45:42Z', 'memberState': 'PRIMARY', 'mongodbVersion': '8.0.26', 'opTime': '2026-10-02T20:45:25Z', 'oplogStoreType': 'thirdPartyOplogStore', 'port': 37017, 'priority': 1.0, 'rsId': 'tgtShard_0', 'snapshotable': True, 'votes': 1}, {'dbPath': '/fimongo1/data', 'hidden': False, 'hostname': 'rmdb1', 'id': 'rmdb1:37017', 'lastAgentPing': '2026-10-02T20:44:49Z', 'memberState': 'SECONDARY', 'mongodbVersion': '8.0.26', 'opTime': '2026-10-02T20:45:25Z', 'oplogStoreType': 'thirdPartyOplogStore', 'port': 37017, 'priority': 1.0, 'rsId': 'tgtShard_0', 'snapshotable': True, 'votes': 1}, {'dbPath': '/fimongo1/data', 'hidden': False, 'hostname': 'rmdb3', 'id': 'rmdb3:37017', 'lastAgentPing': '2026-10-02T20:45:21Z', 'memberState': 'SECONDARY', 'mongodbVersion': '8.0.26', 'opTime': '2026-10-02T20:45:25Z', 'oplogStoreType': 'thirdPartyOplogStore', 'port': 37017, 'priority': 1.0, 'rsId': 'tgtShard_0', 'snapshotable': True, 'votes': 1}, {'dbPath': '/fimongo1/data', 'hidden': False, 'hostname': 'rmdb11', 'id': 'rmdb11:37017', 'lastAgentPing': '2026-10-02T20:45:28Z', 'memberState': 'SECONDARY', 'mongodbVersion': '8.0.26', 'opTime': '2026-10-02T20:45:25Z', 'oplogStoreType': 'thirdPartyOplogStore', 'port': 37017, 'priority': 1.0, 'rsId': 'tgtShard_0', 'snapshotable': True, 'votes': 1}], 'oplogType': 'thirdParty'}, {'id': 'tgtconfigRS', 'nodes': [{'dbPath': '/fimongo1/data', 'hidden': False, 'hostname': 'rmdb7', 'id': 'rmdb7:37017', 'lastAgentPing': '2026-10-02T20:45:24Z', 'memberState': 'PRIMARY', 'mongodbVersion': '8.0.26', 'opTime': '2026-10-02T20:45:29Z', 'oplogStoreType': 'thirdPartyOplogStore', 'port': 37017, 'priority': 1.0, 'rsId': 'tgtconfigRS', 'snapshotable': True, 'votes': 1}, {'dbPath': '/fimongo1/data', 'hidden': False, 'hostname': 'rmdb-config1', 'id': 'rmdb-config1:37017', 'lastAgentPing': '2026-10-02T20:45:02Z', 'memberState': 'SECONDARY', 'mongodbVersion': '8.0.26', 'opTime': '2026-10-02T20:45:28Z', 'oplogStoreType': 'thirdPartyOplogStore', 'port': 37017, 'priority': 1.0, 'rsId': 'tgtconfigRS', 'snapshotable': True, 'votes': 1}, {'dbPath': '/fimongo1/data', 'hidden': False, 'hostname': 'rmdb-config2', 'id': 'rmdb-config2:37017', 'lastAgentPing': '2026-10-02T20:45:03Z', 'memberState': 'SECONDARY', 'mongodbVersion': '8.0.26', 'opTime': '2026-10-02T20:45:28Z', 'oplogStoreType': 'thirdPartyOplogStore', 'port': 37017, 'priority': 1.0, 'rsId': 'tgtconfigRS', 'snapshotable': True, 'votes': 1}], 'oplogType': 'thirdParty'}], 'restoreId': '6ac00ab9457a6b8070195e8c'}
2026-10-02 15:45:47,121 [INFO] Source replica sets : 3
2026-10-02 15:45:47,121 [INFO] Destination replica sets : 3
2026-10-02 15:45:47,121 [INFO] Cluster topology validation passed
2026-10-02 15:45:47,122 [INFO] call  start_restore('http://129.40.36.100:8080', '6a386221ee19a6537cc68a97', '6a67ab0a0b3bb92668612c59', {'clusterId': '6a39559ff9f8584e226bec72', 'clusterName': 'sgcCluster', 'groupId': '6a386221ee19a6537cc68a97', 'restoreTimestamp': {'increment': 38, 'time': 1790973335}, 'rsSnapshotsMetadata': [{'defaultRWConcern': {'defaultReadConcern': {'level': 'local'}, 'defaultReadConcernSource': 'implicit', 'defaultWriteConcern': {'w': 'majority', 'wtimeout': 0}, 'defaultWriteConcernSource': 'implicit', 'localUpdateWallClockTime': '2026-10-02T20:37:54Z'}, 'encryption': False, 'fcv': '8.0', 'fileSize': 2254056841216, 'incremental': True, 'isConfigShard': False, 'keyEncryptionUUID': None, 'lastOplogApplied': {'increment': 38, 'time': 1790973335}, 'member': 'SHARD', 'mongodbVersion': '8.0.26', 'oplogStoreType': 'thirdPartyOplogStore', 'rsId': 'sgcShard_0', 'shardId': 'sgcShard_0', 'snapshotVersion': 1, 'srcBackupName': None, 'startupOptions': {}, 'storageEngine': 'wiredTiger', 'thisBackupName': 'mdb8.37017.1790973342'}, {'defaultRWConcern': {'defaultReadConcern': {'level': 'local'}, 'defaultReadConcernSource': 'implicit', 'defaultWriteConcern': {'w': 'majority', 'wtimeout': 0}, 'defaultWriteConcernSource': 'implicit', 'localUpdateWallClockTime': '2026-10-02T20:37:54Z'}, 'encryption': False, 'fcv': '8.0', 'fileSize': 199708672, 'incremental': True, 'isConfigShard': False, 'keyEncryptionUUID': None, 'lastOplogApplied': {'increment': 38, 'time': 1790973335}, 'member': 'CONFIG_SERVER', 'mongodbVersion': '8.0.26', 'oplogStoreType': 'thirdPartyOplogStore', 'rsId': 'configRS', 'shardId': '', 'snapshotVersion': 1, 'srcBackupName': None, 'startupOptions': {}, 'storageEngine': 'wiredTiger', 'thisBackupName': 'mdb7.37017.1790973291'}, {'defaultRWConcern': {'defaultReadConcern': {'level': 'local'}, 'defaultReadConcernSource': 'implicit', 'defaultWriteConcern': {'w': 'majority', 'wtimeout': 0}, 'defaultWriteConcernSource': 'implicit', 'localUpdateWallClockTime': '2026-10-02T20:37:54Z'}, 'encryption': False, 'fcv': '8.0', 'fileSize': 2254661816320, 'incremental': True, 'isConfigShard': False, 'keyEncryptionUUID': None, 'lastOplogApplied': {'increment': 38, 'time': 1790973335}, 'member': 'SHARD', 'mongodbVersion': '8.0.26', 'oplogStoreType': 'thirdPartyOplogStore', 'rsId': 'sgcShard_1', 'shardId': 'sgcShard_1', 'snapshotVersion': 1, 'srcBackupName': None, 'startupOptions': {}, 'storageEngine': 'wiredTiger', 'thisBackupName': 'mdb9.37017.1790973297'}], 'snapshotId': '6ac0155b7c5bbb3be00623a9', 'snapshotTimestamp': {'increment': 38, 'time': 1790973335}}, [{'id': 'rmdb12:37017', 'dbPath': '/fimongo1/data'}, {'id': 'rmdb14:37017', 'dbPath': '/fimongo1/data'}, {'id': 'rmdb9:37017', 'dbPath': '/fimongo1/data'}, {'id': 'rmdb4:37017', 'dbPath': '/fimongo1/data'}, {'id': 'rmdb2:37017', 'dbPath': '/fimongo1/data'}, {'id': 'rmdb8:37017', 'dbPath': '/fimongo1/data'}, {'id': 'rmdb13:37017', 'dbPath': '/fimongo1/data'}, {'id': 'rmdb1:37017', 'dbPath': '/fimongo1/data'}, {'id': 'rmdb3:37017', 'dbPath': '/fimongo1/data'}, {'id': 'rmdb11:37017', 'dbPath': '/fimongo1/data'}, {'id': 'rmdb7:37017', 'dbPath': '/fimongo1/data'}, {'id': 'rmdb-config1:37017', 'dbPath': '/fimongo1/data'}, {'id': 'rmdb-config2:37017', 'dbPath': '/fimongo1/data'}], <requests.auth.HTTPDigestAuth object at 0x00000279C5536E40>)
2026-10-02 15:45:47,122 [DEBUG] API POST http://129.40.36.100:8080/api/public/v1.0/backup/third_party/group/6a386221ee19a6537cc68a97/clusters/6a67ab0a0b3bb92668612c59/restore
2026-10-02 15:45:47,122 [DEBUG] {
  "snapshotsMetadata": [
    {
      "clusterId": "6a39559ff9f8584e226bec72",
      "clusterName": "sgcCluster",
      "groupId": "6a386221ee19a6537cc68a97",
      "restoreTimestamp": {
        "increment": 38,
        "time": 1790973335
      },
      "rsSnapshotsMetadata": [
        {
          "defaultRWConcern": {
            "defaultReadConcern": {
              "level": "local"
            },
            "defaultReadConcernSource": "implicit",
            "defaultWriteConcern": {
              "w": "majority",
              "wtimeout": 0
            },
            "defaultWriteConcernSource": "implicit",
            "localUpdateWallClockTime": "2026-10-02T20:37:54Z"
          },
          "encryption": false,
          "fcv": "8.0",
          "fileSize": 2254056841216,
          "incremental": true,
          "isConfigShard": false,
          "keyEncryptionUUID": null,
          "lastOplogApplied": {
            "increment": 38,
            "time": 1790973335
          },
          "member": "SHARD",
          "mongodbVersion": "8.0.26",
          "oplogStoreType": "thirdPartyOplogStore",
          "rsId": "sgcShard_0",
          "shardId": "sgcShard_0",
          "snapshotVersion": 1,
          "srcBackupName": null,
          "startupOptions": {},
          "storageEngine": "wiredTiger",
          "thisBackupName": "mdb8.37017.1790973342"
        },
        {
          "defaultRWConcern": {
            "defaultReadConcern": {
              "level": "local"
            },
            "defaultReadConcernSource": "implicit",
            "defaultWriteConcern": {
              "w": "majority",
              "wtimeout": 0
            },
            "defaultWriteConcernSource": "implicit",
            "localUpdateWallClockTime": "2026-10-02T20:37:54Z"
          },
          "encryption": false,
          "fcv": "8.0",
          "fileSize": 199708672,
          "incremental": true,
          "isConfigShard": false,
          "keyEncryptionUUID": null,
          "lastOplogApplied": {
            "increment": 38,
            "time": 1790973335
          },
          "member": "CONFIG_SERVER",
          "mongodbVersion": "8.0.26",
          "oplogStoreType": "thirdPartyOplogStore",
          "rsId": "configRS",
          "shardId": "",
          "snapshotVersion": 1,
          "srcBackupName": null,
          "startupOptions": {},
          "storageEngine": "wiredTiger",
          "thisBackupName": "mdb7.37017.1790973291"
        },
        {
          "defaultRWConcern": {
            "defaultReadConcern": {
              "level": "local"
            },
            "defaultReadConcernSource": "implicit",
            "defaultWriteConcern": {
              "w": "majority",
              "wtimeout": 0
            },
            "defaultWriteConcernSource": "implicit",
            "localUpdateWallClockTime": "2026-10-02T20:37:54Z"
          },
          "encryption": false,
          "fcv": "8.0",
          "fileSize": 2254661816320,
          "incremental": true,
          "isConfigShard": false,
          "keyEncryptionUUID": null,
          "lastOplogApplied": {
            "increment": 38,
            "time": 1790973335
          },
          "member": "SHARD",
          "mongodbVersion": "8.0.26",
          "oplogStoreType": "thirdPartyOplogStore",
          "rsId": "sgcShard_1",
          "shardId": "sgcShard_1",
          "snapshotVersion": 1,
          "srcBackupName": null,
          "startupOptions": {},
          "storageEngine": "wiredTiger",
          "thisBackupName": "mdb9.37017.1790973297"
        }
      ],
      "snapshotId": "6ac0155b7c5bbb3be00623a9",
      "snapshotTimestamp": {
        "increment": 38,
        "time": 1790973335
      }
    }
  ],
  "nodes": [
    {
      "id": "rmdb12:37017",
      "restoreRole": "RESTORE"
    },
    {
      "id": "rmdb14:37017",
      "restoreRole": "RESTORE"
    },
    {
      "id": "rmdb9:37017",
      "restoreRole": "RESTORE"
    },
    {
      "id": "rmdb4:37017",
      "restoreRole": "RESTORE"
    },
    {
      "id": "rmdb2:37017",
      "restoreRole": "RESTORE"
    },
    {
      "id": "rmdb8:37017",
      "restoreRole": "RESTORE"
    },
    {
      "id": "rmdb13:37017",
      "restoreRole": "RESTORE"
    },
    {
      "id": "rmdb1:37017",
      "restoreRole": "RESTORE"
    },
    {
      "id": "rmdb3:37017",
      "restoreRole": "RESTORE"
    },
    {
      "id": "rmdb11:37017",
      "restoreRole": "RESTORE"
    },
    {
      "id": "rmdb7:37017",
      "restoreRole": "RESTORE"
    },
    {
      "id": "rmdb-config1:37017",
      "restoreRole": "RESTORE"
    },
    {
      "id": "rmdb-config2:37017",
      "restoreRole": "RESTORE"
    }
  ]
}
2026-10-02 15:45:47,283 [DEBUG] STATUS 200
2026-10-02 15:45:47,284 [DEBUG] {
  "clusterMapping": [
    {
      "nodes": [
        {
          "error": null,
          "hostname": "rmdb8",
          "id": "rmdb8:37017",
          "port": 37017,
          "rsId": "tgtShard_0",
          "state": "INITIAL",
          "stateUpdateTime": null
        },
        {
          "error": null,
          "hostname": "rmdb13",
          "id": "rmdb13:37017",
          "port": 37017,
          "rsId": "tgtShard_0",
          "state": "INITIAL",
          "stateUpdateTime": null
        },
        {
          "error": null,
          "hostname": "rmdb1",
          "id": "rmdb1:37017",
          "port": 37017,
          "rsId": "tgtShard_0",
          "state": "INITIAL",
          "stateUpdateTime": null
        },
        {
          "error": null,
          "hostname": "rmdb3",
          "id": "rmdb3:37017",
          "port": 37017,
          "rsId": "tgtShard_0",
          "state": "INITIAL",
          "stateUpdateTime": null
        },
        {
          "error": null,
          "hostname": "rmdb11",
          "id": "rmdb11:37017",
          "port": 37017,
          "rsId": "tgtShard_0",
          "state": "INITIAL",
          "stateUpdateTime": null
        }
      ],
      "rsId": "sgcShard_0",
      "targetRsId": "tgtShard_0"
    },
    {
      "nodes": [
        {
          "error": null,
          "hostname": "rmdb12",
          "id": "rmdb12:37017",
          "port": 37017,
          "rsId": "tgtShard_1",
          "state": "INITIAL",
          "stateUpdateTime": null
        },
        {
          "error": null,
          "hostname": "rmdb14",
          "id": "rmdb14:37017",
          "port": 37017,
          "rsId": "tgtShard_1",
          "state": "INITIAL",
          "stateUpdateTime": null
        },
        {
          "error": null,
          "hostname": "rmdb9",
          "id": "rmdb9:37017",
          "port": 37017,
          "rsId": "tgtShard_1",
          "state": "INITIAL",
          "stateUpdateTime": null
        },
        {
          "error": null,
          "hostname": "rmdb4",
          "id": "rmdb4:37017",
          "port": 37017,
          "rsId": "tgtShard_1",
          "state": "INITIAL",
          "stateUpdateTime": null
        },
        {
          "error": null,
          "hostname": "rmdb2",
          "id": "rmdb2:37017",
          "port": 37017,
          "rsId": "tgtShard_1",
          "state": "INITIAL",
          "stateUpdateTime": null
        }
      ],
      "rsId": "sgcShard_1",
      "targetRsId": "tgtShard_1"
    },
    {
      "nodes": [
        {
          "error": null,
          "hostname": "rmdb7",
          "id": "rmdb7:37017",
          "port": 37017,
          "rsId": "tgtconfigRS",
          "state": "INITIAL",
          "stateUpdateTime": null
        },
        {
          "error": null,
          "hostname": "rmdb-config1",
          "id": "rmdb-config1:37017",
          "port": 37017,
          "rsId": "tgtconfigRS",
          "state": "INITIAL",
          "stateUpdateTime": null
        },
        {
          "error": null,
          "hostname": "rmdb-config2",
          "id": "rmdb-config2:37017",
          "port": 37017,
          "rsId": "tgtconfigRS",
          "state": "INITIAL",
          "stateUpdateTime": null
        }
      ],
      "rsId": "configRS",
      "targetRsId": "tgtconfigRS"
    }
  ],
  "restoreId": "6ac017fb457a6b8070196aeb"
}
2026-10-02 15:45:47,284 [INFO] ret   start_restore -> '6ac017fb457a6b8070196aeb'
2026-10-02 15:45:47,284 [INFO] Restore ID: 6ac017fb457a6b8070196aeb
2026-10-02 15:45:47,285 [INFO] call  start_restore_execution('http://129.40.36.100:8080', '6a386221ee19a6537cc68a97', '6ac017fb457a6b8070196aeb', <requests.auth.HTTPDigestAuth object at 0x00000279C5536E40>)
2026-10-02 15:45:47,285 [DEBUG] API POST http://129.40.36.100:8080/api/public/v1.0/backup/third_party/group/6a386221ee19a6537cc68a97/restore/6ac017fb457a6b8070196aeb/start
2026-10-02 15:45:47,681 [DEBUG] STATUS 200
2026-10-02 15:45:47,681 [DEBUG] {
  "errorCode": "NONE",
  "version": "1",
  "status": "OK"
}
2026-10-02 15:45:47,681 [INFO] ret   start_restore_execution -> None
2026-10-02 15:45:47,682 [DEBUG] API GET http://129.40.36.100:8080/api/public/v1.0/backup/third_party/group/6a386221ee19a6537cc68a97/restore/6ac017fb457a6b8070196aeb
2026-10-02 15:45:47,880 [DEBUG] STATUS 200
2026-10-02 15:45:47,881 [DEBUG] {
  "clusterMapping": [
    {
      "rsId": "sgcShard_0",
      "targetRsId": "tgtShard_0"
    },
    {
      "rsId": "sgcShard_1",
      "targetRsId": "tgtShard_1"
    },
    {
      "rsId": "configRS",
      "targetRsId": "tgtconfigRS"
    }
  ],
  "nodes": [
    {
      "error": null,
      "hostname": "rmdb12",
      "id": "rmdb12:37017",
      "port": 37017,
      "rsId": "tgtShard_1",
      "state": "PENDING",
      "stateUpdateTime": 1790973947
    },
    {
      "error": null,
      "hostname": "rmdb14",
      "id": "rmdb14:37017",
      "port": 37017,
      "rsId": "tgtShard_1",
      "state": "PENDING",
      "stateUpdateTime": 1790973947
    },
    {
      "error": null,
      "hostname": "rmdb9",
      "id": "rmdb9:37017",
      "port": 37017,
      "rsId": "tgtShard_1",
      "state": "PENDING",
      "stateUpdateTime": 1790973947
    },
    {
      "error": null,
      "hostname": "rmdb4",
      "id": "rmdb4:37017",
      "port": 37017,
      "rsId": "tgtShard_1",
      "state": "PENDING",
      "stateUpdateTime": 1790973947
    },
    {
      "error": null,
      "hostname": "rmdb2",
      "id": "rmdb2:37017",
      "port": 37017,
      "rsId": "tgtShard_1",
      "state": "PENDING",
      "stateUpdateTime": 1790973947
    },
    {
      "error": null,
      "hostname": "rmdb8",
      "id": "rmdb8:37017",
      "port": 37017,
      "rsId": "tgtShard_0",
      "state": "PENDING",
      "stateUpdateTime": 1790973947
    },
    {
      "error": null,
      "hostname": "rmdb13",
      "id": "rmdb13:37017",
      "port": 37017,
      "rsId": "tgtShard_0",
      "state": "PENDING",
      "stateUpdateTime": 1790973947
    },
    {
      "error": null,
      "hostname": "rmdb1",
      "id": "rmdb1:37017",
      "port": 37017,
      "rsId": "tgtShard_0",
      "state": "PENDING",
      "stateUpdateTime": 1790973947
    },
    {
      "error": null,
      "hostname": "rmdb3",
      "id": "rmdb3:37017",
      "port": 37017,
      "rsId": "tgtShard_0",
      "state": "PENDING",
      "stateUpdateTime": 1790973947
    },
    {
      "error": null,
      "hostname": "rmdb11",
      "id": "rmdb11:37017",
      "port": 37017,
      "rsId": "tgtShard_0",
      "state": "PENDING",
      "stateUpdateTime": 1790973947
    },
    {
      "error": null,
      "hostname": "rmdb7",
      "id": "rmdb7:37017",
      "port": 37017,
      "rsId": "tgtconfigRS",
      "state": "PENDING",
      "stateUpdateTime": 1790973947
    },
    {
      "error": null,
      "hostname": "rmdb-config1",
      "id": "rmdb-config1:37017",
      "port": 37017,
      "rsId": "tgtconfigRS",
      "state": "PENDING",
      "stateUpdateTime": 1790973947
    },
    {
      "error": null,
      "hostname": "rmdb-config2",
      "id": "rmdb-config2:37017",
      "port": 37017,
      "rsId": "tgtconfigRS",
      "state": "PENDING",
      "stateUpdateTime": 1790973947
    }
  ],
  "state": "PENDING"
}
2026-10-02 15:45:47,881 [INFO] Restore state: PENDING
2026-10-02 15:45:57,881 [DEBUG] API GET http://129.40.36.100:8080/api/public/v1.0/backup/third_party/group/6a386221ee19a6537cc68a97/restore/6ac017fb457a6b8070196aeb
2026-10-02 15:45:58,038 [DEBUG] STATUS 200
2026-10-02 15:45:58,038 [DEBUG] {
  "clusterMapping": [
    {
      "rsId": "sgcShard_0",
      "targetRsId": "tgtShard_0"
    },
    {
      "rsId": "sgcShard_1",
      "targetRsId": "tgtShard_1"
    },
    {
      "rsId": "configRS",
      "targetRsId": "tgtconfigRS"
    }
  ],
  "nodes": [
    {
      "error": null,
      "hostname": "rmdb12",
      "id": "rmdb12:37017",
      "port": 37017,
      "rsId": "tgtShard_1",
      "state": "PENDING",
      "stateUpdateTime": 1790973947
    },
    {
      "error": null,
      "hostname": "rmdb14",
      "id": "rmdb14:37017",
      "port": 37017,
      "rsId": "tgtShard_1",
      "state": "PENDING",
      "stateUpdateTime": 1790973947
    },
    {
      "error": null,
      "hostname": "rmdb9",
      "id": "rmdb9:37017",
      "port": 37017,
      "rsId": "tgtShard_1",
      "state": "PENDING",
      "stateUpdateTime": 1790973947
    },
    {
      "error": null,
      "hostname": "rmdb4",
      "id": "rmdb4:37017",
      "port": 37017,
      "rsId": "tgtShard_1",
      "state": "PENDING",
      "stateUpdateTime": 1790973947
    },
    {
      "error": null,
      "hostname": "rmdb2",
      "id": "rmdb2:37017",
      "port": 37017,
      "rsId": "tgtShard_1",
      "state": "PENDING",
      "stateUpdateTime": 1790973947
    },
    {
      "error": null,
      "hostname": "rmdb8",
      "id": "rmdb8:37017",
      "port": 37017,
      "rsId": "tgtShard_0",
      "state": "PENDING",
      "stateUpdateTime": 1790973947
    },
    {
      "error": null,
      "hostname": "rmdb13",
      "id": "rmdb13:37017",
      "port": 37017,
      "rsId": "tgtShard_0",
      "state": "PENDING",
      "stateUpdateTime": 1790973947
    },
    {
      "error": null,
      "hostname": "rmdb1",
      "id": "rmdb1:37017",
      "port": 37017,
      "rsId": "tgtShard_0",
      "state": "PENDING",
      "stateUpdateTime": 1790973947
    },
    {
      "error": null,
      "hostname": "rmdb3",
      "id": "rmdb3:37017",
      "port": 37017,
      "rsId": "tgtShard_0",
      "state": "PENDING",
      "stateUpdateTime": 1790973947
    },
    {
      "error": null,
      "hostname": "rmdb11",
      "id": "rmdb11:37017",
      "port": 37017,
      "rsId": "tgtShard_0",
      "state": "PENDING",
      "stateUpdateTime": 1790973947
    },
    {
      "error": null,
      "hostname": "rmdb7",
      "id": "rmdb7:37017",
      "port": 37017,
      "rsId": "tgtconfigRS",
      "state": "PENDING",
      "stateUpdateTime": 1790973947
    },
    {
      "error": null,
      "hostname": "rmdb-config1",
      "id": "rmdb-config1:37017",
      "port": 37017,
      "rsId": "tgtconfigRS",
      "state": "PENDING",
      "stateUpdateTime": 1790973947
    },
    {
      "error": null,
      "hostname": "rmdb-config2",
      "id": "rmdb-config2:37017",
      "port": 37017,
      "rsId": "tgtconfigRS",
      "state": "PENDING",
      "stateUpdateTime": 1790973947
    }
  ],
  "state": "PENDING"
}
2026-10-02 15:45:58,038 [INFO] Restore state: PENDING
2026-10-02 15:46:08,039 [DEBUG] API GET http://129.40.36.100:8080/api/public/v1.0/backup/third_party/group/6a386221ee19a6537cc68a97/restore/6ac017fb457a6b8070196aeb
2026-10-02 15:46:08,195 [DEBUG] STATUS 200
2026-10-02 15:46:08,195 [DEBUG] {
  "clusterMapping": [
    {
      "rsId": "sgcShard_0",
      "targetRsId": "tgtShard_0"
    },
    {
      "rsId": "sgcShard_1",
      "targetRsId": "tgtShard_1"
    },
    {
      "rsId": "configRS",
      "targetRsId": "tgtconfigRS"
    }
  ],
  "nodes": [
    {
      "error": null,
      "hostname": "rmdb12",
      "id": "rmdb12:37017",
      "port": 37017,
      "rsId": "tgtShard_1",
      "state": "PENDING",
      "stateUpdateTime": 1790973947
    },
    {
      "error": null,
      "hostname": "rmdb14",
      "id": "rmdb14:37017",
      "port": 37017,
      "rsId": "tgtShard_1",
      "state": "PENDING",
      "stateUpdateTime": 1790973947
    },
    {
      "error": null,
      "hostname": "rmdb9",
      "id": "rmdb9:37017",
      "port": 37017,
      "rsId": "tgtShard_1",
      "state": "PENDING",
      "stateUpdateTime": 1790973947
    },
    {
      "error": null,
      "hostname": "rmdb4",
      "id": "rmdb4:37017",
      "port": 37017,
      "rsId": "tgtShard_1",
      "state": "PENDING",
      "stateUpdateTime": 1790973947
    },
    {
      "error": null,
      "hostname": "rmdb2",
      "id": "rmdb2:37017",
      "port": 37017,
      "rsId": "tgtShard_1",
      "state": "PENDING",
      "stateUpdateTime": 1790973947
    },
    {
      "error": null,
      "hostname": "rmdb8",
      "id": "rmdb8:37017",
      "port": 37017,
      "rsId": "tgtShard_0",
      "state": "PENDING",
      "stateUpdateTime": 1790973947
    },
    {
      "error": null,
      "hostname": "rmdb13",
      "id": "rmdb13:37017",
      "port": 37017,
      "rsId": "tgtShard_0",
      "state": "PENDING",
      "stateUpdateTime": 1790973947
    },
    {
      "error": null,
      "hostname": "rmdb1",
      "id": "rmdb1:37017",
      "port": 37017,
      "rsId": "tgtShard_0",
      "state": "PENDING",
      "stateUpdateTime": 1790973947
    },
    {
      "error": null,
      "hostname": "rmdb3",
      "id": "rmdb3:37017",
      "port": 37017,
      "rsId": "tgtShard_0",
      "state": "PENDING",
      "stateUpdateTime": 1790973947
    },
    {
      "error": null,
      "hostname": "rmdb11",
      "id": "rmdb11:37017",
      "port": 37017,
      "rsId": "tgtShard_0",
      "state": "PENDING",
      "stateUpdateTime": 1790973947
    },
    {
      "error": null,
      "hostname": "rmdb7",
      "id": "rmdb7:37017",
      "port": 37017,
      "rsId": "tgtconfigRS",
      "state": "PENDING",
      "stateUpdateTime": 1790973947
    },
    {
      "error": null,
      "hostname": "rmdb-config1",
      "id": "rmdb-config1:37017",
      "port": 37017,
      "rsId": "tgtconfigRS",
      "state": "PENDING",
      "stateUpdateTime": 1790973947
    },
    {
      "error": null,
      "hostname": "rmdb-config2",
      "id": "rmdb-config2:37017",
      "port": 37017,
      "rsId": "tgtconfigRS",
      "state": "PENDING",
      "stateUpdateTime": 1790973947
    }
  ],
  "state": "PENDING"
}
2026-10-02 15:46:08,196 [INFO] Restore state: PENDING
2026-10-02 15:46:18,196 [DEBUG] API GET http://129.40.36.100:8080/api/public/v1.0/backup/third_party/group/6a386221ee19a6537cc68a97/restore/6ac017fb457a6b8070196aeb
2026-10-02 15:46:18,343 [DEBUG] STATUS 200
2026-10-02 15:46:18,343 [DEBUG] {
  "clusterMapping": [
    {
      "rsId": "sgcShard_0",
      "targetRsId": "tgtShard_0"
    },
    {
      "rsId": "sgcShard_1",
      "targetRsId": "tgtShard_1"
    },
    {
      "rsId": "configRS",
      "targetRsId": "tgtconfigRS"
    }
  ],
  "nodes": [
    {
      "error": null,
      "hostname": "rmdb12",
      "id": "rmdb12:37017",
      "port": 37017,
      "rsId": "tgtShard_1",
      "state": "PENDING",
      "stateUpdateTime": 1790973947
    },
    {
      "error": null,
      "hostname": "rmdb14",
      "id": "rmdb14:37017",
      "port": 37017,
      "rsId": "tgtShard_1",
      "state": "PENDING",
      "stateUpdateTime": 1790973947
    },
    {
      "error": null,
      "hostname": "rmdb9",
      "id": "rmdb9:37017",
      "port": 37017,
      "rsId": "tgtShard_1",
      "state": "PENDING",
      "stateUpdateTime": 1790973947
    },
    {
      "error": null,
      "hostname": "rmdb4",
      "id": "rmdb4:37017",
      "port": 37017,
      "rsId": "tgtShard_1",
      "state": "PENDING",
      "stateUpdateTime": 1790973947
    },
    {
      "error": null,
      "hostname": "rmdb2",
      "id": "rmdb2:37017",
      "port": 37017,
      "rsId": "tgtShard_1",
      "state": "PENDING",
      "stateUpdateTime": 1790973947
    },
    {
      "error": null,
      "hostname": "rmdb8",
      "id": "rmdb8:37017",
      "port": 37017,
      "rsId": "tgtShard_0",
      "state": "PENDING",
      "stateUpdateTime": 1790973947
    },
    {
      "error": null,
      "hostname": "rmdb13",
      "id": "rmdb13:37017",
      "port": 37017,
      "rsId": "tgtShard_0",
      "state": "PENDING",
      "stateUpdateTime": 1790973947
    },
    {
      "error": null,
      "hostname": "rmdb1",
      "id": "rmdb1:37017",
      "port": 37017,
      "rsId": "tgtShard_0",
      "state": "PENDING",
      "stateUpdateTime": 1790973947
    },
    {
      "error": null,
      "hostname": "rmdb3",
      "id": "rmdb3:37017",
      "port": 37017,
      "rsId": "tgtShard_0",
      "state": "PENDING",
      "stateUpdateTime": 1790973947
    },
    {
      "error": null,
      "hostname": "rmdb11",
      "id": "rmdb11:37017",
      "port": 37017,
      "rsId": "tgtShard_0",
      "state": "PENDING",
      "stateUpdateTime": 1790973947
    },
    {
      "error": null,
      "hostname": "rmdb7",
      "id": "rmdb7:37017",
      "port": 37017,
      "rsId": "tgtconfigRS",
      "state": "PENDING",
      "stateUpdateTime": 1790973947
    },
    {
      "error": null,
      "hostname": "rmdb-config1",
      "id": "rmdb-config1:37017",
      "port": 37017,
      "rsId": "tgtconfigRS",
      "state": "PENDING",
      "stateUpdateTime": 1790973947
    },
    {
      "error": null,
      "hostname": "rmdb-config2",
      "id": "rmdb-config2:37017",
      "port": 37017,
      "rsId": "tgtconfigRS",
      "state": "PENDING",
      "stateUpdateTime": 1790973947
    }
  ],
  "state": "PENDING"
}
2026-10-02 15:46:18,344 [INFO] Restore state: PENDING
2026-10-02 15:46:28,344 [DEBUG] API GET http://129.40.36.100:8080/api/public/v1.0/backup/third_party/group/6a386221ee19a6537cc68a97/restore/6ac017fb457a6b8070196aeb
2026-10-02 15:46:28,490 [DEBUG] STATUS 200
2026-10-02 15:46:28,490 [DEBUG] {
  "clusterMapping": [
    {
      "rsId": "sgcShard_0",
      "targetRsId": "tgtShard_0"
    },
    {
      "rsId": "sgcShard_1",
      "targetRsId": "tgtShard_1"
    },
    {
      "rsId": "configRS",
      "targetRsId": "tgtconfigRS"
    }
  ],
  "nodes": [
    {
      "error": null,
      "hostname": "rmdb12",
      "id": "rmdb12:37017",
      "port": 37017,
      "rsId": "tgtShard_1",
      "state": "SHUTDOWN_IN_PROGRESS",
      "stateUpdateTime": 1790973984
    },
    {
      "error": null,
      "hostname": "rmdb14",
      "id": "rmdb14:37017",
      "port": 37017,
      "rsId": "tgtShard_1",
      "state": "SHUTDOWN_IN_PROGRESS",
      "stateUpdateTime": 1790973984
    },
    {
      "error": null,
      "hostname": "rmdb9",
      "id": "rmdb9:37017",
      "port": 37017,
      "rsId": "tgtShard_1",
      "state": "SHUTDOWN_IN_PROGRESS",
      "stateUpdateTime": 1790973984
    },
    {
      "error": null,
      "hostname": "rmdb4",
      "id": "rmdb4:37017",
      "port": 37017,
      "rsId": "tgtShard_1",
      "state": "SHUTDOWN_IN_PROGRESS",
      "stateUpdateTime": 1790973984
    },
    {
      "error": null,
      "hostname": "rmdb2",
      "id": "rmdb2:37017",
      "port": 37017,
      "rsId": "tgtShard_1",
      "state": "SHUTDOWN_IN_PROGRESS",
      "stateUpdateTime": 1790973984
    },
    {
      "error": null,
      "hostname": "rmdb8",
      "id": "rmdb8:37017",
      "port": 37017,
      "rsId": "tgtShard_0",
      "state": "SHUTDOWN_IN_PROGRESS",
      "stateUpdateTime": 1790973984
    },
    {
      "error": null,
      "hostname": "rmdb13",
      "id": "rmdb13:37017",
      "port": 37017,
      "rsId": "tgtShard_0",
      "state": "SHUTDOWN_IN_PROGRESS",
      "stateUpdateTime": 1790973984
    },
    {
      "error": null,
      "hostname": "rmdb1",
      "id": "rmdb1:37017",
      "port": 37017,
      "rsId": "tgtShard_0",
      "state": "SHUTDOWN_IN_PROGRESS",
      "stateUpdateTime": 1790973984
    },
    {
      "error": null,
      "hostname": "rmdb3",
      "id": "rmdb3:37017",
      "port": 37017,
      "rsId": "tgtShard_0",
      "state": "SHUTDOWN_IN_PROGRESS",
      "stateUpdateTime": 1790973984
    },
    {
      "error": null,
      "hostname": "rmdb11",
      "id": "rmdb11:37017",
      "port": 37017,
      "rsId": "tgtShard_0",
      "state": "SHUTDOWN_IN_PROGRESS",
      "stateUpdateTime": 1790973984
    },
    {
      "error": null,
      "hostname": "rmdb7",
      "id": "rmdb7:37017",
      "port": 37017,
      "rsId": "tgtconfigRS",
      "state": "SHUTDOWN_IN_PROGRESS",
      "stateUpdateTime": 1790973984
    },
    {
      "error": null,
      "hostname": "rmdb-config1",
      "id": "rmdb-config1:37017",
      "port": 37017,
      "rsId": "tgtconfigRS",
      "state": "SHUTDOWN_IN_PROGRESS",
      "stateUpdateTime": 1790973984
    },
    {
      "error": null,
      "hostname": "rmdb-config2",
      "id": "rmdb-config2:37017",
      "port": 37017,
      "rsId": "tgtconfigRS",
      "state": "SHUTDOWN_IN_PROGRESS",
      "stateUpdateTime": 1790973984
    }
  ],
  "state": "SHUTDOWN_IN_PROGRESS"
}
2026-10-02 15:46:28,490 [INFO] Restore state: SHUTDOWN_IN_PROGRESS
2026-10-02 15:46:38,491 [DEBUG] API GET http://129.40.36.100:8080/api/public/v1.0/backup/third_party/group/6a386221ee19a6537cc68a97/restore/6ac017fb457a6b8070196aeb
2026-10-02 15:46:38,656 [DEBUG] STATUS 200
2026-10-02 15:46:38,657 [DEBUG] {
  "clusterMapping": [
    {
      "rsId": "sgcShard_0",
      "targetRsId": "tgtShard_0"
    },
    {
      "rsId": "sgcShard_1",
      "targetRsId": "tgtShard_1"
    },
    {
      "rsId": "configRS",
      "targetRsId": "tgtconfigRS"
    }
  ],
  "nodes": [
    {
      "error": null,
      "hostname": "rmdb12",
      "id": "rmdb12:37017",
      "port": 37017,
      "rsId": "tgtShard_1",
      "state": "SHUTDOWN_IN_PROGRESS",
      "stateUpdateTime": 1790973984
    },
    {
      "error": null,
      "hostname": "rmdb14",
      "id": "rmdb14:37017",
      "port": 37017,
      "rsId": "tgtShard_1",
      "state": "SHUTDOWN_IN_PROGRESS",
      "stateUpdateTime": 1790973984
    },
    {
      "error": null,
      "hostname": "rmdb9",
      "id": "rmdb9:37017",
      "port": 37017,
      "rsId": "tgtShard_1",
      "state": "SHUTDOWN_IN_PROGRESS",
      "stateUpdateTime": 1790973984
    },
    {
      "error": null,
      "hostname": "rmdb4",
      "id": "rmdb4:37017",
      "port": 37017,
      "rsId": "tgtShard_1",
      "state": "SHUTDOWN_IN_PROGRESS",
      "stateUpdateTime": 1790973984
    },
    {
      "error": null,
      "hostname": "rmdb2",
      "id": "rmdb2:37017",
      "port": 37017,
      "rsId": "tgtShard_1",
      "state": "SHUTDOWN_IN_PROGRESS",
      "stateUpdateTime": 1790973984
    },
    {
      "error": null,
      "hostname": "rmdb8",
      "id": "rmdb8:37017",
      "port": 37017,
      "rsId": "tgtShard_0",
      "state": "SHUTDOWN_IN_PROGRESS",
      "stateUpdateTime": 1790973984
    },
    {
      "error": null,
      "hostname": "rmdb13",
      "id": "rmdb13:37017",
      "port": 37017,
      "rsId": "tgtShard_0",
      "state": "SHUTDOWN_IN_PROGRESS",
      "stateUpdateTime": 1790973984
    },
    {
      "error": null,
      "hostname": "rmdb1",
      "id": "rmdb1:37017",
      "port": 37017,
      "rsId": "tgtShard_0",
      "state": "SHUTDOWN_IN_PROGRESS",
      "stateUpdateTime": 1790973984
    },
    {
      "error": null,
      "hostname": "rmdb3",
      "id": "rmdb3:37017",
      "port": 37017,
      "rsId": "tgtShard_0",
      "state": "SHUTDOWN_IN_PROGRESS",
      "stateUpdateTime": 1790973984
    },
    {
      "error": null,
      "hostname": "rmdb11",
      "id": "rmdb11:37017",
      "port": 37017,
      "rsId": "tgtShard_0",
      "state": "SHUTDOWN_IN_PROGRESS",
      "stateUpdateTime": 1790973984
    },
    {
      "error": null,
      "hostname": "rmdb7",
      "id": "rmdb7:37017",
      "port": 37017,
      "rsId": "tgtconfigRS",
      "state": "SHUTDOWN_IN_PROGRESS",
      "stateUpdateTime": 1790973984
    },
    {
      "error": null,
      "hostname": "rmdb-config1",
      "id": "rmdb-config1:37017",
      "port": 37017,
      "rsId": "tgtconfigRS",
      "state": "SHUTDOWN_IN_PROGRESS",
      "stateUpdateTime": 1790973984
    },
    {
      "error": null,
      "hostname": "rmdb-config2",
      "id": "rmdb-config2:37017",
      "port": 37017,
      "rsId": "tgtconfigRS",
      "state": "SHUTDOWN_IN_PROGRESS",
      "stateUpdateTime": 1790973984
    }
  ],
  "state": "SHUTDOWN_IN_PROGRESS"
}
2026-10-02 15:46:38,657 [INFO] Restore state: SHUTDOWN_IN_PROGRESS
2026-10-02 15:46:48,657 [DEBUG] API GET http://129.40.36.100:8080/api/public/v1.0/backup/third_party/group/6a386221ee19a6537cc68a97/restore/6ac017fb457a6b8070196aeb
2026-10-02 15:46:48,860 [DEBUG] STATUS 200
2026-10-02 15:46:48,860 [DEBUG] {
  "clusterMapping": [
    {
      "rsId": "sgcShard_0",
      "targetRsId": "tgtShard_0"
    },
    {
      "rsId": "sgcShard_1",
      "targetRsId": "tgtShard_1"
    },
    {
      "rsId": "configRS",
      "targetRsId": "tgtconfigRS"
    }
  ],
  "nodes": [
    {
      "error": null,
      "hostname": "rmdb12",
      "id": "rmdb12:37017",
      "port": 37017,
      "rsId": "tgtShard_1",
      "state": "SHUTDOWN_IN_PROGRESS",
      "stateUpdateTime": 1790973984
    },
    {
      "error": null,
      "hostname": "rmdb14",
      "id": "rmdb14:37017",
      "port": 37017,
      "rsId": "tgtShard_1",
      "state": "SHUTDOWN_IN_PROGRESS",
      "stateUpdateTime": 1790973984
    },
    {
      "error": null,
      "hostname": "rmdb9",
      "id": "rmdb9:37017",
      "port": 37017,
      "rsId": "tgtShard_1",
      "state": "SHUTDOWN_IN_PROGRESS",
      "stateUpdateTime": 1790973984
    },
    {
      "error": null,
      "hostname": "rmdb4",
      "id": "rmdb4:37017",
      "port": 37017,
      "rsId": "tgtShard_1",
      "state": "SHUTDOWN_IN_PROGRESS",
      "stateUpdateTime": 1790973984
    },
    {
      "error": null,
      "hostname": "rmdb2",
      "id": "rmdb2:37017",
      "port": 37017,
      "rsId": "tgtShard_1",
      "state": "SHUTDOWN_IN_PROGRESS",
      "stateUpdateTime": 1790973984
    },
    {
      "error": null,
      "hostname": "rmdb8",
      "id": "rmdb8:37017",
      "port": 37017,
      "rsId": "tgtShard_0",
      "state": "SHUTDOWN_IN_PROGRESS",
      "stateUpdateTime": 1790973984
    },
    {
      "error": null,
      "hostname": "rmdb13",
      "id": "rmdb13:37017",
      "port": 37017,
      "rsId": "tgtShard_0",
      "state": "SHUTDOWN_IN_PROGRESS",
      "stateUpdateTime": 1790973984
    },
    {
      "error": null,
      "hostname": "rmdb1",
      "id": "rmdb1:37017",
      "port": 37017,
      "rsId": "tgtShard_0",
      "state": "SHUTDOWN_IN_PROGRESS",
      "stateUpdateTime": 1790973984
    },
    {
      "error": null,
      "hostname": "rmdb3",
      "id": "rmdb3:37017",
      "port": 37017,
      "rsId": "tgtShard_0",
      "state": "SHUTDOWN_IN_PROGRESS",
      "stateUpdateTime": 1790973984
    },
    {
      "error": null,
      "hostname": "rmdb11",
      "id": "rmdb11:37017",
      "port": 37017,
      "rsId": "tgtShard_0",
      "state": "SHUTDOWN_IN_PROGRESS",
      "stateUpdateTime": 1790973984
    },
    {
      "error": null,
      "hostname": "rmdb7",
      "id": "rmdb7:37017",
      "port": 37017,
      "rsId": "tgtconfigRS",
      "state": "SHUTDOWN_IN_PROGRESS",
      "stateUpdateTime": 1790973984
    },
    {
      "error": null,
      "hostname": "rmdb-config1",
      "id": "rmdb-config1:37017",
      "port": 37017,
      "rsId": "tgtconfigRS",
      "state": "SHUTDOWN_IN_PROGRESS",
      "stateUpdateTime": 1790973984
    },
    {
      "error": null,
      "hostname": "rmdb-config2",
      "id": "rmdb-config2:37017",
      "port": 37017,
      "rsId": "tgtconfigRS",
      "state": "SHUTDOWN_IN_PROGRESS",
      "stateUpdateTime": 1790973984
    }
  ],
  "state": "SHUTDOWN_IN_PROGRESS"
}
2026-10-02 15:46:48,860 [INFO] Restore state: SHUTDOWN_IN_PROGRESS
2026-10-02 15:46:58,861 [DEBUG] API GET http://129.40.36.100:8080/api/public/v1.0/backup/third_party/group/6a386221ee19a6537cc68a97/restore/6ac017fb457a6b8070196aeb
2026-10-02 15:46:59,011 [DEBUG] STATUS 200
2026-10-02 15:46:59,011 [DEBUG] {
  "clusterMapping": [
    {
      "rsId": "sgcShard_0",
      "targetRsId": "tgtShard_0"
    },
    {
      "rsId": "sgcShard_1",
      "targetRsId": "tgtShard_1"
    },
    {
      "rsId": "configRS",
      "targetRsId": "tgtconfigRS"
    }
  ],
  "nodes": [
    {
      "error": null,
      "hostname": "rmdb12",
      "id": "rmdb12:37017",
      "port": 37017,
      "rsId": "tgtShard_1",
      "state": "SHUTDOWN_IN_PROGRESS",
      "stateUpdateTime": 1790973984
    },
    {
      "error": null,
      "hostname": "rmdb14",
      "id": "rmdb14:37017",
      "port": 37017,
      "rsId": "tgtShard_1",
      "state": "SHUTDOWN_IN_PROGRESS",
      "stateUpdateTime": 1790973984
    },
    {
      "error": null,
      "hostname": "rmdb9",
      "id": "rmdb9:37017",
      "port": 37017,
      "rsId": "tgtShard_1",
      "state": "SHUTDOWN_IN_PROGRESS",
      "stateUpdateTime": 1790973984
    },
    {
      "error": null,
      "hostname": "rmdb4",
      "id": "rmdb4:37017",
      "port": 37017,
      "rsId": "tgtShard_1",
      "state": "SHUTDOWN_IN_PROGRESS",
      "stateUpdateTime": 1790973984
    },
    {
      "error": null,
      "hostname": "rmdb2",
      "id": "rmdb2:37017",
      "port": 37017,
      "rsId": "tgtShard_1",
      "state": "SHUTDOWN_IN_PROGRESS",
      "stateUpdateTime": 1790973984
    },
    {
      "error": null,
      "hostname": "rmdb8",
      "id": "rmdb8:37017",
      "port": 37017,
      "rsId": "tgtShard_0",
      "state": "SHUTDOWN_IN_PROGRESS",
      "stateUpdateTime": 1790973984
    },
    {
      "error": null,
      "hostname": "rmdb13",
      "id": "rmdb13:37017",
      "port": 37017,
      "rsId": "tgtShard_0",
      "state": "SHUTDOWN_IN_PROGRESS",
      "stateUpdateTime": 1790973984
    },
    {
      "error": null,
      "hostname": "rmdb1",
      "id": "rmdb1:37017",
      "port": 37017,
      "rsId": "tgtShard_0",
      "state": "SHUTDOWN_IN_PROGRESS",
      "stateUpdateTime": 1790973984
    },
    {
      "error": null,
      "hostname": "rmdb3",
      "id": "rmdb3:37017",
      "port": 37017,
      "rsId": "tgtShard_0",
      "state": "SHUTDOWN_IN_PROGRESS",
      "stateUpdateTime": 1790973984
    },
    {
      "error": null,
      "hostname": "rmdb11",
      "id": "rmdb11:37017",
      "port": 37017,
      "rsId": "tgtShard_0",
      "state": "SHUTDOWN_IN_PROGRESS",
      "stateUpdateTime": 1790973984
    },
    {
      "error": null,
      "hostname": "rmdb7",
      "id": "rmdb7:37017",
      "port": 37017,
      "rsId": "tgtconfigRS",
      "state": "SHUTDOWN_IN_PROGRESS",
      "stateUpdateTime": 1790973984
    },
    {
      "error": null,
      "hostname": "rmdb-config1",
      "id": "rmdb-config1:37017",
      "port": 37017,
      "rsId": "tgtconfigRS",
      "state": "SHUTDOWN_IN_PROGRESS",
      "stateUpdateTime": 1790973984
    },
    {
      "error": null,
      "hostname": "rmdb-config2",
      "id": "rmdb-config2:37017",
      "port": 37017,
      "rsId": "tgtconfigRS",
      "state": "SHUTDOWN_IN_PROGRESS",
      "stateUpdateTime": 1790973984
    }
  ],
  "state": "SHUTDOWN_IN_PROGRESS"
}
2026-10-02 15:46:59,012 [INFO] Restore state: SHUTDOWN_IN_PROGRESS
2026-10-02 15:47:09,012 [DEBUG] API GET http://129.40.36.100:8080/api/public/v1.0/backup/third_party/group/6a386221ee19a6537cc68a97/restore/6ac017fb457a6b8070196aeb
2026-10-02 15:47:09,183 [DEBUG] STATUS 200
2026-10-02 15:47:09,183 [DEBUG] {
  "clusterMapping": [
    {
      "rsId": "sgcShard_0",
      "targetRsId": "tgtShard_0"
    },
    {
      "rsId": "sgcShard_1",
      "targetRsId": "tgtShard_1"
    },
    {
      "rsId": "configRS",
      "targetRsId": "tgtconfigRS"
    }
  ],
  "nodes": [
    {
      "error": null,
      "hostname": "rmdb12",
      "id": "rmdb12:37017",
      "port": 37017,
      "rsId": "tgtShard_1",
      "state": "SHUTDOWN_IN_PROGRESS",
      "stateUpdateTime": 1790973984
    },
    {
      "error": null,
      "hostname": "rmdb14",
      "id": "rmdb14:37017",
      "port": 37017,
      "rsId": "tgtShard_1",
      "state": "SHUTDOWN_IN_PROGRESS",
      "stateUpdateTime": 1790973984
    },
    {
      "error": null,
      "hostname": "rmdb9",
      "id": "rmdb9:37017",
      "port": 37017,
      "rsId": "tgtShard_1",
      "state": "SHUTDOWN_IN_PROGRESS",
      "stateUpdateTime": 1790973984
    },
    {
      "error": null,
      "hostname": "rmdb4",
      "id": "rmdb4:37017",
      "port": 37017,
      "rsId": "tgtShard_1",
      "state": "SHUTDOWN_IN_PROGRESS",
      "stateUpdateTime": 1790973984
    },
    {
      "error": null,
      "hostname": "rmdb2",
      "id": "rmdb2:37017",
      "port": 37017,
      "rsId": "tgtShard_1",
      "state": "SHUTDOWN_IN_PROGRESS",
      "stateUpdateTime": 1790973984
    },
    {
      "error": null,
      "hostname": "rmdb8",
      "id": "rmdb8:37017",
      "port": 37017,
      "rsId": "tgtShard_0",
      "state": "SHUTDOWN_IN_PROGRESS",
      "stateUpdateTime": 1790973984
    },
    {
      "error": null,
      "hostname": "rmdb13",
      "id": "rmdb13:37017",
      "port": 37017,
      "rsId": "tgtShard_0",
      "state": "SHUTDOWN_IN_PROGRESS",
      "stateUpdateTime": 1790973984
    },
    {
      "error": null,
      "hostname": "rmdb1",
      "id": "rmdb1:37017",
      "port": 37017,
      "rsId": "tgtShard_0",
      "state": "SHUTDOWN_IN_PROGRESS",
      "stateUpdateTime": 1790973984
    },
    {
      "error": null,
      "hostname": "rmdb3",
      "id": "rmdb3:37017",
      "port": 37017,
      "rsId": "tgtShard_0",
      "state": "SHUTDOWN_IN_PROGRESS",
      "stateUpdateTime": 1790973984
    },
    {
      "error": null,
      "hostname": "rmdb11",
      "id": "rmdb11:37017",
      "port": 37017,
      "rsId": "tgtShard_0",
      "state": "SHUTDOWN_IN_PROGRESS",
      "stateUpdateTime": 1790973984
    },
    {
      "error": null,
      "hostname": "rmdb7",
      "id": "rmdb7:37017",
      "port": 37017,
      "rsId": "tgtconfigRS",
      "state": "SHUTDOWN_IN_PROGRESS",
      "stateUpdateTime": 1790973984
    },
    {
      "error": null,
      "hostname": "rmdb-config1",
      "id": "rmdb-config1:37017",
      "port": 37017,
      "rsId": "tgtconfigRS",
      "state": "SHUTDOWN_IN_PROGRESS",
      "stateUpdateTime": 1790973984
    },
    {
      "error": null,
      "hostname": "rmdb-config2",
      "id": "rmdb-config2:37017",
      "port": 37017,
      "rsId": "tgtconfigRS",
      "state": "SHUTDOWN_IN_PROGRESS",
      "stateUpdateTime": 1790973984
    }
  ],
  "state": "SHUTDOWN_IN_PROGRESS"
}
2026-10-02 15:47:09,183 [INFO] Restore state: SHUTDOWN_IN_PROGRESS
2026-10-02 15:47:19,183 [DEBUG] API GET http://129.40.36.100:8080/api/public/v1.0/backup/third_party/group/6a386221ee19a6537cc68a97/restore/6ac017fb457a6b8070196aeb
2026-10-02 15:47:19,332 [DEBUG] STATUS 200
2026-10-02 15:47:19,332 [DEBUG] {
  "clusterMapping": [
    {
      "rsId": "sgcShard_0",
      "targetRsId": "tgtShard_0"
    },
    {
      "rsId": "sgcShard_1",
      "targetRsId": "tgtShard_1"
    },
    {
      "rsId": "configRS",
      "targetRsId": "tgtconfigRS"
    }
  ],
  "nodes": [
    {
      "error": null,
      "hostname": "rmdb12",
      "id": "rmdb12:37017",
      "port": 37017,
      "rsId": "tgtShard_1",
      "state": "SHUTDOWN_IN_PROGRESS",
      "stateUpdateTime": 1790973984
    },
    {
      "error": null,
      "hostname": "rmdb14",
      "id": "rmdb14:37017",
      "port": 37017,
      "rsId": "tgtShard_1",
      "state": "SHUTDOWN_IN_PROGRESS",
      "stateUpdateTime": 1790973984
    },
    {
      "error": null,
      "hostname": "rmdb9",
      "id": "rmdb9:37017",
      "port": 37017,
      "rsId": "tgtShard_1",
      "state": "SHUTDOWN_IN_PROGRESS",
      "stateUpdateTime": 1790973984
    },
    {
      "error": null,
      "hostname": "rmdb4",
      "id": "rmdb4:37017",
      "port": 37017,
      "rsId": "tgtShard_1",
      "state": "SHUTDOWN_IN_PROGRESS",
      "stateUpdateTime": 1790973984
    },
    {
      "error": null,
      "hostname": "rmdb2",
      "id": "rmdb2:37017",
      "port": 37017,
      "rsId": "tgtShard_1",
      "state": "SHUTDOWN_IN_PROGRESS",
      "stateUpdateTime": 1790973984
    },
    {
      "error": null,
      "hostname": "rmdb8",
      "id": "rmdb8:37017",
      "port": 37017,
      "rsId": "tgtShard_0",
      "state": "SHUTDOWN_IN_PROGRESS",
      "stateUpdateTime": 1790973984
    },
    {
      "error": null,
      "hostname": "rmdb13",
      "id": "rmdb13:37017",
      "port": 37017,
      "rsId": "tgtShard_0",
      "state": "SHUTDOWN_IN_PROGRESS",
      "stateUpdateTime": 1790973984
    },
    {
      "error": null,
      "hostname": "rmdb1",
      "id": "rmdb1:37017",
      "port": 37017,
      "rsId": "tgtShard_0",
      "state": "SHUTDOWN_IN_PROGRESS",
      "stateUpdateTime": 1790973984
    },
    {
      "error": null,
      "hostname": "rmdb3",
      "id": "rmdb3:37017",
      "port": 37017,
      "rsId": "tgtShard_0",
      "state": "SHUTDOWN_IN_PROGRESS",
      "stateUpdateTime": 1790973984
    },
    {
      "error": null,
      "hostname": "rmdb11",
      "id": "rmdb11:37017",
      "port": 37017,
      "rsId": "tgtShard_0",
      "state": "SHUTDOWN_IN_PROGRESS",
      "stateUpdateTime": 1790973984
    },
    {
      "error": null,
      "hostname": "rmdb7",
      "id": "rmdb7:37017",
      "port": 37017,
      "rsId": "tgtconfigRS",
      "state": "SHUTDOWN_IN_PROGRESS",
      "stateUpdateTime": 1790973984
    },
    {
      "error": null,
      "hostname": "rmdb-config1",
      "id": "rmdb-config1:37017",
      "port": 37017,
      "rsId": "tgtconfigRS",
      "state": "SHUTDOWN_IN_PROGRESS",
      "stateUpdateTime": 1790973984
    },
    {
      "error": null,
      "hostname": "rmdb-config2",
      "id": "rmdb-config2:37017",
      "port": 37017,
      "rsId": "tgtconfigRS",
      "state": "SHUTDOWN_IN_PROGRESS",
      "stateUpdateTime": 1790973984
    }
  ],
  "state": "SHUTDOWN_IN_PROGRESS"
}
2026-10-02 15:47:19,332 [INFO] Restore state: SHUTDOWN_IN_PROGRESS
2026-10-02 15:47:29,333 [DEBUG] API GET http://129.40.36.100:8080/api/public/v1.0/backup/third_party/group/6a386221ee19a6537cc68a97/restore/6ac017fb457a6b8070196aeb
2026-10-02 15:47:29,503 [DEBUG] STATUS 200
2026-10-02 15:47:29,503 [DEBUG] {
  "clusterMapping": [
    {
      "rsId": "sgcShard_0",
      "targetRsId": "tgtShard_0"
    },
    {
      "rsId": "sgcShard_1",
      "targetRsId": "tgtShard_1"
    },
    {
      "rsId": "configRS",
      "targetRsId": "tgtconfigRS"
    }
  ],
  "nodes": [
    {
      "error": null,
      "hostname": "rmdb12",
      "id": "rmdb12:37017",
      "port": 37017,
      "rsId": "tgtShard_1",
      "state": "SHUTDOWN_IN_PROGRESS",
      "stateUpdateTime": 1790973984
    },
    {
      "error": null,
      "hostname": "rmdb14",
      "id": "rmdb14:37017",
      "port": 37017,
      "rsId": "tgtShard_1",
      "state": "SHUTDOWN_IN_PROGRESS",
      "stateUpdateTime": 1790973984
    },
    {
      "error": null,
      "hostname": "rmdb9",
      "id": "rmdb9:37017",
      "port": 37017,
      "rsId": "tgtShard_1",
      "state": "SHUTDOWN_IN_PROGRESS",
      "stateUpdateTime": 1790973984
    },
    {
      "error": null,
      "hostname": "rmdb4",
      "id": "rmdb4:37017",
      "port": 37017,
      "rsId": "tgtShard_1",
      "state": "SHUTDOWN_IN_PROGRESS",
      "stateUpdateTime": 1790973984
    },
    {
      "error": null,
      "hostname": "rmdb2",
      "id": "rmdb2:37017",
      "port": 37017,
      "rsId": "tgtShard_1",
      "state": "SHUTDOWN_IN_PROGRESS",
      "stateUpdateTime": 1790973984
    },
    {
      "error": null,
      "hostname": "rmdb8",
      "id": "rmdb8:37017",
      "port": 37017,
      "rsId": "tgtShard_0",
      "state": "SHUTDOWN_IN_PROGRESS",
      "stateUpdateTime": 1790973984
    },
    {
      "error": null,
      "hostname": "rmdb13",
      "id": "rmdb13:37017",
      "port": 37017,
      "rsId": "tgtShard_0",
      "state": "SHUTDOWN_IN_PROGRESS",
      "stateUpdateTime": 1790973984
    },
    {
      "error": null,
      "hostname": "rmdb1",
      "id": "rmdb1:37017",
      "port": 37017,
      "rsId": "tgtShard_0",
      "state": "SHUTDOWN_IN_PROGRESS",
      "stateUpdateTime": 1790973984
    },
    {
      "error": null,
      "hostname": "rmdb3",
      "id": "rmdb3:37017",
      "port": 37017,
      "rsId": "tgtShard_0",
      "state": "SHUTDOWN_IN_PROGRESS",
      "stateUpdateTime": 1790973984
    },
    {
      "error": null,
      "hostname": "rmdb11",
      "id": "rmdb11:37017",
      "port": 37017,
      "rsId": "tgtShard_0",
      "state": "SHUTDOWN_IN_PROGRESS",
      "stateUpdateTime": 1790973984
    },
    {
      "error": null,
      "hostname": "rmdb7",
      "id": "rmdb7:37017",
      "port": 37017,
      "rsId": "tgtconfigRS",
      "state": "SHUTDOWN_IN_PROGRESS",
      "stateUpdateTime": 1790973984
    },
    {
      "error": null,
      "hostname": "rmdb-config1",
      "id": "rmdb-config1:37017",
      "port": 37017,
      "rsId": "tgtconfigRS",
      "state": "SHUTDOWN_IN_PROGRESS",
      "stateUpdateTime": 1790973984
    },
    {
      "error": null,
      "hostname": "rmdb-config2",
      "id": "rmdb-config2:37017",
      "port": 37017,
      "rsId": "tgtconfigRS",
      "state": "SHUTDOWN_IN_PROGRESS",
      "stateUpdateTime": 1790973984
    }
  ],
  "state": "SHUTDOWN_IN_PROGRESS"
}
2026-10-02 15:47:29,503 [INFO] Restore state: SHUTDOWN_IN_PROGRESS
2026-10-02 15:47:39,504 [DEBUG] API GET http://129.40.36.100:8080/api/public/v1.0/backup/third_party/group/6a386221ee19a6537cc68a97/restore/6ac017fb457a6b8070196aeb
2026-10-02 15:47:39,667 [DEBUG] STATUS 200
2026-10-02 15:47:39,667 [DEBUG] {
  "clusterMapping": [
    {
      "rsId": "sgcShard_0",
      "targetRsId": "tgtShard_0"
    },
    {
      "rsId": "sgcShard_1",
      "targetRsId": "tgtShard_1"
    },
    {
      "rsId": "configRS",
      "targetRsId": "tgtconfigRS"
    }
  ],
  "nodes": [
    {
      "error": null,
      "hostname": "rmdb12",
      "id": "rmdb12:37017",
      "port": 37017,
      "rsId": "tgtShard_1",
      "state": "SHUTDOWN_IN_PROGRESS",
      "stateUpdateTime": 1790973984
    },
    {
      "error": null,
      "hostname": "rmdb14",
      "id": "rmdb14:37017",
      "port": 37017,
      "rsId": "tgtShard_1",
      "state": "SHUTDOWN_IN_PROGRESS",
      "stateUpdateTime": 1790973984
    },
    {
      "error": null,
      "hostname": "rmdb9",
      "id": "rmdb9:37017",
      "port": 37017,
      "rsId": "tgtShard_1",
      "state": "SHUTDOWN_IN_PROGRESS",
      "stateUpdateTime": 1790973984
    },
    {
      "error": null,
      "hostname": "rmdb4",
      "id": "rmdb4:37017",
      "port": 37017,
      "rsId": "tgtShard_1",
      "state": "SHUTDOWN_IN_PROGRESS",
      "stateUpdateTime": 1790973984
    },
    {
      "error": null,
      "hostname": "rmdb2",
      "id": "rmdb2:37017",
      "port": 37017,
      "rsId": "tgtShard_1",
      "state": "SHUTDOWN_IN_PROGRESS",
      "stateUpdateTime": 1790973984
    },
    {
      "error": null,
      "hostname": "rmdb8",
      "id": "rmdb8:37017",
      "port": 37017,
      "rsId": "tgtShard_0",
      "state": "SHUTDOWN_IN_PROGRESS",
      "stateUpdateTime": 1790973984
    },
    {
      "error": null,
      "hostname": "rmdb13",
      "id": "rmdb13:37017",
      "port": 37017,
      "rsId": "tgtShard_0",
      "state": "SHUTDOWN_IN_PROGRESS",
      "stateUpdateTime": 1790973984
    },
    {
      "error": null,
      "hostname": "rmdb1",
      "id": "rmdb1:37017",
      "port": 37017,
      "rsId": "tgtShard_0",
      "state": "SHUTDOWN_IN_PROGRESS",
      "stateUpdateTime": 1790973984
    },
    {
      "error": null,
      "hostname": "rmdb3",
      "id": "rmdb3:37017",
      "port": 37017,
      "rsId": "tgtShard_0",
      "state": "SHUTDOWN_IN_PROGRESS",
      "stateUpdateTime": 1790973984
    },
    {
      "error": null,
      "hostname": "rmdb11",
      "id": "rmdb11:37017",
      "port": 37017,
      "rsId": "tgtShard_0",
      "state": "SHUTDOWN_IN_PROGRESS",
      "stateUpdateTime": 1790973984
    },
    {
      "error": null,
      "hostname": "rmdb7",
      "id": "rmdb7:37017",
      "port": 37017,
      "rsId": "tgtconfigRS",
      "state": "SHUTDOWN_IN_PROGRESS",
      "stateUpdateTime": 1790973984
    },
    {
      "error": null,
      "hostname": "rmdb-config1",
      "id": "rmdb-config1:37017",
      "port": 37017,
      "rsId": "tgtconfigRS",
      "state": "SHUTDOWN_IN_PROGRESS",
      "stateUpdateTime": 1790973984
    },
    {
      "error": null,
      "hostname": "rmdb-config2",
      "id": "rmdb-config2:37017",
      "port": 37017,
      "rsId": "tgtconfigRS",
      "state": "SHUTDOWN_IN_PROGRESS",
      "stateUpdateTime": 1790973984
    }
  ],
  "state": "SHUTDOWN_IN_PROGRESS"
}
2026-10-02 15:47:39,667 [INFO] Restore state: SHUTDOWN_IN_PROGRESS
2026-10-02 15:47:49,668 [DEBUG] API GET http://129.40.36.100:8080/api/public/v1.0/backup/third_party/group/6a386221ee19a6537cc68a97/restore/6ac017fb457a6b8070196aeb
2026-10-02 15:47:49,885 [DEBUG] STATUS 200
2026-10-02 15:47:49,885 [DEBUG] {
  "clusterMapping": [
    {
      "rsId": "sgcShard_0",
      "targetRsId": "tgtShard_0"
    },
    {
      "rsId": "sgcShard_1",
      "targetRsId": "tgtShard_1"
    },
    {
      "rsId": "configRS",
      "targetRsId": "tgtconfigRS"
    }
  ],
  "nodes": [
    {
      "error": null,
      "hostname": "rmdb12",
      "id": "rmdb12:37017",
      "port": 37017,
      "rsId": "tgtShard_1",
      "state": "SHUTDOWN_IN_PROGRESS",
      "stateUpdateTime": 1790973984
    },
    {
      "error": null,
      "hostname": "rmdb14",
      "id": "rmdb14:37017",
      "port": 37017,
      "rsId": "tgtShard_1",
      "state": "SHUTDOWN_IN_PROGRESS",
      "stateUpdateTime": 1790973984
    },
    {
      "error": null,
      "hostname": "rmdb9",
      "id": "rmdb9:37017",
      "port": 37017,
      "rsId": "tgtShard_1",
      "state": "SHUTDOWN_IN_PROGRESS",
      "stateUpdateTime": 1790973984
    },
    {
      "error": null,
      "hostname": "rmdb4",
      "id": "rmdb4:37017",
      "port": 37017,
      "rsId": "tgtShard_1",
      "state": "SHUTDOWN_IN_PROGRESS",
      "stateUpdateTime": 1790973984
    },
    {
      "error": null,
      "hostname": "rmdb2",
      "id": "rmdb2:37017",
      "port": 37017,
      "rsId": "tgtShard_1",
      "state": "SHUTDOWN_IN_PROGRESS",
      "stateUpdateTime": 1790973984
    },
    {
      "error": null,
      "hostname": "rmdb8",
      "id": "rmdb8:37017",
      "port": 37017,
      "rsId": "tgtShard_0",
      "state": "SHUTDOWN_IN_PROGRESS",
      "stateUpdateTime": 1790973984
    },
    {
      "error": null,
      "hostname": "rmdb13",
      "id": "rmdb13:37017",
      "port": 37017,
      "rsId": "tgtShard_0",
      "state": "SHUTDOWN_IN_PROGRESS",
      "stateUpdateTime": 1790973984
    },
    {
      "error": null,
      "hostname": "rmdb1",
      "id": "rmdb1:37017",
      "port": 37017,
      "rsId": "tgtShard_0",
      "state": "SHUTDOWN_IN_PROGRESS",
      "stateUpdateTime": 1790973984
    },
    {
      "error": null,
      "hostname": "rmdb3",
      "id": "rmdb3:37017",
      "port": 37017,
      "rsId": "tgtShard_0",
      "state": "SHUTDOWN_IN_PROGRESS",
      "stateUpdateTime": 1790973984
    },
    {
      "error": null,
      "hostname": "rmdb11",
      "id": "rmdb11:37017",
      "port": 37017,
      "rsId": "tgtShard_0",
      "state": "SHUTDOWN_IN_PROGRESS",
      "stateUpdateTime": 1790973984
    },
    {
      "error": null,
      "hostname": "rmdb7",
      "id": "rmdb7:37017",
      "port": 37017,
      "rsId": "tgtconfigRS",
      "state": "SHUTDOWN_IN_PROGRESS",
      "stateUpdateTime": 1790973984
    },
    {
      "error": null,
      "hostname": "rmdb-config1",
      "id": "rmdb-config1:37017",
      "port": 37017,
      "rsId": "tgtconfigRS",
      "state": "SHUTDOWN_IN_PROGRESS",
      "stateUpdateTime": 1790973984
    },
    {
      "error": null,
      "hostname": "rmdb-config2",
      "id": "rmdb-config2:37017",
      "port": 37017,
      "rsId": "tgtconfigRS",
      "state": "SHUTDOWN_IN_PROGRESS",
      "stateUpdateTime": 1790973984
    }
  ],
  "state": "SHUTDOWN_IN_PROGRESS"
}
2026-10-02 15:47:49,885 [INFO] Restore state: SHUTDOWN_IN_PROGRESS
2026-10-02 15:47:59,886 [DEBUG] API GET http://129.40.36.100:8080/api/public/v1.0/backup/third_party/group/6a386221ee19a6537cc68a97/restore/6ac017fb457a6b8070196aeb
2026-10-02 15:48:00,052 [DEBUG] STATUS 200
2026-10-02 15:48:00,052 [DEBUG] {
  "clusterMapping": [
    {
      "rsId": "sgcShard_0",
      "targetRsId": "tgtShard_0"
    },
    {
      "rsId": "sgcShard_1",
      "targetRsId": "tgtShard_1"
    },
    {
      "rsId": "configRS",
      "targetRsId": "tgtconfigRS"
    }
  ],
  "nodes": [
    {
      "error": null,
      "hostname": "rmdb12",
      "id": "rmdb12:37017",
      "port": 37017,
      "rsId": "tgtShard_1",
      "state": "SHUTDOWN_IN_PROGRESS",
      "stateUpdateTime": 1790973984
    },
    {
      "error": null,
      "hostname": "rmdb14",
      "id": "rmdb14:37017",
      "port": 37017,
      "rsId": "tgtShard_1",
      "state": "SHUTDOWN_IN_PROGRESS",
      "stateUpdateTime": 1790973984
    },
    {
      "error": null,
      "hostname": "rmdb9",
      "id": "rmdb9:37017",
      "port": 37017,
      "rsId": "tgtShard_1",
      "state": "SHUTDOWN_IN_PROGRESS",
      "stateUpdateTime": 1790973984
    },
    {
      "error": null,
      "hostname": "rmdb4",
      "id": "rmdb4:37017",
      "port": 37017,
      "rsId": "tgtShard_1",
      "state": "SHUTDOWN_IN_PROGRESS",
      "stateUpdateTime": 1790973984
    },
    {
      "error": null,
      "hostname": "rmdb2",
      "id": "rmdb2:37017",
      "port": 37017,
      "rsId": "tgtShard_1",
      "state": "SHUTDOWN_IN_PROGRESS",
      "stateUpdateTime": 1790973984
    },
    {
      "error": null,
      "hostname": "rmdb8",
      "id": "rmdb8:37017",
      "port": 37017,
      "rsId": "tgtShard_0",
      "state": "SHUTDOWN_IN_PROGRESS",
      "stateUpdateTime": 1790973984
    },
    {
      "error": null,
      "hostname": "rmdb13",
      "id": "rmdb13:37017",
      "port": 37017,
      "rsId": "tgtShard_0",
      "state": "SHUTDOWN_IN_PROGRESS",
      "stateUpdateTime": 1790973984
    },
    {
      "error": null,
      "hostname": "rmdb1",
      "id": "rmdb1:37017",
      "port": 37017,
      "rsId": "tgtShard_0",
      "state": "SHUTDOWN_IN_PROGRESS",
      "stateUpdateTime": 1790973984
    },
    {
      "error": null,
      "hostname": "rmdb3",
      "id": "rmdb3:37017",
      "port": 37017,
      "rsId": "tgtShard_0",
      "state": "SHUTDOWN_IN_PROGRESS",
      "stateUpdateTime": 1790973984
    },
    {
      "error": null,
      "hostname": "rmdb11",
      "id": "rmdb11:37017",
      "port": 37017,
      "rsId": "tgtShard_0",
      "state": "SHUTDOWN_IN_PROGRESS",
      "stateUpdateTime": 1790973984
    },
    {
      "error": null,
      "hostname": "rmdb7",
      "id": "rmdb7:37017",
      "port": 37017,
      "rsId": "tgtconfigRS",
      "state": "SHUTDOWN_IN_PROGRESS",
      "stateUpdateTime": 1790973984
    },
    {
      "error": null,
      "hostname": "rmdb-config1",
      "id": "rmdb-config1:37017",
      "port": 37017,
      "rsId": "tgtconfigRS",
      "state": "SHUTDOWN_IN_PROGRESS",
      "stateUpdateTime": 1790973984
    },
    {
      "error": null,
      "hostname": "rmdb-config2",
      "id": "rmdb-config2:37017",
      "port": 37017,
      "rsId": "tgtconfigRS",
      "state": "SHUTDOWN_IN_PROGRESS",
      "stateUpdateTime": 1790973984
    }
  ],
  "state": "SHUTDOWN_IN_PROGRESS"
}
2026-10-02 15:48:00,052 [INFO] Restore state: SHUTDOWN_IN_PROGRESS
2026-10-02 15:48:10,052 [DEBUG] API GET http://129.40.36.100:8080/api/public/v1.0/backup/third_party/group/6a386221ee19a6537cc68a97/restore/6ac017fb457a6b8070196aeb
2026-10-02 15:48:10,205 [DEBUG] STATUS 200
2026-10-02 15:48:10,205 [DEBUG] {
  "clusterMapping": [
    {
      "rsId": "sgcShard_0",
      "targetRsId": "tgtShard_0"
    },
    {
      "rsId": "sgcShard_1",
      "targetRsId": "tgtShard_1"
    },
    {
      "rsId": "configRS",
      "targetRsId": "tgtconfigRS"
    }
  ],
  "nodes": [
    {
      "error": null,
      "hostname": "rmdb12",
      "id": "rmdb12:37017",
      "port": 37017,
      "rsId": "tgtShard_1",
      "state": "SHUTDOWN_IN_PROGRESS",
      "stateUpdateTime": 1790973984
    },
    {
      "error": null,
      "hostname": "rmdb14",
      "id": "rmdb14:37017",
      "port": 37017,
      "rsId": "tgtShard_1",
      "state": "SHUTDOWN_IN_PROGRESS",
      "stateUpdateTime": 1790973984
    },
    {
      "error": null,
      "hostname": "rmdb9",
      "id": "rmdb9:37017",
      "port": 37017,
      "rsId": "tgtShard_1",
      "state": "SHUTDOWN_IN_PROGRESS",
      "stateUpdateTime": 1790973984
    },
    {
      "error": null,
      "hostname": "rmdb4",
      "id": "rmdb4:37017",
      "port": 37017,
      "rsId": "tgtShard_1",
      "state": "SHUTDOWN_IN_PROGRESS",
      "stateUpdateTime": 1790973984
    },
    {
      "error": null,
      "hostname": "rmdb2",
      "id": "rmdb2:37017",
      "port": 37017,
      "rsId": "tgtShard_1",
      "state": "SHUTDOWN_IN_PROGRESS",
      "stateUpdateTime": 1790973984
    },
    {
      "error": null,
      "hostname": "rmdb8",
      "id": "rmdb8:37017",
      "port": 37017,
      "rsId": "tgtShard_0",
      "state": "SHUTDOWN_IN_PROGRESS",
      "stateUpdateTime": 1790973984
    },
    {
      "error": null,
      "hostname": "rmdb13",
      "id": "rmdb13:37017",
      "port": 37017,
      "rsId": "tgtShard_0",
      "state": "SHUTDOWN_IN_PROGRESS",
      "stateUpdateTime": 1790973984
    },
    {
      "error": null,
      "hostname": "rmdb1",
      "id": "rmdb1:37017",
      "port": 37017,
      "rsId": "tgtShard_0",
      "state": "SHUTDOWN_IN_PROGRESS",
      "stateUpdateTime": 1790973984
    },
    {
      "error": null,
      "hostname": "rmdb3",
      "id": "rmdb3:37017",
      "port": 37017,
      "rsId": "tgtShard_0",
      "state": "SHUTDOWN_IN_PROGRESS",
      "stateUpdateTime": 1790973984
    },
    {
      "error": null,
      "hostname": "rmdb11",
      "id": "rmdb11:37017",
      "port": 37017,
      "rsId": "tgtShard_0",
      "state": "SHUTDOWN_IN_PROGRESS",
      "stateUpdateTime": 1790973984
    },
    {
      "error": null,
      "hostname": "rmdb7",
      "id": "rmdb7:37017",
      "port": 37017,
      "rsId": "tgtconfigRS",
      "state": "SHUTDOWN_IN_PROGRESS",
      "stateUpdateTime": 1790973984
    },
    {
      "error": null,
      "hostname": "rmdb-config1",
      "id": "rmdb-config1:37017",
      "port": 37017,
      "rsId": "tgtconfigRS",
      "state": "SHUTDOWN_IN_PROGRESS",
      "stateUpdateTime": 1790973984
    },
    {
      "error": null,
      "hostname": "rmdb-config2",
      "id": "rmdb-config2:37017",
      "port": 37017,
      "rsId": "tgtconfigRS",
      "state": "SHUTDOWN_IN_PROGRESS",
      "stateUpdateTime": 1790973984
    }
  ],
  "state": "SHUTDOWN_IN_PROGRESS"
}
2026-10-02 15:48:10,205 [INFO] Restore state: SHUTDOWN_IN_PROGRESS
2026-10-02 15:48:20,206 [DEBUG] API GET http://129.40.36.100:8080/api/public/v1.0/backup/third_party/group/6a386221ee19a6537cc68a97/restore/6ac017fb457a6b8070196aeb
2026-10-02 15:48:20,373 [DEBUG] STATUS 200
2026-10-02 15:48:20,373 [DEBUG] {
  "clusterMapping": [
    {
      "rsId": "sgcShard_0",
      "targetRsId": "tgtShard_0"
    },
    {
      "rsId": "sgcShard_1",
      "targetRsId": "tgtShard_1"
    },
    {
      "rsId": "configRS",
      "targetRsId": "tgtconfigRS"
    }
  ],
  "nodes": [
    {
      "error": null,
      "hostname": "rmdb12",
      "id": "rmdb12:37017",
      "port": 37017,
      "rsId": "tgtShard_1",
      "state": "SHUTDOWN_IN_PROGRESS",
      "stateUpdateTime": 1790973984
    },
    {
      "error": null,
      "hostname": "rmdb14",
      "id": "rmdb14:37017",
      "port": 37017,
      "rsId": "tgtShard_1",
      "state": "SHUTDOWN_IN_PROGRESS",
      "stateUpdateTime": 1790973984
    },
    {
      "error": null,
      "hostname": "rmdb9",
      "id": "rmdb9:37017",
      "port": 37017,
      "rsId": "tgtShard_1",
      "state": "SHUTDOWN_IN_PROGRESS",
      "stateUpdateTime": 1790973984
    },
    {
      "error": null,
      "hostname": "rmdb4",
      "id": "rmdb4:37017",
      "port": 37017,
      "rsId": "tgtShard_1",
      "state": "SHUTDOWN_IN_PROGRESS",
      "stateUpdateTime": 1790973984
    },
    {
      "error": null,
      "hostname": "rmdb2",
      "id": "rmdb2:37017",
      "port": 37017,
      "rsId": "tgtShard_1",
      "state": "SHUTDOWN_IN_PROGRESS",
      "stateUpdateTime": 1790973984
    },
    {
      "error": null,
      "hostname": "rmdb8",
      "id": "rmdb8:37017",
      "port": 37017,
      "rsId": "tgtShard_0",
      "state": "SHUTDOWN_IN_PROGRESS",
      "stateUpdateTime": 1790973984
    },
    {
      "error": null,
      "hostname": "rmdb13",
      "id": "rmdb13:37017",
      "port": 37017,
      "rsId": "tgtShard_0",
      "state": "SHUTDOWN_IN_PROGRESS",
      "stateUpdateTime": 1790973984
    },
    {
      "error": null,
      "hostname": "rmdb1",
      "id": "rmdb1:37017",
      "port": 37017,
      "rsId": "tgtShard_0",
      "state": "SHUTDOWN_IN_PROGRESS",
      "stateUpdateTime": 1790973984
    },
    {
      "error": null,
      "hostname": "rmdb3",
      "id": "rmdb3:37017",
      "port": 37017,
      "rsId": "tgtShard_0",
      "state": "SHUTDOWN_IN_PROGRESS",
      "stateUpdateTime": 1790973984
    },
    {
      "error": null,
      "hostname": "rmdb11",
      "id": "rmdb11:37017",
      "port": 37017,
      "rsId": "tgtShard_0",
      "state": "SHUTDOWN_IN_PROGRESS",
      "stateUpdateTime": 1790973984
    },
    {
      "error": null,
      "hostname": "rmdb7",
      "id": "rmdb7:37017",
      "port": 37017,
      "rsId": "tgtconfigRS",
      "state": "SHUTDOWN_IN_PROGRESS",
      "stateUpdateTime": 1790973984
    },
    {
      "error": null,
      "hostname": "rmdb-config1",
      "id": "rmdb-config1:37017",
      "port": 37017,
      "rsId": "tgtconfigRS",
      "state": "SHUTDOWN_IN_PROGRESS",
      "stateUpdateTime": 1790973984
    },
    {
      "error": null,
      "hostname": "rmdb-config2",
      "id": "rmdb-config2:37017",
      "port": 37017,
      "rsId": "tgtconfigRS",
      "state": "SHUTDOWN_IN_PROGRESS",
      "stateUpdateTime": 1790973984
    }
  ],
  "state": "SHUTDOWN_IN_PROGRESS"
}
2026-10-02 15:48:20,373 [INFO] Restore state: SHUTDOWN_IN_PROGRESS
2026-10-02 15:48:30,374 [DEBUG] API GET http://129.40.36.100:8080/api/public/v1.0/backup/third_party/group/6a386221ee19a6537cc68a97/restore/6ac017fb457a6b8070196aeb
2026-10-02 15:48:30,523 [DEBUG] STATUS 200
2026-10-02 15:48:30,523 [DEBUG] {
  "clusterMapping": [
    {
      "rsId": "sgcShard_0",
      "targetRsId": "tgtShard_0"
    },
    {
      "rsId": "sgcShard_1",
      "targetRsId": "tgtShard_1"
    },
    {
      "rsId": "configRS",
      "targetRsId": "tgtconfigRS"
    }
  ],
  "nodes": [
    {
      "error": null,
      "hostname": "rmdb12",
      "id": "rmdb12:37017",
      "port": 37017,
      "rsId": "tgtShard_1",
      "state": "SHUTDOWN_IN_PROGRESS",
      "stateUpdateTime": 1790973984
    },
    {
      "error": null,
      "hostname": "rmdb14",
      "id": "rmdb14:37017",
      "port": 37017,
      "rsId": "tgtShard_1",
      "state": "SHUTDOWN_IN_PROGRESS",
      "stateUpdateTime": 1790973984
    },
    {
      "error": null,
      "hostname": "rmdb9",
      "id": "rmdb9:37017",
      "port": 37017,
      "rsId": "tgtShard_1",
      "state": "SHUTDOWN_IN_PROGRESS",
      "stateUpdateTime": 1790973984
    },
    {
      "error": null,
      "hostname": "rmdb4",
      "id": "rmdb4:37017",
      "port": 37017,
      "rsId": "tgtShard_1",
      "state": "SHUTDOWN_IN_PROGRESS",
      "stateUpdateTime": 1790973984
    },
    {
      "error": null,
      "hostname": "rmdb2",
      "id": "rmdb2:37017",
      "port": 37017,
      "rsId": "tgtShard_1",
      "state": "SHUTDOWN_IN_PROGRESS",
      "stateUpdateTime": 1790973984
    },
    {
      "error": null,
      "hostname": "rmdb8",
      "id": "rmdb8:37017",
      "port": 37017,
      "rsId": "tgtShard_0",
      "state": "SHUTDOWN_IN_PROGRESS",
      "stateUpdateTime": 1790973984
    },
    {
      "error": null,
      "hostname": "rmdb13",
      "id": "rmdb13:37017",
      "port": 37017,
      "rsId": "tgtShard_0",
      "state": "SHUTDOWN_IN_PROGRESS",
      "stateUpdateTime": 1790973984
    },
    {
      "error": null,
      "hostname": "rmdb1",
      "id": "rmdb1:37017",
      "port": 37017,
      "rsId": "tgtShard_0",
      "state": "SHUTDOWN_IN_PROGRESS",
      "stateUpdateTime": 1790973984
    },
    {
      "error": null,
      "hostname": "rmdb3",
      "id": "rmdb3:37017",
      "port": 37017,
      "rsId": "tgtShard_0",
      "state": "SHUTDOWN_IN_PROGRESS",
      "stateUpdateTime": 1790973984
    },
    {
      "error": null,
      "hostname": "rmdb11",
      "id": "rmdb11:37017",
      "port": 37017,
      "rsId": "tgtShard_0",
      "state": "SHUTDOWN_IN_PROGRESS",
      "stateUpdateTime": 1790973984
    },
    {
      "error": null,
      "hostname": "rmdb7",
      "id": "rmdb7:37017",
      "port": 37017,
      "rsId": "tgtconfigRS",
      "state": "SHUTDOWN_IN_PROGRESS",
      "stateUpdateTime": 1790973984
    },
    {
      "error": null,
      "hostname": "rmdb-config1",
      "id": "rmdb-config1:37017",
      "port": 37017,
      "rsId": "tgtconfigRS",
      "state": "SHUTDOWN_IN_PROGRESS",
      "stateUpdateTime": 1790973984
    },
    {
      "error": null,
      "hostname": "rmdb-config2",
      "id": "rmdb-config2:37017",
      "port": 37017,
      "rsId": "tgtconfigRS",
      "state": "SHUTDOWN_IN_PROGRESS",
      "stateUpdateTime": 1790973984
    }
  ],
  "state": "SHUTDOWN_IN_PROGRESS"
}
2026-10-02 15:48:30,523 [INFO] Restore state: SHUTDOWN_IN_PROGRESS
2026-10-02 15:48:40,523 [DEBUG] API GET http://129.40.36.100:8080/api/public/v1.0/backup/third_party/group/6a386221ee19a6537cc68a97/restore/6ac017fb457a6b8070196aeb
2026-10-02 15:48:40,675 [DEBUG] STATUS 200
2026-10-02 15:48:40,675 [DEBUG] {
  "clusterMapping": [
    {
      "rsId": "sgcShard_0",
      "targetRsId": "tgtShard_0"
    },
    {
      "rsId": "sgcShard_1",
      "targetRsId": "tgtShard_1"
    },
    {
      "rsId": "configRS",
      "targetRsId": "tgtconfigRS"
    }
  ],
  "nodes": [
    {
      "error": null,
      "hostname": "rmdb12",
      "id": "rmdb12:37017",
      "port": 37017,
      "rsId": "tgtShard_1",
      "state": "SHUTDOWN_IN_PROGRESS",
      "stateUpdateTime": 1790973984
    },
    {
      "error": null,
      "hostname": "rmdb14",
      "id": "rmdb14:37017",
      "port": 37017,
      "rsId": "tgtShard_1",
      "state": "SHUTDOWN_IN_PROGRESS",
      "stateUpdateTime": 1790973984
    },
    {
      "error": null,
      "hostname": "rmdb9",
      "id": "rmdb9:37017",
      "port": 37017,
      "rsId": "tgtShard_1",
      "state": "SHUTDOWN_IN_PROGRESS",
      "stateUpdateTime": 1790973984
    },
    {
      "error": null,
      "hostname": "rmdb4",
      "id": "rmdb4:37017",
      "port": 37017,
      "rsId": "tgtShard_1",
      "state": "SHUTDOWN_IN_PROGRESS",
      "stateUpdateTime": 1790973984
    },
    {
      "error": null,
      "hostname": "rmdb2",
      "id": "rmdb2:37017",
      "port": 37017,
      "rsId": "tgtShard_1",
      "state": "SHUTDOWN_IN_PROGRESS",
      "stateUpdateTime": 1790973984
    },
    {
      "error": null,
      "hostname": "rmdb8",
      "id": "rmdb8:37017",
      "port": 37017,
      "rsId": "tgtShard_0",
      "state": "SHUTDOWN_IN_PROGRESS",
      "stateUpdateTime": 1790973984
    },
    {
      "error": null,
      "hostname": "rmdb13",
      "id": "rmdb13:37017",
      "port": 37017,
      "rsId": "tgtShard_0",
      "state": "SHUTDOWN_IN_PROGRESS",
      "stateUpdateTime": 1790973984
    },
    {
      "error": null,
      "hostname": "rmdb1",
      "id": "rmdb1:37017",
      "port": 37017,
      "rsId": "tgtShard_0",
      "state": "SHUTDOWN_IN_PROGRESS",
      "stateUpdateTime": 1790973984
    },
    {
      "error": null,
      "hostname": "rmdb3",
      "id": "rmdb3:37017",
      "port": 37017,
      "rsId": "tgtShard_0",
      "state": "SHUTDOWN_IN_PROGRESS",
      "stateUpdateTime": 1790973984
    },
    {
      "error": null,
      "hostname": "rmdb11",
      "id": "rmdb11:37017",
      "port": 37017,
      "rsId": "tgtShard_0",
      "state": "SHUTDOWN_IN_PROGRESS",
      "stateUpdateTime": 1790973984
    },
    {
      "error": null,
      "hostname": "rmdb7",
      "id": "rmdb7:37017",
      "port": 37017,
      "rsId": "tgtconfigRS",
      "state": "SHUTDOWN_IN_PROGRESS",
      "stateUpdateTime": 1790973984
    },
    {
      "error": null,
      "hostname": "rmdb-config1",
      "id": "rmdb-config1:37017",
      "port": 37017,
      "rsId": "tgtconfigRS",
      "state": "SHUTDOWN_IN_PROGRESS",
      "stateUpdateTime": 1790973984
    },
    {
      "error": null,
      "hostname": "rmdb-config2",
      "id": "rmdb-config2:37017",
      "port": 37017,
      "rsId": "tgtconfigRS",
      "state": "SHUTDOWN_IN_PROGRESS",
      "stateUpdateTime": 1790973984
    }
  ],
  "state": "SHUTDOWN_IN_PROGRESS"
}
2026-10-02 15:48:40,676 [INFO] Restore state: SHUTDOWN_IN_PROGRESS
2026-10-02 15:48:50,676 [DEBUG] API GET http://129.40.36.100:8080/api/public/v1.0/backup/third_party/group/6a386221ee19a6537cc68a97/restore/6ac017fb457a6b8070196aeb
2026-10-02 15:48:50,889 [DEBUG] STATUS 200
2026-10-02 15:48:50,889 [DEBUG] {
  "clusterMapping": [
    {
      "rsId": "sgcShard_0",
      "targetRsId": "tgtShard_0"
    },
    {
      "rsId": "sgcShard_1",
      "targetRsId": "tgtShard_1"
    },
    {
      "rsId": "configRS",
      "targetRsId": "tgtconfigRS"
    }
  ],
  "nodes": [
    {
      "error": null,
      "hostname": "rmdb12",
      "id": "rmdb12:37017",
      "port": 37017,
      "rsId": "tgtShard_1",
      "state": "COPY_FILES",
      "stateUpdateTime": 1790974123
    },
    {
      "error": null,
      "hostname": "rmdb14",
      "id": "rmdb14:37017",
      "port": 37017,
      "rsId": "tgtShard_1",
      "state": "COPY_FILES",
      "stateUpdateTime": 1790974123
    },
    {
      "error": null,
      "hostname": "rmdb9",
      "id": "rmdb9:37017",
      "port": 37017,
      "rsId": "tgtShard_1",
      "state": "COPY_FILES",
      "stateUpdateTime": 1790974123
    },
    {
      "error": null,
      "hostname": "rmdb4",
      "id": "rmdb4:37017",
      "port": 37017,
      "rsId": "tgtShard_1",
      "state": "COPY_FILES",
      "stateUpdateTime": 1790974123
    },
    {
      "error": null,
      "hostname": "rmdb2",
      "id": "rmdb2:37017",
      "port": 37017,
      "rsId": "tgtShard_1",
      "state": "COPY_FILES",
      "stateUpdateTime": 1790974126
    },
    {
      "error": null,
      "hostname": "rmdb8",
      "id": "rmdb8:37017",
      "port": 37017,
      "rsId": "tgtShard_0",
      "state": "SHUTDOWN_IN_PROGRESS",
      "stateUpdateTime": 1790973984
    },
    {
      "error": null,
      "hostname": "rmdb13",
      "id": "rmdb13:37017",
      "port": 37017,
      "rsId": "tgtShard_0",
      "state": "SHUTDOWN_IN_PROGRESS",
      "stateUpdateTime": 1790973984
    },
    {
      "error": null,
      "hostname": "rmdb1",
      "id": "rmdb1:37017",
      "port": 37017,
      "rsId": "tgtShard_0",
      "state": "SHUTDOWN_IN_PROGRESS",
      "stateUpdateTime": 1790973984
    },
    {
      "error": null,
      "hostname": "rmdb3",
      "id": "rmdb3:37017",
      "port": 37017,
      "rsId": "tgtShard_0",
      "state": "COPY_FILES",
      "stateUpdateTime": 1790974127
    },
    {
      "error": null,
      "hostname": "rmdb11",
      "id": "rmdb11:37017",
      "port": 37017,
      "rsId": "tgtShard_0",
      "state": "SHUTDOWN_IN_PROGRESS",
      "stateUpdateTime": 1790973984
    },
    {
      "error": null,
      "hostname": "rmdb7",
      "id": "rmdb7:37017",
      "port": 37017,
      "rsId": "tgtconfigRS",
      "state": "COPY_FILES",
      "stateUpdateTime": 1790974120
    },
    {
      "error": null,
      "hostname": "rmdb-config1",
      "id": "rmdb-config1:37017",
      "port": 37017,
      "rsId": "tgtconfigRS",
      "state": "COPY_FILES",
      "stateUpdateTime": 1790974127
    },
    {
      "error": null,
      "hostname": "rmdb-config2",
      "id": "rmdb-config2:37017",
      "port": 37017,
      "rsId": "tgtconfigRS",
      "state": "COPY_FILES",
      "stateUpdateTime": 1790974125
    }
  ],
  "state": "SHUTDOWN_IN_PROGRESS"
}
2026-10-02 15:48:50,889 [INFO] Restore state: SHUTDOWN_IN_PROGRESS
2026-10-02 15:49:00,890 [DEBUG] API GET http://129.40.36.100:8080/api/public/v1.0/backup/third_party/group/6a386221ee19a6537cc68a97/restore/6ac017fb457a6b8070196aeb
2026-10-02 15:49:01,041 [DEBUG] STATUS 200
2026-10-02 15:49:01,041 [DEBUG] {
  "clusterMapping": [
    {
      "rsId": "sgcShard_0",
      "targetRsId": "tgtShard_0"
    },
    {
      "rsId": "sgcShard_1",
      "targetRsId": "tgtShard_1"
    },
    {
      "rsId": "configRS",
      "targetRsId": "tgtconfigRS"
    }
  ],
  "nodes": [
    {
      "error": null,
      "hostname": "rmdb12",
      "id": "rmdb12:37017",
      "port": 37017,
      "rsId": "tgtShard_1",
      "state": "COPY_FILES",
      "stateUpdateTime": 1790974123
    },
    {
      "error": null,
      "hostname": "rmdb14",
      "id": "rmdb14:37017",
      "port": 37017,
      "rsId": "tgtShard_1",
      "state": "COPY_FILES",
      "stateUpdateTime": 1790974123
    },
    {
      "error": null,
      "hostname": "rmdb9",
      "id": "rmdb9:37017",
      "port": 37017,
      "rsId": "tgtShard_1",
      "state": "COPY_FILES",
      "stateUpdateTime": 1790974123
    },
    {
      "error": null,
      "hostname": "rmdb4",
      "id": "rmdb4:37017",
      "port": 37017,
      "rsId": "tgtShard_1",
      "state": "COPY_FILES",
      "stateUpdateTime": 1790974123
    },
    {
      "error": null,
      "hostname": "rmdb2",
      "id": "rmdb2:37017",
      "port": 37017,
      "rsId": "tgtShard_1",
      "state": "COPY_FILES",
      "stateUpdateTime": 1790974126
    },
    {
      "error": null,
      "hostname": "rmdb8",
      "id": "rmdb8:37017",
      "port": 37017,
      "rsId": "tgtShard_0",
      "state": "COPY_FILES",
      "stateUpdateTime": 1790974134
    },
    {
      "error": null,
      "hostname": "rmdb13",
      "id": "rmdb13:37017",
      "port": 37017,
      "rsId": "tgtShard_0",
      "state": "COPY_FILES",
      "stateUpdateTime": 1790974134
    },
    {
      "error": null,
      "hostname": "rmdb1",
      "id": "rmdb1:37017",
      "port": 37017,
      "rsId": "tgtShard_0",
      "state": "COPY_FILES",
      "stateUpdateTime": 1790974134
    },
    {
      "error": null,
      "hostname": "rmdb3",
      "id": "rmdb3:37017",
      "port": 37017,
      "rsId": "tgtShard_0",
      "state": "COPY_FILES",
      "stateUpdateTime": 1790974127
    },
    {
      "error": null,
      "hostname": "rmdb11",
      "id": "rmdb11:37017",
      "port": 37017,
      "rsId": "tgtShard_0",
      "state": "COPY_FILES",
      "stateUpdateTime": 1790974132
    },
    {
      "error": null,
      "hostname": "rmdb7",
      "id": "rmdb7:37017",
      "port": 37017,
      "rsId": "tgtconfigRS",
      "state": "COPY_FILES",
      "stateUpdateTime": 1790974120
    },
    {
      "error": null,
      "hostname": "rmdb-config1",
      "id": "rmdb-config1:37017",
      "port": 37017,
      "rsId": "tgtconfigRS",
      "state": "COPY_FILES",
      "stateUpdateTime": 1790974127
    },
    {
      "error": null,
      "hostname": "rmdb-config2",
      "id": "rmdb-config2:37017",
      "port": 37017,
      "rsId": "tgtconfigRS",
      "state": "COPY_FILES",
      "stateUpdateTime": 1790974125
    }
  ],
  "state": "COPY_FILES"
}
2026-10-02 15:49:01,042 [INFO] Restore state: COPY_FILES
2026-10-02 15:49:11,044 [INFO] Unmounting MongoDB data volumes on: rmdb-config1, rmdb-config2, rmdb7, rmdb11, rmdb13, rmdb1, rmdb3, rmdb8, rmdb12, rmdb14, rmdb2, rmdb4, rmdb9
2026-10-02 15:49:11,044 [INFO] call  unmount_hosts(mdb_hosts=['rmdb-config1', 'rmdb-config2', 'rmdb7', 'rmdb11', 'rmdb13', 'rmdb1', 'rmdb3', 'rmdb8', 'rmdb12', 'rmdb14', 'rmdb2', 'rmdb4', 'rmdb9'], kvm_hosts=['mdb-kvm1', 'mdb-kvm2', 'mdb-kvm3'], mount_point='/fimongo1')
2026-10-02 15:49:11,916 [INFO] Host rmdb-config1 is currently busy
2026-10-02 15:49:12,945 [INFO] Host rmdb-config2 is currently busy
2026-10-02 15:49:13,992 [INFO] Host rmdb7 is currently busy
2026-10-02 15:49:14,990 [INFO] Host rmdb11 is currently busy
2026-10-02 15:49:15,970 [INFO] Host rmdb13 is currently busy
2026-10-02 15:49:16,938 [INFO] Host rmdb1 is currently busy
2026-10-02 15:49:17,980 [INFO] Host rmdb3 is currently busy
2026-10-02 15:49:18,978 [INFO] Host rmdb8 is currently busy
2026-10-02 15:49:20,021 [INFO] Host rmdb12 is currently busy
2026-10-02 15:49:21,019 [INFO] Host rmdb14 is currently busy
2026-10-02 15:49:22,053 [INFO] Host rmdb2 is currently busy
2026-10-02 15:49:23,066 [INFO] Host rmdb4 is currently busy
2026-10-02 15:49:24,064 [INFO] Host rmdb9 is currently busy
2026-10-02 15:49:24,064 [INFO] Busy hosts: 13
2026-10-02 15:49:34,863 [INFO] Host rmdb-config1 is currently busy
2026-10-02 15:49:35,859 [INFO] Host rmdb-config2 is currently busy
2026-10-02 15:49:36,855 [INFO] Host rmdb7 is currently busy
2026-10-02 15:49:37,884 [INFO] Host rmdb11 is currently busy
2026-10-02 15:49:38,863 [INFO] Host rmdb13 is currently busy
2026-10-02 15:49:39,894 [INFO] Host rmdb1 is currently busy
2026-10-02 15:49:40,857 [INFO] Host rmdb3 is currently busy
2026-10-02 15:49:41,890 [INFO] Host rmdb8 is currently busy
2026-10-02 15:49:42,860 [INFO] Host rmdb12 is currently busy
2026-10-02 15:49:43,841 [INFO] Host rmdb14 is currently busy
2026-10-02 15:49:44,841 [INFO] Host rmdb2 is currently busy
2026-10-02 15:49:45,849 [INFO] Host rmdb4 is currently busy
2026-10-02 15:49:46,854 [INFO] Host rmdb9 is currently busy
2026-10-02 15:49:46,854 [INFO] Busy hosts: 13
2026-10-02 15:49:57,675 [INFO] Host rmdb-config1 is currently busy
2026-10-02 15:49:58,642 [INFO] Host rmdb-config2 is currently busy
2026-10-02 15:49:59,675 [INFO] Host rmdb7 is currently busy
2026-10-02 15:50:00,703 [INFO] Host rmdb11 is currently busy
2026-10-02 15:50:01,765 [INFO] Host rmdb13 is currently busy
2026-10-02 15:50:02,795 [INFO] Host rmdb1 is currently busy
2026-10-02 15:50:03,833 [INFO] Host rmdb3 is currently busy
2026-10-02 15:50:04,898 [INFO] Host rmdb8 is currently busy
2026-10-02 15:50:05,895 [INFO] Host rmdb12 is currently busy
2026-10-02 15:50:06,860 [INFO] Host rmdb14 is currently busy
2026-10-02 15:50:07,844 [INFO] Host rmdb2 is currently busy
2026-10-02 15:50:08,843 [INFO] Host rmdb4 is currently busy
2026-10-02 15:50:09,888 [INFO] Host rmdb9 is currently busy
2026-10-02 15:50:09,888 [INFO] Busy hosts: 13
2026-10-02 15:50:20,703 [INFO] Host rmdb-config1 is currently busy
2026-10-02 15:50:21,709 [INFO] Host rmdb-config2 is currently busy
2026-10-02 15:50:22,761 [INFO] Host rmdb7 is currently busy
2026-10-02 15:50:23,734 [INFO] Host rmdb11 is currently busy
2026-10-02 15:50:24,743 [INFO] Host rmdb13 is currently busy
2026-10-02 15:50:25,743 [INFO] Host rmdb1 is currently busy
2026-10-02 15:50:26,693 [INFO] Host rmdb3 is currently busy
2026-10-02 15:50:27,741 [INFO] Host rmdb8 is currently busy
2026-10-02 15:50:28,788 [INFO] Host rmdb12 is currently busy
2026-10-02 15:50:29,788 [INFO] Host rmdb14 is currently busy
2026-10-02 15:50:30,773 [INFO] Host rmdb2 is currently busy
2026-10-02 15:50:31,764 [INFO] Host rmdb4 is currently busy
2026-10-02 15:50:33,003 [INFO] Host rmdb9 is currently busy
2026-10-02 15:50:33,003 [INFO] Busy hosts: 13
2026-10-02 15:50:43,828 [INFO] Host rmdb-config1 is currently busy
2026-10-02 15:50:44,825 [INFO] Host rmdb-config2 is currently busy
2026-10-02 15:50:45,881 [INFO] Host rmdb7 is currently busy
2026-10-02 15:50:46,918 [INFO] Host rmdb11 is currently busy
2026-10-02 15:50:47,918 [INFO] Host rmdb13 is currently busy
2026-10-02 15:50:48,976 [INFO] Host rmdb1 is currently busy
2026-10-02 15:50:49,927 [INFO] Host rmdb3 is currently busy
2026-10-02 15:50:50,974 [INFO] Host rmdb8 is currently busy
2026-10-02 15:50:52,001 [INFO] Host rmdb12 is currently busy
2026-10-02 15:50:53,030 [INFO] Host rmdb14 is currently busy
2026-10-02 15:50:54,045 [INFO] Host rmdb2 is currently busy
2026-10-02 15:50:55,058 [INFO] Host rmdb4 is currently busy
2026-10-02 15:50:56,102 [INFO] Host rmdb9 is currently busy
2026-10-02 15:50:56,102 [INFO] Busy hosts: 13
2026-10-02 15:51:06,920 [INFO] Host rmdb-config1 is currently busy
2026-10-02 15:51:07,916 [INFO] Host rmdb-config2 is currently busy
2026-10-02 15:51:08,923 [INFO] Host rmdb7 is currently busy
2026-10-02 15:51:09,964 [INFO] Host rmdb11 is currently busy
2026-10-02 15:51:10,943 [INFO] Host rmdb13 is currently busy
2026-10-02 15:51:11,975 [INFO] Host rmdb1 is currently busy
2026-10-02 15:51:12,923 [INFO] Host rmdb3 is currently busy
2026-10-02 15:51:13,952 [INFO] Host rmdb8 is currently busy
2026-10-02 15:51:15,013 [INFO] Host rmdb12 is currently busy
2026-10-02 15:51:16,017 [INFO] Host rmdb14 is currently busy
2026-10-02 15:51:17,026 [INFO] Host rmdb2 is currently busy
2026-10-02 15:51:18,023 [INFO] Host rmdb4 is currently busy
2026-10-02 15:51:19,053 [INFO] Host rmdb9 is currently busy
2026-10-02 15:51:19,054 [INFO] Busy hosts: 13
2026-10-02 15:51:29,917 [INFO] Host rmdb-config1 is currently busy
2026-10-02 15:51:30,887 [INFO] Host rmdb-config2 is currently busy
2026-10-02 15:51:31,923 [INFO] Host rmdb7 is currently busy
2026-10-02 15:51:33,004 [INFO] Host rmdb11 is currently busy
2026-10-02 15:51:33,986 [INFO] Host rmdb13 is currently busy
2026-10-02 15:51:34,982 [INFO] Host rmdb1 is currently busy
2026-10-02 15:51:36,019 [INFO] Host rmdb3 is currently busy
2026-10-02 15:51:37,035 [INFO] Host rmdb8 is currently busy
2026-10-02 15:51:38,098 [INFO] Host rmdb12 is currently busy
2026-10-02 15:51:39,084 [INFO] Host rmdb14 is currently busy
2026-10-02 15:51:40,080 [INFO] Host rmdb2 is currently busy
2026-10-02 15:51:41,134 [INFO] Host rmdb4 is currently busy
2026-10-02 15:51:42,121 [INFO] Host rmdb9 is currently busy
2026-10-02 15:51:42,121 [INFO] Busy hosts: 13
2026-10-02 15:51:53,108 [INFO] Host rmdb-config1 is currently busy
2026-10-02 15:51:54,104 [INFO] Host rmdb-config2 is currently busy
2026-10-02 15:51:55,110 [INFO] Host rmdb7 is currently busy
2026-10-02 15:51:57,224 [INFO] Host rmdb13 is currently busy
2026-10-02 15:51:58,226 [INFO] Host rmdb1 is currently busy
2026-10-02 15:51:59,233 [INFO] Host rmdb3 is currently busy
2026-10-02 15:52:00,239 [INFO] Host rmdb8 is currently busy
2026-10-02 15:52:01,252 [INFO] Host rmdb12 is currently busy
2026-10-02 15:52:02,252 [INFO] Host rmdb14 is currently busy
2026-10-02 15:52:03,172 [INFO] Host rmdb2 is currently busy
2026-10-02 15:52:04,216 [INFO] Host rmdb4 is currently busy
2026-10-02 15:52:05,227 [INFO] Host rmdb9 is currently busy
2026-10-02 15:52:05,228 [INFO] Busy hosts: 12
2026-10-02 15:52:16,043 [INFO] Host rmdb-config1 is currently busy
2026-10-02 15:52:17,073 [INFO] Host rmdb-config2 is currently busy
2026-10-02 15:52:18,104 [INFO] Host rmdb7 is currently busy
2026-10-02 15:52:20,077 [INFO] Host rmdb13 is currently busy
2026-10-02 15:52:21,089 [INFO] Host rmdb1 is currently busy
2026-10-02 15:52:22,116 [INFO] Host rmdb3 is currently busy
2026-10-02 15:52:23,120 [INFO] Host rmdb8 is currently busy
2026-10-02 15:52:24,168 [INFO] Host rmdb12 is currently busy
2026-10-02 15:52:25,148 [INFO] Host rmdb14 is currently busy
2026-10-02 15:52:26,162 [INFO] Host rmdb2 is currently busy
2026-10-02 15:52:27,190 [INFO] Host rmdb4 is currently busy
2026-10-02 15:52:28,224 [INFO] Host rmdb9 is currently busy
2026-10-02 15:52:28,224 [INFO] Busy hosts: 12
2026-10-02 15:52:39,039 [INFO] Host rmdb-config1 is currently busy
2026-10-02 15:52:40,057 [INFO] Host rmdb-config2 is currently busy
2026-10-02 15:52:41,071 [INFO] Host rmdb7 is currently busy
2026-10-02 15:52:43,028 [INFO] Host rmdb13 is currently busy
2026-10-02 15:52:44,058 [INFO] Host rmdb1 is currently busy
2026-10-02 15:52:45,103 [INFO] Host rmdb3 is currently busy
2026-10-02 15:52:46,089 [INFO] Host rmdb8 is currently busy
2026-10-02 15:52:48,089 [INFO] Host rmdb14 is currently busy
2026-10-02 15:52:50,148 [INFO] Host rmdb4 is currently busy
2026-10-02 15:52:51,154 [INFO] Host rmdb9 is currently busy
2026-10-02 15:52:51,154 [INFO] Busy hosts: 10
2026-10-02 15:53:01,944 [INFO] Host rmdb-config1 is currently busy
2026-10-02 15:53:02,915 [INFO] Host rmdb-config2 is currently busy
2026-10-02 15:53:05,946 [INFO] Host rmdb13 is currently busy
2026-10-02 15:53:07,893 [INFO] Host rmdb3 is currently busy
2026-10-02 15:53:08,930 [INFO] Host rmdb8 is currently busy
2026-10-02 15:53:13,990 [INFO] Busy hosts: 5
2026-10-02 15:53:24,818 [INFO] Host rmdb-config1 is currently busy
2026-10-02 15:53:28,859 [INFO] Host rmdb13 is currently busy
2026-10-02 15:53:31,883 [INFO] Host rmdb8 is currently busy
2026-10-02 15:53:36,966 [INFO] Busy hosts: 3
2026-10-02 15:53:59,742 [INFO] Busy hosts: 0
2026-10-02 15:53:59,742 [INFO] Flushing cache after umount on rmdb-config1
2026-10-02 15:54:00,614 [INFO] Flushing cache after umount on rmdb-config2
2026-10-02 15:54:01,624 [INFO] Flushing cache after umount on rmdb7
2026-10-02 15:54:02,783 [INFO] Flushing cache after umount on rmdb11
2026-10-02 15:54:03,827 [INFO] Flushing cache after umount on rmdb13
2026-10-02 15:54:04,871 [INFO] Flushing cache after umount on rmdb1
2026-10-02 15:54:05,964 [INFO] Flushing cache after umount on rmdb3
2026-10-02 15:54:06,984 [INFO] Flushing cache after umount on rmdb8
2026-10-02 15:54:08,044 [INFO] Flushing cache after umount on rmdb12
2026-10-02 15:54:09,105 [INFO] Flushing cache after umount on rmdb14
2026-10-02 15:54:10,200 [INFO] Flushing cache after umount on rmdb2
2026-10-02 15:54:11,280 [INFO] Flushing cache after umount on rmdb4
2026-10-02 15:54:12,395 [INFO] Flushing cache after umount on rmdb9
2026-10-02 15:54:13,440 [INFO] Resolving KVM cache on host: mdb-kvm1
2026-10-02 15:54:15,150 [INFO] Resolving KVM cache on host: mdb-kvm2
2026-10-02 15:54:16,122 [INFO] Resolving KVM cache on host: mdb-kvm3
2026-10-02 15:54:17,153 [INFO] ret   unmount_hosts -> None
2026-10-02 15:54:17,153 [INFO] Target nodes unmounted
2026-10-02 15:54:17,154 [INFO] === shard configRS -> tgtconfigRS from snapshot configRS_6ac0155b7c5bbb3be00623a9 ===
2026-10-02 15:54:17,155 [INFO] --- restoring rmdb-config1:37017 ---
2026-10-02 15:54:17,155 [INFO] Authenticating to FlashSystem fs9500-2.cpolab.ibm.com
2026-10-02 15:54:17,468 [INFO] call  getSnapshotVolumeGroup('fs9500-2.cpolab.ibm.com', <redacted>, 'configRS_6ac0155b7c5bbb3be00623a9')
2026-10-02 15:54:17,666 [INFO] ret   getSnapshotVolumeGroup -> ('ORION15-mdb7-sgcCluster', '64')
2026-10-02 15:54:17,666 [INFO] call  createThinCloneVolumeGroup('fs9500-2.cpolab.ibm.com', <redacted>, '64', 'rmdb-config1_tgtCluster_6ac0155b7c5bbb3be00623a9')
2026-10-02 15:54:18,122 [INFO] ret   createThinCloneVolumeGroup -> {'id': '81', 'message': 'Volume Group, id [81], successfully created'}
2026-10-02 15:54:18,123 [INFO] call  renameVolumeGroupVolumes('fs9500-2.cpolab.ibm.com', <redacted>, 'rmdb-config1_tgtCluster_6ac0155b7c5bbb3be00623a9', 'restore_rmdb-config1_tgtCluster_6ac0155b7c5bbb3be00623a9')
2026-10-02 15:54:19,259 [INFO] ret   renameVolumeGroupVolumes -> [('ORION15-mdb7-shard2-2-1', 'restore_rmdb-config1_tgtCluster_6ac0155b7c5bbb3be00623a9')]
2026-10-02 15:54:19,260 [INFO] call  getVolumeUUID('fs9500-2.cpolab.ibm.com', <redacted>, 'restore_rmdb-config1_tgtCluster_6ac0155b7c5bbb3be00623a9')
2026-10-02 15:54:20,051 [INFO] ret   getVolumeUUID -> '60050768138202df88000000000004ab'
2026-10-02 15:54:20,052 [INFO] call  mapVolumeToHost('fs9500-2.cpolab.ibm.com', <redacted>, 'restore_rmdb-config1_tgtCluster_6ac0155b7c5bbb3be00623a9', 'SG-FCP-ORION0A-new-mdb-kvm1')
2026-10-02 15:54:20,622 [INFO] ret   mapVolumeToHost -> {'id': '63', 'message': 'Virtual Disk to Host map, id [63], successfully created'}
2026-10-02 15:54:20,623 [INFO] call  scan_scsi_devices('mdb-kvm1')
2026-10-02 15:54:21,579 [INFO] ret   scan_scsi_devices -> True
2026-10-02 15:54:21,579 [INFO] call  find_multipath_device_from_scsi_uuid('mdb-kvm1', '60050768138202df88000000000004ab', retries=6, delay=5)
2026-10-02 15:54:22,803 [INFO] ret   find_multipath_device_from_scsi_uuid -> 'mpathbq'
2026-10-02 15:54:22,804 [INFO] call  attach_disk_to_domain('mdb-kvm1', 'rmdb-config1', '/dev/mapper/mpathbq')
2026-10-02 15:54:24,686 [INFO] ret   attach_disk_to_domain -> '/dev/vdh'
2026-10-02 15:54:24,686 [INFO] call  highest_partition('rmdb-config1', '/dev/vdh')
2026-10-02 15:54:25,554 [INFO] ret   highest_partition -> '/dev/vdh1'
2026-10-02 15:54:25,555 [INFO] call  filesystem_uuid('rmdb-config1', '/dev/vdh1')
2026-10-02 15:54:26,445 [INFO] ret   filesystem_uuid -> '84b467c1-5c1d-4be1-8e3a-7f255ecdbd6c'
2026-10-02 15:54:26,446 [INFO] call  change_filesystem_uuid('rmdb-config1', '/dev/vdh1')
2026-10-02 15:54:34,546 [INFO] ret   change_filesystem_uuid -> 'da84361c-c48d-4720-9d20-580984e13401'
2026-10-02 15:54:34,547 [INFO] call  mount_single_host('rmdb-config1:37017', {'sgcShard_0': [{'hostname': 'mdb8:37017', 'mount_point': '/fimongo1', 'fs_uuid': 'de77df98-cd1f-488b-8cac-facbccfd1e30'}], 'sgcShard_1': [{'hostname': 'mdb9:37017', 'mount_point': '/fimongo1', 'fs_uuid': '6daf0f6f-5246-489d-91a3-1587f885cd59'}], 'configRS': [{'hostname': 'mdb7:37017', 'mount_point': '/fimongo1', 'fs_uuid': '84b467c1-5c1d-4be1-8e3a-7f255ecdbd6c'}]}, fs_uuid='da84361c-c48d-4720-9d20-580984e13401', mount_point='/fimongo1')
2026-10-02 15:54:34,547 [INFO] Partprobe on rmdb-config1 to detect filesystem updates
2026-10-02 15:54:35,441 [INFO] Mounting UUID=da84361c-c48d-4720-9d20-580984e13401 on rmdb-config1 at /fimongo1
2026-10-02 15:54:36,329 [INFO] Mounted successfully on rmdb-config1
2026-10-02 15:54:37,205 [INFO] chown mongod:mongod applied on rmdb-config1 at /fimongo1
2026-10-02 15:54:37,205 [INFO] ret   mount_single_host -> None
2026-10-02 15:54:37,205 [INFO] call  verify_single_host_mount('rmdb-config1:37017', {'sgcShard_0': [{'hostname': 'mdb8:37017', 'mount_point': '/fimongo1', 'fs_uuid': 'de77df98-cd1f-488b-8cac-facbccfd1e30'}], 'sgcShard_1': [{'hostname': 'mdb9:37017', 'mount_point': '/fimongo1', 'fs_uuid': '6daf0f6f-5246-489d-91a3-1587f885cd59'}], 'configRS': [{'hostname': 'mdb7:37017', 'mount_point': '/fimongo1', 'fs_uuid': '84b467c1-5c1d-4be1-8e3a-7f255ecdbd6c'}]}, mount_point='/fimongo1')
2026-10-02 15:54:38,055 [INFO] Mount verified on rmdb-config1: /fimongo1
2026-10-02 15:54:38,916 [INFO] rmdb-config1: /fimongo1/data/fileList.txt exists with correct mongod:mongod ownership
2026-10-02 15:54:38,916 [INFO] ret   verify_single_host_mount -> None
2026-10-02 15:54:38,917 [DEBUG] API GET http://129.40.36.100:8080/api/public/v1.0/backup/third_party/group/6a386221ee19a6537cc68a97/restore/6ac017fb457a6b8070196aeb
2026-10-02 15:54:39,125 [DEBUG] STATUS 200
2026-10-02 15:54:39,126 [DEBUG] {
  "clusterMapping": [
    {
      "rsId": "sgcShard_0",
      "targetRsId": "tgtShard_0"
    },
    {
      "rsId": "sgcShard_1",
      "targetRsId": "tgtShard_1"
    },
    {
      "rsId": "configRS",
      "targetRsId": "tgtconfigRS"
    }
  ],
  "nodes": [
    {
      "error": null,
      "hostname": "rmdb12",
      "id": "rmdb12:37017",
      "port": 37017,
      "rsId": "tgtShard_1",
      "state": "COPY_FILES",
      "stateUpdateTime": 1790974123
    },
    {
      "error": null,
      "hostname": "rmdb14",
      "id": "rmdb14:37017",
      "port": 37017,
      "rsId": "tgtShard_1",
      "state": "COPY_FILES",
      "stateUpdateTime": 1790974123
    },
    {
      "error": null,
      "hostname": "rmdb9",
      "id": "rmdb9:37017",
      "port": 37017,
      "rsId": "tgtShard_1",
      "state": "COPY_FILES",
      "stateUpdateTime": 1790974123
    },
    {
      "error": null,
      "hostname": "rmdb4",
      "id": "rmdb4:37017",
      "port": 37017,
      "rsId": "tgtShard_1",
      "state": "COPY_FILES",
      "stateUpdateTime": 1790974123
    },
    {
      "error": null,
      "hostname": "rmdb2",
      "id": "rmdb2:37017",
      "port": 37017,
      "rsId": "tgtShard_1",
      "state": "COPY_FILES",
      "stateUpdateTime": 1790974126
    },
    {
      "error": null,
      "hostname": "rmdb8",
      "id": "rmdb8:37017",
      "port": 37017,
      "rsId": "tgtShard_0",
      "state": "COPY_FILES",
      "stateUpdateTime": 1790974134
    },
    {
      "error": null,
      "hostname": "rmdb13",
      "id": "rmdb13:37017",
      "port": 37017,
      "rsId": "tgtShard_0",
      "state": "COPY_FILES",
      "stateUpdateTime": 1790974134
    },
    {
      "error": null,
      "hostname": "rmdb1",
      "id": "rmdb1:37017",
      "port": 37017,
      "rsId": "tgtShard_0",
      "state": "COPY_FILES",
      "stateUpdateTime": 1790974134
    },
    {
      "error": null,
      "hostname": "rmdb3",
      "id": "rmdb3:37017",
      "port": 37017,
      "rsId": "tgtShard_0",
      "state": "COPY_FILES",
      "stateUpdateTime": 1790974127
    },
    {
      "error": null,
      "hostname": "rmdb11",
      "id": "rmdb11:37017",
      "port": 37017,
      "rsId": "tgtShard_0",
      "state": "COPY_FILES",
      "stateUpdateTime": 1790974132
    },
    {
      "error": null,
      "hostname": "rmdb7",
      "id": "rmdb7:37017",
      "port": 37017,
      "rsId": "tgtconfigRS",
      "state": "COPY_FILES",
      "stateUpdateTime": 1790974120
    },
    {
      "error": null,
      "hostname": "rmdb-config1",
      "id": "rmdb-config1:37017",
      "port": 37017,
      "rsId": "tgtconfigRS",
      "state": "COPY_FILES",
      "stateUpdateTime": 1790974127
    },
    {
      "error": null,
      "hostname": "rmdb-config2",
      "id": "rmdb-config2:37017",
      "port": 37017,
      "rsId": "tgtconfigRS",
      "state": "COPY_FILES",
      "stateUpdateTime": 1790974125
    }
  ],
  "state": "COPY_FILES"
}
2026-10-02 15:54:39,126 [INFO] call  files_copied('http://129.40.36.100:8080', '6a386221ee19a6537cc68a97', '6ac017fb457a6b8070196aeb', 'rmdb-config1:37017', '/fimongo1/data', <requests.auth.HTTPDigestAuth object at 0x00000279C5536E40>)
2026-10-02 15:54:39,126 [DEBUG] API POST http://129.40.36.100:8080/api/public/v1.0/backup/third_party/group/6a386221ee19a6537cc68a97/restore/6ac017fb457a6b8070196aeb/filesCopied
2026-10-02 15:54:39,126 [DEBUG] {
  "id": "rmdb-config1:37017",
  "dbPath": "/fimongo1/data"
}
2026-10-02 15:54:39,247 [DEBUG] STATUS 200
2026-10-02 15:54:39,247 [DEBUG] {
  "errorCode": "NONE",
  "version": "1",
  "status": "OK"
}
2026-10-02 15:54:39,247 [INFO] ret   files_copied -> None
2026-10-02 15:54:39,250 [INFO] --- restoring rmdb-config2:37017 ---
2026-10-02 15:54:39,250 [INFO] Authenticating to FlashSystem fs9500-3.cpolab.ibm.com
2026-10-02 15:54:39,825 [INFO] call  getSnapshotVolumeGroup('fs9500-3.cpolab.ibm.com', <redacted>, 'configRS_6ac0155b7c5bbb3be00623a9')
2026-10-02 15:54:40,070 [INFO] ret   getSnapshotVolumeGroup -> ('ORION15-mdb7-sgcCluster-replicated', '27')
2026-10-02 15:54:40,070 [INFO] call  createThinCloneVolumeGroup('fs9500-3.cpolab.ibm.com', <redacted>, '27', 'rmdb-config2_tgtCluster_6ac0155b7c5bbb3be00623a9')
2026-10-02 15:54:40,490 [INFO] ret   createThinCloneVolumeGroup -> {'id': '78', 'message': 'Volume Group, id [78], successfully created'}
2026-10-02 15:54:40,492 [INFO] call  renameVolumeGroupVolumes('fs9500-3.cpolab.ibm.com', <redacted>, 'rmdb-config2_tgtCluster_6ac0155b7c5bbb3be00623a9', 'restore_rmdb-config2_tgtCluster_6ac0155b7c5bbb3be00623a9')
2026-10-02 15:54:42,002 [INFO] ret   renameVolumeGroupVolumes -> [('ORION15-mdb7-shard2-2-0-0', 'restore_rmdb-config2_tgtCluster_6ac0155b7c5bbb3be00623a9')]
2026-10-02 15:54:42,003 [INFO] call  getVolumeUUID('fs9500-3.cpolab.ibm.com', <redacted>, 'restore_rmdb-config2_tgtCluster_6ac0155b7c5bbb3be00623a9')
2026-10-02 15:54:42,392 [INFO] ret   getVolumeUUID -> '60050768138302dab800000000000309'
2026-10-02 15:54:42,393 [INFO] call  mapVolumeToHost('fs9500-3.cpolab.ibm.com', <redacted>, 'restore_rmdb-config2_tgtCluster_6ac0155b7c5bbb3be00623a9', 'Orion0B-mdb-kvm2')
2026-10-02 15:54:43,186 [INFO] ret   mapVolumeToHost -> {'id': '51', 'message': 'Virtual Disk to Host map, id [51], successfully created'}
2026-10-02 15:54:43,188 [INFO] call  scan_scsi_devices('mdb-kvm2')
2026-10-02 15:54:44,110 [INFO] ret   scan_scsi_devices -> True
2026-10-02 15:54:44,110 [INFO] call  find_multipath_device_from_scsi_uuid('mdb-kvm2', '60050768138302dab800000000000309', retries=6, delay=5)
2026-10-02 15:54:52,388 [INFO] ret   find_multipath_device_from_scsi_uuid -> 'mpathbg'
2026-10-02 15:54:52,389 [INFO] call  attach_disk_to_domain('mdb-kvm2', 'rmdb-config2', '/dev/mapper/mpathbg')
2026-10-02 15:54:54,303 [INFO] ret   attach_disk_to_domain -> '/dev/vdh'
2026-10-02 15:54:54,305 [INFO] call  highest_partition('rmdb-config2', '/dev/vdh')
2026-10-02 15:54:55,312 [INFO] ret   highest_partition -> '/dev/vdh1'
2026-10-02 15:54:55,313 [INFO] call  filesystem_uuid('rmdb-config2', '/dev/vdh1')
2026-10-02 15:54:56,134 [INFO] ret   filesystem_uuid -> '84b467c1-5c1d-4be1-8e3a-7f255ecdbd6c'
2026-10-02 15:54:56,135 [INFO] call  change_filesystem_uuid('rmdb-config2', '/dev/vdh1')
2026-10-02 15:55:03,771 [INFO] ret   change_filesystem_uuid -> '624ef339-71b1-41b9-94fd-13e8f784e00b'
2026-10-02 15:55:03,772 [INFO] call  mount_single_host('rmdb-config2:37017', {'sgcShard_0': [{'hostname': 'mdb8:37017', 'mount_point': '/fimongo1', 'fs_uuid': 'de77df98-cd1f-488b-8cac-facbccfd1e30'}], 'sgcShard_1': [{'hostname': 'mdb9:37017', 'mount_point': '/fimongo1', 'fs_uuid': '6daf0f6f-5246-489d-91a3-1587f885cd59'}], 'configRS': [{'hostname': 'mdb7:37017', 'mount_point': '/fimongo1', 'fs_uuid': '84b467c1-5c1d-4be1-8e3a-7f255ecdbd6c'}]}, fs_uuid='624ef339-71b1-41b9-94fd-13e8f784e00b', mount_point='/fimongo1')
2026-10-02 15:55:03,772 [INFO] Partprobe on rmdb-config2 to detect filesystem updates
2026-10-02 15:55:04,652 [INFO] Mounting UUID=624ef339-71b1-41b9-94fd-13e8f784e00b on rmdb-config2 at /fimongo1
2026-10-02 15:55:05,571 [INFO] Mounted successfully on rmdb-config2
2026-10-02 15:55:06,389 [INFO] chown mongod:mongod applied on rmdb-config2 at /fimongo1
2026-10-02 15:55:06,389 [INFO] ret   mount_single_host -> None
2026-10-02 15:55:06,390 [INFO] call  verify_single_host_mount('rmdb-config2:37017', {'sgcShard_0': [{'hostname': 'mdb8:37017', 'mount_point': '/fimongo1', 'fs_uuid': 'de77df98-cd1f-488b-8cac-facbccfd1e30'}], 'sgcShard_1': [{'hostname': 'mdb9:37017', 'mount_point': '/fimongo1', 'fs_uuid': '6daf0f6f-5246-489d-91a3-1587f885cd59'}], 'configRS': [{'hostname': 'mdb7:37017', 'mount_point': '/fimongo1', 'fs_uuid': '84b467c1-5c1d-4be1-8e3a-7f255ecdbd6c'}]}, mount_point='/fimongo1')
2026-10-02 15:55:07,247 [INFO] Mount verified on rmdb-config2: /fimongo1
2026-10-02 15:55:08,056 [INFO] rmdb-config2: /fimongo1/data/fileList.txt exists with correct mongod:mongod ownership
2026-10-02 15:55:08,056 [INFO] ret   verify_single_host_mount -> None
2026-10-02 15:55:08,057 [DEBUG] API GET http://129.40.36.100:8080/api/public/v1.0/backup/third_party/group/6a386221ee19a6537cc68a97/restore/6ac017fb457a6b8070196aeb
2026-10-02 15:55:08,208 [DEBUG] STATUS 200
2026-10-02 15:55:08,209 [DEBUG] {
  "clusterMapping": [
    {
      "rsId": "sgcShard_0",
      "targetRsId": "tgtShard_0"
    },
    {
      "rsId": "sgcShard_1",
      "targetRsId": "tgtShard_1"
    },
    {
      "rsId": "configRS",
      "targetRsId": "tgtconfigRS"
    }
  ],
  "nodes": [
    {
      "error": null,
      "hostname": "rmdb12",
      "id": "rmdb12:37017",
      "port": 37017,
      "rsId": "tgtShard_1",
      "state": "COPY_FILES",
      "stateUpdateTime": 1790974123
    },
    {
      "error": null,
      "hostname": "rmdb14",
      "id": "rmdb14:37017",
      "port": 37017,
      "rsId": "tgtShard_1",
      "state": "COPY_FILES",
      "stateUpdateTime": 1790974123
    },
    {
      "error": null,
      "hostname": "rmdb9",
      "id": "rmdb9:37017",
      "port": 37017,
      "rsId": "tgtShard_1",
      "state": "COPY_FILES",
      "stateUpdateTime": 1790974123
    },
    {
      "error": null,
      "hostname": "rmdb4",
      "id": "rmdb4:37017",
      "port": 37017,
      "rsId": "tgtShard_1",
      "state": "COPY_FILES",
      "stateUpdateTime": 1790974123
    },
    {
      "error": null,
      "hostname": "rmdb2",
      "id": "rmdb2:37017",
      "port": 37017,
      "rsId": "tgtShard_1",
      "state": "COPY_FILES",
      "stateUpdateTime": 1790974126
    },
    {
      "error": null,
      "hostname": "rmdb8",
      "id": "rmdb8:37017",
      "port": 37017,
      "rsId": "tgtShard_0",
      "state": "COPY_FILES",
      "stateUpdateTime": 1790974134
    },
    {
      "error": null,
      "hostname": "rmdb13",
      "id": "rmdb13:37017",
      "port": 37017,
      "rsId": "tgtShard_0",
      "state": "COPY_FILES",
      "stateUpdateTime": 1790974134
    },
    {
      "error": null,
      "hostname": "rmdb1",
      "id": "rmdb1:37017",
      "port": 37017,
      "rsId": "tgtShard_0",
      "state": "COPY_FILES",
      "stateUpdateTime": 1790974134
    },
    {
      "error": null,
      "hostname": "rmdb3",
      "id": "rmdb3:37017",
      "port": 37017,
      "rsId": "tgtShard_0",
      "state": "COPY_FILES",
      "stateUpdateTime": 1790974127
    },
    {
      "error": null,
      "hostname": "rmdb11",
      "id": "rmdb11:37017",
      "port": 37017,
      "rsId": "tgtShard_0",
      "state": "COPY_FILES",
      "stateUpdateTime": 1790974132
    },
    {
      "error": null,
      "hostname": "rmdb7",
      "id": "rmdb7:37017",
      "port": 37017,
      "rsId": "tgtconfigRS",
      "state": "COPY_FILES",
      "stateUpdateTime": 1790974120
    },
    {
      "error": null,
      "hostname": "rmdb-config1",
      "id": "rmdb-config1:37017",
      "port": 37017,
      "rsId": "tgtconfigRS",
      "state": "RECOVERY_IN_PROGRESS",
      "stateUpdateTime": 1790974479
    },
    {
      "error": null,
      "hostname": "rmdb-config2",
      "id": "rmdb-config2:37017",
      "port": 37017,
      "rsId": "tgtconfigRS",
      "state": "COPY_FILES",
      "stateUpdateTime": 1790974125
    }
  ],
  "state": "COPY_FILES"
}
2026-10-02 15:55:08,209 [INFO] call  files_copied('http://129.40.36.100:8080', '6a386221ee19a6537cc68a97', '6ac017fb457a6b8070196aeb', 'rmdb-config2:37017', '/fimongo1/data', <requests.auth.HTTPDigestAuth object at 0x00000279C5536E40>)
2026-10-02 15:55:08,209 [DEBUG] API POST http://129.40.36.100:8080/api/public/v1.0/backup/third_party/group/6a386221ee19a6537cc68a97/restore/6ac017fb457a6b8070196aeb/filesCopied
2026-10-02 15:55:08,209 [DEBUG] {
  "id": "rmdb-config2:37017",
  "dbPath": "/fimongo1/data"
}
2026-10-02 15:55:08,333 [DEBUG] STATUS 200
2026-10-02 15:55:08,333 [DEBUG] {
  "errorCode": "NONE",
  "version": "1",
  "status": "OK"
}
2026-10-02 15:55:08,333 [INFO] ret   files_copied -> None
2026-10-02 15:55:08,337 [INFO] --- restoring rmdb7:37017 ---
2026-10-02 15:55:08,337 [INFO] call  getSnapshotVolumeGroup('fs9500-3.cpolab.ibm.com', <redacted>, 'configRS_6ac0155b7c5bbb3be00623a9')
2026-10-02 15:55:08,584 [INFO] ret   getSnapshotVolumeGroup -> ('ORION15-mdb7-sgcCluster-replicated', '27')
2026-10-02 15:55:08,585 [INFO] call  createThinCloneVolumeGroup('fs9500-3.cpolab.ibm.com', <redacted>, '27', 'rmdb7_tgtCluster_6ac0155b7c5bbb3be00623a9')
2026-10-02 15:55:09,330 [INFO] ret   createThinCloneVolumeGroup -> {'id': '79', 'message': 'Volume Group, id [79], successfully created'}
2026-10-02 15:55:09,332 [INFO] call  renameVolumeGroupVolumes('fs9500-3.cpolab.ibm.com', <redacted>, 'rmdb7_tgtCluster_6ac0155b7c5bbb3be00623a9', 'restore_rmdb7_tgtCluster_6ac0155b7c5bbb3be00623a9')
2026-10-02 15:55:10,492 [INFO] ret   renameVolumeGroupVolumes -> [('ORION15-mdb7-shard2-2-0-0', 'restore_rmdb7_tgtCluster_6ac0155b7c5bbb3be00623a9')]
2026-10-02 15:55:10,493 [INFO] call  getVolumeUUID('fs9500-3.cpolab.ibm.com', <redacted>, 'restore_rmdb7_tgtCluster_6ac0155b7c5bbb3be00623a9')
2026-10-02 15:55:10,851 [INFO] ret   getVolumeUUID -> '60050768138302dab80000000000030a'
2026-10-02 15:55:10,853 [INFO] call  mapVolumeToHost('fs9500-3.cpolab.ibm.com', <redacted>, 'restore_rmdb7_tgtCluster_6ac0155b7c5bbb3be00623a9', 'Orion0C-mdb-kvm3')
2026-10-02 15:55:11,405 [INFO] ret   mapVolumeToHost -> {'id': '54', 'message': 'Virtual Disk to Host map, id [54], successfully created'}
2026-10-02 15:55:11,406 [INFO] call  scan_scsi_devices('mdb-kvm3')
2026-10-02 15:55:12,319 [INFO] ret   scan_scsi_devices -> True
2026-10-02 15:55:12,319 [INFO] call  find_multipath_device_from_scsi_uuid('mdb-kvm3', '60050768138302dab80000000000030a', retries=6, delay=5)
2026-10-02 15:55:20,839 [INFO] ret   find_multipath_device_from_scsi_uuid -> 'mpathbh'
2026-10-02 15:55:20,841 [INFO] call  attach_disk_to_domain('mdb-kvm3', 'rmdb7', '/dev/mapper/mpathbh')
2026-10-02 15:55:22,864 [INFO] ret   attach_disk_to_domain -> '/dev/vdi'
2026-10-02 15:55:22,865 [INFO] call  highest_partition('rmdb7', '/dev/vdi')
2026-10-02 15:55:23,923 [INFO] ret   highest_partition -> '/dev/vdi1'
2026-10-02 15:55:23,924 [INFO] call  filesystem_uuid('rmdb7', '/dev/vdi1')
2026-10-02 15:55:24,776 [INFO] ret   filesystem_uuid -> '84b467c1-5c1d-4be1-8e3a-7f255ecdbd6c'
2026-10-02 15:55:24,777 [INFO] call  change_filesystem_uuid('rmdb7', '/dev/vdi1')
2026-10-02 15:55:32,487 [INFO] ret   change_filesystem_uuid -> 'dffa9f07-5a4a-40b5-93dd-a0e680be98ea'
2026-10-02 15:55:32,488 [INFO] call  mount_single_host('rmdb7:37017', {'sgcShard_0': [{'hostname': 'mdb8:37017', 'mount_point': '/fimongo1', 'fs_uuid': 'de77df98-cd1f-488b-8cac-facbccfd1e30'}], 'sgcShard_1': [{'hostname': 'mdb9:37017', 'mount_point': '/fimongo1', 'fs_uuid': '6daf0f6f-5246-489d-91a3-1587f885cd59'}], 'configRS': [{'hostname': 'mdb7:37017', 'mount_point': '/fimongo1', 'fs_uuid': '84b467c1-5c1d-4be1-8e3a-7f255ecdbd6c'}]}, fs_uuid='dffa9f07-5a4a-40b5-93dd-a0e680be98ea', mount_point='/fimongo1')
2026-10-02 15:55:32,489 [INFO] Partprobe on rmdb7 to detect filesystem updates
2026-10-02 15:55:33,358 [INFO] Mounting UUID=dffa9f07-5a4a-40b5-93dd-a0e680be98ea on rmdb7 at /fimongo1
2026-10-02 15:55:34,269 [INFO] Mounted successfully on rmdb7
2026-10-02 15:55:35,139 [INFO] chown mongod:mongod applied on rmdb7 at /fimongo1
2026-10-02 15:55:35,139 [INFO] ret   mount_single_host -> None
2026-10-02 15:55:35,140 [INFO] call  verify_single_host_mount('rmdb7:37017', {'sgcShard_0': [{'hostname': 'mdb8:37017', 'mount_point': '/fimongo1', 'fs_uuid': 'de77df98-cd1f-488b-8cac-facbccfd1e30'}], 'sgcShard_1': [{'hostname': 'mdb9:37017', 'mount_point': '/fimongo1', 'fs_uuid': '6daf0f6f-5246-489d-91a3-1587f885cd59'}], 'configRS': [{'hostname': 'mdb7:37017', 'mount_point': '/fimongo1', 'fs_uuid': '84b467c1-5c1d-4be1-8e3a-7f255ecdbd6c'}]}, mount_point='/fimongo1')
2026-10-02 15:55:35,983 [INFO] Mount verified on rmdb7: /fimongo1
2026-10-02 15:55:36,805 [INFO] rmdb7: /fimongo1/data/fileList.txt exists with correct mongod:mongod ownership
2026-10-02 15:55:36,805 [INFO] ret   verify_single_host_mount -> None
2026-10-02 15:55:36,806 [DEBUG] API GET http://129.40.36.100:8080/api/public/v1.0/backup/third_party/group/6a386221ee19a6537cc68a97/restore/6ac017fb457a6b8070196aeb
2026-10-02 15:55:36,971 [DEBUG] STATUS 200
2026-10-02 15:55:36,971 [DEBUG] {
  "clusterMapping": [
    {
      "rsId": "sgcShard_0",
      "targetRsId": "tgtShard_0"
    },
    {
      "rsId": "sgcShard_1",
      "targetRsId": "tgtShard_1"
    },
    {
      "rsId": "configRS",
      "targetRsId": "tgtconfigRS"
    }
  ],
  "nodes": [
    {
      "error": null,
      "hostname": "rmdb12",
      "id": "rmdb12:37017",
      "port": 37017,
      "rsId": "tgtShard_1",
      "state": "COPY_FILES",
      "stateUpdateTime": 1790974123
    },
    {
      "error": null,
      "hostname": "rmdb14",
      "id": "rmdb14:37017",
      "port": 37017,
      "rsId": "tgtShard_1",
      "state": "COPY_FILES",
      "stateUpdateTime": 1790974123
    },
    {
      "error": null,
      "hostname": "rmdb9",
      "id": "rmdb9:37017",
      "port": 37017,
      "rsId": "tgtShard_1",
      "state": "COPY_FILES",
      "stateUpdateTime": 1790974123
    },
    {
      "error": null,
      "hostname": "rmdb4",
      "id": "rmdb4:37017",
      "port": 37017,
      "rsId": "tgtShard_1",
      "state": "COPY_FILES",
      "stateUpdateTime": 1790974123
    },
    {
      "error": null,
      "hostname": "rmdb2",
      "id": "rmdb2:37017",
      "port": 37017,
      "rsId": "tgtShard_1",
      "state": "COPY_FILES",
      "stateUpdateTime": 1790974126
    },
    {
      "error": null,
      "hostname": "rmdb8",
      "id": "rmdb8:37017",
      "port": 37017,
      "rsId": "tgtShard_0",
      "state": "COPY_FILES",
      "stateUpdateTime": 1790974134
    },
    {
      "error": null,
      "hostname": "rmdb13",
      "id": "rmdb13:37017",
      "port": 37017,
      "rsId": "tgtShard_0",
      "state": "COPY_FILES",
      "stateUpdateTime": 1790974134
    },
    {
      "error": null,
      "hostname": "rmdb1",
      "id": "rmdb1:37017",
      "port": 37017,
      "rsId": "tgtShard_0",
      "state": "COPY_FILES",
      "stateUpdateTime": 1790974134
    },
    {
      "error": null,
      "hostname": "rmdb3",
      "id": "rmdb3:37017",
      "port": 37017,
      "rsId": "tgtShard_0",
      "state": "COPY_FILES",
      "stateUpdateTime": 1790974127
    },
    {
      "error": null,
      "hostname": "rmdb11",
      "id": "rmdb11:37017",
      "port": 37017,
      "rsId": "tgtShard_0",
      "state": "COPY_FILES",
      "stateUpdateTime": 1790974132
    },
    {
      "error": null,
      "hostname": "rmdb7",
      "id": "rmdb7:37017",
      "port": 37017,
      "rsId": "tgtconfigRS",
      "state": "COPY_FILES",
      "stateUpdateTime": 1790974120
    },
    {
      "error": null,
      "hostname": "rmdb-config1",
      "id": "rmdb-config1:37017",
      "port": 37017,
      "rsId": "tgtconfigRS",
      "state": "RECOVERY_IN_PROGRESS",
      "stateUpdateTime": 1790974479
    },
    {
      "error": null,
      "hostname": "rmdb-config2",
      "id": "rmdb-config2:37017",
      "port": 37017,
      "rsId": "tgtconfigRS",
      "state": "RECOVERY_IN_PROGRESS",
      "stateUpdateTime": 1790974508
    }
  ],
  "state": "COPY_FILES"
}
2026-10-02 15:55:36,972 [INFO] call  files_copied('http://129.40.36.100:8080', '6a386221ee19a6537cc68a97', '6ac017fb457a6b8070196aeb', 'rmdb7:37017', '/fimongo1/data', <requests.auth.HTTPDigestAuth object at 0x00000279C5536E40>)
2026-10-02 15:55:36,972 [DEBUG] API POST http://129.40.36.100:8080/api/public/v1.0/backup/third_party/group/6a386221ee19a6537cc68a97/restore/6ac017fb457a6b8070196aeb/filesCopied
2026-10-02 15:55:36,972 [DEBUG] {
  "id": "rmdb7:37017",
  "dbPath": "/fimongo1/data"
}
2026-10-02 15:55:37,091 [DEBUG] STATUS 200
2026-10-02 15:55:37,091 [DEBUG] {
  "errorCode": "NONE",
  "version": "1",
  "status": "OK"
}
2026-10-02 15:55:37,092 [INFO] ret   files_copied -> None
2026-10-02 15:55:37,094 [INFO] === shard sgcShard_0 -> tgtShard_0 from snapshot sgcShard_0_6ac0155b7c5bbb3be00623a9 ===
2026-10-02 15:55:37,095 [INFO] --- restoring rmdb11:37017 ---
2026-10-02 15:55:37,096 [INFO] call  getSnapshotVolumeGroup('fs9500-2.cpolab.ibm.com', <redacted>, 'sgcShard_0_6ac0155b7c5bbb3be00623a9')
2026-10-02 15:55:37,420 [INFO] ret   getSnapshotVolumeGroup -> ('ORION16-mdb8-sgcCluster', '65')
2026-10-02 15:55:37,420 [INFO] call  createThinCloneVolumeGroup('fs9500-2.cpolab.ibm.com', <redacted>, '65', 'rmdb11_tgtCluster_6ac0155b7c5bbb3be00623a9')
2026-10-02 15:55:38,309 [INFO] ret   createThinCloneVolumeGroup -> {'id': '82', 'message': 'Volume Group, id [82], successfully created'}
2026-10-02 15:55:38,310 [INFO] call  renameVolumeGroupVolumes('fs9500-2.cpolab.ibm.com', <redacted>, 'rmdb11_tgtCluster_6ac0155b7c5bbb3be00623a9', 'restore_rmdb11_tgtCluster_6ac0155b7c5bbb3be00623a9')
2026-10-02 15:55:40,137 [INFO] ret   renameVolumeGroupVolumes -> [('ORION16-mdb8-shard2-0', 'restore_rmdb11_tgtCluster_6ac0155b7c5bbb3be00623a9')]
2026-10-02 15:55:40,138 [INFO] call  getVolumeUUID('fs9500-2.cpolab.ibm.com', <redacted>, 'restore_rmdb11_tgtCluster_6ac0155b7c5bbb3be00623a9')
2026-10-02 15:55:40,592 [INFO] ret   getVolumeUUID -> '60050768138202df88000000000004ac'
2026-10-02 15:55:40,594 [INFO] call  mapVolumeToHost('fs9500-2.cpolab.ibm.com', <redacted>, 'restore_rmdb11_tgtCluster_6ac0155b7c5bbb3be00623a9', 'SG-FCP-ORION0A-new-mdb-kvm1')
2026-10-02 15:55:41,168 [INFO] ret   mapVolumeToHost -> {'id': '64', 'message': 'Virtual Disk to Host map, id [64], successfully created'}
2026-10-02 15:55:41,170 [INFO] call  scan_scsi_devices('mdb-kvm1')
2026-10-02 15:55:42,895 [INFO] ret   scan_scsi_devices -> True
2026-10-02 15:55:42,896 [INFO] call  find_multipath_device_from_scsi_uuid('mdb-kvm1', '60050768138202df88000000000004ac', retries=6, delay=5)
2026-10-02 15:55:44,217 [INFO] ret   find_multipath_device_from_scsi_uuid -> 'mpathbr'
2026-10-02 15:55:44,218 [INFO] call  attach_disk_to_domain('mdb-kvm1', 'rmdb11', '/dev/mapper/mpathbr')
2026-10-02 15:55:46,298 [INFO] ret   attach_disk_to_domain -> '/dev/vdg'
2026-10-02 15:55:46,300 [INFO] call  highest_partition('rmdb11', '/dev/vdg')
2026-10-02 15:55:47,424 [INFO] ret   highest_partition -> '/dev/vdg1'
2026-10-02 15:55:47,425 [INFO] call  filesystem_uuid('rmdb11', '/dev/vdg1')
2026-10-02 15:55:48,348 [INFO] ret   filesystem_uuid -> 'de77df98-cd1f-488b-8cac-facbccfd1e30'
2026-10-02 15:55:48,350 [INFO] call  change_filesystem_uuid('rmdb11', '/dev/vdg1')
2026-10-02 15:55:56,460 [INFO] ret   change_filesystem_uuid -> 'afbee215-cfd3-4d8c-bd7b-ccb0ae73408b'
2026-10-02 15:55:56,462 [INFO] call  mount_single_host('rmdb11:37017', {'sgcShard_0': [{'hostname': 'mdb8:37017', 'mount_point': '/fimongo1', 'fs_uuid': 'de77df98-cd1f-488b-8cac-facbccfd1e30'}], 'sgcShard_1': [{'hostname': 'mdb9:37017', 'mount_point': '/fimongo1', 'fs_uuid': '6daf0f6f-5246-489d-91a3-1587f885cd59'}], 'configRS': [{'hostname': 'mdb7:37017', 'mount_point': '/fimongo1', 'fs_uuid': '84b467c1-5c1d-4be1-8e3a-7f255ecdbd6c'}]}, fs_uuid='afbee215-cfd3-4d8c-bd7b-ccb0ae73408b', mount_point='/fimongo1')
2026-10-02 15:55:56,462 [INFO] Partprobe on rmdb11 to detect filesystem updates
2026-10-02 15:55:57,320 [INFO] Mounting UUID=afbee215-cfd3-4d8c-bd7b-ccb0ae73408b on rmdb11 at /fimongo1
2026-10-02 15:55:58,294 [INFO] Mounted successfully on rmdb11
2026-10-02 15:55:59,128 [INFO] chown mongod:mongod applied on rmdb11 at /fimongo1
2026-10-02 15:55:59,128 [INFO] ret   mount_single_host -> None
2026-10-02 15:55:59,128 [INFO] call  verify_single_host_mount('rmdb11:37017', {'sgcShard_0': [{'hostname': 'mdb8:37017', 'mount_point': '/fimongo1', 'fs_uuid': 'de77df98-cd1f-488b-8cac-facbccfd1e30'}], 'sgcShard_1': [{'hostname': 'mdb9:37017', 'mount_point': '/fimongo1', 'fs_uuid': '6daf0f6f-5246-489d-91a3-1587f885cd59'}], 'configRS': [{'hostname': 'mdb7:37017', 'mount_point': '/fimongo1', 'fs_uuid': '84b467c1-5c1d-4be1-8e3a-7f255ecdbd6c'}]}, mount_point='/fimongo1')
2026-10-02 15:55:59,953 [INFO] Mount verified on rmdb11: /fimongo1
2026-10-02 15:56:00,785 [INFO] rmdb11: /fimongo1/data/fileList.txt exists with correct mongod:mongod ownership
2026-10-02 15:56:00,785 [INFO] ret   verify_single_host_mount -> None
2026-10-02 15:56:00,786 [DEBUG] API GET http://129.40.36.100:8080/api/public/v1.0/backup/third_party/group/6a386221ee19a6537cc68a97/restore/6ac017fb457a6b8070196aeb
2026-10-02 15:56:01,018 [DEBUG] STATUS 200
2026-10-02 15:56:01,018 [DEBUG] {
  "clusterMapping": [
    {
      "rsId": "sgcShard_0",
      "targetRsId": "tgtShard_0"
    },
    {
      "rsId": "sgcShard_1",
      "targetRsId": "tgtShard_1"
    },
    {
      "rsId": "configRS",
      "targetRsId": "tgtconfigRS"
    }
  ],
  "nodes": [
    {
      "error": null,
      "hostname": "rmdb12",
      "id": "rmdb12:37017",
      "port": 37017,
      "rsId": "tgtShard_1",
      "state": "COPY_FILES",
      "stateUpdateTime": 1790974123
    },
    {
      "error": null,
      "hostname": "rmdb14",
      "id": "rmdb14:37017",
      "port": 37017,
      "rsId": "tgtShard_1",
      "state": "COPY_FILES",
      "stateUpdateTime": 1790974123
    },
    {
      "error": null,
      "hostname": "rmdb9",
      "id": "rmdb9:37017",
      "port": 37017,
      "rsId": "tgtShard_1",
      "state": "COPY_FILES",
      "stateUpdateTime": 1790974123
    },
    {
      "error": null,
      "hostname": "rmdb4",
      "id": "rmdb4:37017",
      "port": 37017,
      "rsId": "tgtShard_1",
      "state": "COPY_FILES",
      "stateUpdateTime": 1790974123
    },
    {
      "error": null,
      "hostname": "rmdb2",
      "id": "rmdb2:37017",
      "port": 37017,
      "rsId": "tgtShard_1",
      "state": "COPY_FILES",
      "stateUpdateTime": 1790974126
    },
    {
      "error": null,
      "hostname": "rmdb8",
      "id": "rmdb8:37017",
      "port": 37017,
      "rsId": "tgtShard_0",
      "state": "COPY_FILES",
      "stateUpdateTime": 1790974134
    },
    {
      "error": null,
      "hostname": "rmdb13",
      "id": "rmdb13:37017",
      "port": 37017,
      "rsId": "tgtShard_0",
      "state": "COPY_FILES",
      "stateUpdateTime": 1790974134
    },
    {
      "error": null,
      "hostname": "rmdb1",
      "id": "rmdb1:37017",
      "port": 37017,
      "rsId": "tgtShard_0",
      "state": "COPY_FILES",
      "stateUpdateTime": 1790974134
    },
    {
      "error": null,
      "hostname": "rmdb3",
      "id": "rmdb3:37017",
      "port": 37017,
      "rsId": "tgtShard_0",
      "state": "COPY_FILES",
      "stateUpdateTime": 1790974127
    },
    {
      "error": null,
      "hostname": "rmdb11",
      "id": "rmdb11:37017",
      "port": 37017,
      "rsId": "tgtShard_0",
      "state": "COPY_FILES",
      "stateUpdateTime": 1790974132
    },
    {
      "error": null,
      "hostname": "rmdb7",
      "id": "rmdb7:37017",
      "port": 37017,
      "rsId": "tgtconfigRS",
      "state": "RECOVERY_IN_PROGRESS",
      "stateUpdateTime": 1790974536
    },
    {
      "error": null,
      "hostname": "rmdb-config1",
      "id": "rmdb-config1:37017",
      "port": 37017,
      "rsId": "tgtconfigRS",
      "state": "RECOVERY_IN_PROGRESS",
      "stateUpdateTime": 1790974479
    },
    {
      "error": null,
      "hostname": "rmdb-config2",
      "id": "rmdb-config2:37017",
      "port": 37017,
      "rsId": "tgtconfigRS",
      "state": "RECOVERY_IN_PROGRESS",
      "stateUpdateTime": 1790974508
    }
  ],
  "state": "COPY_FILES"
}
2026-10-02 15:56:01,018 [INFO] call  files_copied('http://129.40.36.100:8080', '6a386221ee19a6537cc68a97', '6ac017fb457a6b8070196aeb', 'rmdb11:37017', '/fimongo1/data', <requests.auth.HTTPDigestAuth object at 0x00000279C5536E40>)
2026-10-02 15:56:01,019 [DEBUG] API POST http://129.40.36.100:8080/api/public/v1.0/backup/third_party/group/6a386221ee19a6537cc68a97/restore/6ac017fb457a6b8070196aeb/filesCopied
2026-10-02 15:56:01,019 [DEBUG] {
  "id": "rmdb11:37017",
  "dbPath": "/fimongo1/data"
}
2026-10-02 15:56:01,137 [DEBUG] STATUS 200
2026-10-02 15:56:01,137 [DEBUG] {
  "errorCode": "NONE",
  "version": "1",
  "status": "OK"
}
2026-10-02 15:56:01,137 [INFO] ret   files_copied -> None
2026-10-02 15:56:01,142 [INFO] --- restoring rmdb13:37017 ---
2026-10-02 15:56:01,143 [INFO] call  getSnapshotVolumeGroup('fs9500-3.cpolab.ibm.com', <redacted>, 'sgcShard_0_6ac0155b7c5bbb3be00623a9')
2026-10-02 15:56:01,383 [INFO] ret   getSnapshotVolumeGroup -> ('ORION16-mdb8-sgcCluster-replicated', '28')
2026-10-02 15:56:01,383 [INFO] call  createThinCloneVolumeGroup('fs9500-3.cpolab.ibm.com', <redacted>, '28', 'rmdb13_tgtCluster_6ac0155b7c5bbb3be00623a9')
2026-10-02 15:56:01,834 [INFO] ret   createThinCloneVolumeGroup -> {'id': '80', 'message': 'Volume Group, id [80], successfully created'}
2026-10-02 15:56:01,835 [INFO] call  renameVolumeGroupVolumes('fs9500-3.cpolab.ibm.com', <redacted>, 'rmdb13_tgtCluster_6ac0155b7c5bbb3be00623a9', 'restore_rmdb13_tgtCluster_6ac0155b7c5bbb3be00623a9')
2026-10-02 15:56:03,276 [INFO] ret   renameVolumeGroupVolumes -> [('ORION16-mdb8-2-4-1', 'restore_rmdb13_tgtCluster_6ac0155b7c5bbb3be00623a9')]
2026-10-02 15:56:03,278 [INFO] call  getVolumeUUID('fs9500-3.cpolab.ibm.com', <redacted>, 'restore_rmdb13_tgtCluster_6ac0155b7c5bbb3be00623a9')
2026-10-02 15:56:03,589 [INFO] ret   getVolumeUUID -> '60050768138302dab80000000000030b'
2026-10-02 15:56:03,591 [INFO] call  mapVolumeToHost('fs9500-3.cpolab.ibm.com', <redacted>, 'restore_rmdb13_tgtCluster_6ac0155b7c5bbb3be00623a9', 'Orion0B-mdb-kvm2')
2026-10-02 15:56:04,113 [INFO] ret   mapVolumeToHost -> {'id': '52', 'message': 'Virtual Disk to Host map, id [52], successfully created'}
2026-10-02 15:56:04,115 [INFO] call  scan_scsi_devices('mdb-kvm2')
2026-10-02 15:56:04,987 [INFO] ret   scan_scsi_devices -> True
2026-10-02 15:56:04,987 [INFO] call  find_multipath_device_from_scsi_uuid('mdb-kvm2', '60050768138302dab80000000000030b', retries=6, delay=5)
2026-10-02 15:56:13,426 [INFO] ret   find_multipath_device_from_scsi_uuid -> 'mpathbh'
2026-10-02 15:56:13,428 [INFO] call  attach_disk_to_domain('mdb-kvm2', 'rmdb13', '/dev/mapper/mpathbh')
2026-10-02 15:56:15,475 [INFO] ret   attach_disk_to_domain -> '/dev/vdg'
2026-10-02 15:56:15,477 [INFO] call  highest_partition('rmdb13', '/dev/vdg')
2026-10-02 15:56:16,557 [INFO] ret   highest_partition -> '/dev/vdg1'
2026-10-02 15:56:16,558 [INFO] call  filesystem_uuid('rmdb13', '/dev/vdg1')
2026-10-02 15:56:17,402 [INFO] ret   filesystem_uuid -> 'de77df98-cd1f-488b-8cac-facbccfd1e30'
2026-10-02 15:56:17,403 [INFO] call  change_filesystem_uuid('rmdb13', '/dev/vdg1')
2026-10-02 15:56:25,213 [INFO] ret   change_filesystem_uuid -> '0add9975-08e9-42fa-8050-21c6b6f6c96f'
2026-10-02 15:56:25,214 [INFO] call  mount_single_host('rmdb13:37017', {'sgcShard_0': [{'hostname': 'mdb8:37017', 'mount_point': '/fimongo1', 'fs_uuid': 'de77df98-cd1f-488b-8cac-facbccfd1e30'}], 'sgcShard_1': [{'hostname': 'mdb9:37017', 'mount_point': '/fimongo1', 'fs_uuid': '6daf0f6f-5246-489d-91a3-1587f885cd59'}], 'configRS': [{'hostname': 'mdb7:37017', 'mount_point': '/fimongo1', 'fs_uuid': '84b467c1-5c1d-4be1-8e3a-7f255ecdbd6c'}]}, fs_uuid='0add9975-08e9-42fa-8050-21c6b6f6c96f', mount_point='/fimongo1')
2026-10-02 15:56:25,214 [INFO] Partprobe on rmdb13 to detect filesystem updates
2026-10-02 15:56:26,062 [INFO] Mounting UUID=0add9975-08e9-42fa-8050-21c6b6f6c96f on rmdb13 at /fimongo1
2026-10-02 15:56:27,040 [INFO] Mounted successfully on rmdb13
2026-10-02 15:56:27,908 [INFO] chown mongod:mongod applied on rmdb13 at /fimongo1
2026-10-02 15:56:27,908 [INFO] ret   mount_single_host -> None
2026-10-02 15:56:27,908 [INFO] call  verify_single_host_mount('rmdb13:37017', {'sgcShard_0': [{'hostname': 'mdb8:37017', 'mount_point': '/fimongo1', 'fs_uuid': 'de77df98-cd1f-488b-8cac-facbccfd1e30'}], 'sgcShard_1': [{'hostname': 'mdb9:37017', 'mount_point': '/fimongo1', 'fs_uuid': '6daf0f6f-5246-489d-91a3-1587f885cd59'}], 'configRS': [{'hostname': 'mdb7:37017', 'mount_point': '/fimongo1', 'fs_uuid': '84b467c1-5c1d-4be1-8e3a-7f255ecdbd6c'}]}, mount_point='/fimongo1')
2026-10-02 15:56:28,730 [INFO] Mount verified on rmdb13: /fimongo1
2026-10-02 15:56:29,590 [INFO] rmdb13: /fimongo1/data/fileList.txt exists with correct mongod:mongod ownership
2026-10-02 15:56:29,590 [INFO] ret   verify_single_host_mount -> None
2026-10-02 15:56:29,591 [DEBUG] API GET http://129.40.36.100:8080/api/public/v1.0/backup/third_party/group/6a386221ee19a6537cc68a97/restore/6ac017fb457a6b8070196aeb
2026-10-02 15:56:29,738 [DEBUG] STATUS 200
2026-10-02 15:56:29,739 [DEBUG] {
  "clusterMapping": [
    {
      "rsId": "sgcShard_0",
      "targetRsId": "tgtShard_0"
    },
    {
      "rsId": "sgcShard_1",
      "targetRsId": "tgtShard_1"
    },
    {
      "rsId": "configRS",
      "targetRsId": "tgtconfigRS"
    }
  ],
  "nodes": [
    {
      "error": null,
      "hostname": "rmdb12",
      "id": "rmdb12:37017",
      "port": 37017,
      "rsId": "tgtShard_1",
      "state": "COPY_FILES",
      "stateUpdateTime": 1790974123
    },
    {
      "error": null,
      "hostname": "rmdb14",
      "id": "rmdb14:37017",
      "port": 37017,
      "rsId": "tgtShard_1",
      "state": "COPY_FILES",
      "stateUpdateTime": 1790974123
    },
    {
      "error": null,
      "hostname": "rmdb9",
      "id": "rmdb9:37017",
      "port": 37017,
      "rsId": "tgtShard_1",
      "state": "COPY_FILES",
      "stateUpdateTime": 1790974123
    },
    {
      "error": null,
      "hostname": "rmdb4",
      "id": "rmdb4:37017",
      "port": 37017,
      "rsId": "tgtShard_1",
      "state": "COPY_FILES",
      "stateUpdateTime": 1790974123
    },
    {
      "error": null,
      "hostname": "rmdb2",
      "id": "rmdb2:37017",
      "port": 37017,
      "rsId": "tgtShard_1",
      "state": "COPY_FILES",
      "stateUpdateTime": 1790974126
    },
    {
      "error": null,
      "hostname": "rmdb8",
      "id": "rmdb8:37017",
      "port": 37017,
      "rsId": "tgtShard_0",
      "state": "COPY_FILES",
      "stateUpdateTime": 1790974134
    },
    {
      "error": null,
      "hostname": "rmdb13",
      "id": "rmdb13:37017",
      "port": 37017,
      "rsId": "tgtShard_0",
      "state": "COPY_FILES",
      "stateUpdateTime": 1790974134
    },
    {
      "error": null,
      "hostname": "rmdb1",
      "id": "rmdb1:37017",
      "port": 37017,
      "rsId": "tgtShard_0",
      "state": "COPY_FILES",
      "stateUpdateTime": 1790974134
    },
    {
      "error": null,
      "hostname": "rmdb3",
      "id": "rmdb3:37017",
      "port": 37017,
      "rsId": "tgtShard_0",
      "state": "COPY_FILES",
      "stateUpdateTime": 1790974127
    },
    {
      "error": null,
      "hostname": "rmdb11",
      "id": "rmdb11:37017",
      "port": 37017,
      "rsId": "tgtShard_0",
      "state": "RECOVERY_IN_PROGRESS",
      "stateUpdateTime": 1790974560
    },
    {
      "error": null,
      "hostname": "rmdb7",
      "id": "rmdb7:37017",
      "port": 37017,
      "rsId": "tgtconfigRS",
      "state": "RECOVERY_IN_PROGRESS",
      "stateUpdateTime": 1790974536
    },
    {
      "error": null,
      "hostname": "rmdb-config1",
      "id": "rmdb-config1:37017",
      "port": 37017,
      "rsId": "tgtconfigRS",
      "state": "RECOVERY_IN_PROGRESS",
      "stateUpdateTime": 1790974479
    },
    {
      "error": null,
      "hostname": "rmdb-config2",
      "id": "rmdb-config2:37017",
      "port": 37017,
      "rsId": "tgtconfigRS",
      "state": "RECOVERY_IN_PROGRESS",
      "stateUpdateTime": 1790974508
    }
  ],
  "state": "COPY_FILES"
}
2026-10-02 15:56:29,739 [INFO] call  files_copied('http://129.40.36.100:8080', '6a386221ee19a6537cc68a97', '6ac017fb457a6b8070196aeb', 'rmdb13:37017', '/fimongo1/data', <requests.auth.HTTPDigestAuth object at 0x00000279C5536E40>)
2026-10-02 15:56:29,739 [DEBUG] API POST http://129.40.36.100:8080/api/public/v1.0/backup/third_party/group/6a386221ee19a6537cc68a97/restore/6ac017fb457a6b8070196aeb/filesCopied
2026-10-02 15:56:29,739 [DEBUG] {
  "id": "rmdb13:37017",
  "dbPath": "/fimongo1/data"
}
2026-10-02 15:56:29,858 [DEBUG] STATUS 200
2026-10-02 15:56:29,858 [DEBUG] {
  "errorCode": "NONE",
  "version": "1",
  "status": "OK"
}
2026-10-02 15:56:29,858 [INFO] ret   files_copied -> None
2026-10-02 15:56:29,864 [INFO] --- restoring rmdb1:37017 ---
2026-10-02 15:56:29,864 [INFO] call  getSnapshotVolumeGroup('fs9500-2.cpolab.ibm.com', <redacted>, 'sgcShard_0_6ac0155b7c5bbb3be00623a9')
2026-10-02 15:56:30,326 [INFO] ret   getSnapshotVolumeGroup -> ('ORION16-mdb8-sgcCluster', '65')
2026-10-02 15:56:30,326 [INFO] call  createThinCloneVolumeGroup('fs9500-2.cpolab.ibm.com', <redacted>, '65', 'rmdb1_tgtCluster_6ac0155b7c5bbb3be00623a9')
2026-10-02 15:56:30,845 [INFO] ret   createThinCloneVolumeGroup -> {'id': '83', 'message': 'Volume Group, id [83], successfully created'}
2026-10-02 15:56:30,847 [INFO] call  renameVolumeGroupVolumes('fs9500-2.cpolab.ibm.com', <redacted>, 'rmdb1_tgtCluster_6ac0155b7c5bbb3be00623a9', 'restore_rmdb1_tgtCluster_6ac0155b7c5bbb3be00623a9')
2026-10-02 15:56:32,470 [INFO] ret   renameVolumeGroupVolumes -> [('ORION16-mdb8-shard2-0', 'restore_rmdb1_tgtCluster_6ac0155b7c5bbb3be00623a9')]
2026-10-02 15:56:32,472 [INFO] call  getVolumeUUID('fs9500-2.cpolab.ibm.com', <redacted>, 'restore_rmdb1_tgtCluster_6ac0155b7c5bbb3be00623a9')
2026-10-02 15:56:32,774 [INFO] ret   getVolumeUUID -> '60050768138202df88000000000004ad'
2026-10-02 15:56:32,776 [INFO] call  mapVolumeToHost('fs9500-2.cpolab.ibm.com', <redacted>, 'restore_rmdb1_tgtCluster_6ac0155b7c5bbb3be00623a9', 'SG-FCP-ORION0A-new-mdb-kvm1')
2026-10-02 15:56:33,554 [INFO] ret   mapVolumeToHost -> {'id': '65', 'message': 'Virtual Disk to Host map, id [65], successfully created'}
2026-10-02 15:56:33,556 [INFO] call  scan_scsi_devices('mdb-kvm1')
2026-10-02 15:56:35,239 [INFO] ret   scan_scsi_devices -> True
2026-10-02 15:56:35,239 [INFO] call  find_multipath_device_from_scsi_uuid('mdb-kvm1', '60050768138202df88000000000004ad', retries=6, delay=5)
2026-10-02 15:56:36,599 [INFO] ret   find_multipath_device_from_scsi_uuid -> 'mpathbs'
2026-10-02 15:56:36,601 [INFO] call  attach_disk_to_domain('mdb-kvm1', 'rmdb1', '/dev/mapper/mpathbs')
2026-10-02 15:56:38,518 [INFO] ret   attach_disk_to_domain -> '/dev/vdg'
2026-10-02 15:56:38,520 [INFO] call  highest_partition('rmdb1', '/dev/vdg')
2026-10-02 15:56:39,635 [INFO] ret   highest_partition -> '/dev/vdg1'
2026-10-02 15:56:39,637 [INFO] call  filesystem_uuid('rmdb1', '/dev/vdg1')
2026-10-02 15:56:40,526 [INFO] ret   filesystem_uuid -> 'de77df98-cd1f-488b-8cac-facbccfd1e30'
2026-10-02 15:56:40,529 [INFO] call  change_filesystem_uuid('rmdb1', '/dev/vdg1')
2026-10-02 15:56:49,095 [INFO] ret   change_filesystem_uuid -> '27c95f80-708f-492f-acb2-fdc1d14a44a9'
2026-10-02 15:56:49,096 [INFO] call  mount_single_host('rmdb1:37017', {'sgcShard_0': [{'hostname': 'mdb8:37017', 'mount_point': '/fimongo1', 'fs_uuid': 'de77df98-cd1f-488b-8cac-facbccfd1e30'}], 'sgcShard_1': [{'hostname': 'mdb9:37017', 'mount_point': '/fimongo1', 'fs_uuid': '6daf0f6f-5246-489d-91a3-1587f885cd59'}], 'configRS': [{'hostname': 'mdb7:37017', 'mount_point': '/fimongo1', 'fs_uuid': '84b467c1-5c1d-4be1-8e3a-7f255ecdbd6c'}]}, fs_uuid='27c95f80-708f-492f-acb2-fdc1d14a44a9', mount_point='/fimongo1')
2026-10-02 15:56:49,096 [INFO] Partprobe on rmdb1 to detect filesystem updates
2026-10-02 15:56:49,949 [INFO] Mounting UUID=27c95f80-708f-492f-acb2-fdc1d14a44a9 on rmdb1 at /fimongo1
2026-10-02 15:56:50,899 [INFO] Mounted successfully on rmdb1
2026-10-02 15:56:51,730 [INFO] chown mongod:mongod applied on rmdb1 at /fimongo1
2026-10-02 15:56:51,730 [INFO] ret   mount_single_host -> None
2026-10-02 15:56:51,730 [INFO] call  verify_single_host_mount('rmdb1:37017', {'sgcShard_0': [{'hostname': 'mdb8:37017', 'mount_point': '/fimongo1', 'fs_uuid': 'de77df98-cd1f-488b-8cac-facbccfd1e30'}], 'sgcShard_1': [{'hostname': 'mdb9:37017', 'mount_point': '/fimongo1', 'fs_uuid': '6daf0f6f-5246-489d-91a3-1587f885cd59'}], 'configRS': [{'hostname': 'mdb7:37017', 'mount_point': '/fimongo1', 'fs_uuid': '84b467c1-5c1d-4be1-8e3a-7f255ecdbd6c'}]}, mount_point='/fimongo1')
2026-10-02 15:56:52,552 [INFO] Mount verified on rmdb1: /fimongo1
2026-10-02 15:56:53,412 [INFO] rmdb1: /fimongo1/data/fileList.txt exists with correct mongod:mongod ownership
2026-10-02 15:56:53,412 [INFO] ret   verify_single_host_mount -> None
2026-10-02 15:56:53,413 [DEBUG] API GET http://129.40.36.100:8080/api/public/v1.0/backup/third_party/group/6a386221ee19a6537cc68a97/restore/6ac017fb457a6b8070196aeb
2026-10-02 15:56:53,562 [DEBUG] STATUS 200
2026-10-02 15:56:53,563 [DEBUG] {
  "clusterMapping": [
    {
      "rsId": "sgcShard_0",
      "targetRsId": "tgtShard_0"
    },
    {
      "rsId": "sgcShard_1",
      "targetRsId": "tgtShard_1"
    },
    {
      "rsId": "configRS",
      "targetRsId": "tgtconfigRS"
    }
  ],
  "nodes": [
    {
      "error": null,
      "hostname": "rmdb12",
      "id": "rmdb12:37017",
      "port": 37017,
      "rsId": "tgtShard_1",
      "state": "COPY_FILES",
      "stateUpdateTime": 1790974123
    },
    {
      "error": null,
      "hostname": "rmdb14",
      "id": "rmdb14:37017",
      "port": 37017,
      "rsId": "tgtShard_1",
      "state": "COPY_FILES",
      "stateUpdateTime": 1790974123
    },
    {
      "error": null,
      "hostname": "rmdb9",
      "id": "rmdb9:37017",
      "port": 37017,
      "rsId": "tgtShard_1",
      "state": "COPY_FILES",
      "stateUpdateTime": 1790974123
    },
    {
      "error": null,
      "hostname": "rmdb4",
      "id": "rmdb4:37017",
      "port": 37017,
      "rsId": "tgtShard_1",
      "state": "COPY_FILES",
      "stateUpdateTime": 1790974123
    },
    {
      "error": null,
      "hostname": "rmdb2",
      "id": "rmdb2:37017",
      "port": 37017,
      "rsId": "tgtShard_1",
      "state": "COPY_FILES",
      "stateUpdateTime": 1790974126
    },
    {
      "error": null,
      "hostname": "rmdb8",
      "id": "rmdb8:37017",
      "port": 37017,
      "rsId": "tgtShard_0",
      "state": "COPY_FILES",
      "stateUpdateTime": 1790974134
    },
    {
      "error": null,
      "hostname": "rmdb13",
      "id": "rmdb13:37017",
      "port": 37017,
      "rsId": "tgtShard_0",
      "state": "RECOVERY_IN_PROGRESS",
      "stateUpdateTime": 1790974589
    },
    {
      "error": null,
      "hostname": "rmdb1",
      "id": "rmdb1:37017",
      "port": 37017,
      "rsId": "tgtShard_0",
      "state": "COPY_FILES",
      "stateUpdateTime": 1790974134
    },
    {
      "error": null,
      "hostname": "rmdb3",
      "id": "rmdb3:37017",
      "port": 37017,
      "rsId": "tgtShard_0",
      "state": "COPY_FILES",
      "stateUpdateTime": 1790974127
    },
    {
      "error": null,
      "hostname": "rmdb11",
      "id": "rmdb11:37017",
      "port": 37017,
      "rsId": "tgtShard_0",
      "state": "RECOVERY_IN_PROGRESS",
      "stateUpdateTime": 1790974560
    },
    {
      "error": null,
      "hostname": "rmdb7",
      "id": "rmdb7:37017",
      "port": 37017,
      "rsId": "tgtconfigRS",
      "state": "RECOVERY_IN_PROGRESS",
      "stateUpdateTime": 1790974536
    },
    {
      "error": null,
      "hostname": "rmdb-config1",
      "id": "rmdb-config1:37017",
      "port": 37017,
      "rsId": "tgtconfigRS",
      "state": "RECOVERY_IN_PROGRESS",
      "stateUpdateTime": 1790974479
    },
    {
      "error": null,
      "hostname": "rmdb-config2",
      "id": "rmdb-config2:37017",
      "port": 37017,
      "rsId": "tgtconfigRS",
      "state": "RECOVERY_IN_PROGRESS",
      "stateUpdateTime": 1790974508
    }
  ],
  "state": "COPY_FILES"
}
2026-10-02 15:56:53,563 [INFO] call  files_copied('http://129.40.36.100:8080', '6a386221ee19a6537cc68a97', '6ac017fb457a6b8070196aeb', 'rmdb1:37017', '/fimongo1/data', <requests.auth.HTTPDigestAuth object at 0x00000279C5536E40>)
2026-10-02 15:56:53,563 [DEBUG] API POST http://129.40.36.100:8080/api/public/v1.0/backup/third_party/group/6a386221ee19a6537cc68a97/restore/6ac017fb457a6b8070196aeb/filesCopied
2026-10-02 15:56:53,563 [DEBUG] {
  "id": "rmdb1:37017",
  "dbPath": "/fimongo1/data"
}
2026-10-02 15:56:53,679 [DEBUG] STATUS 200
2026-10-02 15:56:53,679 [DEBUG] {
  "errorCode": "NONE",
  "version": "1",
  "status": "OK"
}
2026-10-02 15:56:53,679 [INFO] ret   files_copied -> None
2026-10-02 15:56:53,684 [INFO] --- restoring rmdb3:37017 ---
2026-10-02 15:56:53,685 [INFO] call  getSnapshotVolumeGroup('fs9500-3.cpolab.ibm.com', <redacted>, 'sgcShard_0_6ac0155b7c5bbb3be00623a9')
2026-10-02 15:56:53,955 [INFO] ret   getSnapshotVolumeGroup -> ('ORION16-mdb8-sgcCluster-replicated', '28')
2026-10-02 15:56:53,956 [INFO] call  createThinCloneVolumeGroup('fs9500-3.cpolab.ibm.com', <redacted>, '28', 'rmdb3_tgtCluster_6ac0155b7c5bbb3be00623a9')
2026-10-02 15:56:54,355 [INFO] ret   createThinCloneVolumeGroup -> {'id': '81', 'message': 'Volume Group, id [81], successfully created'}
2026-10-02 15:56:54,358 [INFO] call  renameVolumeGroupVolumes('fs9500-3.cpolab.ibm.com', <redacted>, 'rmdb3_tgtCluster_6ac0155b7c5bbb3be00623a9', 'restore_rmdb3_tgtCluster_6ac0155b7c5bbb3be00623a9')
2026-10-02 15:56:55,408 [INFO] ret   renameVolumeGroupVolumes -> [('ORION16-mdb8-2-4-1', 'restore_rmdb3_tgtCluster_6ac0155b7c5bbb3be00623a9')]
2026-10-02 15:56:55,410 [INFO] call  getVolumeUUID('fs9500-3.cpolab.ibm.com', <redacted>, 'restore_rmdb3_tgtCluster_6ac0155b7c5bbb3be00623a9')
2026-10-02 15:56:55,682 [INFO] ret   getVolumeUUID -> '60050768138302dab80000000000030c'
2026-10-02 15:56:55,684 [INFO] call  mapVolumeToHost('fs9500-3.cpolab.ibm.com', <redacted>, 'restore_rmdb3_tgtCluster_6ac0155b7c5bbb3be00623a9', 'Orion0B-mdb-kvm2')
2026-10-02 15:56:56,152 [INFO] ret   mapVolumeToHost -> {'id': '53', 'message': 'Virtual Disk to Host map, id [53], successfully created'}
2026-10-02 15:56:56,154 [INFO] call  scan_scsi_devices('mdb-kvm2')
2026-10-02 15:56:57,098 [INFO] ret   scan_scsi_devices -> True
2026-10-02 15:56:57,098 [INFO] call  find_multipath_device_from_scsi_uuid('mdb-kvm2', '60050768138302dab80000000000030c', retries=6, delay=5)
2026-10-02 15:57:05,457 [INFO] ret   find_multipath_device_from_scsi_uuid -> 'mpathbi'
2026-10-02 15:57:05,458 [INFO] call  attach_disk_to_domain('mdb-kvm2', 'rmdb3', '/dev/mapper/mpathbi')
2026-10-02 15:57:07,475 [INFO] ret   attach_disk_to_domain -> '/dev/vdh'
2026-10-02 15:57:07,477 [INFO] call  highest_partition('rmdb3', '/dev/vdh')
2026-10-02 15:57:08,465 [INFO] ret   highest_partition -> '/dev/vdh1'
2026-10-02 15:57:08,466 [INFO] call  filesystem_uuid('rmdb3', '/dev/vdh1')
2026-10-02 15:57:09,282 [INFO] ret   filesystem_uuid -> 'de77df98-cd1f-488b-8cac-facbccfd1e30'
2026-10-02 15:57:09,284 [INFO] call  change_filesystem_uuid('rmdb3', '/dev/vdh1')
2026-10-02 15:57:17,047 [INFO] ret   change_filesystem_uuid -> '7cc14231-9190-4cd4-9e16-79589ffbf4ae'
2026-10-02 15:57:17,049 [INFO] call  mount_single_host('rmdb3:37017', {'sgcShard_0': [{'hostname': 'mdb8:37017', 'mount_point': '/fimongo1', 'fs_uuid': 'de77df98-cd1f-488b-8cac-facbccfd1e30'}], 'sgcShard_1': [{'hostname': 'mdb9:37017', 'mount_point': '/fimongo1', 'fs_uuid': '6daf0f6f-5246-489d-91a3-1587f885cd59'}], 'configRS': [{'hostname': 'mdb7:37017', 'mount_point': '/fimongo1', 'fs_uuid': '84b467c1-5c1d-4be1-8e3a-7f255ecdbd6c'}]}, fs_uuid='7cc14231-9190-4cd4-9e16-79589ffbf4ae', mount_point='/fimongo1')
2026-10-02 15:57:17,049 [INFO] Partprobe on rmdb3 to detect filesystem updates
2026-10-02 15:57:17,922 [INFO] Mounting UUID=7cc14231-9190-4cd4-9e16-79589ffbf4ae on rmdb3 at /fimongo1
2026-10-02 15:57:18,907 [INFO] Mounted successfully on rmdb3
2026-10-02 15:57:19,709 [INFO] chown mongod:mongod applied on rmdb3 at /fimongo1
2026-10-02 15:57:19,709 [INFO] ret   mount_single_host -> None
2026-10-02 15:57:19,709 [INFO] call  verify_single_host_mount('rmdb3:37017', {'sgcShard_0': [{'hostname': 'mdb8:37017', 'mount_point': '/fimongo1', 'fs_uuid': 'de77df98-cd1f-488b-8cac-facbccfd1e30'}], 'sgcShard_1': [{'hostname': 'mdb9:37017', 'mount_point': '/fimongo1', 'fs_uuid': '6daf0f6f-5246-489d-91a3-1587f885cd59'}], 'configRS': [{'hostname': 'mdb7:37017', 'mount_point': '/fimongo1', 'fs_uuid': '84b467c1-5c1d-4be1-8e3a-7f255ecdbd6c'}]}, mount_point='/fimongo1')
2026-10-02 15:57:20,577 [INFO] Mount verified on rmdb3: /fimongo1
2026-10-02 15:57:21,389 [INFO] rmdb3: /fimongo1/data/fileList.txt exists with correct mongod:mongod ownership
2026-10-02 15:57:21,389 [INFO] ret   verify_single_host_mount -> None
2026-10-02 15:57:21,391 [DEBUG] API GET http://129.40.36.100:8080/api/public/v1.0/backup/third_party/group/6a386221ee19a6537cc68a97/restore/6ac017fb457a6b8070196aeb
2026-10-02 15:57:21,596 [DEBUG] STATUS 200
2026-10-02 15:57:21,596 [DEBUG] {
  "clusterMapping": [
    {
      "rsId": "sgcShard_0",
      "targetRsId": "tgtShard_0"
    },
    {
      "rsId": "sgcShard_1",
      "targetRsId": "tgtShard_1"
    },
    {
      "rsId": "configRS",
      "targetRsId": "tgtconfigRS"
    }
  ],
  "nodes": [
    {
      "error": null,
      "hostname": "rmdb12",
      "id": "rmdb12:37017",
      "port": 37017,
      "rsId": "tgtShard_1",
      "state": "COPY_FILES",
      "stateUpdateTime": 1790974123
    },
    {
      "error": null,
      "hostname": "rmdb14",
      "id": "rmdb14:37017",
      "port": 37017,
      "rsId": "tgtShard_1",
      "state": "COPY_FILES",
      "stateUpdateTime": 1790974123
    },
    {
      "error": null,
      "hostname": "rmdb9",
      "id": "rmdb9:37017",
      "port": 37017,
      "rsId": "tgtShard_1",
      "state": "COPY_FILES",
      "stateUpdateTime": 1790974123
    },
    {
      "error": null,
      "hostname": "rmdb4",
      "id": "rmdb4:37017",
      "port": 37017,
      "rsId": "tgtShard_1",
      "state": "COPY_FILES",
      "stateUpdateTime": 1790974123
    },
    {
      "error": null,
      "hostname": "rmdb2",
      "id": "rmdb2:37017",
      "port": 37017,
      "rsId": "tgtShard_1",
      "state": "COPY_FILES",
      "stateUpdateTime": 1790974126
    },
    {
      "error": null,
      "hostname": "rmdb8",
      "id": "rmdb8:37017",
      "port": 37017,
      "rsId": "tgtShard_0",
      "state": "COPY_FILES",
      "stateUpdateTime": 1790974134
    },
    {
      "error": null,
      "hostname": "rmdb13",
      "id": "rmdb13:37017",
      "port": 37017,
      "rsId": "tgtShard_0",
      "state": "RECOVERY_IN_PROGRESS",
      "stateUpdateTime": 1790974589
    },
    {
      "error": null,
      "hostname": "rmdb1",
      "id": "rmdb1:37017",
      "port": 37017,
      "rsId": "tgtShard_0",
      "state": "RECOVERY_IN_PROGRESS",
      "stateUpdateTime": 1790974613
    },
    {
      "error": null,
      "hostname": "rmdb3",
      "id": "rmdb3:37017",
      "port": 37017,
      "rsId": "tgtShard_0",
      "state": "COPY_FILES",
      "stateUpdateTime": 1790974127
    },
    {
      "error": null,
      "hostname": "rmdb11",
      "id": "rmdb11:37017",
      "port": 37017,
      "rsId": "tgtShard_0",
      "state": "RECOVERY_IN_PROGRESS",
      "stateUpdateTime": 1790974560
    },
    {
      "error": null,
      "hostname": "rmdb7",
      "id": "rmdb7:37017",
      "port": 37017,
      "rsId": "tgtconfigRS",
      "state": "RECOVERY_IN_PROGRESS",
      "stateUpdateTime": 1790974536
    },
    {
      "error": null,
      "hostname": "rmdb-config1",
      "id": "rmdb-config1:37017",
      "port": 37017,
      "rsId": "tgtconfigRS",
      "state": "RECOVERY_IN_PROGRESS",
      "stateUpdateTime": 1790974479
    },
    {
      "error": null,
      "hostname": "rmdb-config2",
      "id": "rmdb-config2:37017",
      "port": 37017,
      "rsId": "tgtconfigRS",
      "state": "RECOVERY_IN_PROGRESS",
      "stateUpdateTime": 1790974508
    }
  ],
  "state": "COPY_FILES"
}
2026-10-02 15:57:21,597 [INFO] call  files_copied('http://129.40.36.100:8080', '6a386221ee19a6537cc68a97', '6ac017fb457a6b8070196aeb', 'rmdb3:37017', '/fimongo1/data', <requests.auth.HTTPDigestAuth object at 0x00000279C5536E40>)
2026-10-02 15:57:21,597 [DEBUG] API POST http://129.40.36.100:8080/api/public/v1.0/backup/third_party/group/6a386221ee19a6537cc68a97/restore/6ac017fb457a6b8070196aeb/filesCopied
2026-10-02 15:57:21,597 [DEBUG] {
  "id": "rmdb3:37017",
  "dbPath": "/fimongo1/data"
}
2026-10-02 15:57:21,714 [DEBUG] STATUS 200
2026-10-02 15:57:21,714 [DEBUG] {
  "errorCode": "NONE",
  "version": "1",
  "status": "OK"
}
2026-10-02 15:57:21,714 [INFO] ret   files_copied -> None
2026-10-02 15:57:21,720 [INFO] --- restoring rmdb8:37017 ---
2026-10-02 15:57:21,720 [INFO] call  getSnapshotVolumeGroup('fs9500-3.cpolab.ibm.com', <redacted>, 'sgcShard_0_6ac0155b7c5bbb3be00623a9')
2026-10-02 15:57:21,978 [INFO] ret   getSnapshotVolumeGroup -> ('ORION16-mdb8-sgcCluster-replicated', '28')
2026-10-02 15:57:21,978 [INFO] call  createThinCloneVolumeGroup('fs9500-3.cpolab.ibm.com', <redacted>, '28', 'rmdb8_tgtCluster_6ac0155b7c5bbb3be00623a9')
2026-10-02 15:57:22,368 [INFO] ret   createThinCloneVolumeGroup -> {'id': '82', 'message': 'Volume Group, id [82], successfully created'}
2026-10-02 15:57:22,370 [INFO] call  renameVolumeGroupVolumes('fs9500-3.cpolab.ibm.com', <redacted>, 'rmdb8_tgtCluster_6ac0155b7c5bbb3be00623a9', 'restore_rmdb8_tgtCluster_6ac0155b7c5bbb3be00623a9')
2026-10-02 15:57:23,494 [INFO] ret   renameVolumeGroupVolumes -> [('ORION16-mdb8-2-4-1', 'restore_rmdb8_tgtCluster_6ac0155b7c5bbb3be00623a9')]
2026-10-02 15:57:23,496 [INFO] call  getVolumeUUID('fs9500-3.cpolab.ibm.com', <redacted>, 'restore_rmdb8_tgtCluster_6ac0155b7c5bbb3be00623a9')
2026-10-02 15:57:23,743 [INFO] ret   getVolumeUUID -> '60050768138302dab80000000000030d'
2026-10-02 15:57:23,745 [INFO] call  mapVolumeToHost('fs9500-3.cpolab.ibm.com', <redacted>, 'restore_rmdb8_tgtCluster_6ac0155b7c5bbb3be00623a9', 'Orion0C-mdb-kvm3')
2026-10-02 15:57:24,207 [INFO] ret   mapVolumeToHost -> {'id': '55', 'message': 'Virtual Disk to Host map, id [55], successfully created'}
2026-10-02 15:57:24,209 [INFO] call  scan_scsi_devices('mdb-kvm3')
2026-10-02 15:57:25,143 [INFO] ret   scan_scsi_devices -> True
2026-10-02 15:57:25,144 [INFO] call  find_multipath_device_from_scsi_uuid('mdb-kvm3', '60050768138302dab80000000000030d', retries=6, delay=5)
2026-10-02 15:57:26,369 [INFO] ret   find_multipath_device_from_scsi_uuid -> 'mpathbi'
2026-10-02 15:57:26,371 [INFO] call  attach_disk_to_domain('mdb-kvm3', 'rmdb8', '/dev/mapper/mpathbi')
2026-10-02 15:57:28,413 [INFO] ret   attach_disk_to_domain -> '/dev/vdi'
2026-10-02 15:57:28,415 [INFO] call  highest_partition('rmdb8', '/dev/vdi')
2026-10-02 15:57:29,443 [INFO] ret   highest_partition -> '/dev/vdi1'
2026-10-02 15:57:29,444 [INFO] call  filesystem_uuid('rmdb8', '/dev/vdi1')
2026-10-02 15:57:30,323 [INFO] ret   filesystem_uuid -> 'de77df98-cd1f-488b-8cac-facbccfd1e30'
2026-10-02 15:57:30,325 [INFO] call  change_filesystem_uuid('rmdb8', '/dev/vdi1')
2026-10-02 15:57:38,304 [INFO] ret   change_filesystem_uuid -> 'a403018d-d885-4a01-8fde-3c2ca278cfd0'
2026-10-02 15:57:38,307 [INFO] call  mount_single_host('rmdb8:37017', {'sgcShard_0': [{'hostname': 'mdb8:37017', 'mount_point': '/fimongo1', 'fs_uuid': 'de77df98-cd1f-488b-8cac-facbccfd1e30'}], 'sgcShard_1': [{'hostname': 'mdb9:37017', 'mount_point': '/fimongo1', 'fs_uuid': '6daf0f6f-5246-489d-91a3-1587f885cd59'}], 'configRS': [{'hostname': 'mdb7:37017', 'mount_point': '/fimongo1', 'fs_uuid': '84b467c1-5c1d-4be1-8e3a-7f255ecdbd6c'}]}, fs_uuid='a403018d-d885-4a01-8fde-3c2ca278cfd0', mount_point='/fimongo1')
2026-10-02 15:57:38,308 [INFO] Partprobe on rmdb8 to detect filesystem updates
2026-10-02 15:57:39,182 [INFO] Mounting UUID=a403018d-d885-4a01-8fde-3c2ca278cfd0 on rmdb8 at /fimongo1
2026-10-02 15:57:40,115 [INFO] Mounted successfully on rmdb8
2026-10-02 15:57:40,945 [INFO] chown mongod:mongod applied on rmdb8 at /fimongo1
2026-10-02 15:57:40,945 [INFO] ret   mount_single_host -> None
2026-10-02 15:57:40,945 [INFO] call  verify_single_host_mount('rmdb8:37017', {'sgcShard_0': [{'hostname': 'mdb8:37017', 'mount_point': '/fimongo1', 'fs_uuid': 'de77df98-cd1f-488b-8cac-facbccfd1e30'}], 'sgcShard_1': [{'hostname': 'mdb9:37017', 'mount_point': '/fimongo1', 'fs_uuid': '6daf0f6f-5246-489d-91a3-1587f885cd59'}], 'configRS': [{'hostname': 'mdb7:37017', 'mount_point': '/fimongo1', 'fs_uuid': '84b467c1-5c1d-4be1-8e3a-7f255ecdbd6c'}]}, mount_point='/fimongo1')
2026-10-02 15:57:41,768 [INFO] Mount verified on rmdb8: /fimongo1
2026-10-02 15:57:42,597 [INFO] rmdb8: /fimongo1/data/fileList.txt exists with correct mongod:mongod ownership
2026-10-02 15:57:42,597 [INFO] ret   verify_single_host_mount -> None
2026-10-02 15:57:42,599 [DEBUG] API GET http://129.40.36.100:8080/api/public/v1.0/backup/third_party/group/6a386221ee19a6537cc68a97/restore/6ac017fb457a6b8070196aeb
2026-10-02 15:57:42,775 [DEBUG] STATUS 200
2026-10-02 15:57:42,775 [DEBUG] {
  "clusterMapping": [
    {
      "rsId": "sgcShard_0",
      "targetRsId": "tgtShard_0"
    },
    {
      "rsId": "sgcShard_1",
      "targetRsId": "tgtShard_1"
    },
    {
      "rsId": "configRS",
      "targetRsId": "tgtconfigRS"
    }
  ],
  "nodes": [
    {
      "error": null,
      "hostname": "rmdb12",
      "id": "rmdb12:37017",
      "port": 37017,
      "rsId": "tgtShard_1",
      "state": "COPY_FILES",
      "stateUpdateTime": 1790974123
    },
    {
      "error": null,
      "hostname": "rmdb14",
      "id": "rmdb14:37017",
      "port": 37017,
      "rsId": "tgtShard_1",
      "state": "COPY_FILES",
      "stateUpdateTime": 1790974123
    },
    {
      "error": null,
      "hostname": "rmdb9",
      "id": "rmdb9:37017",
      "port": 37017,
      "rsId": "tgtShard_1",
      "state": "COPY_FILES",
      "stateUpdateTime": 1790974123
    },
    {
      "error": null,
      "hostname": "rmdb4",
      "id": "rmdb4:37017",
      "port": 37017,
      "rsId": "tgtShard_1",
      "state": "COPY_FILES",
      "stateUpdateTime": 1790974123
    },
    {
      "error": null,
      "hostname": "rmdb2",
      "id": "rmdb2:37017",
      "port": 37017,
      "rsId": "tgtShard_1",
      "state": "COPY_FILES",
      "stateUpdateTime": 1790974126
    },
    {
      "error": null,
      "hostname": "rmdb8",
      "id": "rmdb8:37017",
      "port": 37017,
      "rsId": "tgtShard_0",
      "state": "COPY_FILES",
      "stateUpdateTime": 1790974134
    },
    {
      "error": null,
      "hostname": "rmdb13",
      "id": "rmdb13:37017",
      "port": 37017,
      "rsId": "tgtShard_0",
      "state": "RECOVERY_IN_PROGRESS",
      "stateUpdateTime": 1790974589
    },
    {
      "error": null,
      "hostname": "rmdb1",
      "id": "rmdb1:37017",
      "port": 37017,
      "rsId": "tgtShard_0",
      "state": "RECOVERY_IN_PROGRESS",
      "stateUpdateTime": 1790974613
    },
    {
      "error": null,
      "hostname": "rmdb3",
      "id": "rmdb3:37017",
      "port": 37017,
      "rsId": "tgtShard_0",
      "state": "RECOVERY_IN_PROGRESS",
      "stateUpdateTime": 1790974641
    },
    {
      "error": null,
      "hostname": "rmdb11",
      "id": "rmdb11:37017",
      "port": 37017,
      "rsId": "tgtShard_0",
      "state": "RECOVERY_IN_PROGRESS",
      "stateUpdateTime": 1790974560
    },
    {
      "error": null,
      "hostname": "rmdb7",
      "id": "rmdb7:37017",
      "port": 37017,
      "rsId": "tgtconfigRS",
      "state": "RECOVERY_IN_PROGRESS",
      "stateUpdateTime": 1790974536
    },
    {
      "error": null,
      "hostname": "rmdb-config1",
      "id": "rmdb-config1:37017",
      "port": 37017,
      "rsId": "tgtconfigRS",
      "state": "RECOVERY_IN_PROGRESS",
      "stateUpdateTime": 1790974479
    },
    {
      "error": null,
      "hostname": "rmdb-config2",
      "id": "rmdb-config2:37017",
      "port": 37017,
      "rsId": "tgtconfigRS",
      "state": "RECOVERY_IN_PROGRESS",
      "stateUpdateTime": 1790974508
    }
  ],
  "state": "COPY_FILES"
}
2026-10-02 15:57:42,775 [INFO] call  files_copied('http://129.40.36.100:8080', '6a386221ee19a6537cc68a97', '6ac017fb457a6b8070196aeb', 'rmdb8:37017', '/fimongo1/data', <requests.auth.HTTPDigestAuth object at 0x00000279C5536E40>)
2026-10-02 15:57:42,775 [DEBUG] API POST http://129.40.36.100:8080/api/public/v1.0/backup/third_party/group/6a386221ee19a6537cc68a97/restore/6ac017fb457a6b8070196aeb/filesCopied
2026-10-02 15:57:42,775 [DEBUG] {
  "id": "rmdb8:37017",
  "dbPath": "/fimongo1/data"
}
2026-10-02 15:57:42,894 [DEBUG] STATUS 200
2026-10-02 15:57:42,894 [DEBUG] {
  "errorCode": "NONE",
  "version": "1",
  "status": "OK"
}
2026-10-02 15:57:42,894 [INFO] ret   files_copied -> None
2026-10-02 15:57:42,899 [INFO] === shard sgcShard_1 -> tgtShard_1 from snapshot sgcShard_1_6ac0155b7c5bbb3be00623a9 ===
2026-10-02 15:57:42,901 [INFO] --- restoring rmdb12:37017 ---
2026-10-02 15:57:42,901 [INFO] call  getSnapshotVolumeGroup('fs9500-2.cpolab.ibm.com', <redacted>, 'sgcShard_1_6ac0155b7c5bbb3be00623a9')
2026-10-02 15:57:43,290 [INFO] ret   getSnapshotVolumeGroup -> ('ORION17-mdb9-sgcCluster', '66')
2026-10-02 15:57:43,290 [INFO] call  createThinCloneVolumeGroup('fs9500-2.cpolab.ibm.com', <redacted>, '66', 'rmdb12_tgtCluster_6ac0155b7c5bbb3be00623a9')
2026-10-02 15:57:43,774 [INFO] ret   createThinCloneVolumeGroup -> {'id': '84', 'message': 'Volume Group, id [84], successfully created'}
2026-10-02 15:57:43,775 [INFO] call  renameVolumeGroupVolumes('fs9500-2.cpolab.ibm.com', <redacted>, 'rmdb12_tgtCluster_6ac0155b7c5bbb3be00623a9', 'restore_rmdb12_tgtCluster_6ac0155b7c5bbb3be00623a9')
2026-10-02 15:57:45,890 [INFO] ret   renameVolumeGroupVolumes -> [('ORION17-mdb9-sgcCluster-fimongo1-1', 'restore_rmdb12_tgtCluster_6ac0155b7c5bbb3be00623a9')]
2026-10-02 15:57:45,892 [INFO] call  getVolumeUUID('fs9500-2.cpolab.ibm.com', <redacted>, 'restore_rmdb12_tgtCluster_6ac0155b7c5bbb3be00623a9')
2026-10-02 15:57:46,755 [INFO] ret   getVolumeUUID -> '60050768138202df88000000000004ae'
2026-10-02 15:57:46,757 [INFO] call  mapVolumeToHost('fs9500-2.cpolab.ibm.com', <redacted>, 'restore_rmdb12_tgtCluster_6ac0155b7c5bbb3be00623a9', 'SG-FCP-ORION0A-new-mdb-kvm1')
2026-10-02 15:57:47,495 [INFO] ret   mapVolumeToHost -> {'id': '66', 'message': 'Virtual Disk to Host map, id [66], successfully created'}
2026-10-02 15:57:47,497 [INFO] call  scan_scsi_devices('mdb-kvm1')
2026-10-02 15:57:49,284 [INFO] ret   scan_scsi_devices -> True
2026-10-02 15:57:49,284 [INFO] call  find_multipath_device_from_scsi_uuid('mdb-kvm1', '60050768138202df88000000000004ae', retries=6, delay=5)
2026-10-02 15:57:50,561 [INFO] ret   find_multipath_device_from_scsi_uuid -> 'mpathbt'
2026-10-02 15:57:50,563 [INFO] call  attach_disk_to_domain('mdb-kvm1', 'rmdb12', '/dev/mapper/mpathbt')
2026-10-02 15:57:52,510 [INFO] ret   attach_disk_to_domain -> '/dev/vdg'
2026-10-02 15:57:52,511 [INFO] call  highest_partition('rmdb12', '/dev/vdg')
2026-10-02 15:57:53,519 [INFO] ret   highest_partition -> '/dev/vdg1'
2026-10-02 15:57:53,521 [INFO] call  filesystem_uuid('rmdb12', '/dev/vdg1')
2026-10-02 15:57:54,347 [INFO] ret   filesystem_uuid -> '6daf0f6f-5246-489d-91a3-1587f885cd59'
2026-10-02 15:57:54,349 [INFO] call  change_filesystem_uuid('rmdb12', '/dev/vdg1')
2026-10-02 15:58:02,463 [INFO] ret   change_filesystem_uuid -> '1c6f05a6-b031-4c74-aed5-09b8dbab05ab'
2026-10-02 15:58:02,466 [INFO] call  mount_single_host('rmdb12:37017', {'sgcShard_0': [{'hostname': 'mdb8:37017', 'mount_point': '/fimongo1', 'fs_uuid': 'de77df98-cd1f-488b-8cac-facbccfd1e30'}], 'sgcShard_1': [{'hostname': 'mdb9:37017', 'mount_point': '/fimongo1', 'fs_uuid': '6daf0f6f-5246-489d-91a3-1587f885cd59'}], 'configRS': [{'hostname': 'mdb7:37017', 'mount_point': '/fimongo1', 'fs_uuid': '84b467c1-5c1d-4be1-8e3a-7f255ecdbd6c'}]}, fs_uuid='1c6f05a6-b031-4c74-aed5-09b8dbab05ab', mount_point='/fimongo1')
2026-10-02 15:58:02,466 [INFO] Partprobe on rmdb12 to detect filesystem updates
2026-10-02 15:58:03,315 [INFO] Mounting UUID=1c6f05a6-b031-4c74-aed5-09b8dbab05ab on rmdb12 at /fimongo1
2026-10-02 15:58:04,322 [INFO] Mounted successfully on rmdb12
2026-10-02 15:58:05,154 [INFO] chown mongod:mongod applied on rmdb12 at /fimongo1
2026-10-02 15:58:05,154 [INFO] ret   mount_single_host -> None
2026-10-02 15:58:05,154 [INFO] call  verify_single_host_mount('rmdb12:37017', {'sgcShard_0': [{'hostname': 'mdb8:37017', 'mount_point': '/fimongo1', 'fs_uuid': 'de77df98-cd1f-488b-8cac-facbccfd1e30'}], 'sgcShard_1': [{'hostname': 'mdb9:37017', 'mount_point': '/fimongo1', 'fs_uuid': '6daf0f6f-5246-489d-91a3-1587f885cd59'}], 'configRS': [{'hostname': 'mdb7:37017', 'mount_point': '/fimongo1', 'fs_uuid': '84b467c1-5c1d-4be1-8e3a-7f255ecdbd6c'}]}, mount_point='/fimongo1')
2026-10-02 15:58:05,986 [INFO] Mount verified on rmdb12: /fimongo1
2026-10-02 15:58:06,809 [INFO] rmdb12: /fimongo1/data/fileList.txt exists with correct mongod:mongod ownership
2026-10-02 15:58:06,810 [INFO] ret   verify_single_host_mount -> None
2026-10-02 15:58:06,813 [DEBUG] API GET http://129.40.36.100:8080/api/public/v1.0/backup/third_party/group/6a386221ee19a6537cc68a97/restore/6ac017fb457a6b8070196aeb
2026-10-02 15:58:06,963 [DEBUG] STATUS 200
2026-10-02 15:58:06,964 [DEBUG] {
  "clusterMapping": [
    {
      "rsId": "sgcShard_0",
      "targetRsId": "tgtShard_0"
    },
    {
      "rsId": "sgcShard_1",
      "targetRsId": "tgtShard_1"
    },
    {
      "rsId": "configRS",
      "targetRsId": "tgtconfigRS"
    }
  ],
  "nodes": [
    {
      "error": null,
      "hostname": "rmdb12",
      "id": "rmdb12:37017",
      "port": 37017,
      "rsId": "tgtShard_1",
      "state": "COPY_FILES",
      "stateUpdateTime": 1790974123
    },
    {
      "error": null,
      "hostname": "rmdb14",
      "id": "rmdb14:37017",
      "port": 37017,
      "rsId": "tgtShard_1",
      "state": "COPY_FILES",
      "stateUpdateTime": 1790974123
    },
    {
      "error": null,
      "hostname": "rmdb9",
      "id": "rmdb9:37017",
      "port": 37017,
      "rsId": "tgtShard_1",
      "state": "COPY_FILES",
      "stateUpdateTime": 1790974123
    },
    {
      "error": null,
      "hostname": "rmdb4",
      "id": "rmdb4:37017",
      "port": 37017,
      "rsId": "tgtShard_1",
      "state": "COPY_FILES",
      "stateUpdateTime": 1790974123
    },
    {
      "error": null,
      "hostname": "rmdb2",
      "id": "rmdb2:37017",
      "port": 37017,
      "rsId": "tgtShard_1",
      "state": "COPY_FILES",
      "stateUpdateTime": 1790974126
    },
    {
      "error": null,
      "hostname": "rmdb8",
      "id": "rmdb8:37017",
      "port": 37017,
      "rsId": "tgtShard_0",
      "state": "RECOVERY_IN_PROGRESS",
      "stateUpdateTime": 1790974662
    },
    {
      "error": null,
      "hostname": "rmdb13",
      "id": "rmdb13:37017",
      "port": 37017,
      "rsId": "tgtShard_0",
      "state": "RECOVERY_IN_PROGRESS",
      "stateUpdateTime": 1790974589
    },
    {
      "error": null,
      "hostname": "rmdb1",
      "id": "rmdb1:37017",
      "port": 37017,
      "rsId": "tgtShard_0",
      "state": "RECOVERY_IN_PROGRESS",
      "stateUpdateTime": 1790974613
    },
    {
      "error": null,
      "hostname": "rmdb3",
      "id": "rmdb3:37017",
      "port": 37017,
      "rsId": "tgtShard_0",
      "state": "RECOVERY_IN_PROGRESS",
      "stateUpdateTime": 1790974641
    },
    {
      "error": null,
      "hostname": "rmdb11",
      "id": "rmdb11:37017",
      "port": 37017,
      "rsId": "tgtShard_0",
      "state": "RECOVERY_IN_PROGRESS",
      "stateUpdateTime": 1790974560
    },
    {
      "error": null,
      "hostname": "rmdb7",
      "id": "rmdb7:37017",
      "port": 37017,
      "rsId": "tgtconfigRS",
      "state": "RECOVERY_IN_PROGRESS",
      "stateUpdateTime": 1790974536
    },
    {
      "error": null,
      "hostname": "rmdb-config1",
      "id": "rmdb-config1:37017",
      "port": 37017,
      "rsId": "tgtconfigRS",
      "state": "RECOVERY_IN_PROGRESS",
      "stateUpdateTime": 1790974479
    },
    {
      "error": null,
      "hostname": "rmdb-config2",
      "id": "rmdb-config2:37017",
      "port": 37017,
      "rsId": "tgtconfigRS",
      "state": "RECOVERY_IN_PROGRESS",
      "stateUpdateTime": 1790974508
    }
  ],
  "state": "COPY_FILES"
}
2026-10-02 15:58:06,964 [INFO] call  files_copied('http://129.40.36.100:8080', '6a386221ee19a6537cc68a97', '6ac017fb457a6b8070196aeb', 'rmdb12:37017', '/fimongo1/data', <requests.auth.HTTPDigestAuth object at 0x00000279C5536E40>)
2026-10-02 15:58:06,964 [DEBUG] API POST http://129.40.36.100:8080/api/public/v1.0/backup/third_party/group/6a386221ee19a6537cc68a97/restore/6ac017fb457a6b8070196aeb/filesCopied
2026-10-02 15:58:06,964 [DEBUG] {
  "id": "rmdb12:37017",
  "dbPath": "/fimongo1/data"
}
2026-10-02 15:58:07,082 [DEBUG] STATUS 200
2026-10-02 15:58:07,082 [DEBUG] {
  "errorCode": "NONE",
  "version": "1",
  "status": "OK"
}
2026-10-02 15:58:07,083 [INFO] ret   files_copied -> None
2026-10-02 15:58:07,091 [INFO] --- restoring rmdb14:37017 ---
2026-10-02 15:58:07,091 [INFO] call  getSnapshotVolumeGroup('fs9500-3.cpolab.ibm.com', <redacted>, 'sgcShard_1_6ac0155b7c5bbb3be00623a9')
2026-10-02 15:58:07,342 [INFO] ret   getSnapshotVolumeGroup -> ('ORION17-mdb9-sgcCluster-replicated', '29')
2026-10-02 15:58:07,343 [INFO] call  createThinCloneVolumeGroup('fs9500-3.cpolab.ibm.com', <redacted>, '29', 'rmdb14_tgtCluster_6ac0155b7c5bbb3be00623a9')
2026-10-02 15:58:07,784 [INFO] ret   createThinCloneVolumeGroup -> {'id': '83', 'message': 'Volume Group, id [83], successfully created'}
2026-10-02 15:58:07,786 [INFO] call  renameVolumeGroupVolumes('fs9500-3.cpolab.ibm.com', <redacted>, 'rmdb14_tgtCluster_6ac0155b7c5bbb3be00623a9', 'restore_rmdb14_tgtCluster_6ac0155b7c5bbb3be00623a9')
2026-10-02 15:58:08,668 [INFO] ret   renameVolumeGroupVolumes -> [('ORION17-mdb9-sgcCluster-fimongo1-0-0', 'restore_rmdb14_tgtCluster_6ac0155b7c5bbb3be00623a9')]
2026-10-02 15:58:08,670 [INFO] call  getVolumeUUID('fs9500-3.cpolab.ibm.com', <redacted>, 'restore_rmdb14_tgtCluster_6ac0155b7c5bbb3be00623a9')
2026-10-02 15:58:08,998 [INFO] ret   getVolumeUUID -> '60050768138302dab80000000000030e'
2026-10-02 15:58:09,000 [INFO] call  mapVolumeToHost('fs9500-3.cpolab.ibm.com', <redacted>, 'restore_rmdb14_tgtCluster_6ac0155b7c5bbb3be00623a9', 'Orion0C-mdb-kvm3')
2026-10-02 15:58:09,596 [INFO] ret   mapVolumeToHost -> {'id': '56', 'message': 'Virtual Disk to Host map, id [56], successfully created'}
2026-10-02 15:58:09,599 [INFO] call  scan_scsi_devices('mdb-kvm3')
2026-10-02 15:58:10,552 [INFO] ret   scan_scsi_devices -> True
2026-10-02 15:58:10,552 [INFO] call  find_multipath_device_from_scsi_uuid('mdb-kvm3', '60050768138302dab80000000000030e', retries=6, delay=5)
2026-10-02 15:58:18,887 [INFO] ret   find_multipath_device_from_scsi_uuid -> 'mpathbj'
2026-10-02 15:58:18,889 [INFO] call  attach_disk_to_domain('mdb-kvm3', 'rmdb14', '/dev/mapper/mpathbj')
2026-10-02 15:58:20,781 [INFO] ret   attach_disk_to_domain -> '/dev/vdg'
2026-10-02 15:58:20,784 [INFO] call  highest_partition('rmdb14', '/dev/vdg')
2026-10-02 15:58:21,837 [INFO] ret   highest_partition -> '/dev/vdg1'
2026-10-02 15:58:21,839 [INFO] call  filesystem_uuid('rmdb14', '/dev/vdg1')
2026-10-02 15:58:22,683 [INFO] ret   filesystem_uuid -> '6daf0f6f-5246-489d-91a3-1587f885cd59'
2026-10-02 15:58:22,685 [INFO] call  change_filesystem_uuid('rmdb14', '/dev/vdg1')
2026-10-02 15:58:30,615 [INFO] ret   change_filesystem_uuid -> 'e5e37c04-d3b8-4ad6-81de-88038d45376c'
2026-10-02 15:58:30,617 [INFO] call  mount_single_host('rmdb14:37017', {'sgcShard_0': [{'hostname': 'mdb8:37017', 'mount_point': '/fimongo1', 'fs_uuid': 'de77df98-cd1f-488b-8cac-facbccfd1e30'}], 'sgcShard_1': [{'hostname': 'mdb9:37017', 'mount_point': '/fimongo1', 'fs_uuid': '6daf0f6f-5246-489d-91a3-1587f885cd59'}], 'configRS': [{'hostname': 'mdb7:37017', 'mount_point': '/fimongo1', 'fs_uuid': '84b467c1-5c1d-4be1-8e3a-7f255ecdbd6c'}]}, fs_uuid='e5e37c04-d3b8-4ad6-81de-88038d45376c', mount_point='/fimongo1')
2026-10-02 15:58:30,617 [INFO] Partprobe on rmdb14 to detect filesystem updates
2026-10-02 15:58:31,495 [INFO] Mounting UUID=e5e37c04-d3b8-4ad6-81de-88038d45376c on rmdb14 at /fimongo1
2026-10-02 15:58:32,487 [INFO] Mounted successfully on rmdb14
2026-10-02 15:58:33,367 [INFO] chown mongod:mongod applied on rmdb14 at /fimongo1
2026-10-02 15:58:33,367 [INFO] ret   mount_single_host -> None
2026-10-02 15:58:33,367 [INFO] call  verify_single_host_mount('rmdb14:37017', {'sgcShard_0': [{'hostname': 'mdb8:37017', 'mount_point': '/fimongo1', 'fs_uuid': 'de77df98-cd1f-488b-8cac-facbccfd1e30'}], 'sgcShard_1': [{'hostname': 'mdb9:37017', 'mount_point': '/fimongo1', 'fs_uuid': '6daf0f6f-5246-489d-91a3-1587f885cd59'}], 'configRS': [{'hostname': 'mdb7:37017', 'mount_point': '/fimongo1', 'fs_uuid': '84b467c1-5c1d-4be1-8e3a-7f255ecdbd6c'}]}, mount_point='/fimongo1')
2026-10-02 15:58:34,200 [INFO] Mount verified on rmdb14: /fimongo1
2026-10-02 15:58:35,027 [INFO] rmdb14: /fimongo1/data/fileList.txt exists with correct mongod:mongod ownership
2026-10-02 15:58:35,028 [INFO] ret   verify_single_host_mount -> None
2026-10-02 15:58:35,030 [DEBUG] API GET http://129.40.36.100:8080/api/public/v1.0/backup/third_party/group/6a386221ee19a6537cc68a97/restore/6ac017fb457a6b8070196aeb
2026-10-02 15:58:35,261 [DEBUG] STATUS 200
2026-10-02 15:58:35,261 [DEBUG] {
  "clusterMapping": [
    {
      "rsId": "sgcShard_0",
      "targetRsId": "tgtShard_0"
    },
    {
      "rsId": "sgcShard_1",
      "targetRsId": "tgtShard_1"
    },
    {
      "rsId": "configRS",
      "targetRsId": "tgtconfigRS"
    }
  ],
  "nodes": [
    {
      "error": null,
      "hostname": "rmdb12",
      "id": "rmdb12:37017",
      "port": 37017,
      "rsId": "tgtShard_1",
      "state": "RECOVERY_IN_PROGRESS",
      "stateUpdateTime": 1790974686
    },
    {
      "error": null,
      "hostname": "rmdb14",
      "id": "rmdb14:37017",
      "port": 37017,
      "rsId": "tgtShard_1",
      "state": "COPY_FILES",
      "stateUpdateTime": 1790974123
    },
    {
      "error": null,
      "hostname": "rmdb9",
      "id": "rmdb9:37017",
      "port": 37017,
      "rsId": "tgtShard_1",
      "state": "COPY_FILES",
      "stateUpdateTime": 1790974123
    },
    {
      "error": null,
      "hostname": "rmdb4",
      "id": "rmdb4:37017",
      "port": 37017,
      "rsId": "tgtShard_1",
      "state": "COPY_FILES",
      "stateUpdateTime": 1790974123
    },
    {
      "error": null,
      "hostname": "rmdb2",
      "id": "rmdb2:37017",
      "port": 37017,
      "rsId": "tgtShard_1",
      "state": "COPY_FILES",
      "stateUpdateTime": 1790974126
    },
    {
      "error": null,
      "hostname": "rmdb8",
      "id": "rmdb8:37017",
      "port": 37017,
      "rsId": "tgtShard_0",
      "state": "RECOVERY_IN_PROGRESS",
      "stateUpdateTime": 1790974662
    },
    {
      "error": null,
      "hostname": "rmdb13",
      "id": "rmdb13:37017",
      "port": 37017,
      "rsId": "tgtShard_0",
      "state": "RECOVERY_IN_PROGRESS",
      "stateUpdateTime": 1790974589
    },
    {
      "error": null,
      "hostname": "rmdb1",
      "id": "rmdb1:37017",
      "port": 37017,
      "rsId": "tgtShard_0",
      "state": "RECOVERY_IN_PROGRESS",
      "stateUpdateTime": 1790974613
    },
    {
      "error": null,
      "hostname": "rmdb3",
      "id": "rmdb3:37017",
      "port": 37017,
      "rsId": "tgtShard_0",
      "state": "RECOVERY_IN_PROGRESS",
      "stateUpdateTime": 1790974641
    },
    {
      "error": null,
      "hostname": "rmdb11",
      "id": "rmdb11:37017",
      "port": 37017,
      "rsId": "tgtShard_0",
      "state": "RECOVERY_IN_PROGRESS",
      "stateUpdateTime": 1790974560
    },
    {
      "error": null,
      "hostname": "rmdb7",
      "id": "rmdb7:37017",
      "port": 37017,
      "rsId": "tgtconfigRS",
      "state": "RECOVERY_IN_PROGRESS",
      "stateUpdateTime": 1790974536
    },
    {
      "error": null,
      "hostname": "rmdb-config1",
      "id": "rmdb-config1:37017",
      "port": 37017,
      "rsId": "tgtconfigRS",
      "state": "RECOVERY_IN_PROGRESS",
      "stateUpdateTime": 1790974479
    },
    {
      "error": null,
      "hostname": "rmdb-config2",
      "id": "rmdb-config2:37017",
      "port": 37017,
      "rsId": "tgtconfigRS",
      "state": "RECOVERY_IN_PROGRESS",
      "stateUpdateTime": 1790974508
    }
  ],
  "state": "COPY_FILES"
}
2026-10-02 15:58:35,262 [INFO] call  files_copied('http://129.40.36.100:8080', '6a386221ee19a6537cc68a97', '6ac017fb457a6b8070196aeb', 'rmdb14:37017', '/fimongo1/data', <requests.auth.HTTPDigestAuth object at 0x00000279C5536E40>)
2026-10-02 15:58:35,262 [DEBUG] API POST http://129.40.36.100:8080/api/public/v1.0/backup/third_party/group/6a386221ee19a6537cc68a97/restore/6ac017fb457a6b8070196aeb/filesCopied
2026-10-02 15:58:35,262 [DEBUG] {
  "id": "rmdb14:37017",
  "dbPath": "/fimongo1/data"
}
2026-10-02 15:58:35,380 [DEBUG] STATUS 200
2026-10-02 15:58:35,380 [DEBUG] {
  "errorCode": "NONE",
  "version": "1",
  "status": "OK"
}
2026-10-02 15:58:35,381 [INFO] ret   files_copied -> None
2026-10-02 15:58:35,388 [INFO] --- restoring rmdb2:37017 ---
2026-10-02 15:58:35,389 [INFO] call  getSnapshotVolumeGroup('fs9500-2.cpolab.ibm.com', <redacted>, 'sgcShard_1_6ac0155b7c5bbb3be00623a9')
2026-10-02 15:58:35,635 [INFO] ret   getSnapshotVolumeGroup -> ('ORION17-mdb9-sgcCluster', '66')
2026-10-02 15:58:35,636 [INFO] call  createThinCloneVolumeGroup('fs9500-2.cpolab.ibm.com', <redacted>, '66', 'rmdb2_tgtCluster_6ac0155b7c5bbb3be00623a9')
2026-10-02 15:58:36,568 [INFO] ret   createThinCloneVolumeGroup -> {'id': '85', 'message': 'Volume Group, id [85], successfully created'}
2026-10-02 15:58:36,571 [INFO] call  renameVolumeGroupVolumes('fs9500-2.cpolab.ibm.com', <redacted>, 'rmdb2_tgtCluster_6ac0155b7c5bbb3be00623a9', 'restore_rmdb2_tgtCluster_6ac0155b7c5bbb3be00623a9')
2026-10-02 15:58:37,378 [INFO] ret   renameVolumeGroupVolumes -> [('ORION17-mdb9-sgcCluster-fimongo1-1', 'restore_rmdb2_tgtCluster_6ac0155b7c5bbb3be00623a9')]
2026-10-02 15:58:37,380 [INFO] call  getVolumeUUID('fs9500-2.cpolab.ibm.com', <redacted>, 'restore_rmdb2_tgtCluster_6ac0155b7c5bbb3be00623a9')
2026-10-02 15:58:37,643 [INFO] ret   getVolumeUUID -> '60050768138202df88000000000004af'
2026-10-02 15:58:37,645 [INFO] call  mapVolumeToHost('fs9500-2.cpolab.ibm.com', <redacted>, 'restore_rmdb2_tgtCluster_6ac0155b7c5bbb3be00623a9', 'SG-FCP-ORION0A-new-mdb-kvm1')
2026-10-02 15:58:38,549 [INFO] ret   mapVolumeToHost -> {'id': '67', 'message': 'Virtual Disk to Host map, id [67], successfully created'}
2026-10-02 15:58:38,552 [INFO] call  scan_scsi_devices('mdb-kvm1')
2026-10-02 15:58:40,245 [INFO] ret   scan_scsi_devices -> True
2026-10-02 15:58:40,246 [INFO] call  find_multipath_device_from_scsi_uuid('mdb-kvm1', '60050768138202df88000000000004af', retries=6, delay=5)
2026-10-02 15:58:48,662 [INFO] ret   find_multipath_device_from_scsi_uuid -> 'mpathbu'
2026-10-02 15:58:48,665 [INFO] call  attach_disk_to_domain('mdb-kvm1', 'rmdb2', '/dev/mapper/mpathbu')
2026-10-02 15:58:50,558 [INFO] ret   attach_disk_to_domain -> '/dev/vdh'
2026-10-02 15:58:50,560 [INFO] call  highest_partition('rmdb2', '/dev/vdh')
2026-10-02 15:58:51,586 [INFO] ret   highest_partition -> '/dev/vdh1'
2026-10-02 15:58:51,588 [INFO] call  filesystem_uuid('rmdb2', '/dev/vdh1')
2026-10-02 15:58:52,481 [INFO] ret   filesystem_uuid -> '6daf0f6f-5246-489d-91a3-1587f885cd59'
2026-10-02 15:58:52,484 [INFO] call  change_filesystem_uuid('rmdb2', '/dev/vdh1')
2026-10-02 15:59:00,531 [INFO] ret   change_filesystem_uuid -> '90964a2b-027d-4f70-b287-dc39171ff4f1'
2026-10-02 15:59:00,534 [INFO] call  mount_single_host('rmdb2:37017', {'sgcShard_0': [{'hostname': 'mdb8:37017', 'mount_point': '/fimongo1', 'fs_uuid': 'de77df98-cd1f-488b-8cac-facbccfd1e30'}], 'sgcShard_1': [{'hostname': 'mdb9:37017', 'mount_point': '/fimongo1', 'fs_uuid': '6daf0f6f-5246-489d-91a3-1587f885cd59'}], 'configRS': [{'hostname': 'mdb7:37017', 'mount_point': '/fimongo1', 'fs_uuid': '84b467c1-5c1d-4be1-8e3a-7f255ecdbd6c'}]}, fs_uuid='90964a2b-027d-4f70-b287-dc39171ff4f1', mount_point='/fimongo1')
2026-10-02 15:59:00,534 [INFO] Partprobe on rmdb2 to detect filesystem updates
2026-10-02 15:59:01,388 [INFO] Mounting UUID=90964a2b-027d-4f70-b287-dc39171ff4f1 on rmdb2 at /fimongo1
2026-10-02 15:59:02,401 [INFO] Mounted successfully on rmdb2
2026-10-02 15:59:03,237 [INFO] chown mongod:mongod applied on rmdb2 at /fimongo1
2026-10-02 15:59:03,237 [INFO] ret   mount_single_host -> None
2026-10-02 15:59:03,237 [INFO] call  verify_single_host_mount('rmdb2:37017', {'sgcShard_0': [{'hostname': 'mdb8:37017', 'mount_point': '/fimongo1', 'fs_uuid': 'de77df98-cd1f-488b-8cac-facbccfd1e30'}], 'sgcShard_1': [{'hostname': 'mdb9:37017', 'mount_point': '/fimongo1', 'fs_uuid': '6daf0f6f-5246-489d-91a3-1587f885cd59'}], 'configRS': [{'hostname': 'mdb7:37017', 'mount_point': '/fimongo1', 'fs_uuid': '84b467c1-5c1d-4be1-8e3a-7f255ecdbd6c'}]}, mount_point='/fimongo1')
2026-10-02 15:59:04,066 [INFO] Mount verified on rmdb2: /fimongo1
2026-10-02 15:59:04,898 [INFO] rmdb2: /fimongo1/data/fileList.txt exists with correct mongod:mongod ownership
2026-10-02 15:59:04,898 [INFO] ret   verify_single_host_mount -> None
2026-10-02 15:59:04,901 [DEBUG] API GET http://129.40.36.100:8080/api/public/v1.0/backup/third_party/group/6a386221ee19a6537cc68a97/restore/6ac017fb457a6b8070196aeb
2026-10-02 15:59:05,048 [DEBUG] STATUS 200
2026-10-02 15:59:05,048 [DEBUG] {
  "clusterMapping": [
    {
      "rsId": "sgcShard_0",
      "targetRsId": "tgtShard_0"
    },
    {
      "rsId": "sgcShard_1",
      "targetRsId": "tgtShard_1"
    },
    {
      "rsId": "configRS",
      "targetRsId": "tgtconfigRS"
    }
  ],
  "nodes": [
    {
      "error": null,
      "hostname": "rmdb12",
      "id": "rmdb12:37017",
      "port": 37017,
      "rsId": "tgtShard_1",
      "state": "RECOVERY_IN_PROGRESS",
      "stateUpdateTime": 1790974686
    },
    {
      "error": null,
      "hostname": "rmdb14",
      "id": "rmdb14:37017",
      "port": 37017,
      "rsId": "tgtShard_1",
      "state": "RECOVERY_IN_PROGRESS",
      "stateUpdateTime": 1790974715
    },
    {
      "error": null,
      "hostname": "rmdb9",
      "id": "rmdb9:37017",
      "port": 37017,
      "rsId": "tgtShard_1",
      "state": "COPY_FILES",
      "stateUpdateTime": 1790974123
    },
    {
      "error": null,
      "hostname": "rmdb4",
      "id": "rmdb4:37017",
      "port": 37017,
      "rsId": "tgtShard_1",
      "state": "COPY_FILES",
      "stateUpdateTime": 1790974123
    },
    {
      "error": null,
      "hostname": "rmdb2",
      "id": "rmdb2:37017",
      "port": 37017,
      "rsId": "tgtShard_1",
      "state": "COPY_FILES",
      "stateUpdateTime": 1790974126
    },
    {
      "error": null,
      "hostname": "rmdb8",
      "id": "rmdb8:37017",
      "port": 37017,
      "rsId": "tgtShard_0",
      "state": "RECOVERY_IN_PROGRESS",
      "stateUpdateTime": 1790974662
    },
    {
      "error": null,
      "hostname": "rmdb13",
      "id": "rmdb13:37017",
      "port": 37017,
      "rsId": "tgtShard_0",
      "state": "RECOVERY_IN_PROGRESS",
      "stateUpdateTime": 1790974589
    },
    {
      "error": null,
      "hostname": "rmdb1",
      "id": "rmdb1:37017",
      "port": 37017,
      "rsId": "tgtShard_0",
      "state": "RECOVERY_IN_PROGRESS",
      "stateUpdateTime": 1790974613
    },
    {
      "error": null,
      "hostname": "rmdb3",
      "id": "rmdb3:37017",
      "port": 37017,
      "rsId": "tgtShard_0",
      "state": "RECOVERY_IN_PROGRESS",
      "stateUpdateTime": 1790974641
    },
    {
      "error": null,
      "hostname": "rmdb11",
      "id": "rmdb11:37017",
      "port": 37017,
      "rsId": "tgtShard_0",
      "state": "RECOVERY_IN_PROGRESS",
      "stateUpdateTime": 1790974560
    },
    {
      "error": null,
      "hostname": "rmdb7",
      "id": "rmdb7:37017",
      "port": 37017,
      "rsId": "tgtconfigRS",
      "state": "RECOVERY_IN_PROGRESS",
      "stateUpdateTime": 1790974536
    },
    {
      "error": null,
      "hostname": "rmdb-config1",
      "id": "rmdb-config1:37017",
      "port": 37017,
      "rsId": "tgtconfigRS",
      "state": "RECOVERY_IN_PROGRESS",
      "stateUpdateTime": 1790974479
    },
    {
      "error": null,
      "hostname": "rmdb-config2",
      "id": "rmdb-config2:37017",
      "port": 37017,
      "rsId": "tgtconfigRS",
      "state": "RECOVERY_IN_PROGRESS",
      "stateUpdateTime": 1790974508
    }
  ],
  "state": "COPY_FILES"
}
2026-10-02 15:59:05,048 [INFO] call  files_copied('http://129.40.36.100:8080', '6a386221ee19a6537cc68a97', '6ac017fb457a6b8070196aeb', 'rmdb2:37017', '/fimongo1/data', <requests.auth.HTTPDigestAuth object at 0x00000279C5536E40>)
2026-10-02 15:59:05,048 [DEBUG] API POST http://129.40.36.100:8080/api/public/v1.0/backup/third_party/group/6a386221ee19a6537cc68a97/restore/6ac017fb457a6b8070196aeb/filesCopied
2026-10-02 15:59:05,048 [DEBUG] {
  "id": "rmdb2:37017",
  "dbPath": "/fimongo1/data"
}
2026-10-02 15:59:05,166 [DEBUG] STATUS 200
2026-10-02 15:59:05,166 [DEBUG] {
  "errorCode": "NONE",
  "version": "1",
  "status": "OK"
}
2026-10-02 15:59:05,167 [INFO] ret   files_copied -> None
2026-10-02 15:59:05,175 [INFO] --- restoring rmdb4:37017 ---
2026-10-02 15:59:05,175 [INFO] call  getSnapshotVolumeGroup('fs9500-3.cpolab.ibm.com', <redacted>, 'sgcShard_1_6ac0155b7c5bbb3be00623a9')
2026-10-02 15:59:05,786 [INFO] ret   getSnapshotVolumeGroup -> ('ORION17-mdb9-sgcCluster-replicated', '29')
2026-10-02 15:59:05,786 [INFO] call  createThinCloneVolumeGroup('fs9500-3.cpolab.ibm.com', <redacted>, '29', 'rmdb4_tgtCluster_6ac0155b7c5bbb3be00623a9')
2026-10-02 15:59:06,204 [INFO] ret   createThinCloneVolumeGroup -> {'id': '84', 'message': 'Volume Group, id [84], successfully created'}
2026-10-02 15:59:06,206 [INFO] call  renameVolumeGroupVolumes('fs9500-3.cpolab.ibm.com', <redacted>, 'rmdb4_tgtCluster_6ac0155b7c5bbb3be00623a9', 'restore_rmdb4_tgtCluster_6ac0155b7c5bbb3be00623a9')
2026-10-02 15:59:07,124 [INFO] ret   renameVolumeGroupVolumes -> [('ORION17-mdb9-sgcCluster-fimongo1-0-0', 'restore_rmdb4_tgtCluster_6ac0155b7c5bbb3be00623a9')]
2026-10-02 15:59:07,126 [INFO] call  getVolumeUUID('fs9500-3.cpolab.ibm.com', <redacted>, 'restore_rmdb4_tgtCluster_6ac0155b7c5bbb3be00623a9')
2026-10-02 15:59:07,383 [INFO] ret   getVolumeUUID -> '60050768138302dab80000000000030f'
2026-10-02 15:59:07,385 [INFO] call  mapVolumeToHost('fs9500-3.cpolab.ibm.com', <redacted>, 'restore_rmdb4_tgtCluster_6ac0155b7c5bbb3be00623a9', 'Orion0B-mdb-kvm2')
2026-10-02 15:59:07,879 [INFO] ret   mapVolumeToHost -> {'id': '54', 'message': 'Virtual Disk to Host map, id [54], successfully created'}
2026-10-02 15:59:07,882 [INFO] call  scan_scsi_devices('mdb-kvm2')
2026-10-02 15:59:08,802 [INFO] ret   scan_scsi_devices -> True
2026-10-02 15:59:08,802 [INFO] call  find_multipath_device_from_scsi_uuid('mdb-kvm2', '60050768138302dab80000000000030f', retries=6, delay=5)
2026-10-02 15:59:17,132 [INFO] ret   find_multipath_device_from_scsi_uuid -> 'mpathbj'
2026-10-02 15:59:17,134 [INFO] call  attach_disk_to_domain('mdb-kvm2', 'rmdb4', '/dev/mapper/mpathbj')
2026-10-02 15:59:19,134 [INFO] ret   attach_disk_to_domain -> '/dev/vdh'
2026-10-02 15:59:19,136 [INFO] call  highest_partition('rmdb4', '/dev/vdh')
2026-10-02 15:59:20,230 [INFO] ret   highest_partition -> '/dev/vdh1'
2026-10-02 15:59:20,232 [INFO] call  filesystem_uuid('rmdb4', '/dev/vdh1')
2026-10-02 15:59:21,077 [INFO] ret   filesystem_uuid -> '6daf0f6f-5246-489d-91a3-1587f885cd59'
2026-10-02 15:59:21,079 [INFO] call  change_filesystem_uuid('rmdb4', '/dev/vdh1')
2026-10-02 15:59:29,049 [INFO] ret   change_filesystem_uuid -> '95dbcd99-e8ca-40ea-ac68-0e506e80bf88'
2026-10-02 15:59:29,052 [INFO] call  mount_single_host('rmdb4:37017', {'sgcShard_0': [{'hostname': 'mdb8:37017', 'mount_point': '/fimongo1', 'fs_uuid': 'de77df98-cd1f-488b-8cac-facbccfd1e30'}], 'sgcShard_1': [{'hostname': 'mdb9:37017', 'mount_point': '/fimongo1', 'fs_uuid': '6daf0f6f-5246-489d-91a3-1587f885cd59'}], 'configRS': [{'hostname': 'mdb7:37017', 'mount_point': '/fimongo1', 'fs_uuid': '84b467c1-5c1d-4be1-8e3a-7f255ecdbd6c'}]}, fs_uuid='95dbcd99-e8ca-40ea-ac68-0e506e80bf88', mount_point='/fimongo1')
2026-10-02 15:59:29,052 [INFO] Partprobe on rmdb4 to detect filesystem updates
2026-10-02 15:59:29,903 [INFO] Mounting UUID=95dbcd99-e8ca-40ea-ac68-0e506e80bf88 on rmdb4 at /fimongo1
2026-10-02 15:59:30,913 [INFO] Mounted successfully on rmdb4
2026-10-02 15:59:31,750 [INFO] chown mongod:mongod applied on rmdb4 at /fimongo1
2026-10-02 15:59:31,750 [INFO] ret   mount_single_host -> None
2026-10-02 15:59:31,750 [INFO] call  verify_single_host_mount('rmdb4:37017', {'sgcShard_0': [{'hostname': 'mdb8:37017', 'mount_point': '/fimongo1', 'fs_uuid': 'de77df98-cd1f-488b-8cac-facbccfd1e30'}], 'sgcShard_1': [{'hostname': 'mdb9:37017', 'mount_point': '/fimongo1', 'fs_uuid': '6daf0f6f-5246-489d-91a3-1587f885cd59'}], 'configRS': [{'hostname': 'mdb7:37017', 'mount_point': '/fimongo1', 'fs_uuid': '84b467c1-5c1d-4be1-8e3a-7f255ecdbd6c'}]}, mount_point='/fimongo1')
2026-10-02 15:59:32,621 [INFO] Mount verified on rmdb4: /fimongo1
2026-10-02 15:59:33,445 [INFO] rmdb4: /fimongo1/data/fileList.txt exists with correct mongod:mongod ownership
2026-10-02 15:59:33,445 [INFO] ret   verify_single_host_mount -> None
2026-10-02 15:59:33,448 [DEBUG] API GET http://129.40.36.100:8080/api/public/v1.0/backup/third_party/group/6a386221ee19a6537cc68a97/restore/6ac017fb457a6b8070196aeb
2026-10-02 15:59:33,606 [DEBUG] STATUS 200
2026-10-02 15:59:33,606 [DEBUG] {
  "clusterMapping": [
    {
      "rsId": "sgcShard_0",
      "targetRsId": "tgtShard_0"
    },
    {
      "rsId": "sgcShard_1",
      "targetRsId": "tgtShard_1"
    },
    {
      "rsId": "configRS",
      "targetRsId": "tgtconfigRS"
    }
  ],
  "nodes": [
    {
      "error": null,
      "hostname": "rmdb12",
      "id": "rmdb12:37017",
      "port": 37017,
      "rsId": "tgtShard_1",
      "state": "RECOVERY_IN_PROGRESS",
      "stateUpdateTime": 1790974686
    },
    {
      "error": null,
      "hostname": "rmdb14",
      "id": "rmdb14:37017",
      "port": 37017,
      "rsId": "tgtShard_1",
      "state": "RECOVERY_IN_PROGRESS",
      "stateUpdateTime": 1790974715
    },
    {
      "error": null,
      "hostname": "rmdb9",
      "id": "rmdb9:37017",
      "port": 37017,
      "rsId": "tgtShard_1",
      "state": "COPY_FILES",
      "stateUpdateTime": 1790974123
    },
    {
      "error": null,
      "hostname": "rmdb4",
      "id": "rmdb4:37017",
      "port": 37017,
      "rsId": "tgtShard_1",
      "state": "COPY_FILES",
      "stateUpdateTime": 1790974123
    },
    {
      "error": null,
      "hostname": "rmdb2",
      "id": "rmdb2:37017",
      "port": 37017,
      "rsId": "tgtShard_1",
      "state": "RECOVERY_IN_PROGRESS",
      "stateUpdateTime": 1790974744
    },
    {
      "error": null,
      "hostname": "rmdb8",
      "id": "rmdb8:37017",
      "port": 37017,
      "rsId": "tgtShard_0",
      "state": "RECOVERY_IN_PROGRESS",
      "stateUpdateTime": 1790974662
    },
    {
      "error": null,
      "hostname": "rmdb13",
      "id": "rmdb13:37017",
      "port": 37017,
      "rsId": "tgtShard_0",
      "state": "RECOVERY_IN_PROGRESS",
      "stateUpdateTime": 1790974589
    },
    {
      "error": null,
      "hostname": "rmdb1",
      "id": "rmdb1:37017",
      "port": 37017,
      "rsId": "tgtShard_0",
      "state": "RECOVERY_IN_PROGRESS",
      "stateUpdateTime": 1790974613
    },
    {
      "error": null,
      "hostname": "rmdb3",
      "id": "rmdb3:37017",
      "port": 37017,
      "rsId": "tgtShard_0",
      "state": "RECOVERY_IN_PROGRESS",
      "stateUpdateTime": 1790974641
    },
    {
      "error": null,
      "hostname": "rmdb11",
      "id": "rmdb11:37017",
      "port": 37017,
      "rsId": "tgtShard_0",
      "state": "RECOVERY_IN_PROGRESS",
      "stateUpdateTime": 1790974560
    },
    {
      "error": null,
      "hostname": "rmdb7",
      "id": "rmdb7:37017",
      "port": 37017,
      "rsId": "tgtconfigRS",
      "state": "RECOVERY_IN_PROGRESS",
      "stateUpdateTime": 1790974536
    },
    {
      "error": null,
      "hostname": "rmdb-config1",
      "id": "rmdb-config1:37017",
      "port": 37017,
      "rsId": "tgtconfigRS",
      "state": "RECOVERY_IN_PROGRESS",
      "stateUpdateTime": 1790974479
    },
    {
      "error": null,
      "hostname": "rmdb-config2",
      "id": "rmdb-config2:37017",
      "port": 37017,
      "rsId": "tgtconfigRS",
      "state": "RECOVERY_IN_PROGRESS",
      "stateUpdateTime": 1790974508
    }
  ],
  "state": "COPY_FILES"
}
2026-10-02 15:59:33,606 [INFO] call  files_copied('http://129.40.36.100:8080', '6a386221ee19a6537cc68a97', '6ac017fb457a6b8070196aeb', 'rmdb4:37017', '/fimongo1/data', <requests.auth.HTTPDigestAuth object at 0x00000279C5536E40>)
2026-10-02 15:59:33,606 [DEBUG] API POST http://129.40.36.100:8080/api/public/v1.0/backup/third_party/group/6a386221ee19a6537cc68a97/restore/6ac017fb457a6b8070196aeb/filesCopied
2026-10-02 15:59:33,606 [DEBUG] {
  "id": "rmdb4:37017",
  "dbPath": "/fimongo1/data"
}
2026-10-02 15:59:33,750 [DEBUG] STATUS 200
2026-10-02 15:59:33,750 [DEBUG] {
  "errorCode": "NONE",
  "version": "1",
  "status": "OK"
}
2026-10-02 15:59:33,751 [INFO] ret   files_copied -> None
2026-10-02 15:59:33,759 [INFO] --- restoring rmdb9:37017 ---
2026-10-02 15:59:33,759 [INFO] call  getSnapshotVolumeGroup('fs9500-3.cpolab.ibm.com', <redacted>, 'sgcShard_1_6ac0155b7c5bbb3be00623a9')
2026-10-02 15:59:34,104 [INFO] ret   getSnapshotVolumeGroup -> ('ORION17-mdb9-sgcCluster-replicated', '29')
2026-10-02 15:59:34,104 [INFO] call  createThinCloneVolumeGroup('fs9500-3.cpolab.ibm.com', <redacted>, '29', 'rmdb9_tgtCluster_6ac0155b7c5bbb3be00623a9')
2026-10-02 15:59:34,616 [INFO] ret   createThinCloneVolumeGroup -> {'id': '85', 'message': 'Volume Group, id [85], successfully created'}
2026-10-02 15:59:34,619 [INFO] call  renameVolumeGroupVolumes('fs9500-3.cpolab.ibm.com', <redacted>, 'rmdb9_tgtCluster_6ac0155b7c5bbb3be00623a9', 'restore_rmdb9_tgtCluster_6ac0155b7c5bbb3be00623a9')
2026-10-02 15:59:35,929 [INFO] ret   renameVolumeGroupVolumes -> [('ORION17-mdb9-sgcCluster-fimongo1-0-0', 'restore_rmdb9_tgtCluster_6ac0155b7c5bbb3be00623a9')]
2026-10-02 15:59:35,931 [INFO] call  getVolumeUUID('fs9500-3.cpolab.ibm.com', <redacted>, 'restore_rmdb9_tgtCluster_6ac0155b7c5bbb3be00623a9')
2026-10-02 15:59:36,333 [INFO] ret   getVolumeUUID -> '60050768138302dab800000000000310'
2026-10-02 15:59:36,335 [INFO] call  mapVolumeToHost('fs9500-3.cpolab.ibm.com', <redacted>, 'restore_rmdb9_tgtCluster_6ac0155b7c5bbb3be00623a9', 'Orion0C-mdb-kvm3')
2026-10-02 15:59:36,915 [INFO] ret   mapVolumeToHost -> {'id': '57', 'message': 'Virtual Disk to Host map, id [57], successfully created'}
2026-10-02 15:59:36,918 [INFO] call  scan_scsi_devices('mdb-kvm3')
2026-10-02 15:59:37,828 [INFO] ret   scan_scsi_devices -> True
2026-10-02 15:59:37,828 [INFO] call  find_multipath_device_from_scsi_uuid('mdb-kvm3', '60050768138302dab800000000000310', retries=6, delay=5)
2026-10-02 15:59:46,221 [INFO] ret   find_multipath_device_from_scsi_uuid -> 'mpathbk'
2026-10-02 15:59:46,224 [INFO] call  attach_disk_to_domain('mdb-kvm3', 'rmdb9', '/dev/mapper/mpathbk')
2026-10-02 15:59:48,304 [INFO] ret   attach_disk_to_domain -> '/dev/vdi'
2026-10-02 15:59:48,306 [INFO] call  highest_partition('rmdb9', '/dev/vdi')
2026-10-02 15:59:49,340 [INFO] ret   highest_partition -> '/dev/vdi1'
2026-10-02 15:59:49,343 [INFO] call  filesystem_uuid('rmdb9', '/dev/vdi1')
2026-10-02 15:59:50,241 [INFO] ret   filesystem_uuid -> '6daf0f6f-5246-489d-91a3-1587f885cd59'
2026-10-02 15:59:50,244 [INFO] call  change_filesystem_uuid('rmdb9', '/dev/vdi1')
2026-10-02 15:59:58,663 [INFO] ret   change_filesystem_uuid -> 'c97e864b-1995-4151-bbe9-8a9d96d789e4'
2026-10-02 15:59:58,666 [INFO] call  mount_single_host('rmdb9:37017', {'sgcShard_0': [{'hostname': 'mdb8:37017', 'mount_point': '/fimongo1', 'fs_uuid': 'de77df98-cd1f-488b-8cac-facbccfd1e30'}], 'sgcShard_1': [{'hostname': 'mdb9:37017', 'mount_point': '/fimongo1', 'fs_uuid': '6daf0f6f-5246-489d-91a3-1587f885cd59'}], 'configRS': [{'hostname': 'mdb7:37017', 'mount_point': '/fimongo1', 'fs_uuid': '84b467c1-5c1d-4be1-8e3a-7f255ecdbd6c'}]}, fs_uuid='c97e864b-1995-4151-bbe9-8a9d96d789e4', mount_point='/fimongo1')
2026-10-02 15:59:58,666 [INFO] Partprobe on rmdb9 to detect filesystem updates
2026-10-02 15:59:59,534 [INFO] Mounting UUID=c97e864b-1995-4151-bbe9-8a9d96d789e4 on rmdb9 at /fimongo1
2026-10-02 16:00:00,603 [INFO] Mounted successfully on rmdb9
2026-10-02 16:00:01,434 [INFO] chown mongod:mongod applied on rmdb9 at /fimongo1
2026-10-02 16:00:01,434 [INFO] ret   mount_single_host -> None
2026-10-02 16:00:01,435 [INFO] call  verify_single_host_mount('rmdb9:37017', {'sgcShard_0': [{'hostname': 'mdb8:37017', 'mount_point': '/fimongo1', 'fs_uuid': 'de77df98-cd1f-488b-8cac-facbccfd1e30'}], 'sgcShard_1': [{'hostname': 'mdb9:37017', 'mount_point': '/fimongo1', 'fs_uuid': '6daf0f6f-5246-489d-91a3-1587f885cd59'}], 'configRS': [{'hostname': 'mdb7:37017', 'mount_point': '/fimongo1', 'fs_uuid': '84b467c1-5c1d-4be1-8e3a-7f255ecdbd6c'}]}, mount_point='/fimongo1')
2026-10-02 16:00:02,307 [INFO] Mount verified on rmdb9: /fimongo1
2026-10-02 16:00:03,196 [INFO] rmdb9: /fimongo1/data/fileList.txt exists with correct mongod:mongod ownership
2026-10-02 16:00:03,197 [INFO] ret   verify_single_host_mount -> None
2026-10-02 16:00:03,201 [DEBUG] API GET http://129.40.36.100:8080/api/public/v1.0/backup/third_party/group/6a386221ee19a6537cc68a97/restore/6ac017fb457a6b8070196aeb
2026-10-02 16:00:03,407 [DEBUG] STATUS 200
2026-10-02 16:00:03,407 [DEBUG] {
  "clusterMapping": [
    {
      "rsId": "sgcShard_0",
      "targetRsId": "tgtShard_0"
    },
    {
      "rsId": "sgcShard_1",
      "targetRsId": "tgtShard_1"
    },
    {
      "rsId": "configRS",
      "targetRsId": "tgtconfigRS"
    }
  ],
  "nodes": [
    {
      "error": null,
      "hostname": "rmdb12",
      "id": "rmdb12:37017",
      "port": 37017,
      "rsId": "tgtShard_1",
      "state": "RECOVERY_IN_PROGRESS",
      "stateUpdateTime": 1790974686
    },
    {
      "error": null,
      "hostname": "rmdb14",
      "id": "rmdb14:37017",
      "port": 37017,
      "rsId": "tgtShard_1",
      "state": "RECOVERY_IN_PROGRESS",
      "stateUpdateTime": 1790974715
    },
    {
      "error": null,
      "hostname": "rmdb9",
      "id": "rmdb9:37017",
      "port": 37017,
      "rsId": "tgtShard_1",
      "state": "COPY_FILES",
      "stateUpdateTime": 1790974123
    },
    {
      "error": null,
      "hostname": "rmdb4",
      "id": "rmdb4:37017",
      "port": 37017,
      "rsId": "tgtShard_1",
      "state": "RECOVERY_IN_PROGRESS",
      "stateUpdateTime": 1790974773
    },
    {
      "error": null,
      "hostname": "rmdb2",
      "id": "rmdb2:37017",
      "port": 37017,
      "rsId": "tgtShard_1",
      "state": "RECOVERY_IN_PROGRESS",
      "stateUpdateTime": 1790974744
    },
    {
      "error": null,
      "hostname": "rmdb8",
      "id": "rmdb8:37017",
      "port": 37017,
      "rsId": "tgtShard_0",
      "state": "RECOVERY_IN_PROGRESS",
      "stateUpdateTime": 1790974662
    },
    {
      "error": null,
      "hostname": "rmdb13",
      "id": "rmdb13:37017",
      "port": 37017,
      "rsId": "tgtShard_0",
      "state": "RECOVERY_IN_PROGRESS",
      "stateUpdateTime": 1790974589
    },
    {
      "error": null,
      "hostname": "rmdb1",
      "id": "rmdb1:37017",
      "port": 37017,
      "rsId": "tgtShard_0",
      "state": "RECOVERY_IN_PROGRESS",
      "stateUpdateTime": 1790974613
    },
    {
      "error": null,
      "hostname": "rmdb3",
      "id": "rmdb3:37017",
      "port": 37017,
      "rsId": "tgtShard_0",
      "state": "RECOVERY_IN_PROGRESS",
      "stateUpdateTime": 1790974641
    },
    {
      "error": null,
      "hostname": "rmdb11",
      "id": "rmdb11:37017",
      "port": 37017,
      "rsId": "tgtShard_0",
      "state": "RECOVERY_IN_PROGRESS",
      "stateUpdateTime": 1790974560
    },
    {
      "error": null,
      "hostname": "rmdb7",
      "id": "rmdb7:37017",
      "port": 37017,
      "rsId": "tgtconfigRS",
      "state": "RECOVERY_IN_PROGRESS",
      "stateUpdateTime": 1790974536
    },
    {
      "error": null,
      "hostname": "rmdb-config1",
      "id": "rmdb-config1:37017",
      "port": 37017,
      "rsId": "tgtconfigRS",
      "state": "RECOVERY_IN_PROGRESS",
      "stateUpdateTime": 1790974479
    },
    {
      "error": null,
      "hostname": "rmdb-config2",
      "id": "rmdb-config2:37017",
      "port": 37017,
      "rsId": "tgtconfigRS",
      "state": "RECOVERY_IN_PROGRESS",
      "stateUpdateTime": 1790974508
    }
  ],
  "state": "COPY_FILES"
}
2026-10-02 16:00:03,407 [INFO] call  files_copied('http://129.40.36.100:8080', '6a386221ee19a6537cc68a97', '6ac017fb457a6b8070196aeb', 'rmdb9:37017', '/fimongo1/data', <requests.auth.HTTPDigestAuth object at 0x00000279C5536E40>)
2026-10-02 16:00:03,407 [DEBUG] API POST http://129.40.36.100:8080/api/public/v1.0/backup/third_party/group/6a386221ee19a6537cc68a97/restore/6ac017fb457a6b8070196aeb/filesCopied
2026-10-02 16:00:03,407 [DEBUG] {
  "id": "rmdb9:37017",
  "dbPath": "/fimongo1/data"
}
2026-10-02 16:00:03,529 [DEBUG] STATUS 200
2026-10-02 16:00:03,529 [DEBUG] {
  "errorCode": "NONE",
  "version": "1",
  "status": "OK"
}
2026-10-02 16:00:03,530 [INFO] ret   files_copied -> None
2026-10-02 16:00:03,539 [DEBUG] API GET http://129.40.36.100:8080/api/public/v1.0/backup/third_party/group/6a386221ee19a6537cc68a97/restore/6ac017fb457a6b8070196aeb
2026-10-02 16:00:03,688 [DEBUG] STATUS 200
2026-10-02 16:00:03,688 [DEBUG] {
  "clusterMapping": [
    {
      "rsId": "sgcShard_0",
      "targetRsId": "tgtShard_0"
    },
    {
      "rsId": "sgcShard_1",
      "targetRsId": "tgtShard_1"
    },
    {
      "rsId": "configRS",
      "targetRsId": "tgtconfigRS"
    }
  ],
  "nodes": [
    {
      "error": null,
      "hostname": "rmdb12",
      "id": "rmdb12:37017",
      "port": 37017,
      "rsId": "tgtShard_1",
      "state": "RECOVERY_IN_PROGRESS",
      "stateUpdateTime": 1790974686
    },
    {
      "error": null,
      "hostname": "rmdb14",
      "id": "rmdb14:37017",
      "port": 37017,
      "rsId": "tgtShard_1",
      "state": "RECOVERY_IN_PROGRESS",
      "stateUpdateTime": 1790974715
    },
    {
      "error": null,
      "hostname": "rmdb9",
      "id": "rmdb9:37017",
      "port": 37017,
      "rsId": "tgtShard_1",
      "state": "RECOVERY_IN_PROGRESS",
      "stateUpdateTime": 1790974803
    },
    {
      "error": null,
      "hostname": "rmdb4",
      "id": "rmdb4:37017",
      "port": 37017,
      "rsId": "tgtShard_1",
      "state": "RECOVERY_IN_PROGRESS",
      "stateUpdateTime": 1790974773
    },
    {
      "error": null,
      "hostname": "rmdb2",
      "id": "rmdb2:37017",
      "port": 37017,
      "rsId": "tgtShard_1",
      "state": "RECOVERY_IN_PROGRESS",
      "stateUpdateTime": 1790974744
    },
    {
      "error": null,
      "hostname": "rmdb8",
      "id": "rmdb8:37017",
      "port": 37017,
      "rsId": "tgtShard_0",
      "state": "RECOVERY_IN_PROGRESS",
      "stateUpdateTime": 1790974662
    },
    {
      "error": null,
      "hostname": "rmdb13",
      "id": "rmdb13:37017",
      "port": 37017,
      "rsId": "tgtShard_0",
      "state": "RECOVERY_IN_PROGRESS",
      "stateUpdateTime": 1790974589
    },
    {
      "error": null,
      "hostname": "rmdb1",
      "id": "rmdb1:37017",
      "port": 37017,
      "rsId": "tgtShard_0",
      "state": "RECOVERY_IN_PROGRESS",
      "stateUpdateTime": 1790974613
    },
    {
      "error": null,
      "hostname": "rmdb3",
      "id": "rmdb3:37017",
      "port": 37017,
      "rsId": "tgtShard_0",
      "state": "RECOVERY_IN_PROGRESS",
      "stateUpdateTime": 1790974641
    },
    {
      "error": null,
      "hostname": "rmdb11",
      "id": "rmdb11:37017",
      "port": 37017,
      "rsId": "tgtShard_0",
      "state": "RECOVERY_IN_PROGRESS",
      "stateUpdateTime": 1790974560
    },
    {
      "error": null,
      "hostname": "rmdb7",
      "id": "rmdb7:37017",
      "port": 37017,
      "rsId": "tgtconfigRS",
      "state": "RECOVERY_IN_PROGRESS",
      "stateUpdateTime": 1790974536
    },
    {
      "error": null,
      "hostname": "rmdb-config1",
      "id": "rmdb-config1:37017",
      "port": 37017,
      "rsId": "tgtconfigRS",
      "state": "RECOVERY_IN_PROGRESS",
      "stateUpdateTime": 1790974479
    },
    {
      "error": null,
      "hostname": "rmdb-config2",
      "id": "rmdb-config2:37017",
      "port": 37017,
      "rsId": "tgtconfigRS",
      "state": "RECOVERY_IN_PROGRESS",
      "stateUpdateTime": 1790974508
    }
  ],
  "state": "RECOVERY_IN_PROGRESS"
}
2026-10-02 16:00:03,689 [INFO] Restore state: RECOVERY_IN_PROGRESS
2026-10-02 16:00:13,689 [DEBUG] API GET http://129.40.36.100:8080/api/public/v1.0/backup/third_party/group/6a386221ee19a6537cc68a97/restore/6ac017fb457a6b8070196aeb
2026-10-02 16:00:13,856 [DEBUG] STATUS 200
2026-10-02 16:00:13,856 [DEBUG] {
  "clusterMapping": [
    {
      "rsId": "sgcShard_0",
      "targetRsId": "tgtShard_0"
    },
    {
      "rsId": "sgcShard_1",
      "targetRsId": "tgtShard_1"
    },
    {
      "rsId": "configRS",
      "targetRsId": "tgtconfigRS"
    }
  ],
  "nodes": [
    {
      "error": null,
      "hostname": "rmdb12",
      "id": "rmdb12:37017",
      "port": 37017,
      "rsId": "tgtShard_1",
      "state": "RECOVERY_IN_PROGRESS",
      "stateUpdateTime": 1790974686
    },
    {
      "error": null,
      "hostname": "rmdb14",
      "id": "rmdb14:37017",
      "port": 37017,
      "rsId": "tgtShard_1",
      "state": "RECOVERY_IN_PROGRESS",
      "stateUpdateTime": 1790974715
    },
    {
      "error": null,
      "hostname": "rmdb9",
      "id": "rmdb9:37017",
      "port": 37017,
      "rsId": "tgtShard_1",
      "state": "RECOVERY_IN_PROGRESS",
      "stateUpdateTime": 1790974803
    },
    {
      "error": null,
      "hostname": "rmdb4",
      "id": "rmdb4:37017",
      "port": 37017,
      "rsId": "tgtShard_1",
      "state": "RECOVERY_IN_PROGRESS",
      "stateUpdateTime": 1790974773
    },
    {
      "error": null,
      "hostname": "rmdb2",
      "id": "rmdb2:37017",
      "port": 37017,
      "rsId": "tgtShard_1",
      "state": "RECOVERY_IN_PROGRESS",
      "stateUpdateTime": 1790974744
    },
    {
      "error": null,
      "hostname": "rmdb8",
      "id": "rmdb8:37017",
      "port": 37017,
      "rsId": "tgtShard_0",
      "state": "RECOVERY_IN_PROGRESS",
      "stateUpdateTime": 1790974662
    },
    {
      "error": null,
      "hostname": "rmdb13",
      "id": "rmdb13:37017",
      "port": 37017,
      "rsId": "tgtShard_0",
      "state": "RECOVERY_IN_PROGRESS",
      "stateUpdateTime": 1790974589
    },
    {
      "error": null,
      "hostname": "rmdb1",
      "id": "rmdb1:37017",
      "port": 37017,
      "rsId": "tgtShard_0",
      "state": "RECOVERY_IN_PROGRESS",
      "stateUpdateTime": 1790974613
    },
    {
      "error": null,
      "hostname": "rmdb3",
      "id": "rmdb3:37017",
      "port": 37017,
      "rsId": "tgtShard_0",
      "state": "RECOVERY_IN_PROGRESS",
      "stateUpdateTime": 1790974641
    },
    {
      "error": null,
      "hostname": "rmdb11",
      "id": "rmdb11:37017",
      "port": 37017,
      "rsId": "tgtShard_0",
      "state": "RECOVERY_IN_PROGRESS",
      "stateUpdateTime": 1790974560
    },
    {
      "error": null,
      "hostname": "rmdb7",
      "id": "rmdb7:37017",
      "port": 37017,
      "rsId": "tgtconfigRS",
      "state": "RECOVERY_IN_PROGRESS",
      "stateUpdateTime": 1790974536
    },
    {
      "error": null,
      "hostname": "rmdb-config1",
      "id": "rmdb-config1:37017",
      "port": 37017,
      "rsId": "tgtconfigRS",
      "state": "RECOVERY_IN_PROGRESS",
      "stateUpdateTime": 1790974479
    },
    {
      "error": null,
      "hostname": "rmdb-config2",
      "id": "rmdb-config2:37017",
      "port": 37017,
      "rsId": "tgtconfigRS",
      "state": "RECOVERY_IN_PROGRESS",
      "stateUpdateTime": 1790974508
    }
  ],
  "state": "RECOVERY_IN_PROGRESS"
}
2026-10-02 16:00:13,857 [INFO] Restore state: RECOVERY_IN_PROGRESS
2026-10-02 16:00:23,857 [DEBUG] API GET http://129.40.36.100:8080/api/public/v1.0/backup/third_party/group/6a386221ee19a6537cc68a97/restore/6ac017fb457a6b8070196aeb
2026-10-02 16:00:24,012 [DEBUG] STATUS 200
2026-10-02 16:00:24,012 [DEBUG] {
  "clusterMapping": [
    {
      "rsId": "sgcShard_0",
      "targetRsId": "tgtShard_0"
    },
    {
      "rsId": "sgcShard_1",
      "targetRsId": "tgtShard_1"
    },
    {
      "rsId": "configRS",
      "targetRsId": "tgtconfigRS"
    }
  ],
  "nodes": [
    {
      "error": null,
      "hostname": "rmdb12",
      "id": "rmdb12:37017",
      "port": 37017,
      "rsId": "tgtShard_1",
      "state": "RECOVERY_IN_PROGRESS",
      "stateUpdateTime": 1790974686
    },
    {
      "error": null,
      "hostname": "rmdb14",
      "id": "rmdb14:37017",
      "port": 37017,
      "rsId": "tgtShard_1",
      "state": "RECOVERY_IN_PROGRESS",
      "stateUpdateTime": 1790974715
    },
    {
      "error": null,
      "hostname": "rmdb9",
      "id": "rmdb9:37017",
      "port": 37017,
      "rsId": "tgtShard_1",
      "state": "RECOVERY_IN_PROGRESS",
      "stateUpdateTime": 1790974803
    },
    {
      "error": null,
      "hostname": "rmdb4",
      "id": "rmdb4:37017",
      "port": 37017,
      "rsId": "tgtShard_1",
      "state": "RECOVERY_IN_PROGRESS",
      "stateUpdateTime": 1790974773
    },
    {
      "error": null,
      "hostname": "rmdb2",
      "id": "rmdb2:37017",
      "port": 37017,
      "rsId": "tgtShard_1",
      "state": "RECOVERY_IN_PROGRESS",
      "stateUpdateTime": 1790974744
    },
    {
      "error": null,
      "hostname": "rmdb8",
      "id": "rmdb8:37017",
      "port": 37017,
      "rsId": "tgtShard_0",
      "state": "RECOVERY_IN_PROGRESS",
      "stateUpdateTime": 1790974662
    },
    {
      "error": null,
      "hostname": "rmdb13",
      "id": "rmdb13:37017",
      "port": 37017,
      "rsId": "tgtShard_0",
      "state": "RECOVERY_IN_PROGRESS",
      "stateUpdateTime": 1790974589
    },
    {
      "error": null,
      "hostname": "rmdb1",
      "id": "rmdb1:37017",
      "port": 37017,
      "rsId": "tgtShard_0",
      "state": "RECOVERY_IN_PROGRESS",
      "stateUpdateTime": 1790974613
    },
    {
      "error": null,
      "hostname": "rmdb3",
      "id": "rmdb3:37017",
      "port": 37017,
      "rsId": "tgtShard_0",
      "state": "RECOVERY_IN_PROGRESS",
      "stateUpdateTime": 1790974641
    },
    {
      "error": null,
      "hostname": "rmdb11",
      "id": "rmdb11:37017",
      "port": 37017,
      "rsId": "tgtShard_0",
      "state": "RECOVERY_IN_PROGRESS",
      "stateUpdateTime": 1790974560
    },
    {
      "error": null,
      "hostname": "rmdb7",
      "id": "rmdb7:37017",
      "port": 37017,
      "rsId": "tgtconfigRS",
      "state": "RECOVERY_IN_PROGRESS",
      "stateUpdateTime": 1790974536
    },
    {
      "error": null,
      "hostname": "rmdb-config1",
      "id": "rmdb-config1:37017",
      "port": 37017,
      "rsId": "tgtconfigRS",
      "state": "RECOVERY_IN_PROGRESS",
      "stateUpdateTime": 1790974479
    },
    {
      "error": null,
      "hostname": "rmdb-config2",
      "id": "rmdb-config2:37017",
      "port": 37017,
      "rsId": "tgtconfigRS",
      "state": "RECOVERY_IN_PROGRESS",
      "stateUpdateTime": 1790974508
    }
  ],
  "state": "RECOVERY_IN_PROGRESS"
}
2026-10-02 16:00:24,013 [INFO] Restore state: RECOVERY_IN_PROGRESS
2026-10-02 16:00:34,013 [DEBUG] API GET http://129.40.36.100:8080/api/public/v1.0/backup/third_party/group/6a386221ee19a6537cc68a97/restore/6ac017fb457a6b8070196aeb
2026-10-02 16:00:34,163 [DEBUG] STATUS 200
2026-10-02 16:00:34,163 [DEBUG] {
  "clusterMapping": [
    {
      "rsId": "sgcShard_0",
      "targetRsId": "tgtShard_0"
    },
    {
      "rsId": "sgcShard_1",
      "targetRsId": "tgtShard_1"
    },
    {
      "rsId": "configRS",
      "targetRsId": "tgtconfigRS"
    }
  ],
  "nodes": [
    {
      "error": null,
      "hostname": "rmdb12",
      "id": "rmdb12:37017",
      "port": 37017,
      "rsId": "tgtShard_1",
      "state": "RECOVERY_IN_PROGRESS",
      "stateUpdateTime": 1790974686
    },
    {
      "error": null,
      "hostname": "rmdb14",
      "id": "rmdb14:37017",
      "port": 37017,
      "rsId": "tgtShard_1",
      "state": "RECOVERY_IN_PROGRESS",
      "stateUpdateTime": 1790974715
    },
    {
      "error": null,
      "hostname": "rmdb9",
      "id": "rmdb9:37017",
      "port": 37017,
      "rsId": "tgtShard_1",
      "state": "RECOVERY_IN_PROGRESS",
      "stateUpdateTime": 1790974803
    },
    {
      "error": null,
      "hostname": "rmdb4",
      "id": "rmdb4:37017",
      "port": 37017,
      "rsId": "tgtShard_1",
      "state": "RECOVERY_IN_PROGRESS",
      "stateUpdateTime": 1790974773
    },
    {
      "error": null,
      "hostname": "rmdb2",
      "id": "rmdb2:37017",
      "port": 37017,
      "rsId": "tgtShard_1",
      "state": "RECOVERY_IN_PROGRESS",
      "stateUpdateTime": 1790974744
    },
    {
      "error": null,
      "hostname": "rmdb8",
      "id": "rmdb8:37017",
      "port": 37017,
      "rsId": "tgtShard_0",
      "state": "RECOVERY_IN_PROGRESS",
      "stateUpdateTime": 1790974662
    },
    {
      "error": null,
      "hostname": "rmdb13",
      "id": "rmdb13:37017",
      "port": 37017,
      "rsId": "tgtShard_0",
      "state": "RECOVERY_IN_PROGRESS",
      "stateUpdateTime": 1790974589
    },
    {
      "error": null,
      "hostname": "rmdb1",
      "id": "rmdb1:37017",
      "port": 37017,
      "rsId": "tgtShard_0",
      "state": "RECOVERY_IN_PROGRESS",
      "stateUpdateTime": 1790974613
    },
    {
      "error": null,
      "hostname": "rmdb3",
      "id": "rmdb3:37017",
      "port": 37017,
      "rsId": "tgtShard_0",
      "state": "RECOVERY_IN_PROGRESS",
      "stateUpdateTime": 1790974641
    },
    {
      "error": null,
      "hostname": "rmdb11",
      "id": "rmdb11:37017",
      "port": 37017,
      "rsId": "tgtShard_0",
      "state": "RECOVERY_IN_PROGRESS",
      "stateUpdateTime": 1790974560
    },
    {
      "error": null,
      "hostname": "rmdb7",
      "id": "rmdb7:37017",
      "port": 37017,
      "rsId": "tgtconfigRS",
      "state": "RECOVERY_IN_PROGRESS",
      "stateUpdateTime": 1790974536
    },
    {
      "error": null,
      "hostname": "rmdb-config1",
      "id": "rmdb-config1:37017",
      "port": 37017,
      "rsId": "tgtconfigRS",
      "state": "RECOVERY_IN_PROGRESS",
      "stateUpdateTime": 1790974479
    },
    {
      "error": null,
      "hostname": "rmdb-config2",
      "id": "rmdb-config2:37017",
      "port": 37017,
      "rsId": "tgtconfigRS",
      "state": "RECOVERY_IN_PROGRESS",
      "stateUpdateTime": 1790974508
    }
  ],
  "state": "RECOVERY_IN_PROGRESS"
}
2026-10-02 16:00:34,163 [INFO] Restore state: RECOVERY_IN_PROGRESS
2026-10-02 16:00:44,164 [DEBUG] API GET http://129.40.36.100:8080/api/public/v1.0/backup/third_party/group/6a386221ee19a6537cc68a97/restore/6ac017fb457a6b8070196aeb
2026-10-02 16:00:44,329 [DEBUG] STATUS 200
2026-10-02 16:00:44,329 [DEBUG] {
  "clusterMapping": [
    {
      "rsId": "sgcShard_0",
      "targetRsId": "tgtShard_0"
    },
    {
      "rsId": "sgcShard_1",
      "targetRsId": "tgtShard_1"
    },
    {
      "rsId": "configRS",
      "targetRsId": "tgtconfigRS"
    }
  ],
  "nodes": [
    {
      "error": null,
      "hostname": "rmdb12",
      "id": "rmdb12:37017",
      "port": 37017,
      "rsId": "tgtShard_1",
      "state": "RECOVERY_IN_PROGRESS",
      "stateUpdateTime": 1790974686
    },
    {
      "error": null,
      "hostname": "rmdb14",
      "id": "rmdb14:37017",
      "port": 37017,
      "rsId": "tgtShard_1",
      "state": "RECOVERY_IN_PROGRESS",
      "stateUpdateTime": 1790974715
    },
    {
      "error": null,
      "hostname": "rmdb9",
      "id": "rmdb9:37017",
      "port": 37017,
      "rsId": "tgtShard_1",
      "state": "RECOVERY_IN_PROGRESS",
      "stateUpdateTime": 1790974803
    },
    {
      "error": null,
      "hostname": "rmdb4",
      "id": "rmdb4:37017",
      "port": 37017,
      "rsId": "tgtShard_1",
      "state": "RECOVERY_IN_PROGRESS",
      "stateUpdateTime": 1790974773
    },
    {
      "error": null,
      "hostname": "rmdb2",
      "id": "rmdb2:37017",
      "port": 37017,
      "rsId": "tgtShard_1",
      "state": "RECOVERY_IN_PROGRESS",
      "stateUpdateTime": 1790974744
    },
    {
      "error": null,
      "hostname": "rmdb8",
      "id": "rmdb8:37017",
      "port": 37017,
      "rsId": "tgtShard_0",
      "state": "RECOVERY_IN_PROGRESS",
      "stateUpdateTime": 1790974662
    },
    {
      "error": null,
      "hostname": "rmdb13",
      "id": "rmdb13:37017",
      "port": 37017,
      "rsId": "tgtShard_0",
      "state": "RECOVERY_IN_PROGRESS",
      "stateUpdateTime": 1790974589
    },
    {
      "error": null,
      "hostname": "rmdb1",
      "id": "rmdb1:37017",
      "port": 37017,
      "rsId": "tgtShard_0",
      "state": "RECOVERY_IN_PROGRESS",
      "stateUpdateTime": 1790974613
    },
    {
      "error": null,
      "hostname": "rmdb3",
      "id": "rmdb3:37017",
      "port": 37017,
      "rsId": "tgtShard_0",
      "state": "RECOVERY_IN_PROGRESS",
      "stateUpdateTime": 1790974641
    },
    {
      "error": null,
      "hostname": "rmdb11",
      "id": "rmdb11:37017",
      "port": 37017,
      "rsId": "tgtShard_0",
      "state": "RECOVERY_IN_PROGRESS",
      "stateUpdateTime": 1790974560
    },
    {
      "error": null,
      "hostname": "rmdb7",
      "id": "rmdb7:37017",
      "port": 37017,
      "rsId": "tgtconfigRS",
      "state": "RECOVERY_IN_PROGRESS",
      "stateUpdateTime": 1790974536
    },
    {
      "error": null,
      "hostname": "rmdb-config1",
      "id": "rmdb-config1:37017",
      "port": 37017,
      "rsId": "tgtconfigRS",
      "state": "RECOVERY_IN_PROGRESS",
      "stateUpdateTime": 1790974479
    },
    {
      "error": null,
      "hostname": "rmdb-config2",
      "id": "rmdb-config2:37017",
      "port": 37017,
      "rsId": "tgtconfigRS",
      "state": "RECOVERY_IN_PROGRESS",
      "stateUpdateTime": 1790974508
    }
  ],
  "state": "RECOVERY_IN_PROGRESS"
}
2026-10-02 16:00:44,329 [INFO] Restore state: RECOVERY_IN_PROGRESS
2026-10-02 16:00:54,330 [DEBUG] API GET http://129.40.36.100:8080/api/public/v1.0/backup/third_party/group/6a386221ee19a6537cc68a97/restore/6ac017fb457a6b8070196aeb
2026-10-02 16:00:54,481 [DEBUG] STATUS 200
2026-10-02 16:00:54,481 [DEBUG] {
  "clusterMapping": [
    {
      "rsId": "sgcShard_0",
      "targetRsId": "tgtShard_0"
    },
    {
      "rsId": "sgcShard_1",
      "targetRsId": "tgtShard_1"
    },
    {
      "rsId": "configRS",
      "targetRsId": "tgtconfigRS"
    }
  ],
  "nodes": [
    {
      "error": null,
      "hostname": "rmdb12",
      "id": "rmdb12:37017",
      "port": 37017,
      "rsId": "tgtShard_1",
      "state": "RECOVERY_IN_PROGRESS",
      "stateUpdateTime": 1790974686
    },
    {
      "error": null,
      "hostname": "rmdb14",
      "id": "rmdb14:37017",
      "port": 37017,
      "rsId": "tgtShard_1",
      "state": "RECOVERY_IN_PROGRESS",
      "stateUpdateTime": 1790974715
    },
    {
      "error": null,
      "hostname": "rmdb9",
      "id": "rmdb9:37017",
      "port": 37017,
      "rsId": "tgtShard_1",
      "state": "RECOVERY_IN_PROGRESS",
      "stateUpdateTime": 1790974803
    },
    {
      "error": null,
      "hostname": "rmdb4",
      "id": "rmdb4:37017",
      "port": 37017,
      "rsId": "tgtShard_1",
      "state": "RECOVERY_IN_PROGRESS",
      "stateUpdateTime": 1790974773
    },
    {
      "error": null,
      "hostname": "rmdb2",
      "id": "rmdb2:37017",
      "port": 37017,
      "rsId": "tgtShard_1",
      "state": "RECOVERY_IN_PROGRESS",
      "stateUpdateTime": 1790974744
    },
    {
      "error": null,
      "hostname": "rmdb8",
      "id": "rmdb8:37017",
      "port": 37017,
      "rsId": "tgtShard_0",
      "state": "RECOVERY_IN_PROGRESS",
      "stateUpdateTime": 1790974662
    },
    {
      "error": null,
      "hostname": "rmdb13",
      "id": "rmdb13:37017",
      "port": 37017,
      "rsId": "tgtShard_0",
      "state": "RECOVERY_IN_PROGRESS",
      "stateUpdateTime": 1790974589
    },
    {
      "error": null,
      "hostname": "rmdb1",
      "id": "rmdb1:37017",
      "port": 37017,
      "rsId": "tgtShard_0",
      "state": "RECOVERY_IN_PROGRESS",
      "stateUpdateTime": 1790974613
    },
    {
      "error": null,
      "hostname": "rmdb3",
      "id": "rmdb3:37017",
      "port": 37017,
      "rsId": "tgtShard_0",
      "state": "RECOVERY_IN_PROGRESS",
      "stateUpdateTime": 1790974641
    },
    {
      "error": null,
      "hostname": "rmdb11",
      "id": "rmdb11:37017",
      "port": 37017,
      "rsId": "tgtShard_0",
      "state": "RECOVERY_IN_PROGRESS",
      "stateUpdateTime": 1790974560
    },
    {
      "error": null,
      "hostname": "rmdb7",
      "id": "rmdb7:37017",
      "port": 37017,
      "rsId": "tgtconfigRS",
      "state": "RECOVERY_IN_PROGRESS",
      "stateUpdateTime": 1790974536
    },
    {
      "error": null,
      "hostname": "rmdb-config1",
      "id": "rmdb-config1:37017",
      "port": 37017,
      "rsId": "tgtconfigRS",
      "state": "RECOVERY_IN_PROGRESS",
      "stateUpdateTime": 1790974479
    },
    {
      "error": null,
      "hostname": "rmdb-config2",
      "id": "rmdb-config2:37017",
      "port": 37017,
      "rsId": "tgtconfigRS",
      "state": "RECOVERY_IN_PROGRESS",
      "stateUpdateTime": 1790974508
    }
  ],
  "state": "RECOVERY_IN_PROGRESS"
}
2026-10-02 16:00:54,481 [INFO] Restore state: RECOVERY_IN_PROGRESS
2026-10-02 16:01:04,482 [DEBUG] API GET http://129.40.36.100:8080/api/public/v1.0/backup/third_party/group/6a386221ee19a6537cc68a97/restore/6ac017fb457a6b8070196aeb
2026-10-02 16:01:04,689 [DEBUG] STATUS 200
2026-10-02 16:01:04,689 [DEBUG] {
  "clusterMapping": [
    {
      "rsId": "sgcShard_0",
      "targetRsId": "tgtShard_0"
    },
    {
      "rsId": "sgcShard_1",
      "targetRsId": "tgtShard_1"
    },
    {
      "rsId": "configRS",
      "targetRsId": "tgtconfigRS"
    }
  ],
  "nodes": [
    {
      "error": null,
      "hostname": "rmdb12",
      "id": "rmdb12:37017",
      "port": 37017,
      "rsId": "tgtShard_1",
      "state": "RECOVERY_IN_PROGRESS",
      "stateUpdateTime": 1790974686
    },
    {
      "error": null,
      "hostname": "rmdb14",
      "id": "rmdb14:37017",
      "port": 37017,
      "rsId": "tgtShard_1",
      "state": "RECOVERY_IN_PROGRESS",
      "stateUpdateTime": 1790974715
    },
    {
      "error": null,
      "hostname": "rmdb9",
      "id": "rmdb9:37017",
      "port": 37017,
      "rsId": "tgtShard_1",
      "state": "RECOVERY_IN_PROGRESS",
      "stateUpdateTime": 1790974803
    },
    {
      "error": null,
      "hostname": "rmdb4",
      "id": "rmdb4:37017",
      "port": 37017,
      "rsId": "tgtShard_1",
      "state": "RECOVERY_IN_PROGRESS",
      "stateUpdateTime": 1790974773
    },
    {
      "error": null,
      "hostname": "rmdb2",
      "id": "rmdb2:37017",
      "port": 37017,
      "rsId": "tgtShard_1",
      "state": "RECOVERY_IN_PROGRESS",
      "stateUpdateTime": 1790974744
    },
    {
      "error": null,
      "hostname": "rmdb8",
      "id": "rmdb8:37017",
      "port": 37017,
      "rsId": "tgtShard_0",
      "state": "RECOVERY_IN_PROGRESS",
      "stateUpdateTime": 1790974662
    },
    {
      "error": null,
      "hostname": "rmdb13",
      "id": "rmdb13:37017",
      "port": 37017,
      "rsId": "tgtShard_0",
      "state": "RECOVERY_IN_PROGRESS",
      "stateUpdateTime": 1790974589
    },
    {
      "error": null,
      "hostname": "rmdb1",
      "id": "rmdb1:37017",
      "port": 37017,
      "rsId": "tgtShard_0",
      "state": "RECOVERY_IN_PROGRESS",
      "stateUpdateTime": 1790974613
    },
    {
      "error": null,
      "hostname": "rmdb3",
      "id": "rmdb3:37017",
      "port": 37017,
      "rsId": "tgtShard_0",
      "state": "RECOVERY_IN_PROGRESS",
      "stateUpdateTime": 1790974641
    },
    {
      "error": null,
      "hostname": "rmdb11",
      "id": "rmdb11:37017",
      "port": 37017,
      "rsId": "tgtShard_0",
      "state": "RECOVERY_IN_PROGRESS",
      "stateUpdateTime": 1790974560
    },
    {
      "error": null,
      "hostname": "rmdb7",
      "id": "rmdb7:37017",
      "port": 37017,
      "rsId": "tgtconfigRS",
      "state": "RECOVERY_IN_PROGRESS",
      "stateUpdateTime": 1790974536
    },
    {
      "error": null,
      "hostname": "rmdb-config1",
      "id": "rmdb-config1:37017",
      "port": 37017,
      "rsId": "tgtconfigRS",
      "state": "RECOVERY_IN_PROGRESS",
      "stateUpdateTime": 1790974479
    },
    {
      "error": null,
      "hostname": "rmdb-config2",
      "id": "rmdb-config2:37017",
      "port": 37017,
      "rsId": "tgtconfigRS",
      "state": "RECOVERY_IN_PROGRESS",
      "stateUpdateTime": 1790974508
    }
  ],
  "state": "RECOVERY_IN_PROGRESS"
}
2026-10-02 16:01:04,689 [INFO] Restore state: RECOVERY_IN_PROGRESS
2026-10-02 16:01:14,690 [DEBUG] API GET http://129.40.36.100:8080/api/public/v1.0/backup/third_party/group/6a386221ee19a6537cc68a97/restore/6ac017fb457a6b8070196aeb
2026-10-02 16:01:14,850 [DEBUG] STATUS 200
2026-10-02 16:01:14,850 [DEBUG] {
  "clusterMapping": [
    {
      "rsId": "sgcShard_0",
      "targetRsId": "tgtShard_0"
    },
    {
      "rsId": "sgcShard_1",
      "targetRsId": "tgtShard_1"
    },
    {
      "rsId": "configRS",
      "targetRsId": "tgtconfigRS"
    }
  ],
  "nodes": [
    {
      "error": null,
      "hostname": "rmdb12",
      "id": "rmdb12:37017",
      "port": 37017,
      "rsId": "tgtShard_1",
      "state": "RECOVERY_IN_PROGRESS",
      "stateUpdateTime": 1790974686
    },
    {
      "error": null,
      "hostname": "rmdb14",
      "id": "rmdb14:37017",
      "port": 37017,
      "rsId": "tgtShard_1",
      "state": "RECOVERY_IN_PROGRESS",
      "stateUpdateTime": 1790974715
    },
    {
      "error": null,
      "hostname": "rmdb9",
      "id": "rmdb9:37017",
      "port": 37017,
      "rsId": "tgtShard_1",
      "state": "RECOVERY_IN_PROGRESS",
      "stateUpdateTime": 1790974803
    },
    {
      "error": null,
      "hostname": "rmdb4",
      "id": "rmdb4:37017",
      "port": 37017,
      "rsId": "tgtShard_1",
      "state": "RECOVERY_IN_PROGRESS",
      "stateUpdateTime": 1790974773
    },
    {
      "error": null,
      "hostname": "rmdb2",
      "id": "rmdb2:37017",
      "port": 37017,
      "rsId": "tgtShard_1",
      "state": "RECOVERY_IN_PROGRESS",
      "stateUpdateTime": 1790974744
    },
    {
      "error": null,
      "hostname": "rmdb8",
      "id": "rmdb8:37017",
      "port": 37017,
      "rsId": "tgtShard_0",
      "state": "RECOVERY_IN_PROGRESS",
      "stateUpdateTime": 1790974662
    },
    {
      "error": null,
      "hostname": "rmdb13",
      "id": "rmdb13:37017",
      "port": 37017,
      "rsId": "tgtShard_0",
      "state": "RECOVERY_IN_PROGRESS",
      "stateUpdateTime": 1790974589
    },
    {
      "error": null,
      "hostname": "rmdb1",
      "id": "rmdb1:37017",
      "port": 37017,
      "rsId": "tgtShard_0",
      "state": "RECOVERY_IN_PROGRESS",
      "stateUpdateTime": 1790974613
    },
    {
      "error": null,
      "hostname": "rmdb3",
      "id": "rmdb3:37017",
      "port": 37017,
      "rsId": "tgtShard_0",
      "state": "RECOVERY_IN_PROGRESS",
      "stateUpdateTime": 1790974641
    },
    {
      "error": null,
      "hostname": "rmdb11",
      "id": "rmdb11:37017",
      "port": 37017,
      "rsId": "tgtShard_0",
      "state": "RECOVERY_IN_PROGRESS",
      "stateUpdateTime": 1790974560
    },
    {
      "error": null,
      "hostname": "rmdb7",
      "id": "rmdb7:37017",
      "port": 37017,
      "rsId": "tgtconfigRS",
      "state": "RECOVERY_IN_PROGRESS",
      "stateUpdateTime": 1790974536
    },
    {
      "error": null,
      "hostname": "rmdb-config1",
      "id": "rmdb-config1:37017",
      "port": 37017,
      "rsId": "tgtconfigRS",
      "state": "RECOVERY_IN_PROGRESS",
      "stateUpdateTime": 1790974479
    },
    {
      "error": null,
      "hostname": "rmdb-config2",
      "id": "rmdb-config2:37017",
      "port": 37017,
      "rsId": "tgtconfigRS",
      "state": "RECOVERY_IN_PROGRESS",
      "stateUpdateTime": 1790974508
    }
  ],
  "state": "RECOVERY_IN_PROGRESS"
}
2026-10-02 16:01:14,851 [INFO] Restore state: RECOVERY_IN_PROGRESS
2026-10-02 16:01:24,851 [DEBUG] API GET http://129.40.36.100:8080/api/public/v1.0/backup/third_party/group/6a386221ee19a6537cc68a97/restore/6ac017fb457a6b8070196aeb
2026-10-02 16:01:25,002 [DEBUG] STATUS 200
2026-10-02 16:01:25,002 [DEBUG] {
  "clusterMapping": [
    {
      "rsId": "sgcShard_0",
      "targetRsId": "tgtShard_0"
    },
    {
      "rsId": "sgcShard_1",
      "targetRsId": "tgtShard_1"
    },
    {
      "rsId": "configRS",
      "targetRsId": "tgtconfigRS"
    }
  ],
  "nodes": [
    {
      "error": null,
      "hostname": "rmdb12",
      "id": "rmdb12:37017",
      "port": 37017,
      "rsId": "tgtShard_1",
      "state": "COMPLETED",
      "stateUpdateTime": 0
    },
    {
      "error": null,
      "hostname": "rmdb14",
      "id": "rmdb14:37017",
      "port": 37017,
      "rsId": "tgtShard_1",
      "state": "COMPLETED",
      "stateUpdateTime": 0
    },
    {
      "error": null,
      "hostname": "rmdb9",
      "id": "rmdb9:37017",
      "port": 37017,
      "rsId": "tgtShard_1",
      "state": "COMPLETED",
      "stateUpdateTime": 0
    },
    {
      "error": null,
      "hostname": "rmdb4",
      "id": "rmdb4:37017",
      "port": 37017,
      "rsId": "tgtShard_1",
      "state": "COMPLETED",
      "stateUpdateTime": 0
    },
    {
      "error": null,
      "hostname": "rmdb2",
      "id": "rmdb2:37017",
      "port": 37017,
      "rsId": "tgtShard_1",
      "state": "COMPLETED",
      "stateUpdateTime": 0
    },
    {
      "error": null,
      "hostname": "rmdb8",
      "id": "rmdb8:37017",
      "port": 37017,
      "rsId": "tgtShard_0",
      "state": "COMPLETED",
      "stateUpdateTime": 0
    },
    {
      "error": null,
      "hostname": "rmdb13",
      "id": "rmdb13:37017",
      "port": 37017,
      "rsId": "tgtShard_0",
      "state": "COMPLETED",
      "stateUpdateTime": 0
    },
    {
      "error": null,
      "hostname": "rmdb1",
      "id": "rmdb1:37017",
      "port": 37017,
      "rsId": "tgtShard_0",
      "state": "COMPLETED",
      "stateUpdateTime": 0
    },
    {
      "error": null,
      "hostname": "rmdb3",
      "id": "rmdb3:37017",
      "port": 37017,
      "rsId": "tgtShard_0",
      "state": "COMPLETED",
      "stateUpdateTime": 0
    },
    {
      "error": null,
      "hostname": "rmdb11",
      "id": "rmdb11:37017",
      "port": 37017,
      "rsId": "tgtShard_0",
      "state": "COMPLETED",
      "stateUpdateTime": 0
    },
    {
      "error": null,
      "hostname": "rmdb7",
      "id": "rmdb7:37017",
      "port": 37017,
      "rsId": "tgtconfigRS",
      "state": "COMPLETED",
      "stateUpdateTime": 0
    },
    {
      "error": null,
      "hostname": "rmdb-config1",
      "id": "rmdb-config1:37017",
      "port": 37017,
      "rsId": "tgtconfigRS",
      "state": "COMPLETED",
      "stateUpdateTime": 0
    },
    {
      "error": null,
      "hostname": "rmdb-config2",
      "id": "rmdb-config2:37017",
      "port": 37017,
      "rsId": "tgtconfigRS",
      "state": "COMPLETED",
      "stateUpdateTime": 0
    }
  ],
  "state": "COMPLETED"
}
2026-10-02 16:01:25,002 [INFO] Restore state: COMPLETED
2026-10-02 16:01:35,010 [INFO] Restore record: runs\sgcCluster_20261002T203336Z\restore_metadata.json
2026-10-02 16:01:35,011 [INFO] Restore completed successfully
