2026-02-06 12:36:31,467 [INFO] Starting Ops Manager restore workflow
2026-02-06 12:36:32,044 [DEBUG] Validating FlashSystem snapshot: fs9500-2.cpolab.ibm.com | ORION15-mdb7 | ORION15-mdb7_6984ff8b3e4bf100f368ac18
2026-02-06 12:36:32,272 [INFO] Valid FlashSystem snapshot found: ORION15-mdb7_6984ff8b3e4bf100f368ac18 (VG=ORION15-mdb7, system=fs9500-2.cpolab.ibm.com)
2026-02-06 12:36:32,272 [DEBUG] Validating FlashSystem snapshot: fs9500-2.cpolab.ibm.com | ORION17-mdb9 | ORION17-mdb9_6984ff8b3e4bf100f368ac18
2026-02-06 12:36:32,518 [INFO] Valid FlashSystem snapshot found: ORION17-mdb9_6984ff8b3e4bf100f368ac18 (VG=ORION17-mdb9, system=fs9500-2.cpolab.ibm.com)
2026-02-06 12:36:32,519 [DEBUG] Validating FlashSystem snapshot: fs9500-2.cpolab.ibm.com | ORION16-mdb8 | ORION16-mdb8_6984ff8b3e4bf100f368ac18
2026-02-06 12:36:32,744 [INFO] Valid FlashSystem snapshot found: ORION16-mdb8_6984ff8b3e4bf100f368ac18 (VG=ORION16-mdb8, system=fs9500-2.cpolab.ibm.com)
2026-02-06 12:36:32,744 [DEBUG] Validating FlashSystem snapshot: fs9500-3.cpolab.ibm.com | RecoveryShards | RecoveryShards_6984ff8b3e4bf100f368ac18
2026-02-06 12:36:32,943 [INFO] Valid FlashSystem snapshot found: RecoveryShards_6984ff8b3e4bf100f368ac18 (VG=RecoveryShards, system=fs9500-3.cpolab.ibm.com)
2026-02-06 12:36:32,943 [DEBUG] Validating FlashSystem snapshot: fs9500-2.cpolab.ibm.com | ORION15-mdb7 | ORION15-mdb7_69824f2f3e4bf100f3076d81
2026-02-06 12:36:33,155 [INFO] Valid FlashSystem snapshot found: ORION15-mdb7_69824f2f3e4bf100f3076d81 (VG=ORION15-mdb7, system=fs9500-2.cpolab.ibm.com)
2026-02-06 12:36:33,155 [DEBUG] Validating FlashSystem snapshot: fs9500-2.cpolab.ibm.com | ORION17-mdb9 | ORION17-mdb9_69824f2f3e4bf100f3076d81
2026-02-06 12:36:33,365 [INFO] Valid FlashSystem snapshot found: ORION17-mdb9_69824f2f3e4bf100f3076d81 (VG=ORION17-mdb9, system=fs9500-2.cpolab.ibm.com)
2026-02-06 12:36:33,365 [DEBUG] Validating FlashSystem snapshot: fs9500-2.cpolab.ibm.com | ORION16-mdb8 | ORION16-mdb8_69824f2f3e4bf100f3076d81
2026-02-06 12:36:33,573 [INFO] Valid FlashSystem snapshot found: ORION16-mdb8_69824f2f3e4bf100f3076d81 (VG=ORION16-mdb8, system=fs9500-2.cpolab.ibm.com)
2026-02-06 12:36:33,573 [DEBUG] Validating FlashSystem snapshot: fs9500-3.cpolab.ibm.com | RecoveryShards | RecoveryShards_69824f2f3e4bf100f3076d81
2026-02-06 12:36:33,775 [INFO] Valid FlashSystem snapshot found: RecoveryShards_69824f2f3e4bf100f3076d81 (VG=RecoveryShards, system=fs9500-3.cpolab.ibm.com)
2026-02-06 12:36:33,776 [DEBUG] Validating FlashSystem snapshot: fs9500-2.cpolab.ibm.com | ORION15-mdb7 | ORION15-mdb7_6980f36e3e4bf100f3d674e5
2026-02-06 12:36:33,988 [INFO] Expired snapshot: ORION15-mdb7_6980f36e3e4bf100f3d674e5 (VG=ORION15-mdb7, system=fs9500-2.cpolab.ibm.com)
2026-02-06 12:36:33,989 [DEBUG] Validating FlashSystem snapshot: fs9500-2.cpolab.ibm.com | ORION17-mdb9 | ORION17-mdb9_6980f36e3e4bf100f3d674e5
2026-02-06 12:36:34,198 [INFO] Expired snapshot: ORION17-mdb9_6980f36e3e4bf100f3d674e5 (VG=ORION17-mdb9, system=fs9500-2.cpolab.ibm.com)
2026-02-06 12:36:34,198 [DEBUG] Validating FlashSystem snapshot: fs9500-2.cpolab.ibm.com | ORION16-mdb8 | ORION16-mdb8_6980f36e3e4bf100f3d674e5
2026-02-06 12:36:34,406 [INFO] Expired snapshot: ORION16-mdb8_6980f36e3e4bf100f3d674e5 (VG=ORION16-mdb8, system=fs9500-2.cpolab.ibm.com)
2026-02-06 12:36:34,407 [DEBUG] Validating FlashSystem snapshot: fs9500-3.cpolab.ibm.com | RecoveryShards | RecoveryShards_6980f36e3e4bf100f3d674e5
2026-02-06 12:36:34,607 [INFO] Expired snapshot: RecoveryShards_6980f36e3e4bf100f3d674e5 (VG=RecoveryShards, system=fs9500-3.cpolab.ibm.com)
2026-02-06 12:36:34,607 [DEBUG] Validating FlashSystem snapshot: fs9500-2.cpolab.ibm.com | ORION15-mdb7 | ORION15-mdb7_697a535e3e4bf100f3e7bec5
2026-02-06 12:36:34,848 [INFO] Expired snapshot: ORION15-mdb7_697a535e3e4bf100f3e7bec5 (VG=ORION15-mdb7, system=fs9500-2.cpolab.ibm.com)
2026-02-06 12:36:34,848 [DEBUG] Validating FlashSystem snapshot: fs9500-2.cpolab.ibm.com | ORION17-mdb9 | ORION17-mdb9_697a535e3e4bf100f3e7bec5
2026-02-06 12:36:35,085 [INFO] Expired snapshot: ORION17-mdb9_697a535e3e4bf100f3e7bec5 (VG=ORION17-mdb9, system=fs9500-2.cpolab.ibm.com)
2026-02-06 12:36:35,085 [DEBUG] Validating FlashSystem snapshot: fs9500-2.cpolab.ibm.com | ORION16-mdb8 | ORION16-mdb8_697a535e3e4bf100f3e7bec5
2026-02-06 12:36:35,297 [INFO] Expired snapshot: ORION16-mdb8_697a535e3e4bf100f3e7bec5 (VG=ORION16-mdb8, system=fs9500-2.cpolab.ibm.com)
2026-02-06 12:36:35,297 [DEBUG] Validating FlashSystem snapshot: fs9500-2.cpolab.ibm.com | ORION15-mdb7 | ORION15-mdb7_697902f73e4bf100f3b7b9b7
2026-02-06 12:36:35,505 [INFO] Expired snapshot: ORION15-mdb7_697902f73e4bf100f3b7b9b7 (VG=ORION15-mdb7, system=fs9500-2.cpolab.ibm.com)
2026-02-06 12:36:35,506 [DEBUG] Validating FlashSystem snapshot: fs9500-2.cpolab.ibm.com | ORION17-mdb9 | ORION17-mdb9_697902f73e4bf100f3b7b9b7
2026-02-06 12:36:35,737 [INFO] Expired snapshot: ORION17-mdb9_697902f73e4bf100f3b7b9b7 (VG=ORION17-mdb9, system=fs9500-2.cpolab.ibm.com)
2026-02-06 12:36:35,738 [DEBUG] Validating FlashSystem snapshot: fs9500-2.cpolab.ibm.com | ORION16-mdb8 | ORION16-mdb8_697902f73e4bf100f3b7b9b7
2026-02-06 12:36:35,977 [INFO] Expired snapshot: ORION16-mdb8_697902f73e4bf100f3b7b9b7 (VG=ORION16-mdb8, system=fs9500-2.cpolab.ibm.com)
2026-02-06 12:36:35,977 [DEBUG] API GET http://sb1.cpolab.ibm.com:8080/api/public/v1.0/backup/third_party/group/67eed68e0ba1970a07e16b77/clusters
2026-02-06 12:36:36,197 [DEBUG] STATUS 200
2026-02-06 12:36:36,197 [DEBUG] {
  "clusters": [
    {
      "clusterId": "693ed1793e4bf100f3a694cf",
      "clusterName": "FiServRep",
      "groupId": "67eed68e0ba1970a07e16b77",
      "jobId": "693ed1793e4bf100f3a694cf",
      "state": "ACTIVE"
    },
    {
      "clusterId": "694168133e4bf100f33eda80",
      "clusterName": "md10rep",
      "groupId": "67eed68e0ba1970a07e16b77",
      "jobId": "694168133e4bf100f33eda80",
      "state": "ACTIVE"
    },
    {
      "clusterId": "69812cbd3e4bf100f3deacb7",
      "clusterName": "sgcCluster",
      "groupId": "67eed68e0ba1970a07e16b77",
      "jobId": "69812cbd3e4bf100f3deacb7",
      "state": "ACTIVE"
    }
  ]
}
2026-02-06 12:36:36,197 [DEBUG] API GET http://sb1.cpolab.ibm.com:8080/api/public/v1.0/backup/third_party/group/67eed68e0ba1970a07e16b77/clusters/69812cbd3e4bf100f3deacb7
2026-02-06 12:36:36,356 [DEBUG] STATUS 200
2026-02-06 12:36:36,357 [DEBUG] {
  "replicaSets": [
    {
      "id": "sgcShard_0",
      "nodes": [
        {
          "dbPath": "/fimongo1/data",
          "hidden": false,
          "hostname": "mdb1",
          "id": "mdb1:37017",
          "lastAgentPing": "2026-02-06T18:36:08Z",
          "memberState": "SECONDARY",
          "mongodbVersion": "8.0.10",
          "opTime": "2026-02-06T18:36:01Z",
          "oplogPath": "/oplog",
          "oplogStoreType": "thirdPartyOplogStore",
          "port": 37017,
          "priority": 1.0,
          "rsId": "sgcShard_0",
          "snapshotable": true,
          "votes": 1
        },
        {
          "dbPath": "/fimongo1/data",
          "hidden": false,
          "hostname": "mdb8",
          "id": "mdb8:37017",
          "lastAgentPing": "2026-02-06T18:36:23Z",
          "memberState": "SECONDARY",
          "mongodbVersion": "8.0.10",
          "opTime": "2026-02-06T18:36:01Z",
          "oplogPath": "/oplog",
          "oplogStoreType": "thirdPartyOplogStore",
          "port": 37017,
          "priority": 1.0,
          "rsId": "sgcShard_0",
          "snapshotable": true,
          "votes": 1
        },
        {
          "dbPath": "/fimongo1/data",
          "hidden": false,
          "hostname": "mdb3",
          "id": "mdb3:37017",
          "lastAgentPing": "2026-02-06T18:35:41Z",
          "memberState": "PRIMARY",
          "mongodbVersion": "8.0.10",
          "opTime": "2026-02-06T18:36:01Z",
          "oplogPath": "/oplog",
          "oplogStoreType": "thirdPartyOplogStore",
          "port": 37017,
          "priority": 1.0,
          "rsId": "sgcShard_0",
          "snapshotable": true,
          "votes": 1
        }
      ],
      "oplogType": "thirdParty"
    },
    {
      "id": "sgcShard_1",
      "nodes": [
        {
          "dbPath": "/fimongo1/data",
          "hidden": false,
          "hostname": "mdb9",
          "id": "mdb9:37017",
          "lastAgentPing": "2026-02-06T18:35:47Z",
          "memberState": "SECONDARY",
          "mongodbVersion": "8.0.10",
          "opTime": "2026-02-06T18:36:01Z",
          "oplogPath": "/oplog",
          "oplogStoreType": "thirdPartyOplogStore",
          "port": 37017,
          "priority": 1.0,
          "rsId": "sgcShard_1",
          "snapshotable": true,
          "votes": 1
        },
        {
          "dbPath": "/fimongo1/data",
          "hidden": false,
          "hostname": "mdb2",
          "id": "mdb2:37017",
          "lastAgentPing": "2026-02-06T18:36:16Z",
          "memberState": "SECONDARY",
          "mongodbVersion": "8.0.10",
          "opTime": "2026-02-06T18:36:01Z",
          "oplogPath": "/oplog",
          "oplogStoreType": "thirdPartyOplogStore",
          "port": 37017,
          "priority": 1.0,
          "rsId": "sgcShard_1",
          "snapshotable": true,
          "votes": 1
        },
        {
          "dbPath": "/fimongo1/data",
          "hidden": false,
          "hostname": "mdb4",
          "id": "mdb4:37017",
          "lastAgentPing": "2026-02-06T18:35:46Z",
          "memberState": "PRIMARY",
          "mongodbVersion": "8.0.10",
          "opTime": "2026-02-06T18:36:11Z",
          "oplogPath": "/oplog",
          "oplogStoreType": "thirdPartyOplogStore",
          "port": 37017,
          "priority": 1.0,
          "rsId": "sgcShard_1",
          "snapshotable": true,
          "votes": 1
        }
      ],
      "oplogType": "thirdParty"
    },
    {
      "id": "configRS",
      "nodes": [
        {
          "dbPath": "/fimongo1/data",
          "hidden": false,
          "hostname": "mdb-config2",
          "id": "mdb-config2:37017",
          "lastAgentPing": "2026-02-06T18:36:12Z",
          "memberState": "SECONDARY",
          "mongodbVersion": "8.0.10",
          "opTime": "2026-02-06T18:35:12Z",
          "oplogPath": "/oplog",
          "oplogStoreType": "thirdPartyOplogStore",
          "port": 37017,
          "priority": 1.0,
          "rsId": "configRS",
          "snapshotable": true,
          "votes": 1
        },
        {
          "dbPath": "/fimongo1/data",
          "hidden": false,
          "hostname": "mdb-config1",
          "id": "mdb-config1:37017",
          "lastAgentPing": "2026-02-06T18:36:19Z",
          "memberState": "PRIMARY",
          "mongodbVersion": "8.0.10",
          "opTime": "2026-02-06T18:35:13Z",
          "oplogPath": "/oplog",
          "oplogStoreType": "thirdPartyOplogStore",
          "port": 37017,
          "priority": 1.0,
          "rsId": "configRS",
          "snapshotable": true,
          "votes": 1
        },
        {
          "dbPath": "/fimongo1/data",
          "hidden": false,
          "hostname": "mdb7",
          "id": "mdb7:37017",
          "lastAgentPing": "2026-02-06T18:36:32Z",
          "memberState": "SECONDARY",
          "mongodbVersion": "8.0.10",
          "opTime": "2026-02-06T18:35:12Z",
          "oplogPath": "/oplog",
          "oplogStoreType": "thirdPartyOplogStore",
          "port": 37017,
          "priority": 1.0,
          "rsId": "configRS",
          "snapshotable": true,
          "votes": 1
        }
      ],
      "oplogType": "thirdParty"
    }
  ],
  "restoreId": "69862d024ad5445e02728445",
  "snapshotId": "6984ff8b3e4bf100f368ac18"
}
2026-02-06 12:36:36,357 [INFO] Source replica sets : 3
2026-02-06 12:36:36,357 [INFO] Destination replica sets : 3
2026-02-06 12:36:36,357 [INFO] Cluster topology validation passed
2026-02-06 12:36:36,357 [DEBUG] API GET http://sb1.cpolab.ibm.com:8080/api/public/v1.0/backup/third_party/group/67eed68e0ba1970a07e16b77/clusters/69812cbd3e4bf100f3deacb7
2026-02-06 12:36:36,527 [DEBUG] STATUS 200
2026-02-06 12:36:36,527 [DEBUG] {
  "replicaSets": [
    {
      "id": "sgcShard_0",
      "nodes": [
        {
          "dbPath": "/fimongo1/data",
          "hidden": false,
          "hostname": "mdb1",
          "id": "mdb1:37017",
          "lastAgentPing": "2026-02-06T18:36:08Z",
          "memberState": "SECONDARY",
          "mongodbVersion": "8.0.10",
          "opTime": "2026-02-06T18:36:01Z",
          "oplogPath": "/oplog",
          "oplogStoreType": "thirdPartyOplogStore",
          "port": 37017,
          "priority": 1.0,
          "rsId": "sgcShard_0",
          "snapshotable": true,
          "votes": 1
        },
        {
          "dbPath": "/fimongo1/data",
          "hidden": false,
          "hostname": "mdb8",
          "id": "mdb8:37017",
          "lastAgentPing": "2026-02-06T18:36:23Z",
          "memberState": "SECONDARY",
          "mongodbVersion": "8.0.10",
          "opTime": "2026-02-06T18:36:01Z",
          "oplogPath": "/oplog",
          "oplogStoreType": "thirdPartyOplogStore",
          "port": 37017,
          "priority": 1.0,
          "rsId": "sgcShard_0",
          "snapshotable": true,
          "votes": 1
        },
        {
          "dbPath": "/fimongo1/data",
          "hidden": false,
          "hostname": "mdb3",
          "id": "mdb3:37017",
          "lastAgentPing": "2026-02-06T18:35:41Z",
          "memberState": "PRIMARY",
          "mongodbVersion": "8.0.10",
          "opTime": "2026-02-06T18:36:01Z",
          "oplogPath": "/oplog",
          "oplogStoreType": "thirdPartyOplogStore",
          "port": 37017,
          "priority": 1.0,
          "rsId": "sgcShard_0",
          "snapshotable": true,
          "votes": 1
        }
      ],
      "oplogType": "thirdParty"
    },
    {
      "id": "sgcShard_1",
      "nodes": [
        {
          "dbPath": "/fimongo1/data",
          "hidden": false,
          "hostname": "mdb9",
          "id": "mdb9:37017",
          "lastAgentPing": "2026-02-06T18:35:47Z",
          "memberState": "SECONDARY",
          "mongodbVersion": "8.0.10",
          "opTime": "2026-02-06T18:36:01Z",
          "oplogPath": "/oplog",
          "oplogStoreType": "thirdPartyOplogStore",
          "port": 37017,
          "priority": 1.0,
          "rsId": "sgcShard_1",
          "snapshotable": true,
          "votes": 1
        },
        {
          "dbPath": "/fimongo1/data",
          "hidden": false,
          "hostname": "mdb2",
          "id": "mdb2:37017",
          "lastAgentPing": "2026-02-06T18:36:16Z",
          "memberState": "SECONDARY",
          "mongodbVersion": "8.0.10",
          "opTime": "2026-02-06T18:36:01Z",
          "oplogPath": "/oplog",
          "oplogStoreType": "thirdPartyOplogStore",
          "port": 37017,
          "priority": 1.0,
          "rsId": "sgcShard_1",
          "snapshotable": true,
          "votes": 1
        },
        {
          "dbPath": "/fimongo1/data",
          "hidden": false,
          "hostname": "mdb4",
          "id": "mdb4:37017",
          "lastAgentPing": "2026-02-06T18:35:46Z",
          "memberState": "PRIMARY",
          "mongodbVersion": "8.0.10",
          "opTime": "2026-02-06T18:36:11Z",
          "oplogPath": "/oplog",
          "oplogStoreType": "thirdPartyOplogStore",
          "port": 37017,
          "priority": 1.0,
          "rsId": "sgcShard_1",
          "snapshotable": true,
          "votes": 1
        }
      ],
      "oplogType": "thirdParty"
    },
    {
      "id": "configRS",
      "nodes": [
        {
          "dbPath": "/fimongo1/data",
          "hidden": false,
          "hostname": "mdb-config2",
          "id": "mdb-config2:37017",
          "lastAgentPing": "2026-02-06T18:36:12Z",
          "memberState": "SECONDARY",
          "mongodbVersion": "8.0.10",
          "opTime": "2026-02-06T18:35:12Z",
          "oplogPath": "/oplog",
          "oplogStoreType": "thirdPartyOplogStore",
          "port": 37017,
          "priority": 1.0,
          "rsId": "configRS",
          "snapshotable": true,
          "votes": 1
        },
        {
          "dbPath": "/fimongo1/data",
          "hidden": false,
          "hostname": "mdb-config1",
          "id": "mdb-config1:37017",
          "lastAgentPing": "2026-02-06T18:36:19Z",
          "memberState": "PRIMARY",
          "mongodbVersion": "8.0.10",
          "opTime": "2026-02-06T18:35:13Z",
          "oplogPath": "/oplog",
          "oplogStoreType": "thirdPartyOplogStore",
          "port": 37017,
          "priority": 1.0,
          "rsId": "configRS",
          "snapshotable": true,
          "votes": 1
        },
        {
          "dbPath": "/fimongo1/data",
          "hidden": false,
          "hostname": "mdb7",
          "id": "mdb7:37017",
          "lastAgentPing": "2026-02-06T18:36:32Z",
          "memberState": "SECONDARY",
          "mongodbVersion": "8.0.10",
          "opTime": "2026-02-06T18:35:12Z",
          "oplogPath": "/oplog",
          "oplogStoreType": "thirdPartyOplogStore",
          "port": 37017,
          "priority": 1.0,
          "rsId": "configRS",
          "snapshotable": true,
          "votes": 1
        }
      ],
      "oplogType": "thirdParty"
    }
  ],
  "restoreId": "69862d024ad5445e02728445",
  "snapshotId": "6984ff8b3e4bf100f368ac18"
}
2026-02-06 12:36:36,527 [DEBUG] API POST http://sb1.cpolab.ibm.com:8080/api/public/v1.0/backup/third_party/group/67eed68e0ba1970a07e16b77/clusters/69812cbd3e4bf100f3deacb7/restore
2026-02-06 12:36:36,527 [DEBUG] {
  "snapshotsMetadata": [
    {
      "clusterId": "69812cbd3e4bf100f3deacb7",
      "clusterName": "sgcCluster",
      "groupId": "67eed68e0ba1970a07e16b77",
      "restoreTimestamp": {
        "increment": 1,
        "time": 1770323947
      },
      "rsSnapshotsMetadata": [
        {
          "defaultRWConcern": {
            "defaultReadConcern": {
              "level": "local"
            },
            "defaultReadConcernSource": "implicit",
            "defaultWriteConcern": {
              "w": "majority",
              "wtimeout": 0
            },
            "defaultWriteConcernSource": "implicit",
            "localUpdateWallClockTime": "2026-02-05T20:41:44Z"
          },
          "encryption": false,
          "fcv": "8.0",
          "incremental": true,
          "isConfigShard": false,
          "keyEncryptionUUID": null,
          "lastOplogApplied": {
            "increment": 1,
            "time": 1770323947
          },
          "member": "CONFIG_SERVER",
          "mongodbVersion": "8.0.10",
          "oplogStoreType": "thirdPartyOplogStore",
          "rsId": "configRS",
          "shardId": "",
          "snapshotVersion": 1,
          "srcBackupName": null,
          "startupOptions": {},
          "storageEngine": "wiredTiger",
          "thisBackupName": "mdb7.37017.1770323938"
        },
        {
          "defaultRWConcern": {
            "defaultReadConcern": {
              "level": "local"
            },
            "defaultReadConcernSource": "implicit",
            "defaultWriteConcern": {
              "w": "majority",
              "wtimeout": 0
            },
            "defaultWriteConcernSource": "implicit",
            "localUpdateWallClockTime": "2026-02-05T20:41:44Z"
          },
          "encryption": false,
          "fcv": "8.0",
          "incremental": true,
          "isConfigShard": false,
          "keyEncryptionUUID": null,
          "lastOplogApplied": {
            "increment": 1,
            "time": 1770323947
          },
          "member": "SHARD",
          "mongodbVersion": "8.0.10",
          "oplogStoreType": "thirdPartyOplogStore",
          "rsId": "sgcShard_0",
          "shardId": "sgcShard_0",
          "snapshotVersion": 1,
          "srcBackupName": null,
          "startupOptions": {},
          "storageEngine": "wiredTiger",
          "thisBackupName": "mdb8.37017.1770323954"
        },
        {
          "defaultRWConcern": {
            "defaultReadConcern": {
              "level": "local"
            },
            "defaultReadConcernSource": "implicit",
            "defaultWriteConcern": {
              "w": "majority",
              "wtimeout": 0
            },
            "defaultWriteConcernSource": "implicit",
            "localUpdateWallClockTime": "2026-02-05T20:41:44Z"
          },
          "encryption": false,
          "fcv": "8.0",
          "incremental": true,
          "isConfigShard": false,
          "keyEncryptionUUID": null,
          "lastOplogApplied": {
            "increment": 1,
            "time": 1770323947
          },
          "member": "SHARD",
          "mongodbVersion": "8.0.10",
          "oplogStoreType": "thirdPartyOplogStore",
          "rsId": "sgcShard_1",
          "shardId": "sgcShard_1",
          "snapshotVersion": 1,
          "srcBackupName": null,
          "startupOptions": {},
          "storageEngine": "wiredTiger",
          "thisBackupName": "mdb9.37017.1770323925"
        }
      ],
      "snapshotId": "6984ff8b3e4bf100f368ac18",
      "snapshotTimestamp": {
        "increment": 1,
        "time": 1770323947
      }
    }
  ],
  "nodes": [
    {
      "id": "mdb1:37017",
      "restoreRole": "RESTORE"
    },
    {
      "id": "mdb8:37017",
      "restoreRole": "RESTORE"
    },
    {
      "id": "mdb3:37017",
      "restoreRole": "RESTORE"
    },
    {
      "id": "mdb9:37017",
      "restoreRole": "RESTORE"
    },
    {
      "id": "mdb2:37017",
      "restoreRole": "RESTORE"
    },
    {
      "id": "mdb4:37017",
      "restoreRole": "RESTORE"
    },
    {
      "id": "mdb-config2:37017",
      "restoreRole": "RESTORE"
    },
    {
      "id": "mdb-config1:37017",
      "restoreRole": "RESTORE"
    },
    {
      "id": "mdb7:37017",
      "restoreRole": "RESTORE"
    }
  ]
}
2026-02-06 12:36:36,667 [DEBUG] STATUS 200
2026-02-06 12:36:36,667 [DEBUG] {
  "clusterMapping": [
    {
      "nodes": [
        {
          "error": null,
          "hostname": "mdb-config2",
          "id": "mdb-config2:37017",
          "port": 37017,
          "rsId": "configRS",
          "state": "INITIAL",
          "stateUpdateTime": null
        },
        {
          "error": null,
          "hostname": "mdb-config1",
          "id": "mdb-config1:37017",
          "port": 37017,
          "rsId": "configRS",
          "state": "INITIAL",
          "stateUpdateTime": null
        },
        {
          "error": null,
          "hostname": "mdb7",
          "id": "mdb7:37017",
          "port": 37017,
          "rsId": "configRS",
          "state": "INITIAL",
          "stateUpdateTime": null
        }
      ],
      "rsId": "configRS",
      "targetRsId": "configRS"
    },
    {
      "nodes": [
        {
          "error": null,
          "hostname": "mdb1",
          "id": "mdb1:37017",
          "port": 37017,
          "rsId": "sgcShard_0",
          "state": "INITIAL",
          "stateUpdateTime": null
        },
        {
          "error": null,
          "hostname": "mdb8",
          "id": "mdb8:37017",
          "port": 37017,
          "rsId": "sgcShard_0",
          "state": "INITIAL",
          "stateUpdateTime": null
        },
        {
          "error": null,
          "hostname": "mdb3",
          "id": "mdb3:37017",
          "port": 37017,
          "rsId": "sgcShard_0",
          "state": "INITIAL",
          "stateUpdateTime": null
        }
      ],
      "rsId": "sgcShard_0",
      "targetRsId": "sgcShard_0"
    },
    {
      "nodes": [
        {
          "error": null,
          "hostname": "mdb9",
          "id": "mdb9:37017",
          "port": 37017,
          "rsId": "sgcShard_1",
          "state": "INITIAL",
          "stateUpdateTime": null
        },
        {
          "error": null,
          "hostname": "mdb2",
          "id": "mdb2:37017",
          "port": 37017,
          "rsId": "sgcShard_1",
          "state": "INITIAL",
          "stateUpdateTime": null
        },
        {
          "error": null,
          "hostname": "mdb4",
          "id": "mdb4:37017",
          "port": 37017,
          "rsId": "sgcShard_1",
          "state": "INITIAL",
          "stateUpdateTime": null
        }
      ],
      "rsId": "sgcShard_1",
      "targetRsId": "sgcShard_1"
    }
  ],
  "restoreId": "698634b44ad5445e0272882c"
}
2026-02-06 12:36:36,669 [INFO] Restore ID: 698634b44ad5445e0272882c
2026-02-06 12:36:36,669 [DEBUG] API POST http://sb1.cpolab.ibm.com:8080/api/public/v1.0/backup/third_party/group/67eed68e0ba1970a07e16b77/restore/698634b44ad5445e0272882c/start
2026-02-06 12:36:36,959 [DEBUG] STATUS 200
2026-02-06 12:36:36,959 [DEBUG] {
  "errorCode": "NONE",
  "version": "1",
  "status": "OK"
}
2026-02-06 12:36:36,959 [DEBUG] API GET http://sb1.cpolab.ibm.com:8080/api/public/v1.0/backup/third_party/group/67eed68e0ba1970a07e16b77/restore/698634b44ad5445e0272882c
2026-02-06 12:36:37,111 [DEBUG] STATUS 200
2026-02-06 12:36:37,111 [DEBUG] {
  "clusterMapping": [
    {
      "rsId": "sgcShard_0",
      "targetRsId": "sgcShard_0"
    },
    {
      "rsId": "sgcShard_1",
      "targetRsId": "sgcShard_1"
    },
    {
      "rsId": "configRS",
      "targetRsId": "configRS"
    }
  ],
  "nodes": [
    {
      "error": null,
      "hostname": "mdb1",
      "id": "mdb1:37017",
      "port": 37017,
      "rsId": "sgcShard_0",
      "state": "PENDING",
      "stateUpdateTime": 1770402996
    },
    {
      "error": null,
      "hostname": "mdb8",
      "id": "mdb8:37017",
      "port": 37017,
      "rsId": "sgcShard_0",
      "state": "PENDING",
      "stateUpdateTime": 1770402996
    },
    {
      "error": null,
      "hostname": "mdb3",
      "id": "mdb3:37017",
      "port": 37017,
      "rsId": "sgcShard_0",
      "state": "PENDING",
      "stateUpdateTime": 1770402996
    },
    {
      "error": null,
      "hostname": "mdb9",
      "id": "mdb9:37017",
      "port": 37017,
      "rsId": "sgcShard_1",
      "state": "PENDING",
      "stateUpdateTime": 1770402996
    },
    {
      "error": null,
      "hostname": "mdb2",
      "id": "mdb2:37017",
      "port": 37017,
      "rsId": "sgcShard_1",
      "state": "PENDING",
      "stateUpdateTime": 1770402996
    },
    {
      "error": null,
      "hostname": "mdb4",
      "id": "mdb4:37017",
      "port": 37017,
      "rsId": "sgcShard_1",
      "state": "PENDING",
      "stateUpdateTime": 1770402996
    },
    {
      "error": null,
      "hostname": "mdb-config2",
      "id": "mdb-config2:37017",
      "port": 37017,
      "rsId": "configRS",
      "state": "PENDING",
      "stateUpdateTime": 1770402996
    },
    {
      "error": null,
      "hostname": "mdb-config1",
      "id": "mdb-config1:37017",
      "port": 37017,
      "rsId": "configRS",
      "state": "PENDING",
      "stateUpdateTime": 1770402996
    },
    {
      "error": null,
      "hostname": "mdb7",
      "id": "mdb7:37017",
      "port": 37017,
      "rsId": "configRS",
      "state": "PENDING",
      "stateUpdateTime": 1770402996
    }
  ],
  "state": "PENDING"
}
2026-02-06 12:36:37,111 [INFO] Restore state: PENDING
2026-02-06 12:36:47,112 [DEBUG] API GET http://sb1.cpolab.ibm.com:8080/api/public/v1.0/backup/third_party/group/67eed68e0ba1970a07e16b77/restore/698634b44ad5445e0272882c
2026-02-06 12:36:47,283 [DEBUG] STATUS 200
2026-02-06 12:36:47,283 [DEBUG] {
  "clusterMapping": [
    {
      "rsId": "sgcShard_0",
      "targetRsId": "sgcShard_0"
    },
    {
      "rsId": "sgcShard_1",
      "targetRsId": "sgcShard_1"
    },
    {
      "rsId": "configRS",
      "targetRsId": "configRS"
    }
  ],
  "nodes": [
    {
      "error": null,
      "hostname": "mdb1",
      "id": "mdb1:37017",
      "port": 37017,
      "rsId": "sgcShard_0",
      "state": "COMPLETED",
      "stateUpdateTime": 0
    },
    {
      "error": null,
      "hostname": "mdb8",
      "id": "mdb8:37017",
      "port": 37017,
      "rsId": "sgcShard_0",
      "state": "COMPLETED",
      "stateUpdateTime": 0
    },
    {
      "error": null,
      "hostname": "mdb3",
      "id": "mdb3:37017",
      "port": 37017,
      "rsId": "sgcShard_0",
      "state": "COMPLETED",
      "stateUpdateTime": 0
    },
    {
      "error": null,
      "hostname": "mdb9",
      "id": "mdb9:37017",
      "port": 37017,
      "rsId": "sgcShard_1",
      "state": "COMPLETED",
      "stateUpdateTime": 0
    },
    {
      "error": null,
      "hostname": "mdb2",
      "id": "mdb2:37017",
      "port": 37017,
      "rsId": "sgcShard_1",
      "state": "COMPLETED",
      "stateUpdateTime": 0
    },
    {
      "error": null,
      "hostname": "mdb4",
      "id": "mdb4:37017",
      "port": 37017,
      "rsId": "sgcShard_1",
      "state": "COMPLETED",
      "stateUpdateTime": 0
    },
    {
      "error": null,
      "hostname": "mdb-config2",
      "id": "mdb-config2:37017",
      "port": 37017,
      "rsId": "configRS",
      "state": "COMPLETED",
      "stateUpdateTime": 0
    },
    {
      "error": null,
      "hostname": "mdb-config1",
      "id": "mdb-config1:37017",
      "port": 37017,
      "rsId": "configRS",
      "state": "COMPLETED",
      "stateUpdateTime": 0
    },
    {
      "error": null,
      "hostname": "mdb7",
      "id": "mdb7:37017",
      "port": 37017,
      "rsId": "configRS",
      "state": "COMPLETED",
      "stateUpdateTime": 0
    }
  ],
  "state": "PENDING"
}
2026-02-06 12:36:47,283 [INFO] Restore state: PENDING
2026-02-06 12:36:57,284 [DEBUG] API GET http://sb1.cpolab.ibm.com:8080/api/public/v1.0/backup/third_party/group/67eed68e0ba1970a07e16b77/restore/698634b44ad5445e0272882c
2026-02-06 12:36:57,451 [DEBUG] STATUS 200
2026-02-06 12:36:57,451 [DEBUG] {
  "clusterMapping": [
    {
      "rsId": "sgcShard_0",
      "targetRsId": "sgcShard_0"
    },
    {
      "rsId": "sgcShard_1",
      "targetRsId": "sgcShard_1"
    },
    {
      "rsId": "configRS",
      "targetRsId": "configRS"
    }
  ],
  "nodes": [
    {
      "error": null,
      "hostname": "mdb1",
      "id": "mdb1:37017",
      "port": 37017,
      "rsId": "sgcShard_0",
      "state": "COMPLETED",
      "stateUpdateTime": 0
    },
    {
      "error": null,
      "hostname": "mdb8",
      "id": "mdb8:37017",
      "port": 37017,
      "rsId": "sgcShard_0",
      "state": "COMPLETED",
      "stateUpdateTime": 0
    },
    {
      "error": null,
      "hostname": "mdb3",
      "id": "mdb3:37017",
      "port": 37017,
      "rsId": "sgcShard_0",
      "state": "COMPLETED",
      "stateUpdateTime": 0
    },
    {
      "error": null,
      "hostname": "mdb9",
      "id": "mdb9:37017",
      "port": 37017,
      "rsId": "sgcShard_1",
      "state": "COMPLETED",
      "stateUpdateTime": 0
    },
    {
      "error": null,
      "hostname": "mdb2",
      "id": "mdb2:37017",
      "port": 37017,
      "rsId": "sgcShard_1",
      "state": "COMPLETED",
      "stateUpdateTime": 0
    },
    {
      "error": null,
      "hostname": "mdb4",
      "id": "mdb4:37017",
      "port": 37017,
      "rsId": "sgcShard_1",
      "state": "COMPLETED",
      "stateUpdateTime": 0
    },
    {
      "error": null,
      "hostname": "mdb-config2",
      "id": "mdb-config2:37017",
      "port": 37017,
      "rsId": "configRS",
      "state": "COMPLETED",
      "stateUpdateTime": 0
    },
    {
      "error": null,
      "hostname": "mdb-config1",
      "id": "mdb-config1:37017",
      "port": 37017,
      "rsId": "configRS",
      "state": "COMPLETED",
      "stateUpdateTime": 0
    },
    {
      "error": null,
      "hostname": "mdb7",
      "id": "mdb7:37017",
      "port": 37017,
      "rsId": "configRS",
      "state": "COMPLETED",
      "stateUpdateTime": 0
    }
  ],
  "state": "PENDING"
}
2026-02-06 12:36:57,451 [INFO] Restore state: PENDING
2026-02-06 12:37:07,452 [DEBUG] API GET http://sb1.cpolab.ibm.com:8080/api/public/v1.0/backup/third_party/group/67eed68e0ba1970a07e16b77/restore/698634b44ad5445e0272882c
2026-02-06 12:37:07,620 [DEBUG] STATUS 200
2026-02-06 12:37:07,620 [DEBUG] {
  "clusterMapping": [
    {
      "rsId": "sgcShard_0",
      "targetRsId": "sgcShard_0"
    },
    {
      "rsId": "sgcShard_1",
      "targetRsId": "sgcShard_1"
    },
    {
      "rsId": "configRS",
      "targetRsId": "configRS"
    }
  ],
  "nodes": [
    {
      "error": null,
      "hostname": "mdb1",
      "id": "mdb1:37017",
      "port": 37017,
      "rsId": "sgcShard_0",
      "state": "COMPLETED",
      "stateUpdateTime": 0
    },
    {
      "error": null,
      "hostname": "mdb8",
      "id": "mdb8:37017",
      "port": 37017,
      "rsId": "sgcShard_0",
      "state": "COMPLETED",
      "stateUpdateTime": 0
    },
    {
      "error": null,
      "hostname": "mdb3",
      "id": "mdb3:37017",
      "port": 37017,
      "rsId": "sgcShard_0",
      "state": "COMPLETED",
      "stateUpdateTime": 0
    },
    {
      "error": null,
      "hostname": "mdb9",
      "id": "mdb9:37017",
      "port": 37017,
      "rsId": "sgcShard_1",
      "state": "COMPLETED",
      "stateUpdateTime": 0
    },
    {
      "error": null,
      "hostname": "mdb2",
      "id": "mdb2:37017",
      "port": 37017,
      "rsId": "sgcShard_1",
      "state": "COMPLETED",
      "stateUpdateTime": 0
    },
    {
      "error": null,
      "hostname": "mdb4",
      "id": "mdb4:37017",
      "port": 37017,
      "rsId": "sgcShard_1",
      "state": "COMPLETED",
      "stateUpdateTime": 0
    },
    {
      "error": null,
      "hostname": "mdb-config2",
      "id": "mdb-config2:37017",
      "port": 37017,
      "rsId": "configRS",
      "state": "COMPLETED",
      "stateUpdateTime": 0
    },
    {
      "error": null,
      "hostname": "mdb-config1",
      "id": "mdb-config1:37017",
      "port": 37017,
      "rsId": "configRS",
      "state": "COMPLETED",
      "stateUpdateTime": 0
    },
    {
      "error": null,
      "hostname": "mdb7",
      "id": "mdb7:37017",
      "port": 37017,
      "rsId": "configRS",
      "state": "COMPLETED",
      "stateUpdateTime": 0
    }
  ],
  "state": "PENDING"
}
2026-02-06 12:37:07,620 [INFO] Restore state: PENDING
2026-02-06 12:37:17,621 [DEBUG] API GET http://sb1.cpolab.ibm.com:8080/api/public/v1.0/backup/third_party/group/67eed68e0ba1970a07e16b77/restore/698634b44ad5445e0272882c
2026-02-06 12:37:17,801 [DEBUG] STATUS 200
2026-02-06 12:37:17,801 [DEBUG] {
  "clusterMapping": [
    {
      "rsId": "sgcShard_0",
      "targetRsId": "sgcShard_0"
    },
    {
      "rsId": "sgcShard_1",
      "targetRsId": "sgcShard_1"
    },
    {
      "rsId": "configRS",
      "targetRsId": "configRS"
    }
  ],
  "nodes": [
    {
      "error": null,
      "hostname": "mdb1",
      "id": "mdb1:37017",
      "port": 37017,
      "rsId": "sgcShard_0",
      "state": "SHUTDOWN_IN_PROGRESS",
      "stateUpdateTime": 1770403036
    },
    {
      "error": null,
      "hostname": "mdb8",
      "id": "mdb8:37017",
      "port": 37017,
      "rsId": "sgcShard_0",
      "state": "SHUTDOWN_IN_PROGRESS",
      "stateUpdateTime": 1770403036
    },
    {
      "error": null,
      "hostname": "mdb3",
      "id": "mdb3:37017",
      "port": 37017,
      "rsId": "sgcShard_0",
      "state": "SHUTDOWN_IN_PROGRESS",
      "stateUpdateTime": 1770403036
    },
    {
      "error": null,
      "hostname": "mdb9",
      "id": "mdb9:37017",
      "port": 37017,
      "rsId": "sgcShard_1",
      "state": "SHUTDOWN_IN_PROGRESS",
      "stateUpdateTime": 1770403036
    },
    {
      "error": null,
      "hostname": "mdb2",
      "id": "mdb2:37017",
      "port": 37017,
      "rsId": "sgcShard_1",
      "state": "SHUTDOWN_IN_PROGRESS",
      "stateUpdateTime": 1770403036
    },
    {
      "error": null,
      "hostname": "mdb4",
      "id": "mdb4:37017",
      "port": 37017,
      "rsId": "sgcShard_1",
      "state": "SHUTDOWN_IN_PROGRESS",
      "stateUpdateTime": 1770403036
    },
    {
      "error": null,
      "hostname": "mdb-config2",
      "id": "mdb-config2:37017",
      "port": 37017,
      "rsId": "configRS",
      "state": "SHUTDOWN_IN_PROGRESS",
      "stateUpdateTime": 1770403036
    },
    {
      "error": null,
      "hostname": "mdb-config1",
      "id": "mdb-config1:37017",
      "port": 37017,
      "rsId": "configRS",
      "state": "SHUTDOWN_IN_PROGRESS",
      "stateUpdateTime": 1770403036
    },
    {
      "error": null,
      "hostname": "mdb7",
      "id": "mdb7:37017",
      "port": 37017,
      "rsId": "configRS",
      "state": "SHUTDOWN_IN_PROGRESS",
      "stateUpdateTime": 1770403036
    }
  ],
  "state": "SHUTDOWN_IN_PROGRESS"
}
2026-02-06 12:37:17,801 [INFO] Restore state: SHUTDOWN_IN_PROGRESS
2026-02-06 12:37:27,802 [DEBUG] API GET http://sb1.cpolab.ibm.com:8080/api/public/v1.0/backup/third_party/group/67eed68e0ba1970a07e16b77/restore/698634b44ad5445e0272882c
2026-02-06 12:37:27,965 [DEBUG] STATUS 200
2026-02-06 12:37:27,966 [DEBUG] {
  "clusterMapping": [
    {
      "rsId": "sgcShard_0",
      "targetRsId": "sgcShard_0"
    },
    {
      "rsId": "sgcShard_1",
      "targetRsId": "sgcShard_1"
    },
    {
      "rsId": "configRS",
      "targetRsId": "configRS"
    }
  ],
  "nodes": [
    {
      "error": null,
      "hostname": "mdb1",
      "id": "mdb1:37017",
      "port": 37017,
      "rsId": "sgcShard_0",
      "state": "SHUTDOWN_IN_PROGRESS",
      "stateUpdateTime": 1770403036
    },
    {
      "error": null,
      "hostname": "mdb8",
      "id": "mdb8:37017",
      "port": 37017,
      "rsId": "sgcShard_0",
      "state": "SHUTDOWN_IN_PROGRESS",
      "stateUpdateTime": 1770403036
    },
    {
      "error": null,
      "hostname": "mdb3",
      "id": "mdb3:37017",
      "port": 37017,
      "rsId": "sgcShard_0",
      "state": "SHUTDOWN_IN_PROGRESS",
      "stateUpdateTime": 1770403036
    },
    {
      "error": null,
      "hostname": "mdb9",
      "id": "mdb9:37017",
      "port": 37017,
      "rsId": "sgcShard_1",
      "state": "SHUTDOWN_IN_PROGRESS",
      "stateUpdateTime": 1770403036
    },
    {
      "error": null,
      "hostname": "mdb2",
      "id": "mdb2:37017",
      "port": 37017,
      "rsId": "sgcShard_1",
      "state": "SHUTDOWN_IN_PROGRESS",
      "stateUpdateTime": 1770403036
    },
    {
      "error": null,
      "hostname": "mdb4",
      "id": "mdb4:37017",
      "port": 37017,
      "rsId": "sgcShard_1",
      "state": "SHUTDOWN_IN_PROGRESS",
      "stateUpdateTime": 1770403036
    },
    {
      "error": null,
      "hostname": "mdb-config2",
      "id": "mdb-config2:37017",
      "port": 37017,
      "rsId": "configRS",
      "state": "SHUTDOWN_IN_PROGRESS",
      "stateUpdateTime": 1770403036
    },
    {
      "error": null,
      "hostname": "mdb-config1",
      "id": "mdb-config1:37017",
      "port": 37017,
      "rsId": "configRS",
      "state": "SHUTDOWN_IN_PROGRESS",
      "stateUpdateTime": 1770403036
    },
    {
      "error": null,
      "hostname": "mdb7",
      "id": "mdb7:37017",
      "port": 37017,
      "rsId": "configRS",
      "state": "SHUTDOWN_IN_PROGRESS",
      "stateUpdateTime": 1770403036
    }
  ],
  "state": "SHUTDOWN_IN_PROGRESS"
}
2026-02-06 12:37:27,966 [INFO] Restore state: SHUTDOWN_IN_PROGRESS
2026-02-06 12:37:37,967 [DEBUG] API GET http://sb1.cpolab.ibm.com:8080/api/public/v1.0/backup/third_party/group/67eed68e0ba1970a07e16b77/restore/698634b44ad5445e0272882c
2026-02-06 12:37:38,191 [DEBUG] STATUS 200
2026-02-06 12:37:38,192 [DEBUG] {
  "clusterMapping": [
    {
      "rsId": "sgcShard_0",
      "targetRsId": "sgcShard_0"
    },
    {
      "rsId": "sgcShard_1",
      "targetRsId": "sgcShard_1"
    },
    {
      "rsId": "configRS",
      "targetRsId": "configRS"
    }
  ],
  "nodes": [
    {
      "error": null,
      "hostname": "mdb1",
      "id": "mdb1:37017",
      "port": 37017,
      "rsId": "sgcShard_0",
      "state": "SHUTDOWN_IN_PROGRESS",
      "stateUpdateTime": 1770403036
    },
    {
      "error": null,
      "hostname": "mdb8",
      "id": "mdb8:37017",
      "port": 37017,
      "rsId": "sgcShard_0",
      "state": "SHUTDOWN_IN_PROGRESS",
      "stateUpdateTime": 1770403036
    },
    {
      "error": null,
      "hostname": "mdb3",
      "id": "mdb3:37017",
      "port": 37017,
      "rsId": "sgcShard_0",
      "state": "SHUTDOWN_IN_PROGRESS",
      "stateUpdateTime": 1770403036
    },
    {
      "error": null,
      "hostname": "mdb9",
      "id": "mdb9:37017",
      "port": 37017,
      "rsId": "sgcShard_1",
      "state": "SHUTDOWN_IN_PROGRESS",
      "stateUpdateTime": 1770403036
    },
    {
      "error": null,
      "hostname": "mdb2",
      "id": "mdb2:37017",
      "port": 37017,
      "rsId": "sgcShard_1",
      "state": "SHUTDOWN_IN_PROGRESS",
      "stateUpdateTime": 1770403036
    },
    {
      "error": null,
      "hostname": "mdb4",
      "id": "mdb4:37017",
      "port": 37017,
      "rsId": "sgcShard_1",
      "state": "SHUTDOWN_IN_PROGRESS",
      "stateUpdateTime": 1770403036
    },
    {
      "error": null,
      "hostname": "mdb-config2",
      "id": "mdb-config2:37017",
      "port": 37017,
      "rsId": "configRS",
      "state": "SHUTDOWN_IN_PROGRESS",
      "stateUpdateTime": 1770403036
    },
    {
      "error": null,
      "hostname": "mdb-config1",
      "id": "mdb-config1:37017",
      "port": 37017,
      "rsId": "configRS",
      "state": "SHUTDOWN_IN_PROGRESS",
      "stateUpdateTime": 1770403036
    },
    {
      "error": null,
      "hostname": "mdb7",
      "id": "mdb7:37017",
      "port": 37017,
      "rsId": "configRS",
      "state": "SHUTDOWN_IN_PROGRESS",
      "stateUpdateTime": 1770403036
    }
  ],
  "state": "SHUTDOWN_IN_PROGRESS"
}
2026-02-06 12:37:38,192 [INFO] Restore state: SHUTDOWN_IN_PROGRESS
2026-02-06 12:37:48,193 [DEBUG] API GET http://sb1.cpolab.ibm.com:8080/api/public/v1.0/backup/third_party/group/67eed68e0ba1970a07e16b77/restore/698634b44ad5445e0272882c
2026-02-06 12:37:48,359 [DEBUG] STATUS 200
2026-02-06 12:37:48,359 [DEBUG] {
  "clusterMapping": [
    {
      "rsId": "sgcShard_0",
      "targetRsId": "sgcShard_0"
    },
    {
      "rsId": "sgcShard_1",
      "targetRsId": "sgcShard_1"
    },
    {
      "rsId": "configRS",
      "targetRsId": "configRS"
    }
  ],
  "nodes": [
    {
      "error": null,
      "hostname": "mdb1",
      "id": "mdb1:37017",
      "port": 37017,
      "rsId": "sgcShard_0",
      "state": "SHUTDOWN_IN_PROGRESS",
      "stateUpdateTime": 1770403036
    },
    {
      "error": null,
      "hostname": "mdb8",
      "id": "mdb8:37017",
      "port": 37017,
      "rsId": "sgcShard_0",
      "state": "SHUTDOWN_IN_PROGRESS",
      "stateUpdateTime": 1770403036
    },
    {
      "error": null,
      "hostname": "mdb3",
      "id": "mdb3:37017",
      "port": 37017,
      "rsId": "sgcShard_0",
      "state": "SHUTDOWN_IN_PROGRESS",
      "stateUpdateTime": 1770403036
    },
    {
      "error": null,
      "hostname": "mdb9",
      "id": "mdb9:37017",
      "port": 37017,
      "rsId": "sgcShard_1",
      "state": "SHUTDOWN_IN_PROGRESS",
      "stateUpdateTime": 1770403036
    },
    {
      "error": null,
      "hostname": "mdb2",
      "id": "mdb2:37017",
      "port": 37017,
      "rsId": "sgcShard_1",
      "state": "SHUTDOWN_IN_PROGRESS",
      "stateUpdateTime": 1770403036
    },
    {
      "error": null,
      "hostname": "mdb4",
      "id": "mdb4:37017",
      "port": 37017,
      "rsId": "sgcShard_1",
      "state": "SHUTDOWN_IN_PROGRESS",
      "stateUpdateTime": 1770403036
    },
    {
      "error": null,
      "hostname": "mdb-config2",
      "id": "mdb-config2:37017",
      "port": 37017,
      "rsId": "configRS",
      "state": "SHUTDOWN_IN_PROGRESS",
      "stateUpdateTime": 1770403036
    },
    {
      "error": null,
      "hostname": "mdb-config1",
      "id": "mdb-config1:37017",
      "port": 37017,
      "rsId": "configRS",
      "state": "SHUTDOWN_IN_PROGRESS",
      "stateUpdateTime": 1770403036
    },
    {
      "error": null,
      "hostname": "mdb7",
      "id": "mdb7:37017",
      "port": 37017,
      "rsId": "configRS",
      "state": "SHUTDOWN_IN_PROGRESS",
      "stateUpdateTime": 1770403036
    }
  ],
  "state": "SHUTDOWN_IN_PROGRESS"
}
2026-02-06 12:37:48,360 [INFO] Restore state: SHUTDOWN_IN_PROGRESS
2026-02-06 12:37:58,360 [DEBUG] API GET http://sb1.cpolab.ibm.com:8080/api/public/v1.0/backup/third_party/group/67eed68e0ba1970a07e16b77/restore/698634b44ad5445e0272882c
2026-02-06 12:37:58,527 [DEBUG] STATUS 200
2026-02-06 12:37:58,527 [DEBUG] {
  "clusterMapping": [
    {
      "rsId": "sgcShard_0",
      "targetRsId": "sgcShard_0"
    },
    {
      "rsId": "sgcShard_1",
      "targetRsId": "sgcShard_1"
    },
    {
      "rsId": "configRS",
      "targetRsId": "configRS"
    }
  ],
  "nodes": [
    {
      "error": null,
      "hostname": "mdb1",
      "id": "mdb1:37017",
      "port": 37017,
      "rsId": "sgcShard_0",
      "state": "SHUTDOWN_IN_PROGRESS",
      "stateUpdateTime": 1770403036
    },
    {
      "error": null,
      "hostname": "mdb8",
      "id": "mdb8:37017",
      "port": 37017,
      "rsId": "sgcShard_0",
      "state": "SHUTDOWN_IN_PROGRESS",
      "stateUpdateTime": 1770403036
    },
    {
      "error": null,
      "hostname": "mdb3",
      "id": "mdb3:37017",
      "port": 37017,
      "rsId": "sgcShard_0",
      "state": "SHUTDOWN_IN_PROGRESS",
      "stateUpdateTime": 1770403036
    },
    {
      "error": null,
      "hostname": "mdb9",
      "id": "mdb9:37017",
      "port": 37017,
      "rsId": "sgcShard_1",
      "state": "SHUTDOWN_IN_PROGRESS",
      "stateUpdateTime": 1770403036
    },
    {
      "error": null,
      "hostname": "mdb2",
      "id": "mdb2:37017",
      "port": 37017,
      "rsId": "sgcShard_1",
      "state": "SHUTDOWN_IN_PROGRESS",
      "stateUpdateTime": 1770403036
    },
    {
      "error": null,
      "hostname": "mdb4",
      "id": "mdb4:37017",
      "port": 37017,
      "rsId": "sgcShard_1",
      "state": "SHUTDOWN_IN_PROGRESS",
      "stateUpdateTime": 1770403036
    },
    {
      "error": null,
      "hostname": "mdb-config2",
      "id": "mdb-config2:37017",
      "port": 37017,
      "rsId": "configRS",
      "state": "SHUTDOWN_IN_PROGRESS",
      "stateUpdateTime": 1770403036
    },
    {
      "error": null,
      "hostname": "mdb-config1",
      "id": "mdb-config1:37017",
      "port": 37017,
      "rsId": "configRS",
      "state": "SHUTDOWN_IN_PROGRESS",
      "stateUpdateTime": 1770403036
    },
    {
      "error": null,
      "hostname": "mdb7",
      "id": "mdb7:37017",
      "port": 37017,
      "rsId": "configRS",
      "state": "SHUTDOWN_IN_PROGRESS",
      "stateUpdateTime": 1770403036
    }
  ],
  "state": "SHUTDOWN_IN_PROGRESS"
}
2026-02-06 12:37:58,527 [INFO] Restore state: SHUTDOWN_IN_PROGRESS
2026-02-06 12:38:08,528 [DEBUG] API GET http://sb1.cpolab.ibm.com:8080/api/public/v1.0/backup/third_party/group/67eed68e0ba1970a07e16b77/restore/698634b44ad5445e0272882c
2026-02-06 12:38:08,708 [DEBUG] STATUS 200
2026-02-06 12:38:08,708 [DEBUG] {
  "clusterMapping": [
    {
      "rsId": "sgcShard_0",
      "targetRsId": "sgcShard_0"
    },
    {
      "rsId": "sgcShard_1",
      "targetRsId": "sgcShard_1"
    },
    {
      "rsId": "configRS",
      "targetRsId": "configRS"
    }
  ],
  "nodes": [
    {
      "error": null,
      "hostname": "mdb1",
      "id": "mdb1:37017",
      "port": 37017,
      "rsId": "sgcShard_0",
      "state": "SHUTDOWN_IN_PROGRESS",
      "stateUpdateTime": 1770403036
    },
    {
      "error": null,
      "hostname": "mdb8",
      "id": "mdb8:37017",
      "port": 37017,
      "rsId": "sgcShard_0",
      "state": "SHUTDOWN_IN_PROGRESS",
      "stateUpdateTime": 1770403036
    },
    {
      "error": null,
      "hostname": "mdb3",
      "id": "mdb3:37017",
      "port": 37017,
      "rsId": "sgcShard_0",
      "state": "SHUTDOWN_IN_PROGRESS",
      "stateUpdateTime": 1770403036
    },
    {
      "error": null,
      "hostname": "mdb9",
      "id": "mdb9:37017",
      "port": 37017,
      "rsId": "sgcShard_1",
      "state": "SHUTDOWN_IN_PROGRESS",
      "stateUpdateTime": 1770403036
    },
    {
      "error": null,
      "hostname": "mdb2",
      "id": "mdb2:37017",
      "port": 37017,
      "rsId": "sgcShard_1",
      "state": "SHUTDOWN_IN_PROGRESS",
      "stateUpdateTime": 1770403036
    },
    {
      "error": null,
      "hostname": "mdb4",
      "id": "mdb4:37017",
      "port": 37017,
      "rsId": "sgcShard_1",
      "state": "SHUTDOWN_IN_PROGRESS",
      "stateUpdateTime": 1770403036
    },
    {
      "error": null,
      "hostname": "mdb-config2",
      "id": "mdb-config2:37017",
      "port": 37017,
      "rsId": "configRS",
      "state": "SHUTDOWN_IN_PROGRESS",
      "stateUpdateTime": 1770403036
    },
    {
      "error": null,
      "hostname": "mdb-config1",
      "id": "mdb-config1:37017",
      "port": 37017,
      "rsId": "configRS",
      "state": "SHUTDOWN_IN_PROGRESS",
      "stateUpdateTime": 1770403036
    },
    {
      "error": null,
      "hostname": "mdb7",
      "id": "mdb7:37017",
      "port": 37017,
      "rsId": "configRS",
      "state": "SHUTDOWN_IN_PROGRESS",
      "stateUpdateTime": 1770403036
    }
  ],
  "state": "SHUTDOWN_IN_PROGRESS"
}
2026-02-06 12:38:08,708 [INFO] Restore state: SHUTDOWN_IN_PROGRESS
2026-02-06 12:38:18,709 [DEBUG] API GET http://sb1.cpolab.ibm.com:8080/api/public/v1.0/backup/third_party/group/67eed68e0ba1970a07e16b77/restore/698634b44ad5445e0272882c
2026-02-06 12:38:18,877 [DEBUG] STATUS 200
2026-02-06 12:38:18,877 [DEBUG] {
  "clusterMapping": [
    {
      "rsId": "sgcShard_0",
      "targetRsId": "sgcShard_0"
    },
    {
      "rsId": "sgcShard_1",
      "targetRsId": "sgcShard_1"
    },
    {
      "rsId": "configRS",
      "targetRsId": "configRS"
    }
  ],
  "nodes": [
    {
      "error": null,
      "hostname": "mdb1",
      "id": "mdb1:37017",
      "port": 37017,
      "rsId": "sgcShard_0",
      "state": "SHUTDOWN_IN_PROGRESS",
      "stateUpdateTime": 1770403036
    },
    {
      "error": null,
      "hostname": "mdb8",
      "id": "mdb8:37017",
      "port": 37017,
      "rsId": "sgcShard_0",
      "state": "SHUTDOWN_IN_PROGRESS",
      "stateUpdateTime": 1770403036
    },
    {
      "error": null,
      "hostname": "mdb3",
      "id": "mdb3:37017",
      "port": 37017,
      "rsId": "sgcShard_0",
      "state": "SHUTDOWN_IN_PROGRESS",
      "stateUpdateTime": 1770403036
    },
    {
      "error": null,
      "hostname": "mdb9",
      "id": "mdb9:37017",
      "port": 37017,
      "rsId": "sgcShard_1",
      "state": "SHUTDOWN_IN_PROGRESS",
      "stateUpdateTime": 1770403036
    },
    {
      "error": null,
      "hostname": "mdb2",
      "id": "mdb2:37017",
      "port": 37017,
      "rsId": "sgcShard_1",
      "state": "SHUTDOWN_IN_PROGRESS",
      "stateUpdateTime": 1770403036
    },
    {
      "error": null,
      "hostname": "mdb4",
      "id": "mdb4:37017",
      "port": 37017,
      "rsId": "sgcShard_1",
      "state": "SHUTDOWN_IN_PROGRESS",
      "stateUpdateTime": 1770403036
    },
    {
      "error": null,
      "hostname": "mdb-config2",
      "id": "mdb-config2:37017",
      "port": 37017,
      "rsId": "configRS",
      "state": "SHUTDOWN_IN_PROGRESS",
      "stateUpdateTime": 1770403036
    },
    {
      "error": null,
      "hostname": "mdb-config1",
      "id": "mdb-config1:37017",
      "port": 37017,
      "rsId": "configRS",
      "state": "SHUTDOWN_IN_PROGRESS",
      "stateUpdateTime": 1770403036
    },
    {
      "error": null,
      "hostname": "mdb7",
      "id": "mdb7:37017",
      "port": 37017,
      "rsId": "configRS",
      "state": "SHUTDOWN_IN_PROGRESS",
      "stateUpdateTime": 1770403036
    }
  ],
  "state": "SHUTDOWN_IN_PROGRESS"
}
2026-02-06 12:38:18,877 [INFO] Restore state: SHUTDOWN_IN_PROGRESS
2026-02-06 12:38:28,878 [DEBUG] API GET http://sb1.cpolab.ibm.com:8080/api/public/v1.0/backup/third_party/group/67eed68e0ba1970a07e16b77/restore/698634b44ad5445e0272882c
2026-02-06 12:38:29,044 [DEBUG] STATUS 200
2026-02-06 12:38:29,044 [DEBUG] {
  "clusterMapping": [
    {
      "rsId": "sgcShard_0",
      "targetRsId": "sgcShard_0"
    },
    {
      "rsId": "sgcShard_1",
      "targetRsId": "sgcShard_1"
    },
    {
      "rsId": "configRS",
      "targetRsId": "configRS"
    }
  ],
  "nodes": [
    {
      "error": null,
      "hostname": "mdb1",
      "id": "mdb1:37017",
      "port": 37017,
      "rsId": "sgcShard_0",
      "state": "SHUTDOWN_IN_PROGRESS",
      "stateUpdateTime": 1770403036
    },
    {
      "error": null,
      "hostname": "mdb8",
      "id": "mdb8:37017",
      "port": 37017,
      "rsId": "sgcShard_0",
      "state": "SHUTDOWN_IN_PROGRESS",
      "stateUpdateTime": 1770403036
    },
    {
      "error": null,
      "hostname": "mdb3",
      "id": "mdb3:37017",
      "port": 37017,
      "rsId": "sgcShard_0",
      "state": "SHUTDOWN_IN_PROGRESS",
      "stateUpdateTime": 1770403036
    },
    {
      "error": null,
      "hostname": "mdb9",
      "id": "mdb9:37017",
      "port": 37017,
      "rsId": "sgcShard_1",
      "state": "SHUTDOWN_IN_PROGRESS",
      "stateUpdateTime": 1770403036
    },
    {
      "error": null,
      "hostname": "mdb2",
      "id": "mdb2:37017",
      "port": 37017,
      "rsId": "sgcShard_1",
      "state": "SHUTDOWN_IN_PROGRESS",
      "stateUpdateTime": 1770403036
    },
    {
      "error": null,
      "hostname": "mdb4",
      "id": "mdb4:37017",
      "port": 37017,
      "rsId": "sgcShard_1",
      "state": "SHUTDOWN_IN_PROGRESS",
      "stateUpdateTime": 1770403036
    },
    {
      "error": null,
      "hostname": "mdb-config2",
      "id": "mdb-config2:37017",
      "port": 37017,
      "rsId": "configRS",
      "state": "SHUTDOWN_IN_PROGRESS",
      "stateUpdateTime": 1770403036
    },
    {
      "error": null,
      "hostname": "mdb-config1",
      "id": "mdb-config1:37017",
      "port": 37017,
      "rsId": "configRS",
      "state": "SHUTDOWN_IN_PROGRESS",
      "stateUpdateTime": 1770403036
    },
    {
      "error": null,
      "hostname": "mdb7",
      "id": "mdb7:37017",
      "port": 37017,
      "rsId": "configRS",
      "state": "SHUTDOWN_IN_PROGRESS",
      "stateUpdateTime": 1770403036
    }
  ],
  "state": "SHUTDOWN_IN_PROGRESS"
}
2026-02-06 12:38:29,044 [INFO] Restore state: SHUTDOWN_IN_PROGRESS
2026-02-06 12:38:39,046 [DEBUG] API GET http://sb1.cpolab.ibm.com:8080/api/public/v1.0/backup/third_party/group/67eed68e0ba1970a07e16b77/restore/698634b44ad5445e0272882c
2026-02-06 12:38:39,271 [DEBUG] STATUS 200
2026-02-06 12:38:39,271 [DEBUG] {
  "clusterMapping": [
    {
      "rsId": "sgcShard_0",
      "targetRsId": "sgcShard_0"
    },
    {
      "rsId": "sgcShard_1",
      "targetRsId": "sgcShard_1"
    },
    {
      "rsId": "configRS",
      "targetRsId": "configRS"
    }
  ],
  "nodes": [
    {
      "error": null,
      "hostname": "mdb1",
      "id": "mdb1:37017",
      "port": 37017,
      "rsId": "sgcShard_0",
      "state": "SHUTDOWN_IN_PROGRESS",
      "stateUpdateTime": 1770403036
    },
    {
      "error": null,
      "hostname": "mdb8",
      "id": "mdb8:37017",
      "port": 37017,
      "rsId": "sgcShard_0",
      "state": "SHUTDOWN_IN_PROGRESS",
      "stateUpdateTime": 1770403036
    },
    {
      "error": null,
      "hostname": "mdb3",
      "id": "mdb3:37017",
      "port": 37017,
      "rsId": "sgcShard_0",
      "state": "SHUTDOWN_IN_PROGRESS",
      "stateUpdateTime": 1770403036
    },
    {
      "error": null,
      "hostname": "mdb9",
      "id": "mdb9:37017",
      "port": 37017,
      "rsId": "sgcShard_1",
      "state": "SHUTDOWN_IN_PROGRESS",
      "stateUpdateTime": 1770403036
    },
    {
      "error": null,
      "hostname": "mdb2",
      "id": "mdb2:37017",
      "port": 37017,
      "rsId": "sgcShard_1",
      "state": "SHUTDOWN_IN_PROGRESS",
      "stateUpdateTime": 1770403036
    },
    {
      "error": null,
      "hostname": "mdb4",
      "id": "mdb4:37017",
      "port": 37017,
      "rsId": "sgcShard_1",
      "state": "SHUTDOWN_IN_PROGRESS",
      "stateUpdateTime": 1770403036
    },
    {
      "error": null,
      "hostname": "mdb-config2",
      "id": "mdb-config2:37017",
      "port": 37017,
      "rsId": "configRS",
      "state": "SHUTDOWN_IN_PROGRESS",
      "stateUpdateTime": 1770403036
    },
    {
      "error": null,
      "hostname": "mdb-config1",
      "id": "mdb-config1:37017",
      "port": 37017,
      "rsId": "configRS",
      "state": "SHUTDOWN_IN_PROGRESS",
      "stateUpdateTime": 1770403036
    },
    {
      "error": null,
      "hostname": "mdb7",
      "id": "mdb7:37017",
      "port": 37017,
      "rsId": "configRS",
      "state": "SHUTDOWN_IN_PROGRESS",
      "stateUpdateTime": 1770403036
    }
  ],
  "state": "SHUTDOWN_IN_PROGRESS"
}
2026-02-06 12:38:39,271 [INFO] Restore state: SHUTDOWN_IN_PROGRESS
2026-02-06 12:38:49,272 [DEBUG] API GET http://sb1.cpolab.ibm.com:8080/api/public/v1.0/backup/third_party/group/67eed68e0ba1970a07e16b77/restore/698634b44ad5445e0272882c
2026-02-06 12:38:49,437 [DEBUG] STATUS 200
2026-02-06 12:38:49,438 [DEBUG] {
  "clusterMapping": [
    {
      "rsId": "sgcShard_0",
      "targetRsId": "sgcShard_0"
    },
    {
      "rsId": "sgcShard_1",
      "targetRsId": "sgcShard_1"
    },
    {
      "rsId": "configRS",
      "targetRsId": "configRS"
    }
  ],
  "nodes": [
    {
      "error": null,
      "hostname": "mdb1",
      "id": "mdb1:37017",
      "port": 37017,
      "rsId": "sgcShard_0",
      "state": "SHUTDOWN_IN_PROGRESS",
      "stateUpdateTime": 1770403036
    },
    {
      "error": null,
      "hostname": "mdb8",
      "id": "mdb8:37017",
      "port": 37017,
      "rsId": "sgcShard_0",
      "state": "SHUTDOWN_IN_PROGRESS",
      "stateUpdateTime": 1770403036
    },
    {
      "error": null,
      "hostname": "mdb3",
      "id": "mdb3:37017",
      "port": 37017,
      "rsId": "sgcShard_0",
      "state": "SHUTDOWN_IN_PROGRESS",
      "stateUpdateTime": 1770403036
    },
    {
      "error": null,
      "hostname": "mdb9",
      "id": "mdb9:37017",
      "port": 37017,
      "rsId": "sgcShard_1",
      "state": "SHUTDOWN_IN_PROGRESS",
      "stateUpdateTime": 1770403036
    },
    {
      "error": null,
      "hostname": "mdb2",
      "id": "mdb2:37017",
      "port": 37017,
      "rsId": "sgcShard_1",
      "state": "SHUTDOWN_IN_PROGRESS",
      "stateUpdateTime": 1770403036
    },
    {
      "error": null,
      "hostname": "mdb4",
      "id": "mdb4:37017",
      "port": 37017,
      "rsId": "sgcShard_1",
      "state": "SHUTDOWN_IN_PROGRESS",
      "stateUpdateTime": 1770403036
    },
    {
      "error": null,
      "hostname": "mdb-config2",
      "id": "mdb-config2:37017",
      "port": 37017,
      "rsId": "configRS",
      "state": "SHUTDOWN_IN_PROGRESS",
      "stateUpdateTime": 1770403036
    },
    {
      "error": null,
      "hostname": "mdb-config1",
      "id": "mdb-config1:37017",
      "port": 37017,
      "rsId": "configRS",
      "state": "SHUTDOWN_IN_PROGRESS",
      "stateUpdateTime": 1770403036
    },
    {
      "error": null,
      "hostname": "mdb7",
      "id": "mdb7:37017",
      "port": 37017,
      "rsId": "configRS",
      "state": "SHUTDOWN_IN_PROGRESS",
      "stateUpdateTime": 1770403036
    }
  ],
  "state": "SHUTDOWN_IN_PROGRESS"
}
2026-02-06 12:38:49,438 [INFO] Restore state: SHUTDOWN_IN_PROGRESS
2026-02-06 12:38:59,439 [DEBUG] API GET http://sb1.cpolab.ibm.com:8080/api/public/v1.0/backup/third_party/group/67eed68e0ba1970a07e16b77/restore/698634b44ad5445e0272882c
2026-02-06 12:38:59,606 [DEBUG] STATUS 200
2026-02-06 12:38:59,606 [DEBUG] {
  "clusterMapping": [
    {
      "rsId": "sgcShard_0",
      "targetRsId": "sgcShard_0"
    },
    {
      "rsId": "sgcShard_1",
      "targetRsId": "sgcShard_1"
    },
    {
      "rsId": "configRS",
      "targetRsId": "configRS"
    }
  ],
  "nodes": [
    {
      "error": null,
      "hostname": "mdb1",
      "id": "mdb1:37017",
      "port": 37017,
      "rsId": "sgcShard_0",
      "state": "SHUTDOWN_IN_PROGRESS",
      "stateUpdateTime": 1770403036
    },
    {
      "error": null,
      "hostname": "mdb8",
      "id": "mdb8:37017",
      "port": 37017,
      "rsId": "sgcShard_0",
      "state": "SHUTDOWN_IN_PROGRESS",
      "stateUpdateTime": 1770403036
    },
    {
      "error": null,
      "hostname": "mdb3",
      "id": "mdb3:37017",
      "port": 37017,
      "rsId": "sgcShard_0",
      "state": "SHUTDOWN_IN_PROGRESS",
      "stateUpdateTime": 1770403036
    },
    {
      "error": null,
      "hostname": "mdb9",
      "id": "mdb9:37017",
      "port": 37017,
      "rsId": "sgcShard_1",
      "state": "SHUTDOWN_IN_PROGRESS",
      "stateUpdateTime": 1770403036
    },
    {
      "error": null,
      "hostname": "mdb2",
      "id": "mdb2:37017",
      "port": 37017,
      "rsId": "sgcShard_1",
      "state": "SHUTDOWN_IN_PROGRESS",
      "stateUpdateTime": 1770403036
    },
    {
      "error": null,
      "hostname": "mdb4",
      "id": "mdb4:37017",
      "port": 37017,
      "rsId": "sgcShard_1",
      "state": "SHUTDOWN_IN_PROGRESS",
      "stateUpdateTime": 1770403036
    },
    {
      "error": null,
      "hostname": "mdb-config2",
      "id": "mdb-config2:37017",
      "port": 37017,
      "rsId": "configRS",
      "state": "SHUTDOWN_IN_PROGRESS",
      "stateUpdateTime": 1770403036
    },
    {
      "error": null,
      "hostname": "mdb-config1",
      "id": "mdb-config1:37017",
      "port": 37017,
      "rsId": "configRS",
      "state": "SHUTDOWN_IN_PROGRESS",
      "stateUpdateTime": 1770403036
    },
    {
      "error": null,
      "hostname": "mdb7",
      "id": "mdb7:37017",
      "port": 37017,
      "rsId": "configRS",
      "state": "SHUTDOWN_IN_PROGRESS",
      "stateUpdateTime": 1770403036
    }
  ],
  "state": "SHUTDOWN_IN_PROGRESS"
}
2026-02-06 12:38:59,606 [INFO] Restore state: SHUTDOWN_IN_PROGRESS
2026-02-06 12:39:09,607 [DEBUG] API GET http://sb1.cpolab.ibm.com:8080/api/public/v1.0/backup/third_party/group/67eed68e0ba1970a07e16b77/restore/698634b44ad5445e0272882c
2026-02-06 12:39:09,789 [DEBUG] STATUS 200
2026-02-06 12:39:09,789 [DEBUG] {
  "clusterMapping": [
    {
      "rsId": "sgcShard_0",
      "targetRsId": "sgcShard_0"
    },
    {
      "rsId": "sgcShard_1",
      "targetRsId": "sgcShard_1"
    },
    {
      "rsId": "configRS",
      "targetRsId": "configRS"
    }
  ],
  "nodes": [
    {
      "error": null,
      "hostname": "mdb1",
      "id": "mdb1:37017",
      "port": 37017,
      "rsId": "sgcShard_0",
      "state": "SHUTDOWN_IN_PROGRESS",
      "stateUpdateTime": 1770403036
    },
    {
      "error": null,
      "hostname": "mdb8",
      "id": "mdb8:37017",
      "port": 37017,
      "rsId": "sgcShard_0",
      "state": "SHUTDOWN_IN_PROGRESS",
      "stateUpdateTime": 1770403036
    },
    {
      "error": null,
      "hostname": "mdb3",
      "id": "mdb3:37017",
      "port": 37017,
      "rsId": "sgcShard_0",
      "state": "SHUTDOWN_IN_PROGRESS",
      "stateUpdateTime": 1770403036
    },
    {
      "error": null,
      "hostname": "mdb9",
      "id": "mdb9:37017",
      "port": 37017,
      "rsId": "sgcShard_1",
      "state": "SHUTDOWN_IN_PROGRESS",
      "stateUpdateTime": 1770403036
    },
    {
      "error": null,
      "hostname": "mdb2",
      "id": "mdb2:37017",
      "port": 37017,
      "rsId": "sgcShard_1",
      "state": "SHUTDOWN_IN_PROGRESS",
      "stateUpdateTime": 1770403036
    },
    {
      "error": null,
      "hostname": "mdb4",
      "id": "mdb4:37017",
      "port": 37017,
      "rsId": "sgcShard_1",
      "state": "SHUTDOWN_IN_PROGRESS",
      "stateUpdateTime": 1770403036
    },
    {
      "error": null,
      "hostname": "mdb-config2",
      "id": "mdb-config2:37017",
      "port": 37017,
      "rsId": "configRS",
      "state": "SHUTDOWN_IN_PROGRESS",
      "stateUpdateTime": 1770403036
    },
    {
      "error": null,
      "hostname": "mdb-config1",
      "id": "mdb-config1:37017",
      "port": 37017,
      "rsId": "configRS",
      "state": "SHUTDOWN_IN_PROGRESS",
      "stateUpdateTime": 1770403036
    },
    {
      "error": null,
      "hostname": "mdb7",
      "id": "mdb7:37017",
      "port": 37017,
      "rsId": "configRS",
      "state": "SHUTDOWN_IN_PROGRESS",
      "stateUpdateTime": 1770403036
    }
  ],
  "state": "SHUTDOWN_IN_PROGRESS"
}
2026-02-06 12:39:09,789 [INFO] Restore state: SHUTDOWN_IN_PROGRESS
2026-02-06 12:39:19,790 [DEBUG] API GET http://sb1.cpolab.ibm.com:8080/api/public/v1.0/backup/third_party/group/67eed68e0ba1970a07e16b77/restore/698634b44ad5445e0272882c
2026-02-06 12:39:19,955 [DEBUG] STATUS 200
2026-02-06 12:39:19,955 [DEBUG] {
  "clusterMapping": [
    {
      "rsId": "sgcShard_0",
      "targetRsId": "sgcShard_0"
    },
    {
      "rsId": "sgcShard_1",
      "targetRsId": "sgcShard_1"
    },
    {
      "rsId": "configRS",
      "targetRsId": "configRS"
    }
  ],
  "nodes": [
    {
      "error": null,
      "hostname": "mdb1",
      "id": "mdb1:37017",
      "port": 37017,
      "rsId": "sgcShard_0",
      "state": "SHUTDOWN_IN_PROGRESS",
      "stateUpdateTime": 1770403036
    },
    {
      "error": null,
      "hostname": "mdb8",
      "id": "mdb8:37017",
      "port": 37017,
      "rsId": "sgcShard_0",
      "state": "SHUTDOWN_IN_PROGRESS",
      "stateUpdateTime": 1770403036
    },
    {
      "error": null,
      "hostname": "mdb3",
      "id": "mdb3:37017",
      "port": 37017,
      "rsId": "sgcShard_0",
      "state": "SHUTDOWN_IN_PROGRESS",
      "stateUpdateTime": 1770403036
    },
    {
      "error": null,
      "hostname": "mdb9",
      "id": "mdb9:37017",
      "port": 37017,
      "rsId": "sgcShard_1",
      "state": "SHUTDOWN_IN_PROGRESS",
      "stateUpdateTime": 1770403036
    },
    {
      "error": null,
      "hostname": "mdb2",
      "id": "mdb2:37017",
      "port": 37017,
      "rsId": "sgcShard_1",
      "state": "SHUTDOWN_IN_PROGRESS",
      "stateUpdateTime": 1770403036
    },
    {
      "error": null,
      "hostname": "mdb4",
      "id": "mdb4:37017",
      "port": 37017,
      "rsId": "sgcShard_1",
      "state": "SHUTDOWN_IN_PROGRESS",
      "stateUpdateTime": 1770403036
    },
    {
      "error": null,
      "hostname": "mdb-config2",
      "id": "mdb-config2:37017",
      "port": 37017,
      "rsId": "configRS",
      "state": "SHUTDOWN_IN_PROGRESS",
      "stateUpdateTime": 1770403036
    },
    {
      "error": null,
      "hostname": "mdb-config1",
      "id": "mdb-config1:37017",
      "port": 37017,
      "rsId": "configRS",
      "state": "SHUTDOWN_IN_PROGRESS",
      "stateUpdateTime": 1770403036
    },
    {
      "error": null,
      "hostname": "mdb7",
      "id": "mdb7:37017",
      "port": 37017,
      "rsId": "configRS",
      "state": "SHUTDOWN_IN_PROGRESS",
      "stateUpdateTime": 1770403036
    }
  ],
  "state": "SHUTDOWN_IN_PROGRESS"
}
2026-02-06 12:39:19,956 [INFO] Restore state: SHUTDOWN_IN_PROGRESS
2026-02-06 12:39:29,956 [DEBUG] API GET http://sb1.cpolab.ibm.com:8080/api/public/v1.0/backup/third_party/group/67eed68e0ba1970a07e16b77/restore/698634b44ad5445e0272882c
2026-02-06 12:39:30,125 [DEBUG] STATUS 200
2026-02-06 12:39:30,125 [DEBUG] {
  "clusterMapping": [
    {
      "rsId": "sgcShard_0",
      "targetRsId": "sgcShard_0"
    },
    {
      "rsId": "sgcShard_1",
      "targetRsId": "sgcShard_1"
    },
    {
      "rsId": "configRS",
      "targetRsId": "configRS"
    }
  ],
  "nodes": [
    {
      "error": null,
      "hostname": "mdb1",
      "id": "mdb1:37017",
      "port": 37017,
      "rsId": "sgcShard_0",
      "state": "SHUTDOWN_IN_PROGRESS",
      "stateUpdateTime": 1770403036
    },
    {
      "error": null,
      "hostname": "mdb8",
      "id": "mdb8:37017",
      "port": 37017,
      "rsId": "sgcShard_0",
      "state": "SHUTDOWN_IN_PROGRESS",
      "stateUpdateTime": 1770403036
    },
    {
      "error": null,
      "hostname": "mdb3",
      "id": "mdb3:37017",
      "port": 37017,
      "rsId": "sgcShard_0",
      "state": "SHUTDOWN_IN_PROGRESS",
      "stateUpdateTime": 1770403036
    },
    {
      "error": null,
      "hostname": "mdb9",
      "id": "mdb9:37017",
      "port": 37017,
      "rsId": "sgcShard_1",
      "state": "SHUTDOWN_IN_PROGRESS",
      "stateUpdateTime": 1770403036
    },
    {
      "error": null,
      "hostname": "mdb2",
      "id": "mdb2:37017",
      "port": 37017,
      "rsId": "sgcShard_1",
      "state": "SHUTDOWN_IN_PROGRESS",
      "stateUpdateTime": 1770403036
    },
    {
      "error": null,
      "hostname": "mdb4",
      "id": "mdb4:37017",
      "port": 37017,
      "rsId": "sgcShard_1",
      "state": "SHUTDOWN_IN_PROGRESS",
      "stateUpdateTime": 1770403036
    },
    {
      "error": null,
      "hostname": "mdb-config2",
      "id": "mdb-config2:37017",
      "port": 37017,
      "rsId": "configRS",
      "state": "SHUTDOWN_IN_PROGRESS",
      "stateUpdateTime": 1770403036
    },
    {
      "error": null,
      "hostname": "mdb-config1",
      "id": "mdb-config1:37017",
      "port": 37017,
      "rsId": "configRS",
      "state": "SHUTDOWN_IN_PROGRESS",
      "stateUpdateTime": 1770403036
    },
    {
      "error": null,
      "hostname": "mdb7",
      "id": "mdb7:37017",
      "port": 37017,
      "rsId": "configRS",
      "state": "SHUTDOWN_IN_PROGRESS",
      "stateUpdateTime": 1770403036
    }
  ],
  "state": "SHUTDOWN_IN_PROGRESS"
}
2026-02-06 12:39:30,125 [INFO] Restore state: SHUTDOWN_IN_PROGRESS
2026-02-06 12:39:40,126 [DEBUG] API GET http://sb1.cpolab.ibm.com:8080/api/public/v1.0/backup/third_party/group/67eed68e0ba1970a07e16b77/restore/698634b44ad5445e0272882c
2026-02-06 12:39:40,364 [DEBUG] STATUS 200
2026-02-06 12:39:40,364 [DEBUG] {
  "clusterMapping": [
    {
      "rsId": "sgcShard_0",
      "targetRsId": "sgcShard_0"
    },
    {
      "rsId": "sgcShard_1",
      "targetRsId": "sgcShard_1"
    },
    {
      "rsId": "configRS",
      "targetRsId": "configRS"
    }
  ],
  "nodes": [
    {
      "error": null,
      "hostname": "mdb1",
      "id": "mdb1:37017",
      "port": 37017,
      "rsId": "sgcShard_0",
      "state": "SHUTDOWN_IN_PROGRESS",
      "stateUpdateTime": 1770403036
    },
    {
      "error": null,
      "hostname": "mdb8",
      "id": "mdb8:37017",
      "port": 37017,
      "rsId": "sgcShard_0",
      "state": "SHUTDOWN_IN_PROGRESS",
      "stateUpdateTime": 1770403036
    },
    {
      "error": null,
      "hostname": "mdb3",
      "id": "mdb3:37017",
      "port": 37017,
      "rsId": "sgcShard_0",
      "state": "SHUTDOWN_IN_PROGRESS",
      "stateUpdateTime": 1770403036
    },
    {
      "error": null,
      "hostname": "mdb9",
      "id": "mdb9:37017",
      "port": 37017,
      "rsId": "sgcShard_1",
      "state": "SHUTDOWN_IN_PROGRESS",
      "stateUpdateTime": 1770403036
    },
    {
      "error": null,
      "hostname": "mdb2",
      "id": "mdb2:37017",
      "port": 37017,
      "rsId": "sgcShard_1",
      "state": "SHUTDOWN_IN_PROGRESS",
      "stateUpdateTime": 1770403036
    },
    {
      "error": null,
      "hostname": "mdb4",
      "id": "mdb4:37017",
      "port": 37017,
      "rsId": "sgcShard_1",
      "state": "SHUTDOWN_IN_PROGRESS",
      "stateUpdateTime": 1770403036
    },
    {
      "error": null,
      "hostname": "mdb-config2",
      "id": "mdb-config2:37017",
      "port": 37017,
      "rsId": "configRS",
      "state": "SHUTDOWN_IN_PROGRESS",
      "stateUpdateTime": 1770403036
    },
    {
      "error": null,
      "hostname": "mdb-config1",
      "id": "mdb-config1:37017",
      "port": 37017,
      "rsId": "configRS",
      "state": "SHUTDOWN_IN_PROGRESS",
      "stateUpdateTime": 1770403036
    },
    {
      "error": null,
      "hostname": "mdb7",
      "id": "mdb7:37017",
      "port": 37017,
      "rsId": "configRS",
      "state": "SHUTDOWN_IN_PROGRESS",
      "stateUpdateTime": 1770403036
    }
  ],
  "state": "SHUTDOWN_IN_PROGRESS"
}
2026-02-06 12:39:40,364 [INFO] Restore state: SHUTDOWN_IN_PROGRESS
2026-02-06 12:39:50,365 [DEBUG] API GET http://sb1.cpolab.ibm.com:8080/api/public/v1.0/backup/third_party/group/67eed68e0ba1970a07e16b77/restore/698634b44ad5445e0272882c
2026-02-06 12:39:50,536 [DEBUG] STATUS 200
2026-02-06 12:39:50,536 [DEBUG] {
  "clusterMapping": [
    {
      "rsId": "sgcShard_0",
      "targetRsId": "sgcShard_0"
    },
    {
      "rsId": "sgcShard_1",
      "targetRsId": "sgcShard_1"
    },
    {
      "rsId": "configRS",
      "targetRsId": "configRS"
    }
  ],
  "nodes": [
    {
      "error": null,
      "hostname": "mdb1",
      "id": "mdb1:37017",
      "port": 37017,
      "rsId": "sgcShard_0",
      "state": "SHUTDOWN_IN_PROGRESS",
      "stateUpdateTime": 1770403036
    },
    {
      "error": null,
      "hostname": "mdb8",
      "id": "mdb8:37017",
      "port": 37017,
      "rsId": "sgcShard_0",
      "state": "SHUTDOWN_IN_PROGRESS",
      "stateUpdateTime": 1770403036
    },
    {
      "error": null,
      "hostname": "mdb3",
      "id": "mdb3:37017",
      "port": 37017,
      "rsId": "sgcShard_0",
      "state": "SHUTDOWN_IN_PROGRESS",
      "stateUpdateTime": 1770403036
    },
    {
      "error": null,
      "hostname": "mdb9",
      "id": "mdb9:37017",
      "port": 37017,
      "rsId": "sgcShard_1",
      "state": "SHUTDOWN_IN_PROGRESS",
      "stateUpdateTime": 1770403036
    },
    {
      "error": null,
      "hostname": "mdb2",
      "id": "mdb2:37017",
      "port": 37017,
      "rsId": "sgcShard_1",
      "state": "SHUTDOWN_IN_PROGRESS",
      "stateUpdateTime": 1770403036
    },
    {
      "error": null,
      "hostname": "mdb4",
      "id": "mdb4:37017",
      "port": 37017,
      "rsId": "sgcShard_1",
      "state": "SHUTDOWN_IN_PROGRESS",
      "stateUpdateTime": 1770403036
    },
    {
      "error": null,
      "hostname": "mdb-config2",
      "id": "mdb-config2:37017",
      "port": 37017,
      "rsId": "configRS",
      "state": "SHUTDOWN_IN_PROGRESS",
      "stateUpdateTime": 1770403036
    },
    {
      "error": null,
      "hostname": "mdb-config1",
      "id": "mdb-config1:37017",
      "port": 37017,
      "rsId": "configRS",
      "state": "SHUTDOWN_IN_PROGRESS",
      "stateUpdateTime": 1770403036
    },
    {
      "error": null,
      "hostname": "mdb7",
      "id": "mdb7:37017",
      "port": 37017,
      "rsId": "configRS",
      "state": "SHUTDOWN_IN_PROGRESS",
      "stateUpdateTime": 1770403036
    }
  ],
  "state": "SHUTDOWN_IN_PROGRESS"
}
2026-02-06 12:39:50,536 [INFO] Restore state: SHUTDOWN_IN_PROGRESS
2026-02-06 12:40:00,537 [DEBUG] API GET http://sb1.cpolab.ibm.com:8080/api/public/v1.0/backup/third_party/group/67eed68e0ba1970a07e16b77/restore/698634b44ad5445e0272882c
2026-02-06 12:40:00,715 [DEBUG] STATUS 200
2026-02-06 12:40:00,715 [DEBUG] {
  "clusterMapping": [
    {
      "rsId": "sgcShard_0",
      "targetRsId": "sgcShard_0"
    },
    {
      "rsId": "sgcShard_1",
      "targetRsId": "sgcShard_1"
    },
    {
      "rsId": "configRS",
      "targetRsId": "configRS"
    }
  ],
  "nodes": [
    {
      "error": null,
      "hostname": "mdb1",
      "id": "mdb1:37017",
      "port": 37017,
      "rsId": "sgcShard_0",
      "state": "COPY_FILES",
      "stateUpdateTime": 1770403200
    },
    {
      "error": null,
      "hostname": "mdb8",
      "id": "mdb8:37017",
      "port": 37017,
      "rsId": "sgcShard_0",
      "state": "SHUTDOWN_IN_PROGRESS",
      "stateUpdateTime": 1770403036
    },
    {
      "error": null,
      "hostname": "mdb3",
      "id": "mdb3:37017",
      "port": 37017,
      "rsId": "sgcShard_0",
      "state": "SHUTDOWN_IN_PROGRESS",
      "stateUpdateTime": 1770403036
    },
    {
      "error": null,
      "hostname": "mdb9",
      "id": "mdb9:37017",
      "port": 37017,
      "rsId": "sgcShard_1",
      "state": "SHUTDOWN_IN_PROGRESS",
      "stateUpdateTime": 1770403036
    },
    {
      "error": null,
      "hostname": "mdb2",
      "id": "mdb2:37017",
      "port": 37017,
      "rsId": "sgcShard_1",
      "state": "COPY_FILES",
      "stateUpdateTime": 1770403200
    },
    {
      "error": null,
      "hostname": "mdb4",
      "id": "mdb4:37017",
      "port": 37017,
      "rsId": "sgcShard_1",
      "state": "SHUTDOWN_IN_PROGRESS",
      "stateUpdateTime": 1770403036
    },
    {
      "error": null,
      "hostname": "mdb-config2",
      "id": "mdb-config2:37017",
      "port": 37017,
      "rsId": "configRS",
      "state": "COPY_FILES",
      "stateUpdateTime": 1770403199
    },
    {
      "error": null,
      "hostname": "mdb-config1",
      "id": "mdb-config1:37017",
      "port": 37017,
      "rsId": "configRS",
      "state": "COPY_FILES",
      "stateUpdateTime": 1770403199
    },
    {
      "error": null,
      "hostname": "mdb7",
      "id": "mdb7:37017",
      "port": 37017,
      "rsId": "configRS",
      "state": "COPY_FILES",
      "stateUpdateTime": 1770403197
    }
  ],
  "state": "SHUTDOWN_IN_PROGRESS"
}
2026-02-06 12:40:00,715 [INFO] Restore state: SHUTDOWN_IN_PROGRESS
2026-02-06 12:40:10,716 [DEBUG] API GET http://sb1.cpolab.ibm.com:8080/api/public/v1.0/backup/third_party/group/67eed68e0ba1970a07e16b77/restore/698634b44ad5445e0272882c
2026-02-06 12:40:10,920 [DEBUG] STATUS 200
2026-02-06 12:40:10,920 [DEBUG] {
  "clusterMapping": [
    {
      "rsId": "sgcShard_0",
      "targetRsId": "sgcShard_0"
    },
    {
      "rsId": "sgcShard_1",
      "targetRsId": "sgcShard_1"
    },
    {
      "rsId": "configRS",
      "targetRsId": "configRS"
    }
  ],
  "nodes": [
    {
      "error": null,
      "hostname": "mdb1",
      "id": "mdb1:37017",
      "port": 37017,
      "rsId": "sgcShard_0",
      "state": "COPY_FILES",
      "stateUpdateTime": 1770403200
    },
    {
      "error": null,
      "hostname": "mdb8",
      "id": "mdb8:37017",
      "port": 37017,
      "rsId": "sgcShard_0",
      "state": "COPY_FILES",
      "stateUpdateTime": 1770403201
    },
    {
      "error": null,
      "hostname": "mdb3",
      "id": "mdb3:37017",
      "port": 37017,
      "rsId": "sgcShard_0",
      "state": "COPY_FILES",
      "stateUpdateTime": 1770403200
    },
    {
      "error": null,
      "hostname": "mdb9",
      "id": "mdb9:37017",
      "port": 37017,
      "rsId": "sgcShard_1",
      "state": "COPY_FILES",
      "stateUpdateTime": 1770403201
    },
    {
      "error": null,
      "hostname": "mdb2",
      "id": "mdb2:37017",
      "port": 37017,
      "rsId": "sgcShard_1",
      "state": "COPY_FILES",
      "stateUpdateTime": 1770403200
    },
    {
      "error": null,
      "hostname": "mdb4",
      "id": "mdb4:37017",
      "port": 37017,
      "rsId": "sgcShard_1",
      "state": "COPY_FILES",
      "stateUpdateTime": 1770403201
    },
    {
      "error": null,
      "hostname": "mdb-config2",
      "id": "mdb-config2:37017",
      "port": 37017,
      "rsId": "configRS",
      "state": "COPY_FILES",
      "stateUpdateTime": 1770403199
    },
    {
      "error": null,
      "hostname": "mdb-config1",
      "id": "mdb-config1:37017",
      "port": 37017,
      "rsId": "configRS",
      "state": "COPY_FILES",
      "stateUpdateTime": 1770403199
    },
    {
      "error": null,
      "hostname": "mdb7",
      "id": "mdb7:37017",
      "port": 37017,
      "rsId": "configRS",
      "state": "COPY_FILES",
      "stateUpdateTime": 1770403197
    }
  ],
  "state": "COPY_FILES"
}
2026-02-06 12:40:10,920 [INFO] Restore state: COPY_FILES
2026-02-06 12:40:10,920 [INFO] Waiting for FlashSystem volume mount on mdb1:37017 at /fimongo1/data
2026-02-06 12:46:06,699 [DEBUG] API POST http://sb1.cpolab.ibm.com:8080/api/public/v1.0/backup/third_party/group/67eed68e0ba1970a07e16b77/restore/698634b44ad5445e0272882c/filesCopied
2026-02-06 12:46:06,700 [DEBUG] {
  "id": "mdb1:37017",
  "dbPath": "/fimongo1/data"
}
2026-02-06 12:46:06,919 [DEBUG] STATUS 200
2026-02-06 12:46:06,919 [DEBUG] {
  "errorCode": "NONE",
  "version": "1",
  "status": "OK"
}
2026-02-06 12:46:06,919 [INFO] Waiting for FlashSystem volume mount on mdb8:37017 at /fimongo1/data
2026-02-06 12:46:07,324 [DEBUG] API POST http://sb1.cpolab.ibm.com:8080/api/public/v1.0/backup/third_party/group/67eed68e0ba1970a07e16b77/restore/698634b44ad5445e0272882c/filesCopied
2026-02-06 12:46:07,325 [DEBUG] {
  "id": "mdb8:37017",
  "dbPath": "/fimongo1/data"
}
2026-02-06 12:46:07,466 [DEBUG] STATUS 200
2026-02-06 12:46:07,466 [DEBUG] {
  "errorCode": "NONE",
  "version": "1",
  "status": "OK"
}
2026-02-06 12:46:07,467 [INFO] Waiting for FlashSystem volume mount on mdb3:37017 at /fimongo1/data
2026-02-06 12:46:07,859 [DEBUG] API POST http://sb1.cpolab.ibm.com:8080/api/public/v1.0/backup/third_party/group/67eed68e0ba1970a07e16b77/restore/698634b44ad5445e0272882c/filesCopied
2026-02-06 12:46:07,859 [DEBUG] {
  "id": "mdb3:37017",
  "dbPath": "/fimongo1/data"
}
2026-02-06 12:46:07,985 [DEBUG] STATUS 200
2026-02-06 12:46:07,986 [DEBUG] {
  "errorCode": "NONE",
  "version": "1",
  "status": "OK"
}
2026-02-06 12:46:07,986 [INFO] Waiting for FlashSystem volume mount on mdb9:37017 at /fimongo1/data
2026-02-06 12:46:08,411 [DEBUG] API POST http://sb1.cpolab.ibm.com:8080/api/public/v1.0/backup/third_party/group/67eed68e0ba1970a07e16b77/restore/698634b44ad5445e0272882c/filesCopied
2026-02-06 12:46:08,411 [DEBUG] {
  "id": "mdb9:37017",
  "dbPath": "/fimongo1/data"
}
2026-02-06 12:46:08,538 [DEBUG] STATUS 200
2026-02-06 12:46:08,538 [DEBUG] {
  "errorCode": "NONE",
  "version": "1",
  "status": "OK"
}
2026-02-06 12:46:08,538 [INFO] Waiting for FlashSystem volume mount on mdb2:37017 at /fimongo1/data
2026-02-06 12:46:08,963 [DEBUG] API POST http://sb1.cpolab.ibm.com:8080/api/public/v1.0/backup/third_party/group/67eed68e0ba1970a07e16b77/restore/698634b44ad5445e0272882c/filesCopied
2026-02-06 12:46:08,963 [DEBUG] {
  "id": "mdb2:37017",
  "dbPath": "/fimongo1/data"
}
2026-02-06 12:46:09,103 [DEBUG] STATUS 200
2026-02-06 12:46:09,103 [DEBUG] {
  "errorCode": "NONE",
  "version": "1",
  "status": "OK"
}
2026-02-06 12:46:09,103 [INFO] Waiting for FlashSystem volume mount on mdb4:37017 at /fimongo1/data
2026-02-06 12:46:09,523 [DEBUG] API POST http://sb1.cpolab.ibm.com:8080/api/public/v1.0/backup/third_party/group/67eed68e0ba1970a07e16b77/restore/698634b44ad5445e0272882c/filesCopied
2026-02-06 12:46:09,523 [DEBUG] {
  "id": "mdb4:37017",
  "dbPath": "/fimongo1/data"
}
2026-02-06 12:46:09,649 [DEBUG] STATUS 200
2026-02-06 12:46:09,649 [DEBUG] {
  "errorCode": "NONE",
  "version": "1",
  "status": "OK"
}
2026-02-06 12:46:09,649 [INFO] Waiting for FlashSystem volume mount on mdb-config2:37017 at /fimongo1/data
2026-02-06 12:46:10,043 [DEBUG] API POST http://sb1.cpolab.ibm.com:8080/api/public/v1.0/backup/third_party/group/67eed68e0ba1970a07e16b77/restore/698634b44ad5445e0272882c/filesCopied
2026-02-06 12:46:10,043 [DEBUG] {
  "id": "mdb-config2:37017",
  "dbPath": "/fimongo1/data"
}
2026-02-06 12:46:10,170 [DEBUG] STATUS 200
2026-02-06 12:46:10,170 [DEBUG] {
  "errorCode": "NONE",
  "version": "1",
  "status": "OK"
}
2026-02-06 12:46:10,170 [INFO] Waiting for FlashSystem volume mount on mdb-config1:37017 at /fimongo1/data
2026-02-06 12:46:10,651 [DEBUG] API POST http://sb1.cpolab.ibm.com:8080/api/public/v1.0/backup/third_party/group/67eed68e0ba1970a07e16b77/restore/698634b44ad5445e0272882c/filesCopied
2026-02-06 12:46:10,652 [DEBUG] {
  "id": "mdb-config1:37017",
  "dbPath": "/fimongo1/data"
}
2026-02-06 12:46:10,777 [DEBUG] STATUS 200
2026-02-06 12:46:10,777 [DEBUG] {
  "errorCode": "NONE",
  "version": "1",
  "status": "OK"
}
2026-02-06 12:46:10,777 [INFO] Waiting for FlashSystem volume mount on mdb7:37017 at /fimongo1/data
2026-02-06 12:46:11,213 [DEBUG] API POST http://sb1.cpolab.ibm.com:8080/api/public/v1.0/backup/third_party/group/67eed68e0ba1970a07e16b77/restore/698634b44ad5445e0272882c/filesCopied
2026-02-06 12:46:11,213 [DEBUG] {
  "id": "mdb7:37017",
  "dbPath": "/fimongo1/data"
}
2026-02-06 12:46:11,340 [DEBUG] STATUS 200
2026-02-06 12:46:11,341 [DEBUG] {
  "errorCode": "NONE",
  "version": "1",
  "status": "OK"
}
2026-02-06 12:46:21,341 [DEBUG] API GET http://sb1.cpolab.ibm.com:8080/api/public/v1.0/backup/third_party/group/67eed68e0ba1970a07e16b77/restore/698634b44ad5445e0272882c
2026-02-06 12:46:21,513 [DEBUG] STATUS 200
2026-02-06 12:46:21,513 [DEBUG] {
  "clusterMapping": [
    {
      "rsId": "sgcShard_0",
      "targetRsId": "sgcShard_0"
    },
    {
      "rsId": "sgcShard_1",
      "targetRsId": "sgcShard_1"
    },
    {
      "rsId": "configRS",
      "targetRsId": "configRS"
    }
  ],
  "nodes": [
    {
      "error": null,
      "hostname": "mdb1",
      "id": "mdb1:37017",
      "port": 37017,
      "rsId": "sgcShard_0",
      "state": "RECOVERY_IN_PROGRESS",
      "stateUpdateTime": 1770403566
    },
    {
      "error": null,
      "hostname": "mdb8",
      "id": "mdb8:37017",
      "port": 37017,
      "rsId": "sgcShard_0",
      "state": "RECOVERY_IN_PROGRESS",
      "stateUpdateTime": 1770403567
    },
    {
      "error": null,
      "hostname": "mdb3",
      "id": "mdb3:37017",
      "port": 37017,
      "rsId": "sgcShard_0",
      "state": "RECOVERY_IN_PROGRESS",
      "stateUpdateTime": 1770403567
    },
    {
      "error": null,
      "hostname": "mdb9",
      "id": "mdb9:37017",
      "port": 37017,
      "rsId": "sgcShard_1",
      "state": "RECOVERY_IN_PROGRESS",
      "stateUpdateTime": 1770403568
    },
    {
      "error": null,
      "hostname": "mdb2",
      "id": "mdb2:37017",
      "port": 37017,
      "rsId": "sgcShard_1",
      "state": "RECOVERY_IN_PROGRESS",
      "stateUpdateTime": 1770403568
    },
    {
      "error": null,
      "hostname": "mdb4",
      "id": "mdb4:37017",
      "port": 37017,
      "rsId": "sgcShard_1",
      "state": "RECOVERY_IN_PROGRESS",
      "stateUpdateTime": 1770403569
    },
    {
      "error": null,
      "hostname": "mdb-config2",
      "id": "mdb-config2:37017",
      "port": 37017,
      "rsId": "configRS",
      "state": "RECOVERY_IN_PROGRESS",
      "stateUpdateTime": 1770403570
    },
    {
      "error": null,
      "hostname": "mdb-config1",
      "id": "mdb-config1:37017",
      "port": 37017,
      "rsId": "configRS",
      "state": "RECOVERY_IN_PROGRESS",
      "stateUpdateTime": 1770403570
    },
    {
      "error": null,
      "hostname": "mdb7",
      "id": "mdb7:37017",
      "port": 37017,
      "rsId": "configRS",
      "state": "RECOVERY_IN_PROGRESS",
      "stateUpdateTime": 1770403571
    }
  ],
  "state": "RECOVERY_IN_PROGRESS"
}
2026-02-06 12:46:21,513 [INFO] Restore state: RECOVERY_IN_PROGRESS
2026-02-06 12:46:31,514 [DEBUG] API GET http://sb1.cpolab.ibm.com:8080/api/public/v1.0/backup/third_party/group/67eed68e0ba1970a07e16b77/restore/698634b44ad5445e0272882c
2026-02-06 12:46:31,681 [DEBUG] STATUS 200
2026-02-06 12:46:31,681 [DEBUG] {
  "clusterMapping": [
    {
      "rsId": "sgcShard_0",
      "targetRsId": "sgcShard_0"
    },
    {
      "rsId": "sgcShard_1",
      "targetRsId": "sgcShard_1"
    },
    {
      "rsId": "configRS",
      "targetRsId": "configRS"
    }
  ],
  "nodes": [
    {
      "error": null,
      "hostname": "mdb1",
      "id": "mdb1:37017",
      "port": 37017,
      "rsId": "sgcShard_0",
      "state": "RECOVERY_IN_PROGRESS",
      "stateUpdateTime": 1770403566
    },
    {
      "error": null,
      "hostname": "mdb8",
      "id": "mdb8:37017",
      "port": 37017,
      "rsId": "sgcShard_0",
      "state": "RECOVERY_IN_PROGRESS",
      "stateUpdateTime": 1770403567
    },
    {
      "error": null,
      "hostname": "mdb3",
      "id": "mdb3:37017",
      "port": 37017,
      "rsId": "sgcShard_0",
      "state": "RECOVERY_IN_PROGRESS",
      "stateUpdateTime": 1770403567
    },
    {
      "error": null,
      "hostname": "mdb9",
      "id": "mdb9:37017",
      "port": 37017,
      "rsId": "sgcShard_1",
      "state": "RECOVERY_IN_PROGRESS",
      "stateUpdateTime": 1770403568
    },
    {
      "error": null,
      "hostname": "mdb2",
      "id": "mdb2:37017",
      "port": 37017,
      "rsId": "sgcShard_1",
      "state": "RECOVERY_IN_PROGRESS",
      "stateUpdateTime": 1770403568
    },
    {
      "error": null,
      "hostname": "mdb4",
      "id": "mdb4:37017",
      "port": 37017,
      "rsId": "sgcShard_1",
      "state": "RECOVERY_IN_PROGRESS",
      "stateUpdateTime": 1770403569
    },
    {
      "error": null,
      "hostname": "mdb-config2",
      "id": "mdb-config2:37017",
      "port": 37017,
      "rsId": "configRS",
      "state": "RECOVERY_IN_PROGRESS",
      "stateUpdateTime": 1770403570
    },
    {
      "error": null,
      "hostname": "mdb-config1",
      "id": "mdb-config1:37017",
      "port": 37017,
      "rsId": "configRS",
      "state": "RECOVERY_IN_PROGRESS",
      "stateUpdateTime": 1770403570
    },
    {
      "error": null,
      "hostname": "mdb7",
      "id": "mdb7:37017",
      "port": 37017,
      "rsId": "configRS",
      "state": "RECOVERY_IN_PROGRESS",
      "stateUpdateTime": 1770403571
    }
  ],
  "state": "RECOVERY_IN_PROGRESS"
}
2026-02-06 12:46:31,682 [INFO] Restore state: RECOVERY_IN_PROGRESS
2026-02-06 12:46:41,682 [DEBUG] API GET http://sb1.cpolab.ibm.com:8080/api/public/v1.0/backup/third_party/group/67eed68e0ba1970a07e16b77/restore/698634b44ad5445e0272882c
2026-02-06 12:46:41,864 [DEBUG] STATUS 200
2026-02-06 12:46:41,864 [DEBUG] {
  "clusterMapping": [
    {
      "rsId": "sgcShard_0",
      "targetRsId": "sgcShard_0"
    },
    {
      "rsId": "sgcShard_1",
      "targetRsId": "sgcShard_1"
    },
    {
      "rsId": "configRS",
      "targetRsId": "configRS"
    }
  ],
  "nodes": [
    {
      "error": null,
      "hostname": "mdb1",
      "id": "mdb1:37017",
      "port": 37017,
      "rsId": "sgcShard_0",
      "state": "RECOVERY_IN_PROGRESS",
      "stateUpdateTime": 1770403566
    },
    {
      "error": null,
      "hostname": "mdb8",
      "id": "mdb8:37017",
      "port": 37017,
      "rsId": "sgcShard_0",
      "state": "RECOVERY_IN_PROGRESS",
      "stateUpdateTime": 1770403567
    },
    {
      "error": null,
      "hostname": "mdb3",
      "id": "mdb3:37017",
      "port": 37017,
      "rsId": "sgcShard_0",
      "state": "RECOVERY_IN_PROGRESS",
      "stateUpdateTime": 1770403567
    },
    {
      "error": null,
      "hostname": "mdb9",
      "id": "mdb9:37017",
      "port": 37017,
      "rsId": "sgcShard_1",
      "state": "RECOVERY_IN_PROGRESS",
      "stateUpdateTime": 1770403568
    },
    {
      "error": null,
      "hostname": "mdb2",
      "id": "mdb2:37017",
      "port": 37017,
      "rsId": "sgcShard_1",
      "state": "RECOVERY_IN_PROGRESS",
      "stateUpdateTime": 1770403568
    },
    {
      "error": null,
      "hostname": "mdb4",
      "id": "mdb4:37017",
      "port": 37017,
      "rsId": "sgcShard_1",
      "state": "RECOVERY_IN_PROGRESS",
      "stateUpdateTime": 1770403569
    },
    {
      "error": null,
      "hostname": "mdb-config2",
      "id": "mdb-config2:37017",
      "port": 37017,
      "rsId": "configRS",
      "state": "RECOVERY_IN_PROGRESS",
      "stateUpdateTime": 1770403570
    },
    {
      "error": null,
      "hostname": "mdb-config1",
      "id": "mdb-config1:37017",
      "port": 37017,
      "rsId": "configRS",
      "state": "RECOVERY_IN_PROGRESS",
      "stateUpdateTime": 1770403570
    },
    {
      "error": null,
      "hostname": "mdb7",
      "id": "mdb7:37017",
      "port": 37017,
      "rsId": "configRS",
      "state": "RECOVERY_IN_PROGRESS",
      "stateUpdateTime": 1770403571
    }
  ],
  "state": "RECOVERY_IN_PROGRESS"
}
2026-02-06 12:46:41,864 [INFO] Restore state: RECOVERY_IN_PROGRESS
2026-02-06 12:46:51,866 [DEBUG] API GET http://sb1.cpolab.ibm.com:8080/api/public/v1.0/backup/third_party/group/67eed68e0ba1970a07e16b77/restore/698634b44ad5445e0272882c
2026-02-06 12:46:52,056 [DEBUG] STATUS 200
2026-02-06 12:46:52,056 [DEBUG] {
  "clusterMapping": [
    {
      "rsId": "sgcShard_0",
      "targetRsId": "sgcShard_0"
    },
    {
      "rsId": "sgcShard_1",
      "targetRsId": "sgcShard_1"
    },
    {
      "rsId": "configRS",
      "targetRsId": "configRS"
    }
  ],
  "nodes": [
    {
      "error": null,
      "hostname": "mdb1",
      "id": "mdb1:37017",
      "port": 37017,
      "rsId": "sgcShard_0",
      "state": "RECOVERY_IN_PROGRESS",
      "stateUpdateTime": 1770403566
    },
    {
      "error": null,
      "hostname": "mdb8",
      "id": "mdb8:37017",
      "port": 37017,
      "rsId": "sgcShard_0",
      "state": "RECOVERY_IN_PROGRESS",
      "stateUpdateTime": 1770403567
    },
    {
      "error": null,
      "hostname": "mdb3",
      "id": "mdb3:37017",
      "port": 37017,
      "rsId": "sgcShard_0",
      "state": "RECOVERY_IN_PROGRESS",
      "stateUpdateTime": 1770403567
    },
    {
      "error": null,
      "hostname": "mdb9",
      "id": "mdb9:37017",
      "port": 37017,
      "rsId": "sgcShard_1",
      "state": "RECOVERY_IN_PROGRESS",
      "stateUpdateTime": 1770403568
    },
    {
      "error": null,
      "hostname": "mdb2",
      "id": "mdb2:37017",
      "port": 37017,
      "rsId": "sgcShard_1",
      "state": "RECOVERY_IN_PROGRESS",
      "stateUpdateTime": 1770403568
    },
    {
      "error": null,
      "hostname": "mdb4",
      "id": "mdb4:37017",
      "port": 37017,
      "rsId": "sgcShard_1",
      "state": "RECOVERY_IN_PROGRESS",
      "stateUpdateTime": 1770403569
    },
    {
      "error": null,
      "hostname": "mdb-config2",
      "id": "mdb-config2:37017",
      "port": 37017,
      "rsId": "configRS",
      "state": "RECOVERY_IN_PROGRESS",
      "stateUpdateTime": 1770403570
    },
    {
      "error": null,
      "hostname": "mdb-config1",
      "id": "mdb-config1:37017",
      "port": 37017,
      "rsId": "configRS",
      "state": "RECOVERY_IN_PROGRESS",
      "stateUpdateTime": 1770403570
    },
    {
      "error": null,
      "hostname": "mdb7",
      "id": "mdb7:37017",
      "port": 37017,
      "rsId": "configRS",
      "state": "RECOVERY_IN_PROGRESS",
      "stateUpdateTime": 1770403571
    }
  ],
  "state": "RECOVERY_IN_PROGRESS"
}
2026-02-06 12:46:52,056 [INFO] Restore state: RECOVERY_IN_PROGRESS
2026-02-06 12:47:02,057 [DEBUG] API GET http://sb1.cpolab.ibm.com:8080/api/public/v1.0/backup/third_party/group/67eed68e0ba1970a07e16b77/restore/698634b44ad5445e0272882c
2026-02-06 12:47:02,224 [DEBUG] STATUS 200
2026-02-06 12:47:02,224 [DEBUG] {
  "clusterMapping": [
    {
      "rsId": "sgcShard_0",
      "targetRsId": "sgcShard_0"
    },
    {
      "rsId": "sgcShard_1",
      "targetRsId": "sgcShard_1"
    },
    {
      "rsId": "configRS",
      "targetRsId": "configRS"
    }
  ],
  "nodes": [
    {
      "error": null,
      "hostname": "mdb1",
      "id": "mdb1:37017",
      "port": 37017,
      "rsId": "sgcShard_0",
      "state": "RECOVERY_IN_PROGRESS",
      "stateUpdateTime": 1770403566
    },
    {
      "error": null,
      "hostname": "mdb8",
      "id": "mdb8:37017",
      "port": 37017,
      "rsId": "sgcShard_0",
      "state": "RECOVERY_IN_PROGRESS",
      "stateUpdateTime": 1770403567
    },
    {
      "error": null,
      "hostname": "mdb3",
      "id": "mdb3:37017",
      "port": 37017,
      "rsId": "sgcShard_0",
      "state": "RECOVERY_IN_PROGRESS",
      "stateUpdateTime": 1770403567
    },
    {
      "error": null,
      "hostname": "mdb9",
      "id": "mdb9:37017",
      "port": 37017,
      "rsId": "sgcShard_1",
      "state": "RECOVERY_IN_PROGRESS",
      "stateUpdateTime": 1770403568
    },
    {
      "error": null,
      "hostname": "mdb2",
      "id": "mdb2:37017",
      "port": 37017,
      "rsId": "sgcShard_1",
      "state": "RECOVERY_IN_PROGRESS",
      "stateUpdateTime": 1770403568
    },
    {
      "error": null,
      "hostname": "mdb4",
      "id": "mdb4:37017",
      "port": 37017,
      "rsId": "sgcShard_1",
      "state": "RECOVERY_IN_PROGRESS",
      "stateUpdateTime": 1770403569
    },
    {
      "error": null,
      "hostname": "mdb-config2",
      "id": "mdb-config2:37017",
      "port": 37017,
      "rsId": "configRS",
      "state": "RECOVERY_IN_PROGRESS",
      "stateUpdateTime": 1770403570
    },
    {
      "error": null,
      "hostname": "mdb-config1",
      "id": "mdb-config1:37017",
      "port": 37017,
      "rsId": "configRS",
      "state": "RECOVERY_IN_PROGRESS",
      "stateUpdateTime": 1770403570
    },
    {
      "error": null,
      "hostname": "mdb7",
      "id": "mdb7:37017",
      "port": 37017,
      "rsId": "configRS",
      "state": "RECOVERY_IN_PROGRESS",
      "stateUpdateTime": 1770403571
    }
  ],
  "state": "RECOVERY_IN_PROGRESS"
}
2026-02-06 12:47:02,224 [INFO] Restore state: RECOVERY_IN_PROGRESS
2026-02-06 12:47:12,225 [DEBUG] API GET http://sb1.cpolab.ibm.com:8080/api/public/v1.0/backup/third_party/group/67eed68e0ba1970a07e16b77/restore/698634b44ad5445e0272882c
2026-02-06 12:47:12,472 [DEBUG] STATUS 200
2026-02-06 12:47:12,473 [DEBUG] {
  "clusterMapping": [
    {
      "rsId": "sgcShard_0",
      "targetRsId": "sgcShard_0"
    },
    {
      "rsId": "sgcShard_1",
      "targetRsId": "sgcShard_1"
    },
    {
      "rsId": "configRS",
      "targetRsId": "configRS"
    }
  ],
  "nodes": [
    {
      "error": null,
      "hostname": "mdb1",
      "id": "mdb1:37017",
      "port": 37017,
      "rsId": "sgcShard_0",
      "state": "RECOVERY_IN_PROGRESS",
      "stateUpdateTime": 1770403566
    },
    {
      "error": null,
      "hostname": "mdb8",
      "id": "mdb8:37017",
      "port": 37017,
      "rsId": "sgcShard_0",
      "state": "RECOVERY_IN_PROGRESS",
      "stateUpdateTime": 1770403567
    },
    {
      "error": null,
      "hostname": "mdb3",
      "id": "mdb3:37017",
      "port": 37017,
      "rsId": "sgcShard_0",
      "state": "RECOVERY_IN_PROGRESS",
      "stateUpdateTime": 1770403567
    },
    {
      "error": null,
      "hostname": "mdb9",
      "id": "mdb9:37017",
      "port": 37017,
      "rsId": "sgcShard_1",
      "state": "RECOVERY_IN_PROGRESS",
      "stateUpdateTime": 1770403568
    },
    {
      "error": null,
      "hostname": "mdb2",
      "id": "mdb2:37017",
      "port": 37017,
      "rsId": "sgcShard_1",
      "state": "RECOVERY_IN_PROGRESS",
      "stateUpdateTime": 1770403568
    },
    {
      "error": null,
      "hostname": "mdb4",
      "id": "mdb4:37017",
      "port": 37017,
      "rsId": "sgcShard_1",
      "state": "RECOVERY_IN_PROGRESS",
      "stateUpdateTime": 1770403569
    },
    {
      "error": null,
      "hostname": "mdb-config2",
      "id": "mdb-config2:37017",
      "port": 37017,
      "rsId": "configRS",
      "state": "RECOVERY_IN_PROGRESS",
      "stateUpdateTime": 1770403570
    },
    {
      "error": null,
      "hostname": "mdb-config1",
      "id": "mdb-config1:37017",
      "port": 37017,
      "rsId": "configRS",
      "state": "RECOVERY_IN_PROGRESS",
      "stateUpdateTime": 1770403570
    },
    {
      "error": null,
      "hostname": "mdb7",
      "id": "mdb7:37017",
      "port": 37017,
      "rsId": "configRS",
      "state": "RECOVERY_IN_PROGRESS",
      "stateUpdateTime": 1770403571
    }
  ],
  "state": "RECOVERY_IN_PROGRESS"
}
2026-02-06 12:47:12,473 [INFO] Restore state: RECOVERY_IN_PROGRESS
2026-02-06 12:47:22,474 [DEBUG] API GET http://sb1.cpolab.ibm.com:8080/api/public/v1.0/backup/third_party/group/67eed68e0ba1970a07e16b77/restore/698634b44ad5445e0272882c
2026-02-06 12:47:22,642 [DEBUG] STATUS 200
2026-02-06 12:47:22,642 [DEBUG] {
  "clusterMapping": [
    {
      "rsId": "sgcShard_0",
      "targetRsId": "sgcShard_0"
    },
    {
      "rsId": "sgcShard_1",
      "targetRsId": "sgcShard_1"
    },
    {
      "rsId": "configRS",
      "targetRsId": "configRS"
    }
  ],
  "nodes": [
    {
      "error": null,
      "hostname": "mdb1",
      "id": "mdb1:37017",
      "port": 37017,
      "rsId": "sgcShard_0",
      "state": "RECOVERY_IN_PROGRESS",
      "stateUpdateTime": 1770403566
    },
    {
      "error": null,
      "hostname": "mdb8",
      "id": "mdb8:37017",
      "port": 37017,
      "rsId": "sgcShard_0",
      "state": "RECOVERY_IN_PROGRESS",
      "stateUpdateTime": 1770403567
    },
    {
      "error": null,
      "hostname": "mdb3",
      "id": "mdb3:37017",
      "port": 37017,
      "rsId": "sgcShard_0",
      "state": "RECOVERY_IN_PROGRESS",
      "stateUpdateTime": 1770403567
    },
    {
      "error": null,
      "hostname": "mdb9",
      "id": "mdb9:37017",
      "port": 37017,
      "rsId": "sgcShard_1",
      "state": "RECOVERY_IN_PROGRESS",
      "stateUpdateTime": 1770403568
    },
    {
      "error": null,
      "hostname": "mdb2",
      "id": "mdb2:37017",
      "port": 37017,
      "rsId": "sgcShard_1",
      "state": "RECOVERY_IN_PROGRESS",
      "stateUpdateTime": 1770403568
    },
    {
      "error": null,
      "hostname": "mdb4",
      "id": "mdb4:37017",
      "port": 37017,
      "rsId": "sgcShard_1",
      "state": "RECOVERY_IN_PROGRESS",
      "stateUpdateTime": 1770403569
    },
    {
      "error": null,
      "hostname": "mdb-config2",
      "id": "mdb-config2:37017",
      "port": 37017,
      "rsId": "configRS",
      "state": "RECOVERY_IN_PROGRESS",
      "stateUpdateTime": 1770403570
    },
    {
      "error": null,
      "hostname": "mdb-config1",
      "id": "mdb-config1:37017",
      "port": 37017,
      "rsId": "configRS",
      "state": "RECOVERY_IN_PROGRESS",
      "stateUpdateTime": 1770403570
    },
    {
      "error": null,
      "hostname": "mdb7",
      "id": "mdb7:37017",
      "port": 37017,
      "rsId": "configRS",
      "state": "RECOVERY_IN_PROGRESS",
      "stateUpdateTime": 1770403571
    }
  ],
  "state": "RECOVERY_IN_PROGRESS"
}
2026-02-06 12:47:22,643 [INFO] Restore state: RECOVERY_IN_PROGRESS
2026-02-06 12:47:32,644 [DEBUG] API GET http://sb1.cpolab.ibm.com:8080/api/public/v1.0/backup/third_party/group/67eed68e0ba1970a07e16b77/restore/698634b44ad5445e0272882c
2026-02-06 12:47:32,828 [DEBUG] STATUS 200
2026-02-06 12:47:32,828 [DEBUG] {
  "clusterMapping": [
    {
      "rsId": "sgcShard_0",
      "targetRsId": "sgcShard_0"
    },
    {
      "rsId": "sgcShard_1",
      "targetRsId": "sgcShard_1"
    },
    {
      "rsId": "configRS",
      "targetRsId": "configRS"
    }
  ],
  "nodes": [
    {
      "error": null,
      "hostname": "mdb1",
      "id": "mdb1:37017",
      "port": 37017,
      "rsId": "sgcShard_0",
      "state": "RECOVERY_IN_PROGRESS",
      "stateUpdateTime": 1770403566
    },
    {
      "error": null,
      "hostname": "mdb8",
      "id": "mdb8:37017",
      "port": 37017,
      "rsId": "sgcShard_0",
      "state": "RECOVERY_IN_PROGRESS",
      "stateUpdateTime": 1770403567
    },
    {
      "error": null,
      "hostname": "mdb3",
      "id": "mdb3:37017",
      "port": 37017,
      "rsId": "sgcShard_0",
      "state": "RECOVERY_IN_PROGRESS",
      "stateUpdateTime": 1770403567
    },
    {
      "error": null,
      "hostname": "mdb9",
      "id": "mdb9:37017",
      "port": 37017,
      "rsId": "sgcShard_1",
      "state": "RECOVERY_IN_PROGRESS",
      "stateUpdateTime": 1770403568
    },
    {
      "error": null,
      "hostname": "mdb2",
      "id": "mdb2:37017",
      "port": 37017,
      "rsId": "sgcShard_1",
      "state": "RECOVERY_IN_PROGRESS",
      "stateUpdateTime": 1770403568
    },
    {
      "error": null,
      "hostname": "mdb4",
      "id": "mdb4:37017",
      "port": 37017,
      "rsId": "sgcShard_1",
      "state": "RECOVERY_IN_PROGRESS",
      "stateUpdateTime": 1770403569
    },
    {
      "error": null,
      "hostname": "mdb-config2",
      "id": "mdb-config2:37017",
      "port": 37017,
      "rsId": "configRS",
      "state": "RECOVERY_IN_PROGRESS",
      "stateUpdateTime": 1770403570
    },
    {
      "error": null,
      "hostname": "mdb-config1",
      "id": "mdb-config1:37017",
      "port": 37017,
      "rsId": "configRS",
      "state": "RECOVERY_IN_PROGRESS",
      "stateUpdateTime": 1770403570
    },
    {
      "error": null,
      "hostname": "mdb7",
      "id": "mdb7:37017",
      "port": 37017,
      "rsId": "configRS",
      "state": "RECOVERY_IN_PROGRESS",
      "stateUpdateTime": 1770403571
    }
  ],
  "state": "RECOVERY_IN_PROGRESS"
}
2026-02-06 12:47:32,829 [INFO] Restore state: RECOVERY_IN_PROGRESS
2026-02-06 12:47:42,829 [DEBUG] API GET http://sb1.cpolab.ibm.com:8080/api/public/v1.0/backup/third_party/group/67eed68e0ba1970a07e16b77/restore/698634b44ad5445e0272882c
2026-02-06 12:47:43,000 [DEBUG] STATUS 200
2026-02-06 12:47:43,000 [DEBUG] {
  "clusterMapping": [
    {
      "rsId": "sgcShard_0",
      "targetRsId": "sgcShard_0"
    },
    {
      "rsId": "sgcShard_1",
      "targetRsId": "sgcShard_1"
    },
    {
      "rsId": "configRS",
      "targetRsId": "configRS"
    }
  ],
  "nodes": [
    {
      "error": null,
      "hostname": "mdb1",
      "id": "mdb1:37017",
      "port": 37017,
      "rsId": "sgcShard_0",
      "state": "RECOVERY_IN_PROGRESS",
      "stateUpdateTime": 1770403566
    },
    {
      "error": null,
      "hostname": "mdb8",
      "id": "mdb8:37017",
      "port": 37017,
      "rsId": "sgcShard_0",
      "state": "COMPLETED",
      "stateUpdateTime": 0
    },
    {
      "error": null,
      "hostname": "mdb3",
      "id": "mdb3:37017",
      "port": 37017,
      "rsId": "sgcShard_0",
      "state": "COMPLETED",
      "stateUpdateTime": 0
    },
    {
      "error": null,
      "hostname": "mdb9",
      "id": "mdb9:37017",
      "port": 37017,
      "rsId": "sgcShard_1",
      "state": "COMPLETED",
      "stateUpdateTime": 0
    },
    {
      "error": null,
      "hostname": "mdb2",
      "id": "mdb2:37017",
      "port": 37017,
      "rsId": "sgcShard_1",
      "state": "RECOVERY_IN_PROGRESS",
      "stateUpdateTime": 1770403568
    },
    {
      "error": null,
      "hostname": "mdb4",
      "id": "mdb4:37017",
      "port": 37017,
      "rsId": "sgcShard_1",
      "state": "COMPLETED",
      "stateUpdateTime": 0
    },
    {
      "error": null,
      "hostname": "mdb-config2",
      "id": "mdb-config2:37017",
      "port": 37017,
      "rsId": "configRS",
      "state": "COMPLETED",
      "stateUpdateTime": 0
    },
    {
      "error": null,
      "hostname": "mdb-config1",
      "id": "mdb-config1:37017",
      "port": 37017,
      "rsId": "configRS",
      "state": "COMPLETED",
      "stateUpdateTime": 0
    },
    {
      "error": null,
      "hostname": "mdb7",
      "id": "mdb7:37017",
      "port": 37017,
      "rsId": "configRS",
      "state": "COMPLETED",
      "stateUpdateTime": 0
    }
  ],
  "state": "RECOVERY_IN_PROGRESS"
}
2026-02-06 12:47:43,000 [INFO] Restore state: RECOVERY_IN_PROGRESS
2026-02-06 12:47:53,001 [DEBUG] API GET http://sb1.cpolab.ibm.com:8080/api/public/v1.0/backup/third_party/group/67eed68e0ba1970a07e16b77/restore/698634b44ad5445e0272882c
2026-02-06 12:47:53,168 [DEBUG] STATUS 200
2026-02-06 12:47:53,168 [DEBUG] {
  "clusterMapping": [
    {
      "rsId": "sgcShard_0",
      "targetRsId": "sgcShard_0"
    },
    {
      "rsId": "sgcShard_1",
      "targetRsId": "sgcShard_1"
    },
    {
      "rsId": "configRS",
      "targetRsId": "configRS"
    }
  ],
  "nodes": [
    {
      "error": null,
      "hostname": "mdb1",
      "id": "mdb1:37017",
      "port": 37017,
      "rsId": "sgcShard_0",
      "state": "COMPLETED",
      "stateUpdateTime": 0
    },
    {
      "error": null,
      "hostname": "mdb8",
      "id": "mdb8:37017",
      "port": 37017,
      "rsId": "sgcShard_0",
      "state": "COMPLETED",
      "stateUpdateTime": 0
    },
    {
      "error": null,
      "hostname": "mdb3",
      "id": "mdb3:37017",
      "port": 37017,
      "rsId": "sgcShard_0",
      "state": "COMPLETED",
      "stateUpdateTime": 0
    },
    {
      "error": null,
      "hostname": "mdb9",
      "id": "mdb9:37017",
      "port": 37017,
      "rsId": "sgcShard_1",
      "state": "COMPLETED",
      "stateUpdateTime": 0
    },
    {
      "error": null,
      "hostname": "mdb2",
      "id": "mdb2:37017",
      "port": 37017,
      "rsId": "sgcShard_1",
      "state": "COMPLETED",
      "stateUpdateTime": 0
    },
    {
      "error": null,
      "hostname": "mdb4",
      "id": "mdb4:37017",
      "port": 37017,
      "rsId": "sgcShard_1",
      "state": "COMPLETED",
      "stateUpdateTime": 0
    },
    {
      "error": null,
      "hostname": "mdb-config2",
      "id": "mdb-config2:37017",
      "port": 37017,
      "rsId": "configRS",
      "state": "COMPLETED",
      "stateUpdateTime": 0
    },
    {
      "error": null,
      "hostname": "mdb-config1",
      "id": "mdb-config1:37017",
      "port": 37017,
      "rsId": "configRS",
      "state": "COMPLETED",
      "stateUpdateTime": 0
    },
    {
      "error": null,
      "hostname": "mdb7",
      "id": "mdb7:37017",
      "port": 37017,
      "rsId": "configRS",
      "state": "COMPLETED",
      "stateUpdateTime": 0
    }
  ],
  "state": "RECOVERY_IN_PROGRESS"
}
2026-02-06 12:47:53,168 [INFO] Restore state: RECOVERY_IN_PROGRESS
2026-02-06 12:48:03,169 [DEBUG] API GET http://sb1.cpolab.ibm.com:8080/api/public/v1.0/backup/third_party/group/67eed68e0ba1970a07e16b77/restore/698634b44ad5445e0272882c
2026-02-06 12:48:03,348 [DEBUG] STATUS 200
2026-02-06 12:48:03,349 [DEBUG] {
  "clusterMapping": [
    {
      "rsId": "sgcShard_0",
      "targetRsId": "sgcShard_0"
    },
    {
      "rsId": "sgcShard_1",
      "targetRsId": "sgcShard_1"
    },
    {
      "rsId": "configRS",
      "targetRsId": "configRS"
    }
  ],
  "nodes": [
    {
      "error": null,
      "hostname": "mdb1",
      "id": "mdb1:37017",
      "port": 37017,
      "rsId": "sgcShard_0",
      "state": "COMPLETED",
      "stateUpdateTime": 1770403677
    },
    {
      "error": null,
      "hostname": "mdb8",
      "id": "mdb8:37017",
      "port": 37017,
      "rsId": "sgcShard_0",
      "state": "COMPLETED",
      "stateUpdateTime": 1770403677
    },
    {
      "error": null,
      "hostname": "mdb3",
      "id": "mdb3:37017",
      "port": 37017,
      "rsId": "sgcShard_0",
      "state": "COMPLETED",
      "stateUpdateTime": 1770403677
    },
    {
      "error": null,
      "hostname": "mdb9",
      "id": "mdb9:37017",
      "port": 37017,
      "rsId": "sgcShard_1",
      "state": "COMPLETED",
      "stateUpdateTime": 1770403677
    },
    {
      "error": null,
      "hostname": "mdb2",
      "id": "mdb2:37017",
      "port": 37017,
      "rsId": "sgcShard_1",
      "state": "COMPLETED",
      "stateUpdateTime": 1770403677
    },
    {
      "error": null,
      "hostname": "mdb4",
      "id": "mdb4:37017",
      "port": 37017,
      "rsId": "sgcShard_1",
      "state": "COMPLETED",
      "stateUpdateTime": 1770403677
    },
    {
      "error": null,
      "hostname": "mdb-config2",
      "id": "mdb-config2:37017",
      "port": 37017,
      "rsId": "configRS",
      "state": "COMPLETED",
      "stateUpdateTime": 1770403677
    },
    {
      "error": null,
      "hostname": "mdb-config1",
      "id": "mdb-config1:37017",
      "port": 37017,
      "rsId": "configRS",
      "state": "COMPLETED",
      "stateUpdateTime": 1770403677
    },
    {
      "error": null,
      "hostname": "mdb7",
      "id": "mdb7:37017",
      "port": 37017,
      "rsId": "configRS",
      "state": "COMPLETED",
      "stateUpdateTime": 1770403677
    }
  ],
  "state": "COMPLETED"
}
2026-02-06 12:48:03,349 [INFO] Restore state: COMPLETED
2026-02-06 12:48:03,349 [INFO] Restore completed successfully
