2026-10-02 14:19:44,947 [INFO] Starting Ops Manager restore workflow
2026-10-02 14:19:44,947 [INFO] Restore point 6abf242c7c5bbb3be0d9025a taken from cluster 'sgcCluster' at 2026-10-02T03:30:08.828326+00:00
2026-10-02 14:19:44,947 [INFO] Restore log: runs\sgcCluster_20261002T032435Z\restore_6abf242c7c5bbb3be0d9025a_20261002T191944Z.log
2026-10-02 14:19:44,947 [INFO] Building infrastructure map for target cluster 'tgtCluster'
2026-10-02 14:20:32,250 [INFO] Shard mapping supplied by --shardmap:
2026-10-02 14:20:32,251 [INFO]   configRS -> tgtconfigRS
2026-10-02 14:20:32,251 [INFO]   sgcShard_0 -> tgtShard_0
2026-10-02 14:20:32,252 [INFO]   sgcShard_1 -> tgtShard_1
2026-10-02 14:20:32,254 [INFO] Restore record: runs\sgcCluster_20261002T032435Z\restore_metadata.json
2026-10-02 14:20:32,254 [INFO] call  find_cluster('http://129.40.36.100:8080', '6a386221ee19a6537cc68a97', <requests.auth.HTTPDigestAuth object at 0x0000026F22B16E40>, 'tgtCluster')
2026-10-02 14:20:32,254 [DEBUG] API GET http://129.40.36.100:8080/api/public/v1.0/backup/third_party/group/6a386221ee19a6537cc68a97/clusters
2026-10-02 14:20:32,375 [DEBUG] STATUS 200
2026-10-02 14:20:32,375 [DEBUG] {
  "clusters": [
    {
      "clusterId": "6a387fc1f9f8584e2262c8f3",
      "clusterName": "testRep",
      "groupId": "6a386221ee19a6537cc68a97",
      "jobId": "6a387fc1f9f8584e2262c8f3",
      "state": "ACTIVE"
    },
    {
      "clusterId": "6a3939acf9f8584e226a56e4",
      "clusterName": "tsetrepRestore",
      "groupId": "6a386221ee19a6537cc68a97",
      "jobId": "6a3939acf9f8584e226a56e4",
      "state": "ACTIVE"
    },
    {
      "clusterId": "6a39559ff9f8584e226bec72",
      "clusterName": "sgcCluster",
      "groupId": "6a386221ee19a6537cc68a97",
      "jobId": "6a39559ff9f8584e226bec72",
      "state": "ACTIVE"
    },
    {
      "clusterId": "6a67ab0a0b3bb92668612c59",
      "clusterName": "tgtCluster",
      "groupId": "6a386221ee19a6537cc68a97",
      "jobId": "6a67ab0a0b3bb92668612c59",
      "state": "ACTIVE"
    }
  ]
}
2026-10-02 14:20:32,375 [INFO] ret   find_cluster -> '6a67ab0a0b3bb92668612c59'
2026-10-02 14:20:32,378 [INFO] call  get_cluster_nodes('http://129.40.36.100:8080', '6a386221ee19a6537cc68a97', '6a67ab0a0b3bb92668612c59', <requests.auth.HTTPDigestAuth object at 0x0000026F22B16E40>)
2026-10-02 14:20:32,378 [DEBUG] API GET http://129.40.36.100:8080/api/public/v1.0/backup/third_party/group/6a386221ee19a6537cc68a97/clusters/6a67ab0a0b3bb92668612c59
2026-10-02 14:20:32,568 [DEBUG] STATUS 200
2026-10-02 14:20:32,568 [DEBUG] {
  "replicaSets": [
    {
      "id": "tgtShard_1",
      "nodes": [
        {
          "dbPath": "/fimongo1/data",
          "hidden": false,
          "hostname": "rmdb12",
          "id": "rmdb12:37017",
          "lastAgentPing": "2026-10-02T19:20:19Z",
          "memberState": "SECONDARY",
          "mongodbVersion": "8.0.26",
          "oplogStoreType": "thirdPartyOplogStore",
          "port": 37017,
          "priority": 1.0,
          "rsId": "tgtShard_1",
          "snapshotable": false,
          "votes": 1
        },
        {
          "dbPath": "/fimongo1/data",
          "hidden": false,
          "hostname": "rmdb14",
          "id": "rmdb14:37017",
          "lastAgentPing": "2026-10-02T19:19:56Z",
          "memberState": "DOWN",
          "mongodbVersion": "8.0.26",
          "oplogStoreType": "thirdPartyOplogStore",
          "port": 37017,
          "priority": 0.0,
          "rsId": "tgtShard_1",
          "snapshotable": false,
          "votes": 0
        },
        {
          "dbPath": "/fimongo1/data",
          "hidden": false,
          "hostname": "rmdb9",
          "id": "rmdb9:37017",
          "lastAgentPing": "2026-10-02T19:20:19Z",
          "memberState": "SECONDARY",
          "mongodbVersion": "8.0.26",
          "oplogStoreType": "thirdPartyOplogStore",
          "port": 37017,
          "priority": 1.0,
          "rsId": "tgtShard_1",
          "snapshotable": false,
          "votes": 1
        },
        {
          "dbPath": "/fimongo1/data",
          "hidden": false,
          "hostname": "rmdb4",
          "id": "rmdb4:37017",
          "lastAgentPing": "2026-10-02T19:20:15Z",
          "memberState": "DOWN",
          "mongodbVersion": "8.0.26",
          "oplogStoreType": "thirdPartyOplogStore",
          "port": 37017,
          "priority": 1.0,
          "rsId": "tgtShard_1",
          "snapshotable": false,
          "votes": 1
        },
        {
          "dbPath": "/fimongo1/data",
          "hidden": false,
          "hostname": "rmdb2",
          "id": "rmdb2:37017",
          "lastAgentPing": "2026-10-02T19:19:58Z",
          "memberState": "PRIMARY",
          "mongodbVersion": "8.0.26",
          "oplogStoreType": "thirdPartyOplogStore",
          "port": 37017,
          "priority": 1.0,
          "rsId": "tgtShard_1",
          "snapshotable": false,
          "votes": 1
        }
      ],
      "oplogType": "thirdParty"
    },
    {
      "id": "tgtShard_0",
      "nodes": [
        {
          "dbPath": "/fimongo1/data",
          "hidden": false,
          "hostname": "rmdb8",
          "id": "rmdb8:37017",
          "lastAgentPing": "2026-10-02T19:19:53Z",
          "memberState": "DOWN",
          "mongodbVersion": "8.0.26",
          "opTime": "1970-01-01T00:00:00Z",
          "oplogStoreType": "thirdPartyOplogStore",
          "port": 37017,
          "priority": 1.0,
          "rsId": "tgtShard_0",
          "snapshotable": false,
          "votes": 1
        },
        {
          "dbPath": "/fimongo1/data",
          "hidden": false,
          "hostname": "rmdb13",
          "id": "rmdb13:37017",
          "lastAgentPing": "2026-10-02T19:20:25Z",
          "memberState": "SECONDARY",
          "mongodbVersion": "8.0.26",
          "opTime": "2026-10-02T03:26:45Z",
          "oplogStoreType": "thirdPartyOplogStore",
          "port": 37017,
          "priority": 1.0,
          "rsId": "tgtShard_0",
          "snapshotable": false,
          "votes": 1
        },
        {
          "dbPath": "/fimongo1/data",
          "hidden": false,
          "hostname": "rmdb1",
          "id": "rmdb1:37017",
          "lastAgentPing": "2026-10-02T19:19:33Z",
          "memberState": "DOWN",
          "mongodbVersion": "8.0.26",
          "opTime": "1970-01-01T00:00:00Z",
          "oplogStoreType": "thirdPartyOplogStore",
          "port": 37017,
          "priority": 1.0,
          "rsId": "tgtShard_0",
          "snapshotable": false,
          "votes": 1
        },
        {
          "dbPath": "/fimongo1/data",
          "hidden": false,
          "hostname": "rmdb3",
          "id": "rmdb3:37017",
          "lastAgentPing": "2026-10-02T19:20:01Z",
          "memberState": "DOWN",
          "mongodbVersion": "8.0.26",
          "opTime": "1970-01-01T00:00:00Z",
          "oplogStoreType": "thirdPartyOplogStore",
          "port": 37017,
          "priority": 1.0,
          "rsId": "tgtShard_0",
          "snapshotable": false,
          "votes": 1
        },
        {
          "dbPath": "/fimongo1/data",
          "hidden": false,
          "hostname": "rmdb11",
          "id": "rmdb11:37017",
          "lastAgentPing": "2026-10-02T19:19:51Z",
          "memberState": "SECONDARY",
          "mongodbVersion": "8.0.26",
          "opTime": "2026-10-02T03:26:45Z",
          "oplogStoreType": "thirdPartyOplogStore",
          "port": 37017,
          "priority": 1.0,
          "rsId": "tgtShard_0",
          "snapshotable": false,
          "votes": 1
        }
      ],
      "oplogType": "thirdParty"
    },
    {
      "id": "tgtconfigRS",
      "nodes": [
        {
          "dbPath": "/fimongo1/data",
          "hidden": false,
          "hostname": "rmdb7",
          "id": "rmdb7:37017",
          "lastAgentPing": "2026-10-02T19:20:10Z",
          "memberState": "PRIMARY",
          "mongodbVersion": "8.0.26",
          "opTime": "2026-10-02T19:18:43Z",
          "oplogStoreType": "thirdPartyOplogStore",
          "port": 37017,
          "priority": 1.0,
          "rsId": "tgtconfigRS",
          "snapshotable": true,
          "votes": 1
        },
        {
          "dbPath": "/fimongo1/data",
          "hidden": false,
          "hostname": "rmdb-config1",
          "id": "rmdb-config1:37017",
          "lastAgentPing": "2026-10-02T19:19:51Z",
          "memberState": "SECONDARY",
          "mongodbVersion": "8.0.26",
          "opTime": "2026-10-02T19:18:41Z",
          "oplogStoreType": "thirdPartyOplogStore",
          "port": 37017,
          "priority": 1.0,
          "rsId": "tgtconfigRS",
          "snapshotable": true,
          "votes": 1
        },
        {
          "dbPath": "/fimongo1/data",
          "hidden": false,
          "hostname": "rmdb-config2",
          "id": "rmdb-config2:37017",
          "lastAgentPing": "2026-10-02T19:19:40Z",
          "memberState": "SECONDARY",
          "mongodbVersion": "8.0.26",
          "opTime": "2026-10-02T19:18:41Z",
          "oplogStoreType": "thirdPartyOplogStore",
          "port": 37017,
          "priority": 1.0,
          "rsId": "tgtconfigRS",
          "snapshotable": true,
          "votes": 1
        }
      ],
      "oplogType": "thirdParty"
    }
  ],
  "restoreId": "6abf3847457a6b80701899fb"
}
2026-10-02 14:20:32,568 [INFO] ret   get_cluster_nodes -> [{'id': 'rmdb12:37017', 'dbPath': '/fimongo1/data'}, {'id': 'rmdb14:37017', 'dbPath': '/fimongo1/data'}, {'id': 'rmdb9:37017', 'dbPath': '/fimongo1/data'}, {'id': 'rmdb4:37017', 'dbPath': '/fimongo1/data'}, {'id': 'rmdb2:37017', 'dbPath': '/fimongo1/data'}, {'id': 'rmdb8:37017', 'dbPath': '/fimongo1/data'}, {'id': 'rmdb13:37017', 'dbPath': '/fimongo1/data'}, {'id': 'rmdb1:37017', 'dbPath': '/fimongo1/data'}, {'id': 'rmdb3:37017', 'dbPath': '/fimongo1/data'}, {'id': 'rmdb11:37017', 'dbPath': '/fimongo1/data'}, {'id': 'rmdb7:37017', 'dbPath': '/fimongo1/data'}, {'id': 'rmdb-config1:37017', 'dbPath': '/fimongo1/data'}, {'id': 'rmdb-config2:37017', 'dbPath': '/fimongo1/data'}]
2026-10-02 14:20:32,570 [INFO] Resuming existing restore 6abf3847457a6b80701899fb
2026-10-02 14:20:32,570 [DEBUG] API GET http://129.40.36.100:8080/api/public/v1.0/backup/third_party/group/6a386221ee19a6537cc68a97/restore/6abf3847457a6b80701899fb
2026-10-02 14:20:32,712 [DEBUG] STATUS 200
2026-10-02 14:20:32,712 [DEBUG] {
  "clusterMapping": [
    {
      "rsId": "sgcShard_0",
      "targetRsId": "tgtShard_0"
    },
    {
      "rsId": "sgcShard_1",
      "targetRsId": "tgtShard_1"
    },
    {
      "rsId": "configRS",
      "targetRsId": "tgtconfigRS"
    }
  ],
  "nodes": [
    {
      "error": "<tgtCluster_tgtShard_1_64> [15:20:19.654] Plan execution failed on step MarkRestoreStarted as part of move RestoreRsMemberFromBackupPhase1 : <tgtCluster_tgtShard_1_64> [15:20:19.654] Failed to apply action. Result = <nil> : <tgtCluster_tgtShard_1_64> [15:20:19.654] Error creating /fimongo1/data : <tgtCluster_tgtShard_1_64> [15:20:19.654] Error making directory = /fimongo1/data with permissions = -rwxrwxrwx : mkdir /fimongo1/data: permission denied",
      "hostname": "rmdb12",
      "id": "rmdb12:37017",
      "port": 37017,
      "rsId": "tgtShard_1",
      "state": "COPY_FILES",
      "stateUpdateTime": 1790916904
    },
    {
      "error": "<tgtCluster_tgtShard_1_66> [15:19:44.734] Plan execution failed on step MarkRestoreStarted as part of move RestoreRsMemberFromBackupPhase1 : <tgtCluster_tgtShard_1_66> [15:19:44.734] Failed to apply action. Result = <nil> : <tgtCluster_tgtShard_1_66> [15:19:44.734] Error creating /fimongo1/data : <tgtCluster_tgtShard_1_66> [15:19:44.734] Error making directory = /fimongo1/data with permissions = -rwxrwxrwx : mkdir /fimongo1/data: permission denied",
      "hostname": "rmdb14",
      "id": "rmdb14:37017",
      "port": 37017,
      "rsId": "tgtShard_1",
      "state": "COPY_FILES",
      "stateUpdateTime": 1790916904
    },
    {
      "error": "<tgtCluster_tgtShard_1_47> [15:20:09.663] Plan execution failed on step MakeBackupDataAvailable as part of move RestoreRsMemberFromBackupPhase1 : <tgtCluster_tgtShard_1_47> [15:20:09.663] Failed to apply action. Result = <nil> : <tgtCluster_tgtShard_1_47> [15:20:09.663] Failed to download the snapshot : <tgtCluster_tgtShard_1_47> [15:20:09.663] Error while waiting for third party to copy backup to /fimongo1/data : <tgtCluster_tgtShard_1_47> [15:20:09.663] Observed error when trying to mark node as ready for copy files. : <tgtCluster_tgtShard_1_47> [15:20:09.663] Got return status 404 Not Found when trying to mark node ready for copy files.",
      "hostname": "rmdb9",
      "id": "rmdb9:37017",
      "port": 37017,
      "rsId": "tgtShard_1",
      "state": "COPY_FILES",
      "stateUpdateTime": 1790916904
    },
    {
      "error": "<tgtCluster_tgtShard_1_46> [15:19:54.349] Plan execution failed on step MarkRestoreStarted as part of move RestoreRsMemberFromBackupPhase1 : <tgtCluster_tgtShard_1_46> [15:19:54.349] Failed to apply action. Result = <nil> : <tgtCluster_tgtShard_1_46> [15:19:54.349] Error creating /fimongo1/data : <tgtCluster_tgtShard_1_46> [15:19:54.349] Error making directory = /fimongo1/data with permissions = -rwxrwxrwx : mkdir /fimongo1/data: permission denied",
      "hostname": "rmdb4",
      "id": "rmdb4:37017",
      "port": 37017,
      "rsId": "tgtShard_1",
      "state": "COPY_FILES",
      "stateUpdateTime": 1790916904
    },
    {
      "error": "<tgtCluster_tgtShard_1_45> [15:19:52.983] Plan execution failed on step MakeBackupDataAvailable as part of move RestoreRsMemberFromBackupPhase1 : <tgtCluster_tgtShard_1_45> [15:19:52.983] Failed to apply action. Result = <nil> : <tgtCluster_tgtShard_1_45> [15:19:52.983] Failed to download the snapshot : <tgtCluster_tgtShard_1_45> [15:19:52.983] Error while waiting for third party to copy backup to /fimongo1/data : <tgtCluster_tgtShard_1_45> [15:19:52.983] Observed error when trying to mark node as ready for copy files. : <tgtCluster_tgtShard_1_45> [15:19:52.983] Got return status 404 Not Found when trying to mark node ready for copy files.",
      "hostname": "rmdb2",
      "id": "rmdb2:37017",
      "port": 37017,
      "rsId": "tgtShard_1",
      "state": "RECOVERY_IN_PROGRESS",
      "stateUpdateTime": 1790968681
    },
    {
      "error": "<tgtCluster_tgtShard_0_44> [15:19:49.023] Plan execution failed on step MakeBackupDataAvailable as part of move RestoreRsMemberFromBackupPhase1 : <tgtCluster_tgtShard_0_44> [15:19:49.023] Failed to apply action. Result = <nil> : <tgtCluster_tgtShard_0_44> [15:19:49.022] Failed to download the snapshot : <tgtCluster_tgtShard_0_44> [15:19:49.022] Error while waiting for third party to copy backup to /fimongo1/data : <tgtCluster_tgtShard_0_44> [15:19:49.022] Observed error when trying to mark node as ready for copy files. : <tgtCluster_tgtShard_0_44> [15:19:49.022] Got return status 404 Not Found when trying to mark node ready for copy files.",
      "hostname": "rmdb8",
      "id": "rmdb8:37017",
      "port": 37017,
      "rsId": "tgtShard_0",
      "state": "RECOVERY_IN_PROGRESS",
      "stateUpdateTime": 1790968530
    },
    {
      "error": null,
      "hostname": "rmdb13",
      "id": "rmdb13:37017",
      "port": 37017,
      "rsId": "tgtShard_0",
      "state": "RECOVERY_IN_PROGRESS",
      "stateUpdateTime": 1790917247
    },
    {
      "error": "<tgtCluster_tgtShard_0_42> [15:19:56.432] Plan execution failed on step MakeBackupDataAvailable as part of move RestoreRsMemberFromBackupPhase1 : <tgtCluster_tgtShard_0_42> [15:19:56.432] Failed to apply action. Result = <nil> : <tgtCluster_tgtShard_0_42> [15:19:56.432] Failed to download the snapshot : <tgtCluster_tgtShard_0_42> [15:19:56.432] Error while waiting for third party to copy backup to /fimongo1/data : <tgtCluster_tgtShard_0_42> [15:19:56.432] Observed error when trying to mark node as ready for copy files. : <tgtCluster_tgtShard_0_42> [15:19:56.432] Got return status 404 Not Found when trying to mark node ready for copy files.",
      "hostname": "rmdb1",
      "id": "rmdb1:37017",
      "port": 37017,
      "rsId": "tgtShard_0",
      "state": "RECOVERY_IN_PROGRESS",
      "stateUpdateTime": 1790963978
    },
    {
      "error": "<tgtCluster_tgtShard_0_43> [15:19:40.649] Plan execution failed on step MakeBackupDataAvailable as part of move RestoreRsMemberFromBackupPhase1 : <tgtCluster_tgtShard_0_43> [15:19:40.649] Failed to apply action. Result = <nil> : <tgtCluster_tgtShard_0_43> [15:19:40.649] Failed to download the snapshot : <tgtCluster_tgtShard_0_43> [15:19:40.649] Error while waiting for third party to copy backup to /fimongo1/data : <tgtCluster_tgtShard_0_43> [15:19:40.649] Observed error when trying to mark node as ready for copy files. : <tgtCluster_tgtShard_0_43> [15:19:40.649] Got return status 404 Not Found when trying to mark node ready for copy files.",
      "hostname": "rmdb3",
      "id": "rmdb3:37017",
      "port": 37017,
      "rsId": "tgtShard_0",
      "state": "RECOVERY_IN_PROGRESS",
      "stateUpdateTime": 1790967977
    },
    {
      "error": null,
      "hostname": "rmdb11",
      "id": "rmdb11:37017",
      "port": 37017,
      "rsId": "tgtShard_0",
      "state": "RECOVERY_IN_PROGRESS",
      "stateUpdateTime": 1790917218
    },
    {
      "error": null,
      "hostname": "rmdb7",
      "id": "rmdb7:37017",
      "port": 37017,
      "rsId": "tgtconfigRS",
      "state": "RECOVERY_IN_PROGRESS",
      "stateUpdateTime": 1790917195
    },
    {
      "error": null,
      "hostname": "rmdb-config1",
      "id": "rmdb-config1:37017",
      "port": 37017,
      "rsId": "tgtconfigRS",
      "state": "RECOVERY_IN_PROGRESS",
      "stateUpdateTime": 1790917145
    },
    {
      "error": null,
      "hostname": "rmdb-config2",
      "id": "rmdb-config2:37017",
      "port": 37017,
      "rsId": "tgtconfigRS",
      "state": "RECOVERY_IN_PROGRESS",
      "stateUpdateTime": 1790917166
    }
  ],
  "state": "COPY_FILES"
}
2026-10-02 14:20:32,712 [INFO] Restore state: COPY_FILES
2026-10-02 14:20:42,715 [INFO] Restricted to node(s): rmdb14:37017, rmdb4:37017, rmdb9:37017
2026-10-02 14:20:42,715 [INFO] Unmounting MongoDB data volumes on: rmdb14, rmdb4, rmdb9
2026-10-02 14:20:42,716 [INFO] call  unmount_hosts(mdb_hosts=['rmdb14', 'rmdb4', 'rmdb9'], kvm_hosts=['mdb-kvm2', 'mdb-kvm3'], mount_point='/fimongo1')
2026-10-02 14:20:45,607 [INFO] Busy hosts: 0
2026-10-02 14:20:45,607 [INFO] Flushing cache after umount on rmdb14
2026-10-02 14:20:46,519 [INFO] Flushing cache after umount on rmdb4
2026-10-02 14:20:47,382 [INFO] Flushing cache after umount on rmdb9
2026-10-02 14:20:48,260 [INFO] Resolving KVM cache on host: mdb-kvm2
2026-10-02 14:20:49,239 [INFO] Resolving KVM cache on host: mdb-kvm3
2026-10-02 14:20:50,950 [INFO] ret   unmount_hosts -> None
2026-10-02 14:20:50,950 [INFO] Target nodes unmounted
2026-10-02 14:20:50,953 [INFO] === shard configRS -> tgtconfigRS from snapshot configRS_6abf242c7c5bbb3be0d9025a ===
2026-10-02 14:20:50,953 [INFO] === shard sgcShard_0 -> tgtShard_0 from snapshot sgcShard_0_6abf242c7c5bbb3be0d9025a ===
2026-10-02 14:20:50,953 [INFO] === shard sgcShard_1 -> tgtShard_1 from snapshot sgcShard_1_6abf242c7c5bbb3be0d9025a ===
2026-10-02 14:20:50,955 [INFO] --- restoring rmdb14:37017 ---
2026-10-02 14:20:50,956 [INFO] Authenticating to FlashSystem fs9500-3.cpolab.ibm.com
2026-10-02 14:20:51,262 [INFO] call  getSnapshotVolumeGroup('fs9500-3.cpolab.ibm.com', <redacted>, 'sgcShard_1_6abf242c7c5bbb3be0d9025a')
2026-10-02 14:20:51,464 [INFO] ret   getSnapshotVolumeGroup -> ('ORION17-mdb9-sgcCluster-replicated', '26')
2026-10-02 14:20:51,464 [INFO] call  createThinCloneVolumeGroup('fs9500-3.cpolab.ibm.com', <redacted>, '26', 'rmdb14_tgtCluster_6abf242c7c5bbb3be0d9025a')
2026-10-02 14:20:51,881 [INFO] ret   createThinCloneVolumeGroup -> {'id': '75', 'message': 'Volume Group, id [75], successfully created'}
2026-10-02 14:20:51,883 [INFO] call  renameVolumeGroupVolumes('fs9500-3.cpolab.ibm.com', <redacted>, 'rmdb14_tgtCluster_6abf242c7c5bbb3be0d9025a', 'restore_rmdb14_tgtCluster_6abf242c7c5bbb3be0d9025a')
2026-10-02 14:20:52,712 [INFO] ret   renameVolumeGroupVolumes -> [('ORION17-mdb9-sgcCluster-fimongo1-0-0', 'restore_rmdb14_tgtCluster_6abf242c7c5bbb3be0d9025a')]
2026-10-02 14:20:52,715 [INFO] call  getVolumeUUID('fs9500-3.cpolab.ibm.com', <redacted>, 'restore_rmdb14_tgtCluster_6abf242c7c5bbb3be0d9025a')
2026-10-02 14:20:52,987 [INFO] ret   getVolumeUUID -> '60050768138302dab800000000000306'
2026-10-02 14:20:52,991 [INFO] call  mapVolumeToHost('fs9500-3.cpolab.ibm.com', <redacted>, 'restore_rmdb14_tgtCluster_6abf242c7c5bbb3be0d9025a', 'Orion0C-mdb-kvm3')
2026-10-02 14:20:53,699 [INFO] ret   mapVolumeToHost -> {'id': '52', 'message': 'Virtual Disk to Host map, id [52], successfully created'}
2026-10-02 14:20:53,702 [INFO] call  scan_scsi_devices('mdb-kvm3')
2026-10-02 14:20:54,686 [INFO] ret   scan_scsi_devices -> True
2026-10-02 14:20:54,687 [INFO] call  find_multipath_device_from_scsi_uuid('mdb-kvm3', '60050768138302dab800000000000306', retries=6, delay=5)
2026-10-02 14:21:02,945 [INFO] ret   find_multipath_device_from_scsi_uuid -> 'mpathbf'
2026-10-02 14:21:02,948 [INFO] call  attach_disk_to_domain('mdb-kvm3', 'rmdb14', '/dev/mapper/mpathbf')
2026-10-02 14:21:05,048 [INFO] ret   attach_disk_to_domain -> '/dev/vdf'
2026-10-02 14:21:05,052 [INFO] call  highest_partition('rmdb14', '/dev/vdf')
2026-10-02 14:21:06,116 [INFO] ret   highest_partition -> '/dev/vdf1'
2026-10-02 14:21:06,118 [INFO] call  filesystem_uuid('rmdb14', '/dev/vdf1')
2026-10-02 14:21:06,925 [INFO] ret   filesystem_uuid -> '6daf0f6f-5246-489d-91a3-1587f885cd59'
2026-10-02 14:21:06,929 [INFO] call  change_filesystem_uuid('rmdb14', '/dev/vdf1')
2026-10-02 14:21:15,021 [INFO] ret   change_filesystem_uuid -> '345c13b5-3cd9-40ef-9eac-2c60e660f1e5'
2026-10-02 14:21:15,024 [INFO] call  mount_single_host('rmdb14:37017', {'sgcShard_0': [{'hostname': 'mdb8:37017', 'mount_point': '/fimongo1', 'fs_uuid': 'de77df98-cd1f-488b-8cac-facbccfd1e30'}], 'sgcShard_1': [{'hostname': 'mdb9:37017', 'mount_point': '/fimongo1', 'fs_uuid': '6daf0f6f-5246-489d-91a3-1587f885cd59'}], 'configRS': [{'hostname': 'mdb7:37017', 'mount_point': '/fimongo1', 'fs_uuid': '84b467c1-5c1d-4be1-8e3a-7f255ecdbd6c'}]}, fs_uuid='345c13b5-3cd9-40ef-9eac-2c60e660f1e5', mount_point='/fimongo1')
2026-10-02 14:21:15,024 [INFO] Partprobe on rmdb14 to detect filesystem updates
2026-10-02 14:21:15,886 [INFO] Mounting UUID=345c13b5-3cd9-40ef-9eac-2c60e660f1e5 on rmdb14 at /fimongo1
2026-10-02 14:21:16,876 [INFO] Mounted successfully on rmdb14
2026-10-02 14:21:17,697 [INFO] chown mongod:mongod applied on rmdb14 at /fimongo1
2026-10-02 14:21:17,697 [INFO] ret   mount_single_host -> None
2026-10-02 14:21:17,697 [INFO] call  verify_single_host_mount('rmdb14:37017', {'sgcShard_0': [{'hostname': 'mdb8:37017', 'mount_point': '/fimongo1', 'fs_uuid': 'de77df98-cd1f-488b-8cac-facbccfd1e30'}], 'sgcShard_1': [{'hostname': 'mdb9:37017', 'mount_point': '/fimongo1', 'fs_uuid': '6daf0f6f-5246-489d-91a3-1587f885cd59'}], 'configRS': [{'hostname': 'mdb7:37017', 'mount_point': '/fimongo1', 'fs_uuid': '84b467c1-5c1d-4be1-8e3a-7f255ecdbd6c'}]}, mount_point='/fimongo1')
2026-10-02 14:21:18,490 [INFO] Mount verified on rmdb14: /fimongo1
2026-10-02 14:21:19,292 [INFO] rmdb14: /fimongo1/data/fileList.txt exists with correct mongod:mongod ownership
2026-10-02 14:21:19,292 [INFO] ret   verify_single_host_mount -> None
2026-10-02 14:21:19,295 [DEBUG] API GET http://129.40.36.100:8080/api/public/v1.0/backup/third_party/group/6a386221ee19a6537cc68a97/restore/6abf3847457a6b80701899fb
2026-10-02 14:21:19,489 [DEBUG] STATUS 200
2026-10-02 14:21:19,490 [DEBUG] {
  "clusterMapping": [
    {
      "rsId": "sgcShard_0",
      "targetRsId": "tgtShard_0"
    },
    {
      "rsId": "sgcShard_1",
      "targetRsId": "tgtShard_1"
    },
    {
      "rsId": "configRS",
      "targetRsId": "tgtconfigRS"
    }
  ],
  "nodes": [
    {
      "error": "<tgtCluster_tgtShard_1_64> [15:20:19.654] Plan execution failed on step MarkRestoreStarted as part of move RestoreRsMemberFromBackupPhase1 : <tgtCluster_tgtShard_1_64> [15:20:19.654] Failed to apply action. Result = <nil> : <tgtCluster_tgtShard_1_64> [15:20:19.654] Error creating /fimongo1/data : <tgtCluster_tgtShard_1_64> [15:20:19.654] Error making directory = /fimongo1/data with permissions = -rwxrwxrwx : mkdir /fimongo1/data: permission denied",
      "hostname": "rmdb12",
      "id": "rmdb12:37017",
      "port": 37017,
      "rsId": "tgtShard_1",
      "state": "COPY_FILES",
      "stateUpdateTime": 1790916904
    },
    {
      "error": "<tgtCluster_tgtShard_1_66> [15:20:45.427] Plan execution failed on step MarkRestoreStarted as part of move RestoreRsMemberFromBackupPhase1 : <tgtCluster_tgtShard_1_66> [15:20:45.427] Failed to apply action. Result = <nil> : <tgtCluster_tgtShard_1_66> [15:20:45.426] Error creating /fimongo1/data : <tgtCluster_tgtShard_1_66> [15:20:45.426] Error making directory = /fimongo1/data with permissions = -rwxrwxrwx : mkdir /fimongo1/data: permission denied",
      "hostname": "rmdb14",
      "id": "rmdb14:37017",
      "port": 37017,
      "rsId": "tgtShard_1",
      "state": "COPY_FILES",
      "stateUpdateTime": 1790916904
    },
    {
      "error": "<tgtCluster_tgtShard_1_47> [15:21:11.196] Plan execution failed on step MakeBackupDataAvailable as part of move RestoreRsMemberFromBackupPhase1 : <tgtCluster_tgtShard_1_47> [15:21:11.196] Failed to apply action. Result = <nil> : <tgtCluster_tgtShard_1_47> [15:21:11.196] Failed to download the snapshot : <tgtCluster_tgtShard_1_47> [15:21:11.196] Error while waiting for third party to copy backup to /fimongo1/data : <tgtCluster_tgtShard_1_47> [15:21:11.196] Observed error when trying to mark node as ready for copy files. : <tgtCluster_tgtShard_1_47> [15:21:11.196] Got return status 404 Not Found when trying to mark node ready for copy files.",
      "hostname": "rmdb9",
      "id": "rmdb9:37017",
      "port": 37017,
      "rsId": "tgtShard_1",
      "state": "COPY_FILES",
      "stateUpdateTime": 1790916904
    },
    {
      "error": "<tgtCluster_tgtShard_1_46> [15:20:55.045] Plan execution failed on step MarkRestoreStarted as part of move RestoreRsMemberFromBackupPhase1 : <tgtCluster_tgtShard_1_46> [15:20:55.045] Failed to apply action. Result = <nil> : <tgtCluster_tgtShard_1_46> [15:20:55.045] Error creating /fimongo1/data : <tgtCluster_tgtShard_1_46> [15:20:55.045] Error making directory = /fimongo1/data with permissions = -rwxrwxrwx : mkdir /fimongo1/data: permission denied",
      "hostname": "rmdb4",
      "id": "rmdb4:37017",
      "port": 37017,
      "rsId": "tgtShard_1",
      "state": "COPY_FILES",
      "stateUpdateTime": 1790916904
    },
    {
      "error": "<tgtCluster_tgtShard_1_45> [15:20:55.357] Plan execution failed on step MakeBackupDataAvailable as part of move RestoreRsMemberFromBackupPhase1 : <tgtCluster_tgtShard_1_45> [15:20:55.357] Failed to apply action. Result = <nil> : <tgtCluster_tgtShard_1_45> [15:20:55.356] Failed to download the snapshot : <tgtCluster_tgtShard_1_45> [15:20:55.356] Error while waiting for third party to copy backup to /fimongo1/data : <tgtCluster_tgtShard_1_45> [15:20:55.356] Observed error when trying to mark node as ready for copy files. : <tgtCluster_tgtShard_1_45> [15:20:55.356] Got return status 404 Not Found when trying to mark node ready for copy files.",
      "hostname": "rmdb2",
      "id": "rmdb2:37017",
      "port": 37017,
      "rsId": "tgtShard_1",
      "state": "RECOVERY_IN_PROGRESS",
      "stateUpdateTime": 1790968681
    },
    {
      "error": "<tgtCluster_tgtShard_0_44> [15:20:49.956] Plan execution failed on step MakeBackupDataAvailable as part of move RestoreRsMemberFromBackupPhase1 : <tgtCluster_tgtShard_0_44> [15:20:49.956] Failed to apply action. Result = <nil> : <tgtCluster_tgtShard_0_44> [15:20:49.955] Failed to download the snapshot : <tgtCluster_tgtShard_0_44> [15:20:49.955] Error while waiting for third party to copy backup to /fimongo1/data : <tgtCluster_tgtShard_0_44> [15:20:49.955] Observed error when trying to mark node as ready for copy files. : <tgtCluster_tgtShard_0_44> [15:20:49.955] Got return status 404 Not Found when trying to mark node ready for copy files.",
      "hostname": "rmdb8",
      "id": "rmdb8:37017",
      "port": 37017,
      "rsId": "tgtShard_0",
      "state": "RECOVERY_IN_PROGRESS",
      "stateUpdateTime": 1790968530
    },
    {
      "error": null,
      "hostname": "rmdb13",
      "id": "rmdb13:37017",
      "port": 37017,
      "rsId": "tgtShard_0",
      "state": "RECOVERY_IN_PROGRESS",
      "stateUpdateTime": 1790917247
    },
    {
      "error": "<tgtCluster_tgtShard_0_42> [15:20:57.436] Plan execution failed on step MakeBackupDataAvailable as part of move RestoreRsMemberFromBackupPhase1 : <tgtCluster_tgtShard_0_42> [15:20:57.436] Failed to apply action. Result = <nil> : <tgtCluster_tgtShard_0_42> [15:20:57.436] Failed to download the snapshot : <tgtCluster_tgtShard_0_42> [15:20:57.436] Error while waiting for third party to copy backup to /fimongo1/data : <tgtCluster_tgtShard_0_42> [15:20:57.436] Observed error when trying to mark node as ready for copy files. : <tgtCluster_tgtShard_0_42> [15:20:57.436] Got return status 404 Not Found when trying to mark node ready for copy files.",
      "hostname": "rmdb1",
      "id": "rmdb1:37017",
      "port": 37017,
      "rsId": "tgtShard_0",
      "state": "RECOVERY_IN_PROGRESS",
      "stateUpdateTime": 1790963978
    },
    {
      "error": "<tgtCluster_tgtShard_0_43> [15:20:41.379] Plan execution failed on step MakeBackupDataAvailable as part of move RestoreRsMemberFromBackupPhase1 : <tgtCluster_tgtShard_0_43> [15:20:41.379] Failed to apply action. Result = <nil> : <tgtCluster_tgtShard_0_43> [15:20:41.379] Failed to download the snapshot : <tgtCluster_tgtShard_0_43> [15:20:41.379] Error while waiting for third party to copy backup to /fimongo1/data : <tgtCluster_tgtShard_0_43> [15:20:41.379] Observed error when trying to mark node as ready for copy files. : <tgtCluster_tgtShard_0_43> [15:20:41.379] Got return status 404 Not Found when trying to mark node ready for copy files.",
      "hostname": "rmdb3",
      "id": "rmdb3:37017",
      "port": 37017,
      "rsId": "tgtShard_0",
      "state": "RECOVERY_IN_PROGRESS",
      "stateUpdateTime": 1790967977
    },
    {
      "error": null,
      "hostname": "rmdb11",
      "id": "rmdb11:37017",
      "port": 37017,
      "rsId": "tgtShard_0",
      "state": "RECOVERY_IN_PROGRESS",
      "stateUpdateTime": 1790917218
    },
    {
      "error": null,
      "hostname": "rmdb7",
      "id": "rmdb7:37017",
      "port": 37017,
      "rsId": "tgtconfigRS",
      "state": "RECOVERY_IN_PROGRESS",
      "stateUpdateTime": 1790917195
    },
    {
      "error": null,
      "hostname": "rmdb-config1",
      "id": "rmdb-config1:37017",
      "port": 37017,
      "rsId": "tgtconfigRS",
      "state": "RECOVERY_IN_PROGRESS",
      "stateUpdateTime": 1790917145
    },
    {
      "error": null,
      "hostname": "rmdb-config2",
      "id": "rmdb-config2:37017",
      "port": 37017,
      "rsId": "tgtconfigRS",
      "state": "RECOVERY_IN_PROGRESS",
      "stateUpdateTime": 1790917166
    }
  ],
  "state": "COPY_FILES"
}
2026-10-02 14:21:19,490 [INFO] call  files_copied('http://129.40.36.100:8080', '6a386221ee19a6537cc68a97', '6abf3847457a6b80701899fb', 'rmdb14:37017', '/fimongo1/data', <requests.auth.HTTPDigestAuth object at 0x0000026F22B16E40>)
2026-10-02 14:21:19,490 [DEBUG] API POST http://129.40.36.100:8080/api/public/v1.0/backup/third_party/group/6a386221ee19a6537cc68a97/restore/6abf3847457a6b80701899fb/filesCopied
2026-10-02 14:21:19,490 [DEBUG] {
  "id": "rmdb14:37017",
  "dbPath": "/fimongo1/data"
}
2026-10-02 14:21:19,611 [DEBUG] STATUS 200
2026-10-02 14:21:19,611 [DEBUG] {
  "errorCode": "NONE",
  "version": "1",
  "status": "OK"
}
2026-10-02 14:21:19,611 [INFO] ret   files_copied -> None
2026-10-02 14:21:19,620 [INFO] --- restoring rmdb4:37017 ---
2026-10-02 14:21:19,620 [INFO] call  getSnapshotVolumeGroup('fs9500-3.cpolab.ibm.com', <redacted>, 'sgcShard_1_6abf242c7c5bbb3be0d9025a')
2026-10-02 14:21:19,915 [INFO] ret   getSnapshotVolumeGroup -> ('ORION17-mdb9-sgcCluster-replicated', '26')
2026-10-02 14:21:19,915 [INFO] call  createThinCloneVolumeGroup('fs9500-3.cpolab.ibm.com', <redacted>, '26', 'rmdb4_tgtCluster_6abf242c7c5bbb3be0d9025a')
2026-10-02 14:21:20,534 [INFO] ret   createThinCloneVolumeGroup -> {'id': '76', 'message': 'Volume Group, id [76], successfully created'}
2026-10-02 14:21:20,536 [INFO] call  renameVolumeGroupVolumes('fs9500-3.cpolab.ibm.com', <redacted>, 'rmdb4_tgtCluster_6abf242c7c5bbb3be0d9025a', 'restore_rmdb4_tgtCluster_6abf242c7c5bbb3be0d9025a')
2026-10-02 14:21:21,763 [INFO] ret   renameVolumeGroupVolumes -> [('ORION17-mdb9-sgcCluster-fimongo1-0-0', 'restore_rmdb4_tgtCluster_6abf242c7c5bbb3be0d9025a')]
2026-10-02 14:21:21,765 [INFO] call  getVolumeUUID('fs9500-3.cpolab.ibm.com', <redacted>, 'restore_rmdb4_tgtCluster_6abf242c7c5bbb3be0d9025a')
2026-10-02 14:21:22,039 [INFO] ret   getVolumeUUID -> '60050768138302dab800000000000307'
2026-10-02 14:21:22,041 [INFO] call  mapVolumeToHost('fs9500-3.cpolab.ibm.com', <redacted>, 'restore_rmdb4_tgtCluster_6abf242c7c5bbb3be0d9025a', 'Orion0B-mdb-kvm2')
2026-10-02 14:21:22,512 [INFO] ret   mapVolumeToHost -> {'id': '50', 'message': 'Virtual Disk to Host map, id [50], successfully created'}
2026-10-02 14:21:22,515 [INFO] call  scan_scsi_devices('mdb-kvm2')
2026-10-02 14:21:23,427 [INFO] ret   scan_scsi_devices -> True
2026-10-02 14:21:23,427 [INFO] call  find_multipath_device_from_scsi_uuid('mdb-kvm2', '60050768138302dab800000000000307', retries=6, delay=5)
2026-10-02 14:21:24,660 [INFO] ret   find_multipath_device_from_scsi_uuid -> 'mpathbf'
2026-10-02 14:21:24,663 [INFO] call  attach_disk_to_domain('mdb-kvm2', 'rmdb4', '/dev/mapper/mpathbf')
2026-10-02 14:21:26,622 [INFO] ret   attach_disk_to_domain -> '/dev/vdg'
2026-10-02 14:21:26,626 [INFO] call  highest_partition('rmdb4', '/dev/vdg')
2026-10-02 14:21:27,655 [INFO] ret   highest_partition -> '/dev/vdg1'
2026-10-02 14:21:27,658 [INFO] call  filesystem_uuid('rmdb4', '/dev/vdg1')
2026-10-02 14:21:28,528 [INFO] ret   filesystem_uuid -> '6daf0f6f-5246-489d-91a3-1587f885cd59'
2026-10-02 14:21:28,532 [INFO] call  change_filesystem_uuid('rmdb4', '/dev/vdg1')
2026-10-02 14:21:36,604 [INFO] ret   change_filesystem_uuid -> '6d59e102-6f8f-4616-b8dd-74f3eaf8868b'
2026-10-02 14:21:36,606 [INFO] call  mount_single_host('rmdb4:37017', {'sgcShard_0': [{'hostname': 'mdb8:37017', 'mount_point': '/fimongo1', 'fs_uuid': 'de77df98-cd1f-488b-8cac-facbccfd1e30'}], 'sgcShard_1': [{'hostname': 'mdb9:37017', 'mount_point': '/fimongo1', 'fs_uuid': '6daf0f6f-5246-489d-91a3-1587f885cd59'}], 'configRS': [{'hostname': 'mdb7:37017', 'mount_point': '/fimongo1', 'fs_uuid': '84b467c1-5c1d-4be1-8e3a-7f255ecdbd6c'}]}, fs_uuid='6d59e102-6f8f-4616-b8dd-74f3eaf8868b', mount_point='/fimongo1')
2026-10-02 14:21:36,606 [INFO] Partprobe on rmdb4 to detect filesystem updates
2026-10-02 14:21:37,484 [INFO] Mounting UUID=6d59e102-6f8f-4616-b8dd-74f3eaf8868b on rmdb4 at /fimongo1
2026-10-02 14:21:38,495 [INFO] Mounted successfully on rmdb4
2026-10-02 14:21:39,352 [INFO] chown mongod:mongod applied on rmdb4 at /fimongo1
2026-10-02 14:21:39,352 [INFO] ret   mount_single_host -> None
2026-10-02 14:21:39,352 [INFO] call  verify_single_host_mount('rmdb4:37017', {'sgcShard_0': [{'hostname': 'mdb8:37017', 'mount_point': '/fimongo1', 'fs_uuid': 'de77df98-cd1f-488b-8cac-facbccfd1e30'}], 'sgcShard_1': [{'hostname': 'mdb9:37017', 'mount_point': '/fimongo1', 'fs_uuid': '6daf0f6f-5246-489d-91a3-1587f885cd59'}], 'configRS': [{'hostname': 'mdb7:37017', 'mount_point': '/fimongo1', 'fs_uuid': '84b467c1-5c1d-4be1-8e3a-7f255ecdbd6c'}]}, mount_point='/fimongo1')
2026-10-02 14:21:40,161 [INFO] Mount verified on rmdb4: /fimongo1
2026-10-02 14:21:40,959 [INFO] rmdb4: /fimongo1/data/fileList.txt exists with correct mongod:mongod ownership
2026-10-02 14:21:40,959 [INFO] ret   verify_single_host_mount -> None
2026-10-02 14:21:40,962 [DEBUG] API GET http://129.40.36.100:8080/api/public/v1.0/backup/third_party/group/6a386221ee19a6537cc68a97/restore/6abf3847457a6b80701899fb
2026-10-02 14:21:41,105 [DEBUG] STATUS 200
2026-10-02 14:21:41,105 [DEBUG] {
  "clusterMapping": [
    {
      "rsId": "sgcShard_0",
      "targetRsId": "tgtShard_0"
    },
    {
      "rsId": "sgcShard_1",
      "targetRsId": "tgtShard_1"
    },
    {
      "rsId": "configRS",
      "targetRsId": "tgtconfigRS"
    }
  ],
  "nodes": [
    {
      "error": "<tgtCluster_tgtShard_1_64> [15:21:20.313] Plan execution failed on step MarkRestoreStarted as part of move RestoreRsMemberFromBackupPhase1 : <tgtCluster_tgtShard_1_64> [15:21:20.313] Failed to apply action. Result = <nil> : <tgtCluster_tgtShard_1_64> [15:21:20.313] Error creating /fimongo1/data : <tgtCluster_tgtShard_1_64> [15:21:20.313] Error making directory = /fimongo1/data with permissions = -rwxrwxrwx : mkdir /fimongo1/data: permission denied",
      "hostname": "rmdb12",
      "id": "rmdb12:37017",
      "port": 37017,
      "rsId": "tgtShard_1",
      "state": "COPY_FILES",
      "stateUpdateTime": 1790916904
    },
    {
      "error": "<tgtCluster_tgtShard_1_66> [15:20:45.427] Plan execution failed on step MarkRestoreStarted as part of move RestoreRsMemberFromBackupPhase1 : <tgtCluster_tgtShard_1_66> [15:20:45.427] Failed to apply action. Result = <nil> : <tgtCluster_tgtShard_1_66> [15:20:45.426] Error creating /fimongo1/data : <tgtCluster_tgtShard_1_66> [15:20:45.426] Error making directory = /fimongo1/data with permissions = -rwxrwxrwx : mkdir /fimongo1/data: permission denied",
      "hostname": "rmdb14",
      "id": "rmdb14:37017",
      "port": 37017,
      "rsId": "tgtShard_1",
      "state": "RECOVERY_IN_PROGRESS",
      "stateUpdateTime": 1790968879
    },
    {
      "error": "<tgtCluster_tgtShard_1_47> [15:21:11.196] Plan execution failed on step MakeBackupDataAvailable as part of move RestoreRsMemberFromBackupPhase1 : <tgtCluster_tgtShard_1_47> [15:21:11.196] Failed to apply action. Result = <nil> : <tgtCluster_tgtShard_1_47> [15:21:11.196] Failed to download the snapshot : <tgtCluster_tgtShard_1_47> [15:21:11.196] Error while waiting for third party to copy backup to /fimongo1/data : <tgtCluster_tgtShard_1_47> [15:21:11.196] Observed error when trying to mark node as ready for copy files. : <tgtCluster_tgtShard_1_47> [15:21:11.196] Got return status 404 Not Found when trying to mark node ready for copy files.",
      "hostname": "rmdb9",
      "id": "rmdb9:37017",
      "port": 37017,
      "rsId": "tgtShard_1",
      "state": "COPY_FILES",
      "stateUpdateTime": 1790916904
    },
    {
      "error": "<tgtCluster_tgtShard_1_46> [15:20:55.045] Plan execution failed on step MarkRestoreStarted as part of move RestoreRsMemberFromBackupPhase1 : <tgtCluster_tgtShard_1_46> [15:20:55.045] Failed to apply action. Result = <nil> : <tgtCluster_tgtShard_1_46> [15:20:55.045] Error creating /fimongo1/data : <tgtCluster_tgtShard_1_46> [15:20:55.045] Error making directory = /fimongo1/data with permissions = -rwxrwxrwx : mkdir /fimongo1/data: permission denied",
      "hostname": "rmdb4",
      "id": "rmdb4:37017",
      "port": 37017,
      "rsId": "tgtShard_1",
      "state": "COPY_FILES",
      "stateUpdateTime": 1790916904
    },
    {
      "error": "<tgtCluster_tgtShard_1_45> [15:20:55.357] Plan execution failed on step MakeBackupDataAvailable as part of move RestoreRsMemberFromBackupPhase1 : <tgtCluster_tgtShard_1_45> [15:20:55.357] Failed to apply action. Result = <nil> : <tgtCluster_tgtShard_1_45> [15:20:55.356] Failed to download the snapshot : <tgtCluster_tgtShard_1_45> [15:20:55.356] Error while waiting for third party to copy backup to /fimongo1/data : <tgtCluster_tgtShard_1_45> [15:20:55.356] Observed error when trying to mark node as ready for copy files. : <tgtCluster_tgtShard_1_45> [15:20:55.356] Got return status 404 Not Found when trying to mark node ready for copy files.",
      "hostname": "rmdb2",
      "id": "rmdb2:37017",
      "port": 37017,
      "rsId": "tgtShard_1",
      "state": "RECOVERY_IN_PROGRESS",
      "stateUpdateTime": 1790968681
    },
    {
      "error": "<tgtCluster_tgtShard_0_44> [15:20:49.956] Plan execution failed on step MakeBackupDataAvailable as part of move RestoreRsMemberFromBackupPhase1 : <tgtCluster_tgtShard_0_44> [15:20:49.956] Failed to apply action. Result = <nil> : <tgtCluster_tgtShard_0_44> [15:20:49.955] Failed to download the snapshot : <tgtCluster_tgtShard_0_44> [15:20:49.955] Error while waiting for third party to copy backup to /fimongo1/data : <tgtCluster_tgtShard_0_44> [15:20:49.955] Observed error when trying to mark node as ready for copy files. : <tgtCluster_tgtShard_0_44> [15:20:49.955] Got return status 404 Not Found when trying to mark node ready for copy files.",
      "hostname": "rmdb8",
      "id": "rmdb8:37017",
      "port": 37017,
      "rsId": "tgtShard_0",
      "state": "RECOVERY_IN_PROGRESS",
      "stateUpdateTime": 1790968530
    },
    {
      "error": null,
      "hostname": "rmdb13",
      "id": "rmdb13:37017",
      "port": 37017,
      "rsId": "tgtShard_0",
      "state": "RECOVERY_IN_PROGRESS",
      "stateUpdateTime": 1790917247
    },
    {
      "error": "<tgtCluster_tgtShard_0_42> [15:20:57.436] Plan execution failed on step MakeBackupDataAvailable as part of move RestoreRsMemberFromBackupPhase1 : <tgtCluster_tgtShard_0_42> [15:20:57.436] Failed to apply action. Result = <nil> : <tgtCluster_tgtShard_0_42> [15:20:57.436] Failed to download the snapshot : <tgtCluster_tgtShard_0_42> [15:20:57.436] Error while waiting for third party to copy backup to /fimongo1/data : <tgtCluster_tgtShard_0_42> [15:20:57.436] Observed error when trying to mark node as ready for copy files. : <tgtCluster_tgtShard_0_42> [15:20:57.436] Got return status 404 Not Found when trying to mark node ready for copy files.",
      "hostname": "rmdb1",
      "id": "rmdb1:37017",
      "port": 37017,
      "rsId": "tgtShard_0",
      "state": "RECOVERY_IN_PROGRESS",
      "stateUpdateTime": 1790963978
    },
    {
      "error": "<tgtCluster_tgtShard_0_43> [15:20:41.379] Plan execution failed on step MakeBackupDataAvailable as part of move RestoreRsMemberFromBackupPhase1 : <tgtCluster_tgtShard_0_43> [15:20:41.379] Failed to apply action. Result = <nil> : <tgtCluster_tgtShard_0_43> [15:20:41.379] Failed to download the snapshot : <tgtCluster_tgtShard_0_43> [15:20:41.379] Error while waiting for third party to copy backup to /fimongo1/data : <tgtCluster_tgtShard_0_43> [15:20:41.379] Observed error when trying to mark node as ready for copy files. : <tgtCluster_tgtShard_0_43> [15:20:41.379] Got return status 404 Not Found when trying to mark node ready for copy files.",
      "hostname": "rmdb3",
      "id": "rmdb3:37017",
      "port": 37017,
      "rsId": "tgtShard_0",
      "state": "RECOVERY_IN_PROGRESS",
      "stateUpdateTime": 1790967977
    },
    {
      "error": null,
      "hostname": "rmdb11",
      "id": "rmdb11:37017",
      "port": 37017,
      "rsId": "tgtShard_0",
      "state": "RECOVERY_IN_PROGRESS",
      "stateUpdateTime": 1790917218
    },
    {
      "error": null,
      "hostname": "rmdb7",
      "id": "rmdb7:37017",
      "port": 37017,
      "rsId": "tgtconfigRS",
      "state": "RECOVERY_IN_PROGRESS",
      "stateUpdateTime": 1790917195
    },
    {
      "error": null,
      "hostname": "rmdb-config1",
      "id": "rmdb-config1:37017",
      "port": 37017,
      "rsId": "tgtconfigRS",
      "state": "RECOVERY_IN_PROGRESS",
      "stateUpdateTime": 1790917145
    },
    {
      "error": null,
      "hostname": "rmdb-config2",
      "id": "rmdb-config2:37017",
      "port": 37017,
      "rsId": "tgtconfigRS",
      "state": "RECOVERY_IN_PROGRESS",
      "stateUpdateTime": 1790917166
    }
  ],
  "state": "COPY_FILES"
}
2026-10-02 14:21:41,105 [INFO] call  files_copied('http://129.40.36.100:8080', '6a386221ee19a6537cc68a97', '6abf3847457a6b80701899fb', 'rmdb4:37017', '/fimongo1/data', <requests.auth.HTTPDigestAuth object at 0x0000026F22B16E40>)
2026-10-02 14:21:41,105 [DEBUG] API POST http://129.40.36.100:8080/api/public/v1.0/backup/third_party/group/6a386221ee19a6537cc68a97/restore/6abf3847457a6b80701899fb/filesCopied
2026-10-02 14:21:41,105 [DEBUG] {
  "id": "rmdb4:37017",
  "dbPath": "/fimongo1/data"
}
2026-10-02 14:21:41,247 [DEBUG] STATUS 200
2026-10-02 14:21:41,247 [DEBUG] {
  "errorCode": "NONE",
  "version": "1",
  "status": "OK"
}
2026-10-02 14:21:41,247 [INFO] ret   files_copied -> None
2026-10-02 14:21:41,256 [INFO] --- restoring rmdb9:37017 ---
2026-10-02 14:21:41,256 [INFO] call  getSnapshotVolumeGroup('fs9500-3.cpolab.ibm.com', <redacted>, 'sgcShard_1_6abf242c7c5bbb3be0d9025a')
2026-10-02 14:21:41,885 [INFO] ret   getSnapshotVolumeGroup -> ('ORION17-mdb9-sgcCluster-replicated', '26')
2026-10-02 14:21:41,885 [INFO] call  createThinCloneVolumeGroup('fs9500-3.cpolab.ibm.com', <redacted>, '26', 'rmdb9_tgtCluster_6abf242c7c5bbb3be0d9025a')
2026-10-02 14:21:42,393 [INFO] ret   createThinCloneVolumeGroup -> {'id': '77', 'message': 'Volume Group, id [77], successfully created'}
2026-10-02 14:21:42,396 [INFO] call  renameVolumeGroupVolumes('fs9500-3.cpolab.ibm.com', <redacted>, 'rmdb9_tgtCluster_6abf242c7c5bbb3be0d9025a', 'restore_rmdb9_tgtCluster_6abf242c7c5bbb3be0d9025a')
2026-10-02 14:21:43,962 [INFO] ret   renameVolumeGroupVolumes -> [('ORION17-mdb9-sgcCluster-fimongo1-0-0', 'restore_rmdb9_tgtCluster_6abf242c7c5bbb3be0d9025a')]
2026-10-02 14:21:43,965 [INFO] call  getVolumeUUID('fs9500-3.cpolab.ibm.com', <redacted>, 'restore_rmdb9_tgtCluster_6abf242c7c5bbb3be0d9025a')
2026-10-02 14:21:44,260 [INFO] ret   getVolumeUUID -> '60050768138302dab800000000000308'
2026-10-02 14:21:44,263 [INFO] call  mapVolumeToHost('fs9500-3.cpolab.ibm.com', <redacted>, 'restore_rmdb9_tgtCluster_6abf242c7c5bbb3be0d9025a', 'Orion0C-mdb-kvm3')
2026-10-02 14:21:44,919 [INFO] ret   mapVolumeToHost -> {'id': '53', 'message': 'Virtual Disk to Host map, id [53], successfully created'}
2026-10-02 14:21:44,922 [INFO] call  scan_scsi_devices('mdb-kvm3')
2026-10-02 14:21:46,540 [INFO] ret   scan_scsi_devices -> True
2026-10-02 14:21:46,540 [INFO] call  find_multipath_device_from_scsi_uuid('mdb-kvm3', '60050768138302dab800000000000308', retries=6, delay=5)
2026-10-02 14:21:47,752 [INFO] ret   find_multipath_device_from_scsi_uuid -> 'mpathbg'
2026-10-02 14:21:47,755 [INFO] call  attach_disk_to_domain('mdb-kvm3', 'rmdb9', '/dev/mapper/mpathbg')
2026-10-02 14:21:49,688 [INFO] ret   attach_disk_to_domain -> '/dev/vdh'
2026-10-02 14:21:49,690 [INFO] call  highest_partition('rmdb9', '/dev/vdh')
2026-10-02 14:21:50,716 [INFO] ret   highest_partition -> '/dev/vdh1'
2026-10-02 14:21:50,720 [INFO] call  filesystem_uuid('rmdb9', '/dev/vdh1')
2026-10-02 14:21:51,546 [INFO] ret   filesystem_uuid -> '6daf0f6f-5246-489d-91a3-1587f885cd59'
2026-10-02 14:21:51,549 [INFO] call  change_filesystem_uuid('rmdb9', '/dev/vdh1')
2026-10-02 14:21:59,331 [INFO] ret   change_filesystem_uuid -> '516db950-edd3-4b26-9252-b0978a5c6dd7'
2026-10-02 14:21:59,334 [INFO] call  mount_single_host('rmdb9:37017', {'sgcShard_0': [{'hostname': 'mdb8:37017', 'mount_point': '/fimongo1', 'fs_uuid': 'de77df98-cd1f-488b-8cac-facbccfd1e30'}], 'sgcShard_1': [{'hostname': 'mdb9:37017', 'mount_point': '/fimongo1', 'fs_uuid': '6daf0f6f-5246-489d-91a3-1587f885cd59'}], 'configRS': [{'hostname': 'mdb7:37017', 'mount_point': '/fimongo1', 'fs_uuid': '84b467c1-5c1d-4be1-8e3a-7f255ecdbd6c'}]}, fs_uuid='516db950-edd3-4b26-9252-b0978a5c6dd7', mount_point='/fimongo1')
2026-10-02 14:21:59,334 [INFO] Partprobe on rmdb9 to detect filesystem updates
2026-10-02 14:22:00,180 [INFO] Mounting UUID=516db950-edd3-4b26-9252-b0978a5c6dd7 on rmdb9 at /fimongo1
2026-10-02 14:22:01,172 [INFO] Mounted successfully on rmdb9
2026-10-02 14:22:01,987 [INFO] chown mongod:mongod applied on rmdb9 at /fimongo1
2026-10-02 14:22:01,987 [INFO] ret   mount_single_host -> None
2026-10-02 14:22:01,987 [INFO] call  verify_single_host_mount('rmdb9:37017', {'sgcShard_0': [{'hostname': 'mdb8:37017', 'mount_point': '/fimongo1', 'fs_uuid': 'de77df98-cd1f-488b-8cac-facbccfd1e30'}], 'sgcShard_1': [{'hostname': 'mdb9:37017', 'mount_point': '/fimongo1', 'fs_uuid': '6daf0f6f-5246-489d-91a3-1587f885cd59'}], 'configRS': [{'hostname': 'mdb7:37017', 'mount_point': '/fimongo1', 'fs_uuid': '84b467c1-5c1d-4be1-8e3a-7f255ecdbd6c'}]}, mount_point='/fimongo1')
2026-10-02 14:22:02,794 [INFO] Mount verified on rmdb9: /fimongo1
2026-10-02 14:22:03,597 [INFO] rmdb9: /fimongo1/data/fileList.txt exists with correct mongod:mongod ownership
2026-10-02 14:22:03,597 [INFO] ret   verify_single_host_mount -> None
2026-10-02 14:22:03,600 [DEBUG] API GET http://129.40.36.100:8080/api/public/v1.0/backup/third_party/group/6a386221ee19a6537cc68a97/restore/6abf3847457a6b80701899fb
2026-10-02 14:22:03,745 [DEBUG] STATUS 200
2026-10-02 14:22:03,745 [DEBUG] {
  "clusterMapping": [
    {
      "rsId": "sgcShard_0",
      "targetRsId": "tgtShard_0"
    },
    {
      "rsId": "sgcShard_1",
      "targetRsId": "tgtShard_1"
    },
    {
      "rsId": "configRS",
      "targetRsId": "tgtconfigRS"
    }
  ],
  "nodes": [
    {
      "error": "<tgtCluster_tgtShard_1_64> [15:21:20.313] Plan execution failed on step MarkRestoreStarted as part of move RestoreRsMemberFromBackupPhase1 : <tgtCluster_tgtShard_1_64> [15:21:20.313] Failed to apply action. Result = <nil> : <tgtCluster_tgtShard_1_64> [15:21:20.313] Error creating /fimongo1/data : <tgtCluster_tgtShard_1_64> [15:21:20.313] Error making directory = /fimongo1/data with permissions = -rwxrwxrwx : mkdir /fimongo1/data: permission denied",
      "hostname": "rmdb12",
      "id": "rmdb12:37017",
      "port": 37017,
      "rsId": "tgtShard_1",
      "state": "COPY_FILES",
      "stateUpdateTime": 1790916904
    },
    {
      "error": "<tgtCluster_tgtShard_1_66> [15:21:47.717] Plan execution failed on step MakeBackupDataAvailable as part of move RestoreRsMemberFromBackupPhase1 : <tgtCluster_tgtShard_1_66> [15:21:47.717] Failed to apply action. Result = <nil> : <tgtCluster_tgtShard_1_66> [15:21:47.717] Failed to download the snapshot : <tgtCluster_tgtShard_1_66> [15:21:47.717] Error while waiting for third party to copy backup to /fimongo1/data : <tgtCluster_tgtShard_1_66> [15:21:47.717] Observed error when trying to mark node as ready for copy files. : <tgtCluster_tgtShard_1_66> [15:21:47.717] Got return status 404 Not Found when trying to mark node ready for copy files.",
      "hostname": "rmdb14",
      "id": "rmdb14:37017",
      "port": 37017,
      "rsId": "tgtShard_1",
      "state": "RECOVERY_IN_PROGRESS",
      "stateUpdateTime": 1790968879
    },
    {
      "error": "<tgtCluster_tgtShard_1_47> [15:21:11.196] Plan execution failed on step MakeBackupDataAvailable as part of move RestoreRsMemberFromBackupPhase1 : <tgtCluster_tgtShard_1_47> [15:21:11.196] Failed to apply action. Result = <nil> : <tgtCluster_tgtShard_1_47> [15:21:11.196] Failed to download the snapshot : <tgtCluster_tgtShard_1_47> [15:21:11.196] Error while waiting for third party to copy backup to /fimongo1/data : <tgtCluster_tgtShard_1_47> [15:21:11.196] Observed error when trying to mark node as ready for copy files. : <tgtCluster_tgtShard_1_47> [15:21:11.196] Got return status 404 Not Found when trying to mark node ready for copy files.",
      "hostname": "rmdb9",
      "id": "rmdb9:37017",
      "port": 37017,
      "rsId": "tgtShard_1",
      "state": "COPY_FILES",
      "stateUpdateTime": 1790916904
    },
    {
      "error": "<tgtCluster_tgtShard_1_46> [15:21:56.574] Plan execution failed on step MakeBackupDataAvailable as part of move RestoreRsMemberFromBackupPhase1 : <tgtCluster_tgtShard_1_46> [15:21:56.574] Failed to apply action. Result = <nil> : <tgtCluster_tgtShard_1_46> [15:21:56.574] Failed to download the snapshot : <tgtCluster_tgtShard_1_46> [15:21:56.574] Error while waiting for third party to copy backup to /fimongo1/data : <tgtCluster_tgtShard_1_46> [15:21:56.574] Observed error when trying to mark node as ready for copy files. : <tgtCluster_tgtShard_1_46> [15:21:56.574] Got return status 404 Not Found when trying to mark node ready for copy files.",
      "hostname": "rmdb4",
      "id": "rmdb4:37017",
      "port": 37017,
      "rsId": "tgtShard_1",
      "state": "RECOVERY_IN_PROGRESS",
      "stateUpdateTime": 1790968901
    },
    {
      "error": "<tgtCluster_tgtShard_1_45> [15:21:56.794] Plan execution failed on step MakeBackupDataAvailable as part of move RestoreRsMemberFromBackupPhase1 : <tgtCluster_tgtShard_1_45> [15:21:56.794] Failed to apply action. Result = <nil> : <tgtCluster_tgtShard_1_45> [15:21:56.793] Failed to download the snapshot : <tgtCluster_tgtShard_1_45> [15:21:56.793] Error while waiting for third party to copy backup to /fimongo1/data : <tgtCluster_tgtShard_1_45> [15:21:56.793] Observed error when trying to mark node as ready for copy files. : <tgtCluster_tgtShard_1_45> [15:21:56.793] Got return status 404 Not Found when trying to mark node ready for copy files.",
      "hostname": "rmdb2",
      "id": "rmdb2:37017",
      "port": 37017,
      "rsId": "tgtShard_1",
      "state": "RECOVERY_IN_PROGRESS",
      "stateUpdateTime": 1790968681
    },
    {
      "error": "<tgtCluster_tgtShard_0_44> [15:21:50.788] Plan execution failed on step MakeBackupDataAvailable as part of move RestoreRsMemberFromBackupPhase1 : <tgtCluster_tgtShard_0_44> [15:21:50.788] Failed to apply action. Result = <nil> : <tgtCluster_tgtShard_0_44> [15:21:50.788] Failed to download the snapshot : <tgtCluster_tgtShard_0_44> [15:21:50.788] Error while waiting for third party to copy backup to /fimongo1/data : <tgtCluster_tgtShard_0_44> [15:21:50.788] Observed error when trying to mark node as ready for copy files. : <tgtCluster_tgtShard_0_44> [15:21:50.787] Got return status 404 Not Found when trying to mark node ready for copy files.",
      "hostname": "rmdb8",
      "id": "rmdb8:37017",
      "port": 37017,
      "rsId": "tgtShard_0",
      "state": "RECOVERY_IN_PROGRESS",
      "stateUpdateTime": 1790968530
    },
    {
      "error": null,
      "hostname": "rmdb13",
      "id": "rmdb13:37017",
      "port": 37017,
      "rsId": "tgtShard_0",
      "state": "RECOVERY_IN_PROGRESS",
      "stateUpdateTime": 1790917247
    },
    {
      "error": "<tgtCluster_tgtShard_0_42> [15:21:58.445] Plan execution failed on step MakeBackupDataAvailable as part of move RestoreRsMemberFromBackupPhase1 : <tgtCluster_tgtShard_0_42> [15:21:58.445] Failed to apply action. Result = <nil> : <tgtCluster_tgtShard_0_42> [15:21:58.445] Failed to download the snapshot : <tgtCluster_tgtShard_0_42> [15:21:58.445] Error while waiting for third party to copy backup to /fimongo1/data : <tgtCluster_tgtShard_0_42> [15:21:58.445] Observed error when trying to mark node as ready for copy files. : <tgtCluster_tgtShard_0_42> [15:21:58.444] Got return status 404 Not Found when trying to mark node ready for copy files.",
      "hostname": "rmdb1",
      "id": "rmdb1:37017",
      "port": 37017,
      "rsId": "tgtShard_0",
      "state": "RECOVERY_IN_PROGRESS",
      "stateUpdateTime": 1790963978
    },
    {
      "error": "<tgtCluster_tgtShard_0_43> [15:21:42.320] Plan execution failed on step MakeBackupDataAvailable as part of move RestoreRsMemberFromBackupPhase1 : <tgtCluster_tgtShard_0_43> [15:21:42.320] Failed to apply action. Result = <nil> : <tgtCluster_tgtShard_0_43> [15:21:42.320] Failed to download the snapshot : <tgtCluster_tgtShard_0_43> [15:21:42.319] Error while waiting for third party to copy backup to /fimongo1/data : <tgtCluster_tgtShard_0_43> [15:21:42.319] Observed error when trying to mark node as ready for copy files. : <tgtCluster_tgtShard_0_43> [15:21:42.319] Got return status 404 Not Found when trying to mark node ready for copy files.",
      "hostname": "rmdb3",
      "id": "rmdb3:37017",
      "port": 37017,
      "rsId": "tgtShard_0",
      "state": "RECOVERY_IN_PROGRESS",
      "stateUpdateTime": 1790967977
    },
    {
      "error": null,
      "hostname": "rmdb11",
      "id": "rmdb11:37017",
      "port": 37017,
      "rsId": "tgtShard_0",
      "state": "RECOVERY_IN_PROGRESS",
      "stateUpdateTime": 1790917218
    },
    {
      "error": null,
      "hostname": "rmdb7",
      "id": "rmdb7:37017",
      "port": 37017,
      "rsId": "tgtconfigRS",
      "state": "RECOVERY_IN_PROGRESS",
      "stateUpdateTime": 1790917195
    },
    {
      "error": null,
      "hostname": "rmdb-config1",
      "id": "rmdb-config1:37017",
      "port": 37017,
      "rsId": "tgtconfigRS",
      "state": "RECOVERY_IN_PROGRESS",
      "stateUpdateTime": 1790917145
    },
    {
      "error": null,
      "hostname": "rmdb-config2",
      "id": "rmdb-config2:37017",
      "port": 37017,
      "rsId": "tgtconfigRS",
      "state": "RECOVERY_IN_PROGRESS",
      "stateUpdateTime": 1790917166
    }
  ],
  "state": "COPY_FILES"
}
2026-10-02 14:22:03,745 [INFO] call  files_copied('http://129.40.36.100:8080', '6a386221ee19a6537cc68a97', '6abf3847457a6b80701899fb', 'rmdb9:37017', '/fimongo1/data', <requests.auth.HTTPDigestAuth object at 0x0000026F22B16E40>)
2026-10-02 14:22:03,745 [DEBUG] API POST http://129.40.36.100:8080/api/public/v1.0/backup/third_party/group/6a386221ee19a6537cc68a97/restore/6abf3847457a6b80701899fb/filesCopied
2026-10-02 14:22:03,745 [DEBUG] {
  "id": "rmdb9:37017",
  "dbPath": "/fimongo1/data"
}
2026-10-02 14:22:03,866 [DEBUG] STATUS 200
2026-10-02 14:22:03,866 [DEBUG] {
  "errorCode": "NONE",
  "version": "1",
  "status": "OK"
}
2026-10-02 14:22:03,867 [INFO] ret   files_copied -> None
2026-10-02 14:22:03,876 [DEBUG] API GET http://129.40.36.100:8080/api/public/v1.0/backup/third_party/group/6a386221ee19a6537cc68a97/restore/6abf3847457a6b80701899fb
2026-10-02 14:22:04,017 [DEBUG] STATUS 200
2026-10-02 14:22:04,017 [DEBUG] {
  "clusterMapping": [
    {
      "rsId": "sgcShard_0",
      "targetRsId": "tgtShard_0"
    },
    {
      "rsId": "sgcShard_1",
      "targetRsId": "tgtShard_1"
    },
    {
      "rsId": "configRS",
      "targetRsId": "tgtconfigRS"
    }
  ],
  "nodes": [
    {
      "error": "<tgtCluster_tgtShard_1_64> [15:21:20.313] Plan execution failed on step MarkRestoreStarted as part of move RestoreRsMemberFromBackupPhase1 : <tgtCluster_tgtShard_1_64> [15:21:20.313] Failed to apply action. Result = <nil> : <tgtCluster_tgtShard_1_64> [15:21:20.313] Error creating /fimongo1/data : <tgtCluster_tgtShard_1_64> [15:21:20.313] Error making directory = /fimongo1/data with permissions = -rwxrwxrwx : mkdir /fimongo1/data: permission denied",
      "hostname": "rmdb12",
      "id": "rmdb12:37017",
      "port": 37017,
      "rsId": "tgtShard_1",
      "state": "COPY_FILES",
      "stateUpdateTime": 1790916904
    },
    {
      "error": "<tgtCluster_tgtShard_1_66> [15:21:47.717] Plan execution failed on step MakeBackupDataAvailable as part of move RestoreRsMemberFromBackupPhase1 : <tgtCluster_tgtShard_1_66> [15:21:47.717] Failed to apply action. Result = <nil> : <tgtCluster_tgtShard_1_66> [15:21:47.717] Failed to download the snapshot : <tgtCluster_tgtShard_1_66> [15:21:47.717] Error while waiting for third party to copy backup to /fimongo1/data : <tgtCluster_tgtShard_1_66> [15:21:47.717] Observed error when trying to mark node as ready for copy files. : <tgtCluster_tgtShard_1_66> [15:21:47.717] Got return status 404 Not Found when trying to mark node ready for copy files.",
      "hostname": "rmdb14",
      "id": "rmdb14:37017",
      "port": 37017,
      "rsId": "tgtShard_1",
      "state": "RECOVERY_IN_PROGRESS",
      "stateUpdateTime": 1790968879
    },
    {
      "error": "<tgtCluster_tgtShard_1_47> [15:21:11.196] Plan execution failed on step MakeBackupDataAvailable as part of move RestoreRsMemberFromBackupPhase1 : <tgtCluster_tgtShard_1_47> [15:21:11.196] Failed to apply action. Result = <nil> : <tgtCluster_tgtShard_1_47> [15:21:11.196] Failed to download the snapshot : <tgtCluster_tgtShard_1_47> [15:21:11.196] Error while waiting for third party to copy backup to /fimongo1/data : <tgtCluster_tgtShard_1_47> [15:21:11.196] Observed error when trying to mark node as ready for copy files. : <tgtCluster_tgtShard_1_47> [15:21:11.196] Got return status 404 Not Found when trying to mark node ready for copy files.",
      "hostname": "rmdb9",
      "id": "rmdb9:37017",
      "port": 37017,
      "rsId": "tgtShard_1",
      "state": "RECOVERY_IN_PROGRESS",
      "stateUpdateTime": 1790968923
    },
    {
      "error": "<tgtCluster_tgtShard_1_46> [15:21:56.574] Plan execution failed on step MakeBackupDataAvailable as part of move RestoreRsMemberFromBackupPhase1 : <tgtCluster_tgtShard_1_46> [15:21:56.574] Failed to apply action. Result = <nil> : <tgtCluster_tgtShard_1_46> [15:21:56.574] Failed to download the snapshot : <tgtCluster_tgtShard_1_46> [15:21:56.574] Error while waiting for third party to copy backup to /fimongo1/data : <tgtCluster_tgtShard_1_46> [15:21:56.574] Observed error when trying to mark node as ready for copy files. : <tgtCluster_tgtShard_1_46> [15:21:56.574] Got return status 404 Not Found when trying to mark node ready for copy files.",
      "hostname": "rmdb4",
      "id": "rmdb4:37017",
      "port": 37017,
      "rsId": "tgtShard_1",
      "state": "RECOVERY_IN_PROGRESS",
      "stateUpdateTime": 1790968901
    },
    {
      "error": "<tgtCluster_tgtShard_1_45> [15:21:56.794] Plan execution failed on step MakeBackupDataAvailable as part of move RestoreRsMemberFromBackupPhase1 : <tgtCluster_tgtShard_1_45> [15:21:56.794] Failed to apply action. Result = <nil> : <tgtCluster_tgtShard_1_45> [15:21:56.793] Failed to download the snapshot : <tgtCluster_tgtShard_1_45> [15:21:56.793] Error while waiting for third party to copy backup to /fimongo1/data : <tgtCluster_tgtShard_1_45> [15:21:56.793] Observed error when trying to mark node as ready for copy files. : <tgtCluster_tgtShard_1_45> [15:21:56.793] Got return status 404 Not Found when trying to mark node ready for copy files.",
      "hostname": "rmdb2",
      "id": "rmdb2:37017",
      "port": 37017,
      "rsId": "tgtShard_1",
      "state": "RECOVERY_IN_PROGRESS",
      "stateUpdateTime": 1790968681
    },
    {
      "error": "<tgtCluster_tgtShard_0_44> [15:21:50.788] Plan execution failed on step MakeBackupDataAvailable as part of move RestoreRsMemberFromBackupPhase1 : <tgtCluster_tgtShard_0_44> [15:21:50.788] Failed to apply action. Result = <nil> : <tgtCluster_tgtShard_0_44> [15:21:50.788] Failed to download the snapshot : <tgtCluster_tgtShard_0_44> [15:21:50.788] Error while waiting for third party to copy backup to /fimongo1/data : <tgtCluster_tgtShard_0_44> [15:21:50.788] Observed error when trying to mark node as ready for copy files. : <tgtCluster_tgtShard_0_44> [15:21:50.787] Got return status 404 Not Found when trying to mark node ready for copy files.",
      "hostname": "rmdb8",
      "id": "rmdb8:37017",
      "port": 37017,
      "rsId": "tgtShard_0",
      "state": "RECOVERY_IN_PROGRESS",
      "stateUpdateTime": 1790968530
    },
    {
      "error": null,
      "hostname": "rmdb13",
      "id": "rmdb13:37017",
      "port": 37017,
      "rsId": "tgtShard_0",
      "state": "RECOVERY_IN_PROGRESS",
      "stateUpdateTime": 1790917247
    },
    {
      "error": "<tgtCluster_tgtShard_0_42> [15:21:58.445] Plan execution failed on step MakeBackupDataAvailable as part of move RestoreRsMemberFromBackupPhase1 : <tgtCluster_tgtShard_0_42> [15:21:58.445] Failed to apply action. Result = <nil> : <tgtCluster_tgtShard_0_42> [15:21:58.445] Failed to download the snapshot : <tgtCluster_tgtShard_0_42> [15:21:58.445] Error while waiting for third party to copy backup to /fimongo1/data : <tgtCluster_tgtShard_0_42> [15:21:58.445] Observed error when trying to mark node as ready for copy files. : <tgtCluster_tgtShard_0_42> [15:21:58.444] Got return status 404 Not Found when trying to mark node ready for copy files.",
      "hostname": "rmdb1",
      "id": "rmdb1:37017",
      "port": 37017,
      "rsId": "tgtShard_0",
      "state": "RECOVERY_IN_PROGRESS",
      "stateUpdateTime": 1790963978
    },
    {
      "error": "<tgtCluster_tgtShard_0_43> [15:21:42.320] Plan execution failed on step MakeBackupDataAvailable as part of move RestoreRsMemberFromBackupPhase1 : <tgtCluster_tgtShard_0_43> [15:21:42.320] Failed to apply action. Result = <nil> : <tgtCluster_tgtShard_0_43> [15:21:42.320] Failed to download the snapshot : <tgtCluster_tgtShard_0_43> [15:21:42.319] Error while waiting for third party to copy backup to /fimongo1/data : <tgtCluster_tgtShard_0_43> [15:21:42.319] Observed error when trying to mark node as ready for copy files. : <tgtCluster_tgtShard_0_43> [15:21:42.319] Got return status 404 Not Found when trying to mark node ready for copy files.",
      "hostname": "rmdb3",
      "id": "rmdb3:37017",
      "port": 37017,
      "rsId": "tgtShard_0",
      "state": "RECOVERY_IN_PROGRESS",
      "stateUpdateTime": 1790967977
    },
    {
      "error": null,
      "hostname": "rmdb11",
      "id": "rmdb11:37017",
      "port": 37017,
      "rsId": "tgtShard_0",
      "state": "RECOVERY_IN_PROGRESS",
      "stateUpdateTime": 1790917218
    },
    {
      "error": null,
      "hostname": "rmdb7",
      "id": "rmdb7:37017",
      "port": 37017,
      "rsId": "tgtconfigRS",
      "state": "RECOVERY_IN_PROGRESS",
      "stateUpdateTime": 1790917195
    },
    {
      "error": null,
      "hostname": "rmdb-config1",
      "id": "rmdb-config1:37017",
      "port": 37017,
      "rsId": "tgtconfigRS",
      "state": "RECOVERY_IN_PROGRESS",
      "stateUpdateTime": 1790917145
    },
    {
      "error": null,
      "hostname": "rmdb-config2",
      "id": "rmdb-config2:37017",
      "port": 37017,
      "rsId": "tgtconfigRS",
      "state": "RECOVERY_IN_PROGRESS",
      "stateUpdateTime": 1790917166
    }
  ],
  "state": "COPY_FILES"
}
2026-10-02 14:22:04,017 [INFO] Restore state: COPY_FILES
2026-10-02 14:22:14,018 [DEBUG] API GET http://129.40.36.100:8080/api/public/v1.0/backup/third_party/group/6a386221ee19a6537cc68a97/restore/6abf3847457a6b80701899fb
2026-10-02 14:22:14,173 [DEBUG] STATUS 200
2026-10-02 14:22:14,173 [DEBUG] {
  "clusterMapping": [
    {
      "rsId": "sgcShard_0",
      "targetRsId": "tgtShard_0"
    },
    {
      "rsId": "sgcShard_1",
      "targetRsId": "tgtShard_1"
    },
    {
      "rsId": "configRS",
      "targetRsId": "tgtconfigRS"
    }
  ],
  "nodes": [
    {
      "error": "<tgtCluster_tgtShard_1_64> [15:21:20.313] Plan execution failed on step MarkRestoreStarted as part of move RestoreRsMemberFromBackupPhase1 : <tgtCluster_tgtShard_1_64> [15:21:20.313] Failed to apply action. Result = <nil> : <tgtCluster_tgtShard_1_64> [15:21:20.313] Error creating /fimongo1/data : <tgtCluster_tgtShard_1_64> [15:21:20.313] Error making directory = /fimongo1/data with permissions = -rwxrwxrwx : mkdir /fimongo1/data: permission denied",
      "hostname": "rmdb12",
      "id": "rmdb12:37017",
      "port": 37017,
      "rsId": "tgtShard_1",
      "state": "COPY_FILES",
      "stateUpdateTime": 1790916904
    },
    {
      "error": "<tgtCluster_tgtShard_1_66> [15:21:47.717] Plan execution failed on step MakeBackupDataAvailable as part of move RestoreRsMemberFromBackupPhase1 : <tgtCluster_tgtShard_1_66> [15:21:47.717] Failed to apply action. Result = <nil> : <tgtCluster_tgtShard_1_66> [15:21:47.717] Failed to download the snapshot : <tgtCluster_tgtShard_1_66> [15:21:47.717] Error while waiting for third party to copy backup to /fimongo1/data : <tgtCluster_tgtShard_1_66> [15:21:47.717] Observed error when trying to mark node as ready for copy files. : <tgtCluster_tgtShard_1_66> [15:21:47.717] Got return status 404 Not Found when trying to mark node ready for copy files.",
      "hostname": "rmdb14",
      "id": "rmdb14:37017",
      "port": 37017,
      "rsId": "tgtShard_1",
      "state": "RECOVERY_IN_PROGRESS",
      "stateUpdateTime": 1790968879
    },
    {
      "error": "<tgtCluster_tgtShard_1_47> [15:21:11.196] Plan execution failed on step MakeBackupDataAvailable as part of move RestoreRsMemberFromBackupPhase1 : <tgtCluster_tgtShard_1_47> [15:21:11.196] Failed to apply action. Result = <nil> : <tgtCluster_tgtShard_1_47> [15:21:11.196] Failed to download the snapshot : <tgtCluster_tgtShard_1_47> [15:21:11.196] Error while waiting for third party to copy backup to /fimongo1/data : <tgtCluster_tgtShard_1_47> [15:21:11.196] Observed error when trying to mark node as ready for copy files. : <tgtCluster_tgtShard_1_47> [15:21:11.196] Got return status 404 Not Found when trying to mark node ready for copy files.",
      "hostname": "rmdb9",
      "id": "rmdb9:37017",
      "port": 37017,
      "rsId": "tgtShard_1",
      "state": "RECOVERY_IN_PROGRESS",
      "stateUpdateTime": 1790968923
    },
    {
      "error": "<tgtCluster_tgtShard_1_46> [15:21:56.574] Plan execution failed on step MakeBackupDataAvailable as part of move RestoreRsMemberFromBackupPhase1 : <tgtCluster_tgtShard_1_46> [15:21:56.574] Failed to apply action. Result = <nil> : <tgtCluster_tgtShard_1_46> [15:21:56.574] Failed to download the snapshot : <tgtCluster_tgtShard_1_46> [15:21:56.574] Error while waiting for third party to copy backup to /fimongo1/data : <tgtCluster_tgtShard_1_46> [15:21:56.574] Observed error when trying to mark node as ready for copy files. : <tgtCluster_tgtShard_1_46> [15:21:56.574] Got return status 404 Not Found when trying to mark node ready for copy files.",
      "hostname": "rmdb4",
      "id": "rmdb4:37017",
      "port": 37017,
      "rsId": "tgtShard_1",
      "state": "RECOVERY_IN_PROGRESS",
      "stateUpdateTime": 1790968901
    },
    {
      "error": "<tgtCluster_tgtShard_1_45> [15:21:56.794] Plan execution failed on step MakeBackupDataAvailable as part of move RestoreRsMemberFromBackupPhase1 : <tgtCluster_tgtShard_1_45> [15:21:56.794] Failed to apply action. Result = <nil> : <tgtCluster_tgtShard_1_45> [15:21:56.793] Failed to download the snapshot : <tgtCluster_tgtShard_1_45> [15:21:56.793] Error while waiting for third party to copy backup to /fimongo1/data : <tgtCluster_tgtShard_1_45> [15:21:56.793] Observed error when trying to mark node as ready for copy files. : <tgtCluster_tgtShard_1_45> [15:21:56.793] Got return status 404 Not Found when trying to mark node ready for copy files.",
      "hostname": "rmdb2",
      "id": "rmdb2:37017",
      "port": 37017,
      "rsId": "tgtShard_1",
      "state": "RECOVERY_IN_PROGRESS",
      "stateUpdateTime": 1790968681
    },
    {
      "error": "<tgtCluster_tgtShard_0_44> [15:21:50.788] Plan execution failed on step MakeBackupDataAvailable as part of move RestoreRsMemberFromBackupPhase1 : <tgtCluster_tgtShard_0_44> [15:21:50.788] Failed to apply action. Result = <nil> : <tgtCluster_tgtShard_0_44> [15:21:50.788] Failed to download the snapshot : <tgtCluster_tgtShard_0_44> [15:21:50.788] Error while waiting for third party to copy backup to /fimongo1/data : <tgtCluster_tgtShard_0_44> [15:21:50.788] Observed error when trying to mark node as ready for copy files. : <tgtCluster_tgtShard_0_44> [15:21:50.787] Got return status 404 Not Found when trying to mark node ready for copy files.",
      "hostname": "rmdb8",
      "id": "rmdb8:37017",
      "port": 37017,
      "rsId": "tgtShard_0",
      "state": "RECOVERY_IN_PROGRESS",
      "stateUpdateTime": 1790968530
    },
    {
      "error": null,
      "hostname": "rmdb13",
      "id": "rmdb13:37017",
      "port": 37017,
      "rsId": "tgtShard_0",
      "state": "RECOVERY_IN_PROGRESS",
      "stateUpdateTime": 1790917247
    },
    {
      "error": "<tgtCluster_tgtShard_0_42> [15:21:58.445] Plan execution failed on step MakeBackupDataAvailable as part of move RestoreRsMemberFromBackupPhase1 : <tgtCluster_tgtShard_0_42> [15:21:58.445] Failed to apply action. Result = <nil> : <tgtCluster_tgtShard_0_42> [15:21:58.445] Failed to download the snapshot : <tgtCluster_tgtShard_0_42> [15:21:58.445] Error while waiting for third party to copy backup to /fimongo1/data : <tgtCluster_tgtShard_0_42> [15:21:58.445] Observed error when trying to mark node as ready for copy files. : <tgtCluster_tgtShard_0_42> [15:21:58.444] Got return status 404 Not Found when trying to mark node ready for copy files.",
      "hostname": "rmdb1",
      "id": "rmdb1:37017",
      "port": 37017,
      "rsId": "tgtShard_0",
      "state": "RECOVERY_IN_PROGRESS",
      "stateUpdateTime": 1790963978
    },
    {
      "error": "<tgtCluster_tgtShard_0_43> [15:21:42.320] Plan execution failed on step MakeBackupDataAvailable as part of move RestoreRsMemberFromBackupPhase1 : <tgtCluster_tgtShard_0_43> [15:21:42.320] Failed to apply action. Result = <nil> : <tgtCluster_tgtShard_0_43> [15:21:42.320] Failed to download the snapshot : <tgtCluster_tgtShard_0_43> [15:21:42.319] Error while waiting for third party to copy backup to /fimongo1/data : <tgtCluster_tgtShard_0_43> [15:21:42.319] Observed error when trying to mark node as ready for copy files. : <tgtCluster_tgtShard_0_43> [15:21:42.319] Got return status 404 Not Found when trying to mark node ready for copy files.",
      "hostname": "rmdb3",
      "id": "rmdb3:37017",
      "port": 37017,
      "rsId": "tgtShard_0",
      "state": "RECOVERY_IN_PROGRESS",
      "stateUpdateTime": 1790967977
    },
    {
      "error": null,
      "hostname": "rmdb11",
      "id": "rmdb11:37017",
      "port": 37017,
      "rsId": "tgtShard_0",
      "state": "RECOVERY_IN_PROGRESS",
      "stateUpdateTime": 1790917218
    },
    {
      "error": null,
      "hostname": "rmdb7",
      "id": "rmdb7:37017",
      "port": 37017,
      "rsId": "tgtconfigRS",
      "state": "RECOVERY_IN_PROGRESS",
      "stateUpdateTime": 1790917195
    },
    {
      "error": null,
      "hostname": "rmdb-config1",
      "id": "rmdb-config1:37017",
      "port": 37017,
      "rsId": "tgtconfigRS",
      "state": "RECOVERY_IN_PROGRESS",
      "stateUpdateTime": 1790917145
    },
    {
      "error": null,
      "hostname": "rmdb-config2",
      "id": "rmdb-config2:37017",
      "port": 37017,
      "rsId": "tgtconfigRS",
      "state": "RECOVERY_IN_PROGRESS",
      "stateUpdateTime": 1790917166
    }
  ],
  "state": "COPY_FILES"
}
2026-10-02 14:22:14,173 [INFO] Restore state: COPY_FILES
2026-10-02 14:22:24,174 [DEBUG] API GET http://129.40.36.100:8080/api/public/v1.0/backup/third_party/group/6a386221ee19a6537cc68a97/restore/6abf3847457a6b80701899fb
2026-10-02 14:22:24,404 [DEBUG] STATUS 200
2026-10-02 14:22:24,404 [DEBUG] {
  "clusterMapping": [
    {
      "rsId": "sgcShard_0",
      "targetRsId": "tgtShard_0"
    },
    {
      "rsId": "sgcShard_1",
      "targetRsId": "tgtShard_1"
    },
    {
      "rsId": "configRS",
      "targetRsId": "tgtconfigRS"
    }
  ],
  "nodes": [
    {
      "error": "<tgtCluster_tgtShard_1_64> [15:21:20.313] Plan execution failed on step MarkRestoreStarted as part of move RestoreRsMemberFromBackupPhase1 : <tgtCluster_tgtShard_1_64> [15:21:20.313] Failed to apply action. Result = <nil> : <tgtCluster_tgtShard_1_64> [15:21:20.313] Error creating /fimongo1/data : <tgtCluster_tgtShard_1_64> [15:21:20.313] Error making directory = /fimongo1/data with permissions = -rwxrwxrwx : mkdir /fimongo1/data: permission denied",
      "hostname": "rmdb12",
      "id": "rmdb12:37017",
      "port": 37017,
      "rsId": "tgtShard_1",
      "state": "COPY_FILES",
      "stateUpdateTime": 1790916904
    },
    {
      "error": "<tgtCluster_tgtShard_1_66> [15:21:47.717] Plan execution failed on step MakeBackupDataAvailable as part of move RestoreRsMemberFromBackupPhase1 : <tgtCluster_tgtShard_1_66> [15:21:47.717] Failed to apply action. Result = <nil> : <tgtCluster_tgtShard_1_66> [15:21:47.717] Failed to download the snapshot : <tgtCluster_tgtShard_1_66> [15:21:47.717] Error while waiting for third party to copy backup to /fimongo1/data : <tgtCluster_tgtShard_1_66> [15:21:47.717] Observed error when trying to mark node as ready for copy files. : <tgtCluster_tgtShard_1_66> [15:21:47.717] Got return status 404 Not Found when trying to mark node ready for copy files.",
      "hostname": "rmdb14",
      "id": "rmdb14:37017",
      "port": 37017,
      "rsId": "tgtShard_1",
      "state": "RECOVERY_IN_PROGRESS",
      "stateUpdateTime": 1790968879
    },
    {
      "error": "<tgtCluster_tgtShard_1_47> [15:22:12.916] Plan execution failed on step MakeBackupDataAvailable as part of move RestoreRsMemberFromBackupPhase1 : <tgtCluster_tgtShard_1_47> [15:22:12.916] Failed to apply action. Result = <nil> : <tgtCluster_tgtShard_1_47> [15:22:12.915] Failed to download the snapshot : <tgtCluster_tgtShard_1_47> [15:22:12.915] Error while waiting for third party to copy backup to /fimongo1/data : <tgtCluster_tgtShard_1_47> [15:22:12.915] Observed error when trying to mark node as ready for copy files. : <tgtCluster_tgtShard_1_47> [15:22:12.915] Got return status 404 Not Found when trying to mark node ready for copy files.",
      "hostname": "rmdb9",
      "id": "rmdb9:37017",
      "port": 37017,
      "rsId": "tgtShard_1",
      "state": "RECOVERY_IN_PROGRESS",
      "stateUpdateTime": 1790968923
    },
    {
      "error": "<tgtCluster_tgtShard_1_46> [15:21:56.574] Plan execution failed on step MakeBackupDataAvailable as part of move RestoreRsMemberFromBackupPhase1 : <tgtCluster_tgtShard_1_46> [15:21:56.574] Failed to apply action. Result = <nil> : <tgtCluster_tgtShard_1_46> [15:21:56.574] Failed to download the snapshot : <tgtCluster_tgtShard_1_46> [15:21:56.574] Error while waiting for third party to copy backup to /fimongo1/data : <tgtCluster_tgtShard_1_46> [15:21:56.574] Observed error when trying to mark node as ready for copy files. : <tgtCluster_tgtShard_1_46> [15:21:56.574] Got return status 404 Not Found when trying to mark node ready for copy files.",
      "hostname": "rmdb4",
      "id": "rmdb4:37017",
      "port": 37017,
      "rsId": "tgtShard_1",
      "state": "RECOVERY_IN_PROGRESS",
      "stateUpdateTime": 1790968901
    },
    {
      "error": "<tgtCluster_tgtShard_1_45> [15:21:56.794] Plan execution failed on step MakeBackupDataAvailable as part of move RestoreRsMemberFromBackupPhase1 : <tgtCluster_tgtShard_1_45> [15:21:56.794] Failed to apply action. Result = <nil> : <tgtCluster_tgtShard_1_45> [15:21:56.793] Failed to download the snapshot : <tgtCluster_tgtShard_1_45> [15:21:56.793] Error while waiting for third party to copy backup to /fimongo1/data : <tgtCluster_tgtShard_1_45> [15:21:56.793] Observed error when trying to mark node as ready for copy files. : <tgtCluster_tgtShard_1_45> [15:21:56.793] Got return status 404 Not Found when trying to mark node ready for copy files.",
      "hostname": "rmdb2",
      "id": "rmdb2:37017",
      "port": 37017,
      "rsId": "tgtShard_1",
      "state": "RECOVERY_IN_PROGRESS",
      "stateUpdateTime": 1790968681
    },
    {
      "error": "<tgtCluster_tgtShard_0_44> [15:21:50.788] Plan execution failed on step MakeBackupDataAvailable as part of move RestoreRsMemberFromBackupPhase1 : <tgtCluster_tgtShard_0_44> [15:21:50.788] Failed to apply action. Result = <nil> : <tgtCluster_tgtShard_0_44> [15:21:50.788] Failed to download the snapshot : <tgtCluster_tgtShard_0_44> [15:21:50.788] Error while waiting for third party to copy backup to /fimongo1/data : <tgtCluster_tgtShard_0_44> [15:21:50.788] Observed error when trying to mark node as ready for copy files. : <tgtCluster_tgtShard_0_44> [15:21:50.787] Got return status 404 Not Found when trying to mark node ready for copy files.",
      "hostname": "rmdb8",
      "id": "rmdb8:37017",
      "port": 37017,
      "rsId": "tgtShard_0",
      "state": "RECOVERY_IN_PROGRESS",
      "stateUpdateTime": 1790968530
    },
    {
      "error": null,
      "hostname": "rmdb13",
      "id": "rmdb13:37017",
      "port": 37017,
      "rsId": "tgtShard_0",
      "state": "RECOVERY_IN_PROGRESS",
      "stateUpdateTime": 1790917247
    },
    {
      "error": "<tgtCluster_tgtShard_0_42> [15:21:58.445] Plan execution failed on step MakeBackupDataAvailable as part of move RestoreRsMemberFromBackupPhase1 : <tgtCluster_tgtShard_0_42> [15:21:58.445] Failed to apply action. Result = <nil> : <tgtCluster_tgtShard_0_42> [15:21:58.445] Failed to download the snapshot : <tgtCluster_tgtShard_0_42> [15:21:58.445] Error while waiting for third party to copy backup to /fimongo1/data : <tgtCluster_tgtShard_0_42> [15:21:58.445] Observed error when trying to mark node as ready for copy files. : <tgtCluster_tgtShard_0_42> [15:21:58.444] Got return status 404 Not Found when trying to mark node ready for copy files.",
      "hostname": "rmdb1",
      "id": "rmdb1:37017",
      "port": 37017,
      "rsId": "tgtShard_0",
      "state": "RECOVERY_IN_PROGRESS",
      "stateUpdateTime": 1790963978
    },
    {
      "error": "<tgtCluster_tgtShard_0_43> [15:21:42.320] Plan execution failed on step MakeBackupDataAvailable as part of move RestoreRsMemberFromBackupPhase1 : <tgtCluster_tgtShard_0_43> [15:21:42.320] Failed to apply action. Result = <nil> : <tgtCluster_tgtShard_0_43> [15:21:42.320] Failed to download the snapshot : <tgtCluster_tgtShard_0_43> [15:21:42.319] Error while waiting for third party to copy backup to /fimongo1/data : <tgtCluster_tgtShard_0_43> [15:21:42.319] Observed error when trying to mark node as ready for copy files. : <tgtCluster_tgtShard_0_43> [15:21:42.319] Got return status 404 Not Found when trying to mark node ready for copy files.",
      "hostname": "rmdb3",
      "id": "rmdb3:37017",
      "port": 37017,
      "rsId": "tgtShard_0",
      "state": "RECOVERY_IN_PROGRESS",
      "stateUpdateTime": 1790967977
    },
    {
      "error": null,
      "hostname": "rmdb11",
      "id": "rmdb11:37017",
      "port": 37017,
      "rsId": "tgtShard_0",
      "state": "RECOVERY_IN_PROGRESS",
      "stateUpdateTime": 1790917218
    },
    {
      "error": null,
      "hostname": "rmdb7",
      "id": "rmdb7:37017",
      "port": 37017,
      "rsId": "tgtconfigRS",
      "state": "RECOVERY_IN_PROGRESS",
      "stateUpdateTime": 1790917195
    },
    {
      "error": null,
      "hostname": "rmdb-config1",
      "id": "rmdb-config1:37017",
      "port": 37017,
      "rsId": "tgtconfigRS",
      "state": "RECOVERY_IN_PROGRESS",
      "stateUpdateTime": 1790917145
    },
    {
      "error": null,
      "hostname": "rmdb-config2",
      "id": "rmdb-config2:37017",
      "port": 37017,
      "rsId": "tgtconfigRS",
      "state": "RECOVERY_IN_PROGRESS",
      "stateUpdateTime": 1790917166
    }
  ],
  "state": "COPY_FILES"
}
2026-10-02 14:22:24,405 [INFO] Restore state: COPY_FILES
2026-10-02 14:22:34,405 [DEBUG] API GET http://129.40.36.100:8080/api/public/v1.0/backup/third_party/group/6a386221ee19a6537cc68a97/restore/6abf3847457a6b80701899fb
2026-10-02 14:22:34,546 [DEBUG] STATUS 200
2026-10-02 14:22:34,546 [DEBUG] {
  "clusterMapping": [
    {
      "rsId": "sgcShard_0",
      "targetRsId": "tgtShard_0"
    },
    {
      "rsId": "sgcShard_1",
      "targetRsId": "tgtShard_1"
    },
    {
      "rsId": "configRS",
      "targetRsId": "tgtconfigRS"
    }
  ],
  "nodes": [
    {
      "error": "<tgtCluster_tgtShard_1_64> [15:22:20.969] Plan execution failed on step MarkRestoreStarted as part of move RestoreRsMemberFromBackupPhase1 : <tgtCluster_tgtShard_1_64> [15:22:20.969] Failed to apply action. Result = <nil> : <tgtCluster_tgtShard_1_64> [15:22:20.969] Error creating /fimongo1/data : <tgtCluster_tgtShard_1_64> [15:22:20.969] Error making directory = /fimongo1/data with permissions = -rwxrwxrwx : mkdir /fimongo1/data: permission denied",
      "hostname": "rmdb12",
      "id": "rmdb12:37017",
      "port": 37017,
      "rsId": "tgtShard_1",
      "state": "COPY_FILES",
      "stateUpdateTime": 1790916904
    },
    {
      "error": "<tgtCluster_tgtShard_1_66> [15:21:47.717] Plan execution failed on step MakeBackupDataAvailable as part of move RestoreRsMemberFromBackupPhase1 : <tgtCluster_tgtShard_1_66> [15:21:47.717] Failed to apply action. Result = <nil> : <tgtCluster_tgtShard_1_66> [15:21:47.717] Failed to download the snapshot : <tgtCluster_tgtShard_1_66> [15:21:47.717] Error while waiting for third party to copy backup to /fimongo1/data : <tgtCluster_tgtShard_1_66> [15:21:47.717] Observed error when trying to mark node as ready for copy files. : <tgtCluster_tgtShard_1_66> [15:21:47.717] Got return status 404 Not Found when trying to mark node ready for copy files.",
      "hostname": "rmdb14",
      "id": "rmdb14:37017",
      "port": 37017,
      "rsId": "tgtShard_1",
      "state": "RECOVERY_IN_PROGRESS",
      "stateUpdateTime": 1790968879
    },
    {
      "error": "<tgtCluster_tgtShard_1_47> [15:22:12.916] Plan execution failed on step MakeBackupDataAvailable as part of move RestoreRsMemberFromBackupPhase1 : <tgtCluster_tgtShard_1_47> [15:22:12.916] Failed to apply action. Result = <nil> : <tgtCluster_tgtShard_1_47> [15:22:12.915] Failed to download the snapshot : <tgtCluster_tgtShard_1_47> [15:22:12.915] Error while waiting for third party to copy backup to /fimongo1/data : <tgtCluster_tgtShard_1_47> [15:22:12.915] Observed error when trying to mark node as ready for copy files. : <tgtCluster_tgtShard_1_47> [15:22:12.915] Got return status 404 Not Found when trying to mark node ready for copy files.",
      "hostname": "rmdb9",
      "id": "rmdb9:37017",
      "port": 37017,
      "rsId": "tgtShard_1",
      "state": "RECOVERY_IN_PROGRESS",
      "stateUpdateTime": 1790968923
    },
    {
      "error": "<tgtCluster_tgtShard_1_46> [15:21:56.574] Plan execution failed on step MakeBackupDataAvailable as part of move RestoreRsMemberFromBackupPhase1 : <tgtCluster_tgtShard_1_46> [15:21:56.574] Failed to apply action. Result = <nil> : <tgtCluster_tgtShard_1_46> [15:21:56.574] Failed to download the snapshot : <tgtCluster_tgtShard_1_46> [15:21:56.574] Error while waiting for third party to copy backup to /fimongo1/data : <tgtCluster_tgtShard_1_46> [15:21:56.574] Observed error when trying to mark node as ready for copy files. : <tgtCluster_tgtShard_1_46> [15:21:56.574] Got return status 404 Not Found when trying to mark node ready for copy files.",
      "hostname": "rmdb4",
      "id": "rmdb4:37017",
      "port": 37017,
      "rsId": "tgtShard_1",
      "state": "RECOVERY_IN_PROGRESS",
      "stateUpdateTime": 1790968901
    },
    {
      "error": "<tgtCluster_tgtShard_1_45> [15:21:56.794] Plan execution failed on step MakeBackupDataAvailable as part of move RestoreRsMemberFromBackupPhase1 : <tgtCluster_tgtShard_1_45> [15:21:56.794] Failed to apply action. Result = <nil> : <tgtCluster_tgtShard_1_45> [15:21:56.793] Failed to download the snapshot : <tgtCluster_tgtShard_1_45> [15:21:56.793] Error while waiting for third party to copy backup to /fimongo1/data : <tgtCluster_tgtShard_1_45> [15:21:56.793] Observed error when trying to mark node as ready for copy files. : <tgtCluster_tgtShard_1_45> [15:21:56.793] Got return status 404 Not Found when trying to mark node ready for copy files.",
      "hostname": "rmdb2",
      "id": "rmdb2:37017",
      "port": 37017,
      "rsId": "tgtShard_1",
      "state": "RECOVERY_IN_PROGRESS",
      "stateUpdateTime": 1790968681
    },
    {
      "error": "<tgtCluster_tgtShard_0_44> [15:21:50.788] Plan execution failed on step MakeBackupDataAvailable as part of move RestoreRsMemberFromBackupPhase1 : <tgtCluster_tgtShard_0_44> [15:21:50.788] Failed to apply action. Result = <nil> : <tgtCluster_tgtShard_0_44> [15:21:50.788] Failed to download the snapshot : <tgtCluster_tgtShard_0_44> [15:21:50.788] Error while waiting for third party to copy backup to /fimongo1/data : <tgtCluster_tgtShard_0_44> [15:21:50.788] Observed error when trying to mark node as ready for copy files. : <tgtCluster_tgtShard_0_44> [15:21:50.787] Got return status 404 Not Found when trying to mark node ready for copy files.",
      "hostname": "rmdb8",
      "id": "rmdb8:37017",
      "port": 37017,
      "rsId": "tgtShard_0",
      "state": "RECOVERY_IN_PROGRESS",
      "stateUpdateTime": 1790968530
    },
    {
      "error": null,
      "hostname": "rmdb13",
      "id": "rmdb13:37017",
      "port": 37017,
      "rsId": "tgtShard_0",
      "state": "RECOVERY_IN_PROGRESS",
      "stateUpdateTime": 1790917247
    },
    {
      "error": "<tgtCluster_tgtShard_0_42> [15:21:58.445] Plan execution failed on step MakeBackupDataAvailable as part of move RestoreRsMemberFromBackupPhase1 : <tgtCluster_tgtShard_0_42> [15:21:58.445] Failed to apply action. Result = <nil> : <tgtCluster_tgtShard_0_42> [15:21:58.445] Failed to download the snapshot : <tgtCluster_tgtShard_0_42> [15:21:58.445] Error while waiting for third party to copy backup to /fimongo1/data : <tgtCluster_tgtShard_0_42> [15:21:58.445] Observed error when trying to mark node as ready for copy files. : <tgtCluster_tgtShard_0_42> [15:21:58.444] Got return status 404 Not Found when trying to mark node ready for copy files.",
      "hostname": "rmdb1",
      "id": "rmdb1:37017",
      "port": 37017,
      "rsId": "tgtShard_0",
      "state": "RECOVERY_IN_PROGRESS",
      "stateUpdateTime": 1790963978
    },
    {
      "error": "<tgtCluster_tgtShard_0_43> [15:21:42.320] Plan execution failed on step MakeBackupDataAvailable as part of move RestoreRsMemberFromBackupPhase1 : <tgtCluster_tgtShard_0_43> [15:21:42.320] Failed to apply action. Result = <nil> : <tgtCluster_tgtShard_0_43> [15:21:42.320] Failed to download the snapshot : <tgtCluster_tgtShard_0_43> [15:21:42.319] Error while waiting for third party to copy backup to /fimongo1/data : <tgtCluster_tgtShard_0_43> [15:21:42.319] Observed error when trying to mark node as ready for copy files. : <tgtCluster_tgtShard_0_43> [15:21:42.319] Got return status 404 Not Found when trying to mark node ready for copy files.",
      "hostname": "rmdb3",
      "id": "rmdb3:37017",
      "port": 37017,
      "rsId": "tgtShard_0",
      "state": "RECOVERY_IN_PROGRESS",
      "stateUpdateTime": 1790967977
    },
    {
      "error": null,
      "hostname": "rmdb11",
      "id": "rmdb11:37017",
      "port": 37017,
      "rsId": "tgtShard_0",
      "state": "RECOVERY_IN_PROGRESS",
      "stateUpdateTime": 1790917218
    },
    {
      "error": null,
      "hostname": "rmdb7",
      "id": "rmdb7:37017",
      "port": 37017,
      "rsId": "tgtconfigRS",
      "state": "RECOVERY_IN_PROGRESS",
      "stateUpdateTime": 1790917195
    },
    {
      "error": null,
      "hostname": "rmdb-config1",
      "id": "rmdb-config1:37017",
      "port": 37017,
      "rsId": "tgtconfigRS",
      "state": "RECOVERY_IN_PROGRESS",
      "stateUpdateTime": 1790917145
    },
    {
      "error": null,
      "hostname": "rmdb-config2",
      "id": "rmdb-config2:37017",
      "port": 37017,
      "rsId": "tgtconfigRS",
      "state": "RECOVERY_IN_PROGRESS",
      "stateUpdateTime": 1790917166
    }
  ],
  "state": "COPY_FILES"
}
2026-10-02 14:22:34,547 [INFO] Restore state: COPY_FILES
2026-10-02 14:22:44,547 [DEBUG] API GET http://129.40.36.100:8080/api/public/v1.0/backup/third_party/group/6a386221ee19a6537cc68a97/restore/6abf3847457a6b80701899fb
2026-10-02 14:22:44,688 [DEBUG] STATUS 200
2026-10-02 14:22:44,688 [DEBUG] {
  "clusterMapping": [
    {
      "rsId": "sgcShard_0",
      "targetRsId": "tgtShard_0"
    },
    {
      "rsId": "sgcShard_1",
      "targetRsId": "tgtShard_1"
    },
    {
      "rsId": "configRS",
      "targetRsId": "tgtconfigRS"
    }
  ],
  "nodes": [
    {
      "error": "<tgtCluster_tgtShard_1_64> [15:22:20.969] Plan execution failed on step MarkRestoreStarted as part of move RestoreRsMemberFromBackupPhase1 : <tgtCluster_tgtShard_1_64> [15:22:20.969] Failed to apply action. Result = <nil> : <tgtCluster_tgtShard_1_64> [15:22:20.969] Error creating /fimongo1/data : <tgtCluster_tgtShard_1_64> [15:22:20.969] Error making directory = /fimongo1/data with permissions = -rwxrwxrwx : mkdir /fimongo1/data: permission denied",
      "hostname": "rmdb12",
      "id": "rmdb12:37017",
      "port": 37017,
      "rsId": "tgtShard_1",
      "state": "COPY_FILES",
      "stateUpdateTime": 1790916904
    },
    {
      "error": "<tgtCluster_tgtShard_1_66> [15:21:47.717] Plan execution failed on step MakeBackupDataAvailable as part of move RestoreRsMemberFromBackupPhase1 : <tgtCluster_tgtShard_1_66> [15:21:47.717] Failed to apply action. Result = <nil> : <tgtCluster_tgtShard_1_66> [15:21:47.717] Failed to download the snapshot : <tgtCluster_tgtShard_1_66> [15:21:47.717] Error while waiting for third party to copy backup to /fimongo1/data : <tgtCluster_tgtShard_1_66> [15:21:47.717] Observed error when trying to mark node as ready for copy files. : <tgtCluster_tgtShard_1_66> [15:21:47.717] Got return status 404 Not Found when trying to mark node ready for copy files.",
      "hostname": "rmdb14",
      "id": "rmdb14:37017",
      "port": 37017,
      "rsId": "tgtShard_1",
      "state": "RECOVERY_IN_PROGRESS",
      "stateUpdateTime": 1790968879
    },
    {
      "error": "<tgtCluster_tgtShard_1_47> [15:22:12.916] Plan execution failed on step MakeBackupDataAvailable as part of move RestoreRsMemberFromBackupPhase1 : <tgtCluster_tgtShard_1_47> [15:22:12.916] Failed to apply action. Result = <nil> : <tgtCluster_tgtShard_1_47> [15:22:12.915] Failed to download the snapshot : <tgtCluster_tgtShard_1_47> [15:22:12.915] Error while waiting for third party to copy backup to /fimongo1/data : <tgtCluster_tgtShard_1_47> [15:22:12.915] Observed error when trying to mark node as ready for copy files. : <tgtCluster_tgtShard_1_47> [15:22:12.915] Got return status 404 Not Found when trying to mark node ready for copy files.",
      "hostname": "rmdb9",
      "id": "rmdb9:37017",
      "port": 37017,
      "rsId": "tgtShard_1",
      "state": "RECOVERY_IN_PROGRESS",
      "stateUpdateTime": 1790968923
    },
    {
      "error": "<tgtCluster_tgtShard_1_46> [15:21:56.574] Plan execution failed on step MakeBackupDataAvailable as part of move RestoreRsMemberFromBackupPhase1 : <tgtCluster_tgtShard_1_46> [15:21:56.574] Failed to apply action. Result = <nil> : <tgtCluster_tgtShard_1_46> [15:21:56.574] Failed to download the snapshot : <tgtCluster_tgtShard_1_46> [15:21:56.574] Error while waiting for third party to copy backup to /fimongo1/data : <tgtCluster_tgtShard_1_46> [15:21:56.574] Observed error when trying to mark node as ready for copy files. : <tgtCluster_tgtShard_1_46> [15:21:56.574] Got return status 404 Not Found when trying to mark node ready for copy files.",
      "hostname": "rmdb4",
      "id": "rmdb4:37017",
      "port": 37017,
      "rsId": "tgtShard_1",
      "state": "RECOVERY_IN_PROGRESS",
      "stateUpdateTime": 1790968901
    },
    {
      "error": "<tgtCluster_tgtShard_1_45> [15:21:56.794] Plan execution failed on step MakeBackupDataAvailable as part of move RestoreRsMemberFromBackupPhase1 : <tgtCluster_tgtShard_1_45> [15:21:56.794] Failed to apply action. Result = <nil> : <tgtCluster_tgtShard_1_45> [15:21:56.793] Failed to download the snapshot : <tgtCluster_tgtShard_1_45> [15:21:56.793] Error while waiting for third party to copy backup to /fimongo1/data : <tgtCluster_tgtShard_1_45> [15:21:56.793] Observed error when trying to mark node as ready for copy files. : <tgtCluster_tgtShard_1_45> [15:21:56.793] Got return status 404 Not Found when trying to mark node ready for copy files.",
      "hostname": "rmdb2",
      "id": "rmdb2:37017",
      "port": 37017,
      "rsId": "tgtShard_1",
      "state": "RECOVERY_IN_PROGRESS",
      "stateUpdateTime": 1790968681
    },
    {
      "error": "<tgtCluster_tgtShard_0_44> [15:21:50.788] Plan execution failed on step MakeBackupDataAvailable as part of move RestoreRsMemberFromBackupPhase1 : <tgtCluster_tgtShard_0_44> [15:21:50.788] Failed to apply action. Result = <nil> : <tgtCluster_tgtShard_0_44> [15:21:50.788] Failed to download the snapshot : <tgtCluster_tgtShard_0_44> [15:21:50.788] Error while waiting for third party to copy backup to /fimongo1/data : <tgtCluster_tgtShard_0_44> [15:21:50.788] Observed error when trying to mark node as ready for copy files. : <tgtCluster_tgtShard_0_44> [15:21:50.787] Got return status 404 Not Found when trying to mark node ready for copy files.",
      "hostname": "rmdb8",
      "id": "rmdb8:37017",
      "port": 37017,
      "rsId": "tgtShard_0",
      "state": "RECOVERY_IN_PROGRESS",
      "stateUpdateTime": 1790968530
    },
    {
      "error": null,
      "hostname": "rmdb13",
      "id": "rmdb13:37017",
      "port": 37017,
      "rsId": "tgtShard_0",
      "state": "RECOVERY_IN_PROGRESS",
      "stateUpdateTime": 1790917247
    },
    {
      "error": "<tgtCluster_tgtShard_0_42> [15:21:58.445] Plan execution failed on step MakeBackupDataAvailable as part of move RestoreRsMemberFromBackupPhase1 : <tgtCluster_tgtShard_0_42> [15:21:58.445] Failed to apply action. Result = <nil> : <tgtCluster_tgtShard_0_42> [15:21:58.445] Failed to download the snapshot : <tgtCluster_tgtShard_0_42> [15:21:58.445] Error while waiting for third party to copy backup to /fimongo1/data : <tgtCluster_tgtShard_0_42> [15:21:58.445] Observed error when trying to mark node as ready for copy files. : <tgtCluster_tgtShard_0_42> [15:21:58.444] Got return status 404 Not Found when trying to mark node ready for copy files.",
      "hostname": "rmdb1",
      "id": "rmdb1:37017",
      "port": 37017,
      "rsId": "tgtShard_0",
      "state": "RECOVERY_IN_PROGRESS",
      "stateUpdateTime": 1790963978
    },
    {
      "error": "<tgtCluster_tgtShard_0_43> [15:21:42.320] Plan execution failed on step MakeBackupDataAvailable as part of move RestoreRsMemberFromBackupPhase1 : <tgtCluster_tgtShard_0_43> [15:21:42.320] Failed to apply action. Result = <nil> : <tgtCluster_tgtShard_0_43> [15:21:42.320] Failed to download the snapshot : <tgtCluster_tgtShard_0_43> [15:21:42.319] Error while waiting for third party to copy backup to /fimongo1/data : <tgtCluster_tgtShard_0_43> [15:21:42.319] Observed error when trying to mark node as ready for copy files. : <tgtCluster_tgtShard_0_43> [15:21:42.319] Got return status 404 Not Found when trying to mark node ready for copy files.",
      "hostname": "rmdb3",
      "id": "rmdb3:37017",
      "port": 37017,
      "rsId": "tgtShard_0",
      "state": "RECOVERY_IN_PROGRESS",
      "stateUpdateTime": 1790967977
    },
    {
      "error": null,
      "hostname": "rmdb11",
      "id": "rmdb11:37017",
      "port": 37017,
      "rsId": "tgtShard_0",
      "state": "RECOVERY_IN_PROGRESS",
      "stateUpdateTime": 1790917218
    },
    {
      "error": null,
      "hostname": "rmdb7",
      "id": "rmdb7:37017",
      "port": 37017,
      "rsId": "tgtconfigRS",
      "state": "RECOVERY_IN_PROGRESS",
      "stateUpdateTime": 1790917195
    },
    {
      "error": null,
      "hostname": "rmdb-config1",
      "id": "rmdb-config1:37017",
      "port": 37017,
      "rsId": "tgtconfigRS",
      "state": "RECOVERY_IN_PROGRESS",
      "stateUpdateTime": 1790917145
    },
    {
      "error": null,
      "hostname": "rmdb-config2",
      "id": "rmdb-config2:37017",
      "port": 37017,
      "rsId": "tgtconfigRS",
      "state": "RECOVERY_IN_PROGRESS",
      "stateUpdateTime": 1790917166
    }
  ],
  "state": "COPY_FILES"
}
2026-10-02 14:22:44,688 [INFO] Restore state: COPY_FILES
2026-10-02 14:22:54,689 [DEBUG] API GET http://129.40.36.100:8080/api/public/v1.0/backup/third_party/group/6a386221ee19a6537cc68a97/restore/6abf3847457a6b80701899fb
2026-10-02 14:22:54,852 [DEBUG] STATUS 200
2026-10-02 14:22:54,852 [DEBUG] {
  "clusterMapping": [
    {
      "rsId": "sgcShard_0",
      "targetRsId": "tgtShard_0"
    },
    {
      "rsId": "sgcShard_1",
      "targetRsId": "tgtShard_1"
    },
    {
      "rsId": "configRS",
      "targetRsId": "tgtconfigRS"
    }
  ],
  "nodes": [
    {
      "error": "<tgtCluster_tgtShard_1_64> [15:22:20.969] Plan execution failed on step MarkRestoreStarted as part of move RestoreRsMemberFromBackupPhase1 : <tgtCluster_tgtShard_1_64> [15:22:20.969] Failed to apply action. Result = <nil> : <tgtCluster_tgtShard_1_64> [15:22:20.969] Error creating /fimongo1/data : <tgtCluster_tgtShard_1_64> [15:22:20.969] Error making directory = /fimongo1/data with permissions = -rwxrwxrwx : mkdir /fimongo1/data: permission denied",
      "hostname": "rmdb12",
      "id": "rmdb12:37017",
      "port": 37017,
      "rsId": "tgtShard_1",
      "state": "COPY_FILES",
      "stateUpdateTime": 1790916904
    },
    {
      "error": "<tgtCluster_tgtShard_1_66> [15:21:47.717] Plan execution failed on step MakeBackupDataAvailable as part of move RestoreRsMemberFromBackupPhase1 : <tgtCluster_tgtShard_1_66> [15:21:47.717] Failed to apply action. Result = <nil> : <tgtCluster_tgtShard_1_66> [15:21:47.717] Failed to download the snapshot : <tgtCluster_tgtShard_1_66> [15:21:47.717] Error while waiting for third party to copy backup to /fimongo1/data : <tgtCluster_tgtShard_1_66> [15:21:47.717] Observed error when trying to mark node as ready for copy files. : <tgtCluster_tgtShard_1_66> [15:21:47.717] Got return status 404 Not Found when trying to mark node ready for copy files.",
      "hostname": "rmdb14",
      "id": "rmdb14:37017",
      "port": 37017,
      "rsId": "tgtShard_1",
      "state": "RECOVERY_IN_PROGRESS",
      "stateUpdateTime": 1790968879
    },
    {
      "error": "<tgtCluster_tgtShard_1_47> [15:22:12.916] Plan execution failed on step MakeBackupDataAvailable as part of move RestoreRsMemberFromBackupPhase1 : <tgtCluster_tgtShard_1_47> [15:22:12.916] Failed to apply action. Result = <nil> : <tgtCluster_tgtShard_1_47> [15:22:12.915] Failed to download the snapshot : <tgtCluster_tgtShard_1_47> [15:22:12.915] Error while waiting for third party to copy backup to /fimongo1/data : <tgtCluster_tgtShard_1_47> [15:22:12.915] Observed error when trying to mark node as ready for copy files. : <tgtCluster_tgtShard_1_47> [15:22:12.915] Got return status 404 Not Found when trying to mark node ready for copy files.",
      "hostname": "rmdb9",
      "id": "rmdb9:37017",
      "port": 37017,
      "rsId": "tgtShard_1",
      "state": "RECOVERY_IN_PROGRESS",
      "stateUpdateTime": 1790968923
    },
    {
      "error": "<tgtCluster_tgtShard_1_46> [15:21:56.574] Plan execution failed on step MakeBackupDataAvailable as part of move RestoreRsMemberFromBackupPhase1 : <tgtCluster_tgtShard_1_46> [15:21:56.574] Failed to apply action. Result = <nil> : <tgtCluster_tgtShard_1_46> [15:21:56.574] Failed to download the snapshot : <tgtCluster_tgtShard_1_46> [15:21:56.574] Error while waiting for third party to copy backup to /fimongo1/data : <tgtCluster_tgtShard_1_46> [15:21:56.574] Observed error when trying to mark node as ready for copy files. : <tgtCluster_tgtShard_1_46> [15:21:56.574] Got return status 404 Not Found when trying to mark node ready for copy files.",
      "hostname": "rmdb4",
      "id": "rmdb4:37017",
      "port": 37017,
      "rsId": "tgtShard_1",
      "state": "RECOVERY_IN_PROGRESS",
      "stateUpdateTime": 1790968901
    },
    {
      "error": "<tgtCluster_tgtShard_1_45> [15:21:56.794] Plan execution failed on step MakeBackupDataAvailable as part of move RestoreRsMemberFromBackupPhase1 : <tgtCluster_tgtShard_1_45> [15:21:56.794] Failed to apply action. Result = <nil> : <tgtCluster_tgtShard_1_45> [15:21:56.793] Failed to download the snapshot : <tgtCluster_tgtShard_1_45> [15:21:56.793] Error while waiting for third party to copy backup to /fimongo1/data : <tgtCluster_tgtShard_1_45> [15:21:56.793] Observed error when trying to mark node as ready for copy files. : <tgtCluster_tgtShard_1_45> [15:21:56.793] Got return status 404 Not Found when trying to mark node ready for copy files.",
      "hostname": "rmdb2",
      "id": "rmdb2:37017",
      "port": 37017,
      "rsId": "tgtShard_1",
      "state": "RECOVERY_IN_PROGRESS",
      "stateUpdateTime": 1790968681
    },
    {
      "error": "<tgtCluster_tgtShard_0_44> [15:21:50.788] Plan execution failed on step MakeBackupDataAvailable as part of move RestoreRsMemberFromBackupPhase1 : <tgtCluster_tgtShard_0_44> [15:21:50.788] Failed to apply action. Result = <nil> : <tgtCluster_tgtShard_0_44> [15:21:50.788] Failed to download the snapshot : <tgtCluster_tgtShard_0_44> [15:21:50.788] Error while waiting for third party to copy backup to /fimongo1/data : <tgtCluster_tgtShard_0_44> [15:21:50.788] Observed error when trying to mark node as ready for copy files. : <tgtCluster_tgtShard_0_44> [15:21:50.787] Got return status 404 Not Found when trying to mark node ready for copy files.",
      "hostname": "rmdb8",
      "id": "rmdb8:37017",
      "port": 37017,
      "rsId": "tgtShard_0",
      "state": "RECOVERY_IN_PROGRESS",
      "stateUpdateTime": 1790968530
    },
    {
      "error": null,
      "hostname": "rmdb13",
      "id": "rmdb13:37017",
      "port": 37017,
      "rsId": "tgtShard_0",
      "state": "RECOVERY_IN_PROGRESS",
      "stateUpdateTime": 1790917247
    },
    {
      "error": "<tgtCluster_tgtShard_0_42> [15:21:58.445] Plan execution failed on step MakeBackupDataAvailable as part of move RestoreRsMemberFromBackupPhase1 : <tgtCluster_tgtShard_0_42> [15:21:58.445] Failed to apply action. Result = <nil> : <tgtCluster_tgtShard_0_42> [15:21:58.445] Failed to download the snapshot : <tgtCluster_tgtShard_0_42> [15:21:58.445] Error while waiting for third party to copy backup to /fimongo1/data : <tgtCluster_tgtShard_0_42> [15:21:58.445] Observed error when trying to mark node as ready for copy files. : <tgtCluster_tgtShard_0_42> [15:21:58.444] Got return status 404 Not Found when trying to mark node ready for copy files.",
      "hostname": "rmdb1",
      "id": "rmdb1:37017",
      "port": 37017,
      "rsId": "tgtShard_0",
      "state": "RECOVERY_IN_PROGRESS",
      "stateUpdateTime": 1790963978
    },
    {
      "error": "<tgtCluster_tgtShard_0_43> [15:22:43.259] Plan execution failed on step MakeBackupDataAvailable as part of move RestoreRsMemberFromBackupPhase1 : <tgtCluster_tgtShard_0_43> [15:22:43.259] Failed to apply action. Result = <nil> : <tgtCluster_tgtShard_0_43> [15:22:43.259] Failed to download the snapshot : <tgtCluster_tgtShard_0_43> [15:22:43.259] Error while waiting for third party to copy backup to /fimongo1/data : <tgtCluster_tgtShard_0_43> [15:22:43.258] Observed error when trying to mark node as ready for copy files. : <tgtCluster_tgtShard_0_43> [15:22:43.258] Got return status 404 Not Found when trying to mark node ready for copy files.",
      "hostname": "rmdb3",
      "id": "rmdb3:37017",
      "port": 37017,
      "rsId": "tgtShard_0",
      "state": "RECOVERY_IN_PROGRESS",
      "stateUpdateTime": 1790967977
    },
    {
      "error": null,
      "hostname": "rmdb11",
      "id": "rmdb11:37017",
      "port": 37017,
      "rsId": "tgtShard_0",
      "state": "RECOVERY_IN_PROGRESS",
      "stateUpdateTime": 1790917218
    },
    {
      "error": null,
      "hostname": "rmdb7",
      "id": "rmdb7:37017",
      "port": 37017,
      "rsId": "tgtconfigRS",
      "state": "RECOVERY_IN_PROGRESS",
      "stateUpdateTime": 1790917195
    },
    {
      "error": null,
      "hostname": "rmdb-config1",
      "id": "rmdb-config1:37017",
      "port": 37017,
      "rsId": "tgtconfigRS",
      "state": "RECOVERY_IN_PROGRESS",
      "stateUpdateTime": 1790917145
    },
    {
      "error": null,
      "hostname": "rmdb-config2",
      "id": "rmdb-config2:37017",
      "port": 37017,
      "rsId": "tgtconfigRS",
      "state": "RECOVERY_IN_PROGRESS",
      "stateUpdateTime": 1790917166
    }
  ],
  "state": "COPY_FILES"
}
2026-10-02 14:22:54,853 [INFO] Restore state: COPY_FILES
2026-10-02 14:23:04,853 [DEBUG] API GET http://129.40.36.100:8080/api/public/v1.0/backup/third_party/group/6a386221ee19a6537cc68a97/restore/6abf3847457a6b80701899fb
2026-10-02 14:23:05,018 [DEBUG] STATUS 200
2026-10-02 14:23:05,018 [DEBUG] {
  "clusterMapping": [
    {
      "rsId": "sgcShard_0",
      "targetRsId": "tgtShard_0"
    },
    {
      "rsId": "sgcShard_1",
      "targetRsId": "tgtShard_1"
    },
    {
      "rsId": "configRS",
      "targetRsId": "tgtconfigRS"
    }
  ],
  "nodes": [
    {
      "error": "<tgtCluster_tgtShard_1_64> [15:22:20.969] Plan execution failed on step MarkRestoreStarted as part of move RestoreRsMemberFromBackupPhase1 : <tgtCluster_tgtShard_1_64> [15:22:20.969] Failed to apply action. Result = <nil> : <tgtCluster_tgtShard_1_64> [15:22:20.969] Error creating /fimongo1/data : <tgtCluster_tgtShard_1_64> [15:22:20.969] Error making directory = /fimongo1/data with permissions = -rwxrwxrwx : mkdir /fimongo1/data: permission denied",
      "hostname": "rmdb12",
      "id": "rmdb12:37017",
      "port": 37017,
      "rsId": "tgtShard_1",
      "state": "COPY_FILES",
      "stateUpdateTime": 1790916904
    },
    {
      "error": "<tgtCluster_tgtShard_1_66> [15:22:49.154] Plan execution failed on step MakeBackupDataAvailable as part of move RestoreRsMemberFromBackupPhase1 : <tgtCluster_tgtShard_1_66> [15:22:49.154] Failed to apply action. Result = <nil> : <tgtCluster_tgtShard_1_66> [15:22:49.154] Failed to download the snapshot : <tgtCluster_tgtShard_1_66> [15:22:49.154] Error while waiting for third party to copy backup to /fimongo1/data : <tgtCluster_tgtShard_1_66> [15:22:49.154] Observed error when trying to mark node as ready for copy files. : <tgtCluster_tgtShard_1_66> [15:22:49.154] Got return status 404 Not Found when trying to mark node ready for copy files.",
      "hostname": "rmdb14",
      "id": "rmdb14:37017",
      "port": 37017,
      "rsId": "tgtShard_1",
      "state": "RECOVERY_IN_PROGRESS",
      "stateUpdateTime": 1790968879
    },
    {
      "error": "<tgtCluster_tgtShard_1_47> [15:22:12.916] Plan execution failed on step MakeBackupDataAvailable as part of move RestoreRsMemberFromBackupPhase1 : <tgtCluster_tgtShard_1_47> [15:22:12.916] Failed to apply action. Result = <nil> : <tgtCluster_tgtShard_1_47> [15:22:12.915] Failed to download the snapshot : <tgtCluster_tgtShard_1_47> [15:22:12.915] Error while waiting for third party to copy backup to /fimongo1/data : <tgtCluster_tgtShard_1_47> [15:22:12.915] Observed error when trying to mark node as ready for copy files. : <tgtCluster_tgtShard_1_47> [15:22:12.915] Got return status 404 Not Found when trying to mark node ready for copy files.",
      "hostname": "rmdb9",
      "id": "rmdb9:37017",
      "port": 37017,
      "rsId": "tgtShard_1",
      "state": "RECOVERY_IN_PROGRESS",
      "stateUpdateTime": 1790968923
    },
    {
      "error": "<tgtCluster_tgtShard_1_46> [15:22:58.111] Plan execution failed on step MakeBackupDataAvailable as part of move RestoreRsMemberFromBackupPhase1 : <tgtCluster_tgtShard_1_46> [15:22:58.111] Failed to apply action. Result = <nil> : <tgtCluster_tgtShard_1_46> [15:22:58.111] Failed to download the snapshot : <tgtCluster_tgtShard_1_46> [15:22:58.111] Error while waiting for third party to copy backup to /fimongo1/data : <tgtCluster_tgtShard_1_46> [15:22:58.111] Observed error when trying to mark node as ready for copy files. : <tgtCluster_tgtShard_1_46> [15:22:58.111] Got return status 404 Not Found when trying to mark node ready for copy files.",
      "hostname": "rmdb4",
      "id": "rmdb4:37017",
      "port": 37017,
      "rsId": "tgtShard_1",
      "state": "RECOVERY_IN_PROGRESS",
      "stateUpdateTime": 1790968901
    },
    {
      "error": "<tgtCluster_tgtShard_1_45> [15:21:56.794] Plan execution failed on step MakeBackupDataAvailable as part of move RestoreRsMemberFromBackupPhase1 : <tgtCluster_tgtShard_1_45> [15:21:56.794] Failed to apply action. Result = <nil> : <tgtCluster_tgtShard_1_45> [15:21:56.793] Failed to download the snapshot : <tgtCluster_tgtShard_1_45> [15:21:56.793] Error while waiting for third party to copy backup to /fimongo1/data : <tgtCluster_tgtShard_1_45> [15:21:56.793] Observed error when trying to mark node as ready for copy files. : <tgtCluster_tgtShard_1_45> [15:21:56.793] Got return status 404 Not Found when trying to mark node ready for copy files.",
      "hostname": "rmdb2",
      "id": "rmdb2:37017",
      "port": 37017,
      "rsId": "tgtShard_1",
      "state": "RECOVERY_IN_PROGRESS",
      "stateUpdateTime": 1790968681
    },
    {
      "error": "<tgtCluster_tgtShard_0_44> [15:22:51.622] Plan execution failed on step MakeBackupDataAvailable as part of move RestoreRsMemberFromBackupPhase1 : <tgtCluster_tgtShard_0_44> [15:22:51.622] Failed to apply action. Result = <nil> : <tgtCluster_tgtShard_0_44> [15:22:51.622] Failed to download the snapshot : <tgtCluster_tgtShard_0_44> [15:22:51.622] Error while waiting for third party to copy backup to /fimongo1/data : <tgtCluster_tgtShard_0_44> [15:22:51.622] Observed error when trying to mark node as ready for copy files. : <tgtCluster_tgtShard_0_44> [15:22:51.622] Got return status 404 Not Found when trying to mark node ready for copy files.",
      "hostname": "rmdb8",
      "id": "rmdb8:37017",
      "port": 37017,
      "rsId": "tgtShard_0",
      "state": "RECOVERY_IN_PROGRESS",
      "stateUpdateTime": 1790968530
    },
    {
      "error": null,
      "hostname": "rmdb13",
      "id": "rmdb13:37017",
      "port": 37017,
      "rsId": "tgtShard_0",
      "state": "RECOVERY_IN_PROGRESS",
      "stateUpdateTime": 1790917247
    },
    {
      "error": "<tgtCluster_tgtShard_0_42> [15:22:59.655] Plan execution failed on step MakeBackupDataAvailable as part of move RestoreRsMemberFromBackupPhase1 : <tgtCluster_tgtShard_0_42> [15:22:59.655] Failed to apply action. Result = <nil> : <tgtCluster_tgtShard_0_42> [15:22:59.655] Failed to download the snapshot : <tgtCluster_tgtShard_0_42> [15:22:59.655] Error while waiting for third party to copy backup to /fimongo1/data : <tgtCluster_tgtShard_0_42> [15:22:59.655] Observed error when trying to mark node as ready for copy files. : <tgtCluster_tgtShard_0_42> [15:22:59.655] Got return status 404 Not Found when trying to mark node ready for copy files.",
      "hostname": "rmdb1",
      "id": "rmdb1:37017",
      "port": 37017,
      "rsId": "tgtShard_0",
      "state": "RECOVERY_IN_PROGRESS",
      "stateUpdateTime": 1790963978
    },
    {
      "error": "<tgtCluster_tgtShard_0_43> [15:22:43.259] Plan execution failed on step MakeBackupDataAvailable as part of move RestoreRsMemberFromBackupPhase1 : <tgtCluster_tgtShard_0_43> [15:22:43.259] Failed to apply action. Result = <nil> : <tgtCluster_tgtShard_0_43> [15:22:43.259] Failed to download the snapshot : <tgtCluster_tgtShard_0_43> [15:22:43.259] Error while waiting for third party to copy backup to /fimongo1/data : <tgtCluster_tgtShard_0_43> [15:22:43.258] Observed error when trying to mark node as ready for copy files. : <tgtCluster_tgtShard_0_43> [15:22:43.258] Got return status 404 Not Found when trying to mark node ready for copy files.",
      "hostname": "rmdb3",
      "id": "rmdb3:37017",
      "port": 37017,
      "rsId": "tgtShard_0",
      "state": "RECOVERY_IN_PROGRESS",
      "stateUpdateTime": 1790967977
    },
    {
      "error": null,
      "hostname": "rmdb11",
      "id": "rmdb11:37017",
      "port": 37017,
      "rsId": "tgtShard_0",
      "state": "RECOVERY_IN_PROGRESS",
      "stateUpdateTime": 1790917218
    },
    {
      "error": null,
      "hostname": "rmdb7",
      "id": "rmdb7:37017",
      "port": 37017,
      "rsId": "tgtconfigRS",
      "state": "RECOVERY_IN_PROGRESS",
      "stateUpdateTime": 1790917195
    },
    {
      "error": null,
      "hostname": "rmdb-config1",
      "id": "rmdb-config1:37017",
      "port": 37017,
      "rsId": "tgtconfigRS",
      "state": "RECOVERY_IN_PROGRESS",
      "stateUpdateTime": 1790917145
    },
    {
      "error": null,
      "hostname": "rmdb-config2",
      "id": "rmdb-config2:37017",
      "port": 37017,
      "rsId": "tgtconfigRS",
      "state": "RECOVERY_IN_PROGRESS",
      "stateUpdateTime": 1790917166
    }
  ],
  "state": "COPY_FILES"
}
2026-10-02 14:23:05,018 [INFO] Restore state: COPY_FILES
2026-10-02 14:23:15,019 [DEBUG] API GET http://129.40.36.100:8080/api/public/v1.0/backup/third_party/group/6a386221ee19a6537cc68a97/restore/6abf3847457a6b80701899fb
2026-10-02 14:23:15,176 [DEBUG] STATUS 200
2026-10-02 14:23:15,176 [DEBUG] {
  "clusterMapping": [
    {
      "rsId": "sgcShard_0",
      "targetRsId": "tgtShard_0"
    },
    {
      "rsId": "sgcShard_1",
      "targetRsId": "tgtShard_1"
    },
    {
      "rsId": "configRS",
      "targetRsId": "tgtconfigRS"
    }
  ],
  "nodes": [
    {
      "error": "<tgtCluster_tgtShard_1_64> [15:22:20.969] Plan execution failed on step MarkRestoreStarted as part of move RestoreRsMemberFromBackupPhase1 : <tgtCluster_tgtShard_1_64> [15:22:20.969] Failed to apply action. Result = <nil> : <tgtCluster_tgtShard_1_64> [15:22:20.969] Error creating /fimongo1/data : <tgtCluster_tgtShard_1_64> [15:22:20.969] Error making directory = /fimongo1/data with permissions = -rwxrwxrwx : mkdir /fimongo1/data: permission denied",
      "hostname": "rmdb12",
      "id": "rmdb12:37017",
      "port": 37017,
      "rsId": "tgtShard_1",
      "state": "COPY_FILES",
      "stateUpdateTime": 1790916904
    },
    {
      "error": "<tgtCluster_tgtShard_1_66> [15:22:49.154] Plan execution failed on step MakeBackupDataAvailable as part of move RestoreRsMemberFromBackupPhase1 : <tgtCluster_tgtShard_1_66> [15:22:49.154] Failed to apply action. Result = <nil> : <tgtCluster_tgtShard_1_66> [15:22:49.154] Failed to download the snapshot : <tgtCluster_tgtShard_1_66> [15:22:49.154] Error while waiting for third party to copy backup to /fimongo1/data : <tgtCluster_tgtShard_1_66> [15:22:49.154] Observed error when trying to mark node as ready for copy files. : <tgtCluster_tgtShard_1_66> [15:22:49.154] Got return status 404 Not Found when trying to mark node ready for copy files.",
      "hostname": "rmdb14",
      "id": "rmdb14:37017",
      "port": 37017,
      "rsId": "tgtShard_1",
      "state": "RECOVERY_IN_PROGRESS",
      "stateUpdateTime": 1790968879
    },
    {
      "error": "<tgtCluster_tgtShard_1_47> [15:22:12.916] Plan execution failed on step MakeBackupDataAvailable as part of move RestoreRsMemberFromBackupPhase1 : <tgtCluster_tgtShard_1_47> [15:22:12.916] Failed to apply action. Result = <nil> : <tgtCluster_tgtShard_1_47> [15:22:12.915] Failed to download the snapshot : <tgtCluster_tgtShard_1_47> [15:22:12.915] Error while waiting for third party to copy backup to /fimongo1/data : <tgtCluster_tgtShard_1_47> [15:22:12.915] Observed error when trying to mark node as ready for copy files. : <tgtCluster_tgtShard_1_47> [15:22:12.915] Got return status 404 Not Found when trying to mark node ready for copy files.",
      "hostname": "rmdb9",
      "id": "rmdb9:37017",
      "port": 37017,
      "rsId": "tgtShard_1",
      "state": "RECOVERY_IN_PROGRESS",
      "stateUpdateTime": 1790968923
    },
    {
      "error": "<tgtCluster_tgtShard_1_46> [15:22:58.111] Plan execution failed on step MakeBackupDataAvailable as part of move RestoreRsMemberFromBackupPhase1 : <tgtCluster_tgtShard_1_46> [15:22:58.111] Failed to apply action. Result = <nil> : <tgtCluster_tgtShard_1_46> [15:22:58.111] Failed to download the snapshot : <tgtCluster_tgtShard_1_46> [15:22:58.111] Error while waiting for third party to copy backup to /fimongo1/data : <tgtCluster_tgtShard_1_46> [15:22:58.111] Observed error when trying to mark node as ready for copy files. : <tgtCluster_tgtShard_1_46> [15:22:58.111] Got return status 404 Not Found when trying to mark node ready for copy files.",
      "hostname": "rmdb4",
      "id": "rmdb4:37017",
      "port": 37017,
      "rsId": "tgtShard_1",
      "state": "RECOVERY_IN_PROGRESS",
      "stateUpdateTime": 1790968901
    },
    {
      "error": "<tgtCluster_tgtShard_1_45> [15:22:58.328] Plan execution failed on step MakeBackupDataAvailable as part of move RestoreRsMemberFromBackupPhase1 : <tgtCluster_tgtShard_1_45> [15:22:58.328] Failed to apply action. Result = <nil> : <tgtCluster_tgtShard_1_45> [15:22:58.328] Failed to download the snapshot : <tgtCluster_tgtShard_1_45> [15:22:58.328] Error while waiting for third party to copy backup to /fimongo1/data : <tgtCluster_tgtShard_1_45> [15:22:58.328] Observed error when trying to mark node as ready for copy files. : <tgtCluster_tgtShard_1_45> [15:22:58.328] Got return status 404 Not Found when trying to mark node ready for copy files.",
      "hostname": "rmdb2",
      "id": "rmdb2:37017",
      "port": 37017,
      "rsId": "tgtShard_1",
      "state": "RECOVERY_IN_PROGRESS",
      "stateUpdateTime": 1790968681
    },
    {
      "error": "<tgtCluster_tgtShard_0_44> [15:22:51.622] Plan execution failed on step MakeBackupDataAvailable as part of move RestoreRsMemberFromBackupPhase1 : <tgtCluster_tgtShard_0_44> [15:22:51.622] Failed to apply action. Result = <nil> : <tgtCluster_tgtShard_0_44> [15:22:51.622] Failed to download the snapshot : <tgtCluster_tgtShard_0_44> [15:22:51.622] Error while waiting for third party to copy backup to /fimongo1/data : <tgtCluster_tgtShard_0_44> [15:22:51.622] Observed error when trying to mark node as ready for copy files. : <tgtCluster_tgtShard_0_44> [15:22:51.622] Got return status 404 Not Found when trying to mark node ready for copy files.",
      "hostname": "rmdb8",
      "id": "rmdb8:37017",
      "port": 37017,
      "rsId": "tgtShard_0",
      "state": "RECOVERY_IN_PROGRESS",
      "stateUpdateTime": 1790968530
    },
    {
      "error": null,
      "hostname": "rmdb13",
      "id": "rmdb13:37017",
      "port": 37017,
      "rsId": "tgtShard_0",
      "state": "RECOVERY_IN_PROGRESS",
      "stateUpdateTime": 1790917247
    },
    {
      "error": "<tgtCluster_tgtShard_0_42> [15:22:59.655] Plan execution failed on step MakeBackupDataAvailable as part of move RestoreRsMemberFromBackupPhase1 : <tgtCluster_tgtShard_0_42> [15:22:59.655] Failed to apply action. Result = <nil> : <tgtCluster_tgtShard_0_42> [15:22:59.655] Failed to download the snapshot : <tgtCluster_tgtShard_0_42> [15:22:59.655] Error while waiting for third party to copy backup to /fimongo1/data : <tgtCluster_tgtShard_0_42> [15:22:59.655] Observed error when trying to mark node as ready for copy files. : <tgtCluster_tgtShard_0_42> [15:22:59.655] Got return status 404 Not Found when trying to mark node ready for copy files.",
      "hostname": "rmdb1",
      "id": "rmdb1:37017",
      "port": 37017,
      "rsId": "tgtShard_0",
      "state": "RECOVERY_IN_PROGRESS",
      "stateUpdateTime": 1790963978
    },
    {
      "error": "<tgtCluster_tgtShard_0_43> [15:22:43.259] Plan execution failed on step MakeBackupDataAvailable as part of move RestoreRsMemberFromBackupPhase1 : <tgtCluster_tgtShard_0_43> [15:22:43.259] Failed to apply action. Result = <nil> : <tgtCluster_tgtShard_0_43> [15:22:43.259] Failed to download the snapshot : <tgtCluster_tgtShard_0_43> [15:22:43.259] Error while waiting for third party to copy backup to /fimongo1/data : <tgtCluster_tgtShard_0_43> [15:22:43.258] Observed error when trying to mark node as ready for copy files. : <tgtCluster_tgtShard_0_43> [15:22:43.258] Got return status 404 Not Found when trying to mark node ready for copy files.",
      "hostname": "rmdb3",
      "id": "rmdb3:37017",
      "port": 37017,
      "rsId": "tgtShard_0",
      "state": "RECOVERY_IN_PROGRESS",
      "stateUpdateTime": 1790967977
    },
    {
      "error": null,
      "hostname": "rmdb11",
      "id": "rmdb11:37017",
      "port": 37017,
      "rsId": "tgtShard_0",
      "state": "RECOVERY_IN_PROGRESS",
      "stateUpdateTime": 1790917218
    },
    {
      "error": null,
      "hostname": "rmdb7",
      "id": "rmdb7:37017",
      "port": 37017,
      "rsId": "tgtconfigRS",
      "state": "RECOVERY_IN_PROGRESS",
      "stateUpdateTime": 1790917195
    },
    {
      "error": null,
      "hostname": "rmdb-config1",
      "id": "rmdb-config1:37017",
      "port": 37017,
      "rsId": "tgtconfigRS",
      "state": "RECOVERY_IN_PROGRESS",
      "stateUpdateTime": 1790917145
    },
    {
      "error": null,
      "hostname": "rmdb-config2",
      "id": "rmdb-config2:37017",
      "port": 37017,
      "rsId": "tgtconfigRS",
      "state": "RECOVERY_IN_PROGRESS",
      "stateUpdateTime": 1790917166
    }
  ],
  "state": "COPY_FILES"
}
2026-10-02 14:23:15,177 [INFO] Restore state: COPY_FILES
2026-10-02 14:23:25,177 [DEBUG] API GET http://129.40.36.100:8080/api/public/v1.0/backup/third_party/group/6a386221ee19a6537cc68a97/restore/6abf3847457a6b80701899fb
2026-10-02 14:23:25,370 [DEBUG] STATUS 200
2026-10-02 14:23:25,370 [DEBUG] {
  "clusterMapping": [
    {
      "rsId": "sgcShard_0",
      "targetRsId": "tgtShard_0"
    },
    {
      "rsId": "sgcShard_1",
      "targetRsId": "tgtShard_1"
    },
    {
      "rsId": "configRS",
      "targetRsId": "tgtconfigRS"
    }
  ],
  "nodes": [
    {
      "error": "<tgtCluster_tgtShard_1_64> [15:22:20.969] Plan execution failed on step MarkRestoreStarted as part of move RestoreRsMemberFromBackupPhase1 : <tgtCluster_tgtShard_1_64> [15:22:20.969] Failed to apply action. Result = <nil> : <tgtCluster_tgtShard_1_64> [15:22:20.969] Error creating /fimongo1/data : <tgtCluster_tgtShard_1_64> [15:22:20.969] Error making directory = /fimongo1/data with permissions = -rwxrwxrwx : mkdir /fimongo1/data: permission denied",
      "hostname": "rmdb12",
      "id": "rmdb12:37017",
      "port": 37017,
      "rsId": "tgtShard_1",
      "state": "COPY_FILES",
      "stateUpdateTime": 1790916904
    },
    {
      "error": "<tgtCluster_tgtShard_1_66> [15:22:49.154] Plan execution failed on step MakeBackupDataAvailable as part of move RestoreRsMemberFromBackupPhase1 : <tgtCluster_tgtShard_1_66> [15:22:49.154] Failed to apply action. Result = <nil> : <tgtCluster_tgtShard_1_66> [15:22:49.154] Failed to download the snapshot : <tgtCluster_tgtShard_1_66> [15:22:49.154] Error while waiting for third party to copy backup to /fimongo1/data : <tgtCluster_tgtShard_1_66> [15:22:49.154] Observed error when trying to mark node as ready for copy files. : <tgtCluster_tgtShard_1_66> [15:22:49.154] Got return status 404 Not Found when trying to mark node ready for copy files.",
      "hostname": "rmdb14",
      "id": "rmdb14:37017",
      "port": 37017,
      "rsId": "tgtShard_1",
      "state": "RECOVERY_IN_PROGRESS",
      "stateUpdateTime": 1790968879
    },
    {
      "error": "<tgtCluster_tgtShard_1_47> [15:23:14.452] Plan execution failed on step MakeBackupDataAvailable as part of move RestoreRsMemberFromBackupPhase1 : <tgtCluster_tgtShard_1_47> [15:23:14.452] Failed to apply action. Result = <nil> : <tgtCluster_tgtShard_1_47> [15:23:14.452] Failed to download the snapshot : <tgtCluster_tgtShard_1_47> [15:23:14.452] Error while waiting for third party to copy backup to /fimongo1/data : <tgtCluster_tgtShard_1_47> [15:23:14.452] Observed error when trying to mark node as ready for copy files. : <tgtCluster_tgtShard_1_47> [15:23:14.452] Got return status 404 Not Found when trying to mark node ready for copy files.",
      "hostname": "rmdb9",
      "id": "rmdb9:37017",
      "port": 37017,
      "rsId": "tgtShard_1",
      "state": "RECOVERY_IN_PROGRESS",
      "stateUpdateTime": 1790968923
    },
    {
      "error": "<tgtCluster_tgtShard_1_46> [15:22:58.111] Plan execution failed on step MakeBackupDataAvailable as part of move RestoreRsMemberFromBackupPhase1 : <tgtCluster_tgtShard_1_46> [15:22:58.111] Failed to apply action. Result = <nil> : <tgtCluster_tgtShard_1_46> [15:22:58.111] Failed to download the snapshot : <tgtCluster_tgtShard_1_46> [15:22:58.111] Error while waiting for third party to copy backup to /fimongo1/data : <tgtCluster_tgtShard_1_46> [15:22:58.111] Observed error when trying to mark node as ready for copy files. : <tgtCluster_tgtShard_1_46> [15:22:58.111] Got return status 404 Not Found when trying to mark node ready for copy files.",
      "hostname": "rmdb4",
      "id": "rmdb4:37017",
      "port": 37017,
      "rsId": "tgtShard_1",
      "state": "RECOVERY_IN_PROGRESS",
      "stateUpdateTime": 1790968901
    },
    {
      "error": "<tgtCluster_tgtShard_1_45> [15:22:58.328] Plan execution failed on step MakeBackupDataAvailable as part of move RestoreRsMemberFromBackupPhase1 : <tgtCluster_tgtShard_1_45> [15:22:58.328] Failed to apply action. Result = <nil> : <tgtCluster_tgtShard_1_45> [15:22:58.328] Failed to download the snapshot : <tgtCluster_tgtShard_1_45> [15:22:58.328] Error while waiting for third party to copy backup to /fimongo1/data : <tgtCluster_tgtShard_1_45> [15:22:58.328] Observed error when trying to mark node as ready for copy files. : <tgtCluster_tgtShard_1_45> [15:22:58.328] Got return status 404 Not Found when trying to mark node ready for copy files.",
      "hostname": "rmdb2",
      "id": "rmdb2:37017",
      "port": 37017,
      "rsId": "tgtShard_1",
      "state": "RECOVERY_IN_PROGRESS",
      "stateUpdateTime": 1790968681
    },
    {
      "error": "<tgtCluster_tgtShard_0_44> [15:22:51.622] Plan execution failed on step MakeBackupDataAvailable as part of move RestoreRsMemberFromBackupPhase1 : <tgtCluster_tgtShard_0_44> [15:22:51.622] Failed to apply action. Result = <nil> : <tgtCluster_tgtShard_0_44> [15:22:51.622] Failed to download the snapshot : <tgtCluster_tgtShard_0_44> [15:22:51.622] Error while waiting for third party to copy backup to /fimongo1/data : <tgtCluster_tgtShard_0_44> [15:22:51.622] Observed error when trying to mark node as ready for copy files. : <tgtCluster_tgtShard_0_44> [15:22:51.622] Got return status 404 Not Found when trying to mark node ready for copy files.",
      "hostname": "rmdb8",
      "id": "rmdb8:37017",
      "port": 37017,
      "rsId": "tgtShard_0",
      "state": "RECOVERY_IN_PROGRESS",
      "stateUpdateTime": 1790968530
    },
    {
      "error": null,
      "hostname": "rmdb13",
      "id": "rmdb13:37017",
      "port": 37017,
      "rsId": "tgtShard_0",
      "state": "RECOVERY_IN_PROGRESS",
      "stateUpdateTime": 1790917247
    },
    {
      "error": "<tgtCluster_tgtShard_0_42> [15:22:59.655] Plan execution failed on step MakeBackupDataAvailable as part of move RestoreRsMemberFromBackupPhase1 : <tgtCluster_tgtShard_0_42> [15:22:59.655] Failed to apply action. Result = <nil> : <tgtCluster_tgtShard_0_42> [15:22:59.655] Failed to download the snapshot : <tgtCluster_tgtShard_0_42> [15:22:59.655] Error while waiting for third party to copy backup to /fimongo1/data : <tgtCluster_tgtShard_0_42> [15:22:59.655] Observed error when trying to mark node as ready for copy files. : <tgtCluster_tgtShard_0_42> [15:22:59.655] Got return status 404 Not Found when trying to mark node ready for copy files.",
      "hostname": "rmdb1",
      "id": "rmdb1:37017",
      "port": 37017,
      "rsId": "tgtShard_0",
      "state": "RECOVERY_IN_PROGRESS",
      "stateUpdateTime": 1790963978
    },
    {
      "error": "<tgtCluster_tgtShard_0_43> [15:22:43.259] Plan execution failed on step MakeBackupDataAvailable as part of move RestoreRsMemberFromBackupPhase1 : <tgtCluster_tgtShard_0_43> [15:22:43.259] Failed to apply action. Result = <nil> : <tgtCluster_tgtShard_0_43> [15:22:43.259] Failed to download the snapshot : <tgtCluster_tgtShard_0_43> [15:22:43.259] Error while waiting for third party to copy backup to /fimongo1/data : <tgtCluster_tgtShard_0_43> [15:22:43.258] Observed error when trying to mark node as ready for copy files. : <tgtCluster_tgtShard_0_43> [15:22:43.258] Got return status 404 Not Found when trying to mark node ready for copy files.",
      "hostname": "rmdb3",
      "id": "rmdb3:37017",
      "port": 37017,
      "rsId": "tgtShard_0",
      "state": "RECOVERY_IN_PROGRESS",
      "stateUpdateTime": 1790967977
    },
    {
      "error": null,
      "hostname": "rmdb11",
      "id": "rmdb11:37017",
      "port": 37017,
      "rsId": "tgtShard_0",
      "state": "RECOVERY_IN_PROGRESS",
      "stateUpdateTime": 1790917218
    },
    {
      "error": null,
      "hostname": "rmdb7",
      "id": "rmdb7:37017",
      "port": 37017,
      "rsId": "tgtconfigRS",
      "state": "RECOVERY_IN_PROGRESS",
      "stateUpdateTime": 1790917195
    },
    {
      "error": null,
      "hostname": "rmdb-config1",
      "id": "rmdb-config1:37017",
      "port": 37017,
      "rsId": "tgtconfigRS",
      "state": "RECOVERY_IN_PROGRESS",
      "stateUpdateTime": 1790917145
    },
    {
      "error": null,
      "hostname": "rmdb-config2",
      "id": "rmdb-config2:37017",
      "port": 37017,
      "rsId": "tgtconfigRS",
      "state": "RECOVERY_IN_PROGRESS",
      "stateUpdateTime": 1790917166
    }
  ],
  "state": "COPY_FILES"
}
2026-10-02 14:23:25,371 [INFO] Restore state: COPY_FILES
2026-10-02 14:23:35,371 [DEBUG] API GET http://129.40.36.100:8080/api/public/v1.0/backup/third_party/group/6a386221ee19a6537cc68a97/restore/6abf3847457a6b80701899fb
2026-10-02 14:23:35,510 [DEBUG] STATUS 200
2026-10-02 14:23:35,510 [DEBUG] {
  "clusterMapping": [
    {
      "rsId": "sgcShard_0",
      "targetRsId": "tgtShard_0"
    },
    {
      "rsId": "sgcShard_1",
      "targetRsId": "tgtShard_1"
    },
    {
      "rsId": "configRS",
      "targetRsId": "tgtconfigRS"
    }
  ],
  "nodes": [
    {
      "error": "<tgtCluster_tgtShard_1_64> [15:23:21.846] Plan execution failed on step MarkRestoreStarted as part of move RestoreRsMemberFromBackupPhase1 : <tgtCluster_tgtShard_1_64> [15:23:21.846] Failed to apply action. Result = <nil> : <tgtCluster_tgtShard_1_64> [15:23:21.846] Error creating /fimongo1/data : <tgtCluster_tgtShard_1_64> [15:23:21.846] Error making directory = /fimongo1/data with permissions = -rwxrwxrwx : mkdir /fimongo1/data: permission denied",
      "hostname": "rmdb12",
      "id": "rmdb12:37017",
      "port": 37017,
      "rsId": "tgtShard_1",
      "state": "COPY_FILES",
      "stateUpdateTime": 1790916904
    },
    {
      "error": "<tgtCluster_tgtShard_1_66> [15:22:49.154] Plan execution failed on step MakeBackupDataAvailable as part of move RestoreRsMemberFromBackupPhase1 : <tgtCluster_tgtShard_1_66> [15:22:49.154] Failed to apply action. Result = <nil> : <tgtCluster_tgtShard_1_66> [15:22:49.154] Failed to download the snapshot : <tgtCluster_tgtShard_1_66> [15:22:49.154] Error while waiting for third party to copy backup to /fimongo1/data : <tgtCluster_tgtShard_1_66> [15:22:49.154] Observed error when trying to mark node as ready for copy files. : <tgtCluster_tgtShard_1_66> [15:22:49.154] Got return status 404 Not Found when trying to mark node ready for copy files.",
      "hostname": "rmdb14",
      "id": "rmdb14:37017",
      "port": 37017,
      "rsId": "tgtShard_1",
      "state": "RECOVERY_IN_PROGRESS",
      "stateUpdateTime": 1790968879
    },
    {
      "error": "<tgtCluster_tgtShard_1_47> [15:23:14.452] Plan execution failed on step MakeBackupDataAvailable as part of move RestoreRsMemberFromBackupPhase1 : <tgtCluster_tgtShard_1_47> [15:23:14.452] Failed to apply action. Result = <nil> : <tgtCluster_tgtShard_1_47> [15:23:14.452] Failed to download the snapshot : <tgtCluster_tgtShard_1_47> [15:23:14.452] Error while waiting for third party to copy backup to /fimongo1/data : <tgtCluster_tgtShard_1_47> [15:23:14.452] Observed error when trying to mark node as ready for copy files. : <tgtCluster_tgtShard_1_47> [15:23:14.452] Got return status 404 Not Found when trying to mark node ready for copy files.",
      "hostname": "rmdb9",
      "id": "rmdb9:37017",
      "port": 37017,
      "rsId": "tgtShard_1",
      "state": "RECOVERY_IN_PROGRESS",
      "stateUpdateTime": 1790968923
    },
    {
      "error": "<tgtCluster_tgtShard_1_46> [15:22:58.111] Plan execution failed on step MakeBackupDataAvailable as part of move RestoreRsMemberFromBackupPhase1 : <tgtCluster_tgtShard_1_46> [15:22:58.111] Failed to apply action. Result = <nil> : <tgtCluster_tgtShard_1_46> [15:22:58.111] Failed to download the snapshot : <tgtCluster_tgtShard_1_46> [15:22:58.111] Error while waiting for third party to copy backup to /fimongo1/data : <tgtCluster_tgtShard_1_46> [15:22:58.111] Observed error when trying to mark node as ready for copy files. : <tgtCluster_tgtShard_1_46> [15:22:58.111] Got return status 404 Not Found when trying to mark node ready for copy files.",
      "hostname": "rmdb4",
      "id": "rmdb4:37017",
      "port": 37017,
      "rsId": "tgtShard_1",
      "state": "RECOVERY_IN_PROGRESS",
      "stateUpdateTime": 1790968901
    },
    {
      "error": "<tgtCluster_tgtShard_1_45> [15:22:58.328] Plan execution failed on step MakeBackupDataAvailable as part of move RestoreRsMemberFromBackupPhase1 : <tgtCluster_tgtShard_1_45> [15:22:58.328] Failed to apply action. Result = <nil> : <tgtCluster_tgtShard_1_45> [15:22:58.328] Failed to download the snapshot : <tgtCluster_tgtShard_1_45> [15:22:58.328] Error while waiting for third party to copy backup to /fimongo1/data : <tgtCluster_tgtShard_1_45> [15:22:58.328] Observed error when trying to mark node as ready for copy files. : <tgtCluster_tgtShard_1_45> [15:22:58.328] Got return status 404 Not Found when trying to mark node ready for copy files.",
      "hostname": "rmdb2",
      "id": "rmdb2:37017",
      "port": 37017,
      "rsId": "tgtShard_1",
      "state": "RECOVERY_IN_PROGRESS",
      "stateUpdateTime": 1790968681
    },
    {
      "error": "<tgtCluster_tgtShard_0_44> [15:22:51.622] Plan execution failed on step MakeBackupDataAvailable as part of move RestoreRsMemberFromBackupPhase1 : <tgtCluster_tgtShard_0_44> [15:22:51.622] Failed to apply action. Result = <nil> : <tgtCluster_tgtShard_0_44> [15:22:51.622] Failed to download the snapshot : <tgtCluster_tgtShard_0_44> [15:22:51.622] Error while waiting for third party to copy backup to /fimongo1/data : <tgtCluster_tgtShard_0_44> [15:22:51.622] Observed error when trying to mark node as ready for copy files. : <tgtCluster_tgtShard_0_44> [15:22:51.622] Got return status 404 Not Found when trying to mark node ready for copy files.",
      "hostname": "rmdb8",
      "id": "rmdb8:37017",
      "port": 37017,
      "rsId": "tgtShard_0",
      "state": "RECOVERY_IN_PROGRESS",
      "stateUpdateTime": 1790968530
    },
    {
      "error": null,
      "hostname": "rmdb13",
      "id": "rmdb13:37017",
      "port": 37017,
      "rsId": "tgtShard_0",
      "state": "RECOVERY_IN_PROGRESS",
      "stateUpdateTime": 1790917247
    },
    {
      "error": "<tgtCluster_tgtShard_0_42> [15:22:59.655] Plan execution failed on step MakeBackupDataAvailable as part of move RestoreRsMemberFromBackupPhase1 : <tgtCluster_tgtShard_0_42> [15:22:59.655] Failed to apply action. Result = <nil> : <tgtCluster_tgtShard_0_42> [15:22:59.655] Failed to download the snapshot : <tgtCluster_tgtShard_0_42> [15:22:59.655] Error while waiting for third party to copy backup to /fimongo1/data : <tgtCluster_tgtShard_0_42> [15:22:59.655] Observed error when trying to mark node as ready for copy files. : <tgtCluster_tgtShard_0_42> [15:22:59.655] Got return status 404 Not Found when trying to mark node ready for copy files.",
      "hostname": "rmdb1",
      "id": "rmdb1:37017",
      "port": 37017,
      "rsId": "tgtShard_0",
      "state": "RECOVERY_IN_PROGRESS",
      "stateUpdateTime": 1790963978
    },
    {
      "error": "<tgtCluster_tgtShard_0_43> [15:22:43.259] Plan execution failed on step MakeBackupDataAvailable as part of move RestoreRsMemberFromBackupPhase1 : <tgtCluster_tgtShard_0_43> [15:22:43.259] Failed to apply action. Result = <nil> : <tgtCluster_tgtShard_0_43> [15:22:43.259] Failed to download the snapshot : <tgtCluster_tgtShard_0_43> [15:22:43.259] Error while waiting for third party to copy backup to /fimongo1/data : <tgtCluster_tgtShard_0_43> [15:22:43.258] Observed error when trying to mark node as ready for copy files. : <tgtCluster_tgtShard_0_43> [15:22:43.258] Got return status 404 Not Found when trying to mark node ready for copy files.",
      "hostname": "rmdb3",
      "id": "rmdb3:37017",
      "port": 37017,
      "rsId": "tgtShard_0",
      "state": "RECOVERY_IN_PROGRESS",
      "stateUpdateTime": 1790967977
    },
    {
      "error": null,
      "hostname": "rmdb11",
      "id": "rmdb11:37017",
      "port": 37017,
      "rsId": "tgtShard_0",
      "state": "RECOVERY_IN_PROGRESS",
      "stateUpdateTime": 1790917218
    },
    {
      "error": null,
      "hostname": "rmdb7",
      "id": "rmdb7:37017",
      "port": 37017,
      "rsId": "tgtconfigRS",
      "state": "RECOVERY_IN_PROGRESS",
      "stateUpdateTime": 1790917195
    },
    {
      "error": null,
      "hostname": "rmdb-config1",
      "id": "rmdb-config1:37017",
      "port": 37017,
      "rsId": "tgtconfigRS",
      "state": "RECOVERY_IN_PROGRESS",
      "stateUpdateTime": 1790917145
    },
    {
      "error": null,
      "hostname": "rmdb-config2",
      "id": "rmdb-config2:37017",
      "port": 37017,
      "rsId": "tgtconfigRS",
      "state": "RECOVERY_IN_PROGRESS",
      "stateUpdateTime": 1790917166
    }
  ],
  "state": "COPY_FILES"
}
2026-10-02 14:23:35,511 [INFO] Restore state: COPY_FILES
2026-10-02 14:23:45,511 [DEBUG] API GET http://129.40.36.100:8080/api/public/v1.0/backup/third_party/group/6a386221ee19a6537cc68a97/restore/6abf3847457a6b80701899fb
2026-10-02 14:23:45,653 [DEBUG] STATUS 200
2026-10-02 14:23:45,653 [DEBUG] {
  "clusterMapping": [
    {
      "rsId": "sgcShard_0",
      "targetRsId": "tgtShard_0"
    },
    {
      "rsId": "sgcShard_1",
      "targetRsId": "tgtShard_1"
    },
    {
      "rsId": "configRS",
      "targetRsId": "tgtconfigRS"
    }
  ],
  "nodes": [
    {
      "error": "<tgtCluster_tgtShard_1_64> [15:23:21.846] Plan execution failed on step MarkRestoreStarted as part of move RestoreRsMemberFromBackupPhase1 : <tgtCluster_tgtShard_1_64> [15:23:21.846] Failed to apply action. Result = <nil> : <tgtCluster_tgtShard_1_64> [15:23:21.846] Error creating /fimongo1/data : <tgtCluster_tgtShard_1_64> [15:23:21.846] Error making directory = /fimongo1/data with permissions = -rwxrwxrwx : mkdir /fimongo1/data: permission denied",
      "hostname": "rmdb12",
      "id": "rmdb12:37017",
      "port": 37017,
      "rsId": "tgtShard_1",
      "state": "COPY_FILES",
      "stateUpdateTime": 1790916904
    },
    {
      "error": "<tgtCluster_tgtShard_1_66> [15:22:49.154] Plan execution failed on step MakeBackupDataAvailable as part of move RestoreRsMemberFromBackupPhase1 : <tgtCluster_tgtShard_1_66> [15:22:49.154] Failed to apply action. Result = <nil> : <tgtCluster_tgtShard_1_66> [15:22:49.154] Failed to download the snapshot : <tgtCluster_tgtShard_1_66> [15:22:49.154] Error while waiting for third party to copy backup to /fimongo1/data : <tgtCluster_tgtShard_1_66> [15:22:49.154] Observed error when trying to mark node as ready for copy files. : <tgtCluster_tgtShard_1_66> [15:22:49.154] Got return status 404 Not Found when trying to mark node ready for copy files.",
      "hostname": "rmdb14",
      "id": "rmdb14:37017",
      "port": 37017,
      "rsId": "tgtShard_1",
      "state": "RECOVERY_IN_PROGRESS",
      "stateUpdateTime": 1790968879
    },
    {
      "error": "<tgtCluster_tgtShard_1_47> [15:23:14.452] Plan execution failed on step MakeBackupDataAvailable as part of move RestoreRsMemberFromBackupPhase1 : <tgtCluster_tgtShard_1_47> [15:23:14.452] Failed to apply action. Result = <nil> : <tgtCluster_tgtShard_1_47> [15:23:14.452] Failed to download the snapshot : <tgtCluster_tgtShard_1_47> [15:23:14.452] Error while waiting for third party to copy backup to /fimongo1/data : <tgtCluster_tgtShard_1_47> [15:23:14.452] Observed error when trying to mark node as ready for copy files. : <tgtCluster_tgtShard_1_47> [15:23:14.452] Got return status 404 Not Found when trying to mark node ready for copy files.",
      "hostname": "rmdb9",
      "id": "rmdb9:37017",
      "port": 37017,
      "rsId": "tgtShard_1",
      "state": "RECOVERY_IN_PROGRESS",
      "stateUpdateTime": 1790968923
    },
    {
      "error": "<tgtCluster_tgtShard_1_46> [15:22:58.111] Plan execution failed on step MakeBackupDataAvailable as part of move RestoreRsMemberFromBackupPhase1 : <tgtCluster_tgtShard_1_46> [15:22:58.111] Failed to apply action. Result = <nil> : <tgtCluster_tgtShard_1_46> [15:22:58.111] Failed to download the snapshot : <tgtCluster_tgtShard_1_46> [15:22:58.111] Error while waiting for third party to copy backup to /fimongo1/data : <tgtCluster_tgtShard_1_46> [15:22:58.111] Observed error when trying to mark node as ready for copy files. : <tgtCluster_tgtShard_1_46> [15:22:58.111] Got return status 404 Not Found when trying to mark node ready for copy files.",
      "hostname": "rmdb4",
      "id": "rmdb4:37017",
      "port": 37017,
      "rsId": "tgtShard_1",
      "state": "RECOVERY_IN_PROGRESS",
      "stateUpdateTime": 1790968901
    },
    {
      "error": "<tgtCluster_tgtShard_1_45> [15:22:58.328] Plan execution failed on step MakeBackupDataAvailable as part of move RestoreRsMemberFromBackupPhase1 : <tgtCluster_tgtShard_1_45> [15:22:58.328] Failed to apply action. Result = <nil> : <tgtCluster_tgtShard_1_45> [15:22:58.328] Failed to download the snapshot : <tgtCluster_tgtShard_1_45> [15:22:58.328] Error while waiting for third party to copy backup to /fimongo1/data : <tgtCluster_tgtShard_1_45> [15:22:58.328] Observed error when trying to mark node as ready for copy files. : <tgtCluster_tgtShard_1_45> [15:22:58.328] Got return status 404 Not Found when trying to mark node ready for copy files.",
      "hostname": "rmdb2",
      "id": "rmdb2:37017",
      "port": 37017,
      "rsId": "tgtShard_1",
      "state": "RECOVERY_IN_PROGRESS",
      "stateUpdateTime": 1790968681
    },
    {
      "error": "<tgtCluster_tgtShard_0_44> [15:22:51.622] Plan execution failed on step MakeBackupDataAvailable as part of move RestoreRsMemberFromBackupPhase1 : <tgtCluster_tgtShard_0_44> [15:22:51.622] Failed to apply action. Result = <nil> : <tgtCluster_tgtShard_0_44> [15:22:51.622] Failed to download the snapshot : <tgtCluster_tgtShard_0_44> [15:22:51.622] Error while waiting for third party to copy backup to /fimongo1/data : <tgtCluster_tgtShard_0_44> [15:22:51.622] Observed error when trying to mark node as ready for copy files. : <tgtCluster_tgtShard_0_44> [15:22:51.622] Got return status 404 Not Found when trying to mark node ready for copy files.",
      "hostname": "rmdb8",
      "id": "rmdb8:37017",
      "port": 37017,
      "rsId": "tgtShard_0",
      "state": "RECOVERY_IN_PROGRESS",
      "stateUpdateTime": 1790968530
    },
    {
      "error": null,
      "hostname": "rmdb13",
      "id": "rmdb13:37017",
      "port": 37017,
      "rsId": "tgtShard_0",
      "state": "RECOVERY_IN_PROGRESS",
      "stateUpdateTime": 1790917247
    },
    {
      "error": "<tgtCluster_tgtShard_0_42> [15:22:59.655] Plan execution failed on step MakeBackupDataAvailable as part of move RestoreRsMemberFromBackupPhase1 : <tgtCluster_tgtShard_0_42> [15:22:59.655] Failed to apply action. Result = <nil> : <tgtCluster_tgtShard_0_42> [15:22:59.655] Failed to download the snapshot : <tgtCluster_tgtShard_0_42> [15:22:59.655] Error while waiting for third party to copy backup to /fimongo1/data : <tgtCluster_tgtShard_0_42> [15:22:59.655] Observed error when trying to mark node as ready for copy files. : <tgtCluster_tgtShard_0_42> [15:22:59.655] Got return status 404 Not Found when trying to mark node ready for copy files.",
      "hostname": "rmdb1",
      "id": "rmdb1:37017",
      "port": 37017,
      "rsId": "tgtShard_0",
      "state": "RECOVERY_IN_PROGRESS",
      "stateUpdateTime": 1790963978
    },
    {
      "error": "<tgtCluster_tgtShard_0_43> [15:22:43.259] Plan execution failed on step MakeBackupDataAvailable as part of move RestoreRsMemberFromBackupPhase1 : <tgtCluster_tgtShard_0_43> [15:22:43.259] Failed to apply action. Result = <nil> : <tgtCluster_tgtShard_0_43> [15:22:43.259] Failed to download the snapshot : <tgtCluster_tgtShard_0_43> [15:22:43.259] Error while waiting for third party to copy backup to /fimongo1/data : <tgtCluster_tgtShard_0_43> [15:22:43.258] Observed error when trying to mark node as ready for copy files. : <tgtCluster_tgtShard_0_43> [15:22:43.258] Got return status 404 Not Found when trying to mark node ready for copy files.",
      "hostname": "rmdb3",
      "id": "rmdb3:37017",
      "port": 37017,
      "rsId": "tgtShard_0",
      "state": "RECOVERY_IN_PROGRESS",
      "stateUpdateTime": 1790967977
    },
    {
      "error": null,
      "hostname": "rmdb11",
      "id": "rmdb11:37017",
      "port": 37017,
      "rsId": "tgtShard_0",
      "state": "RECOVERY_IN_PROGRESS",
      "stateUpdateTime": 1790917218
    },
    {
      "error": null,
      "hostname": "rmdb7",
      "id": "rmdb7:37017",
      "port": 37017,
      "rsId": "tgtconfigRS",
      "state": "RECOVERY_IN_PROGRESS",
      "stateUpdateTime": 1790917195
    },
    {
      "error": null,
      "hostname": "rmdb-config1",
      "id": "rmdb-config1:37017",
      "port": 37017,
      "rsId": "tgtconfigRS",
      "state": "RECOVERY_IN_PROGRESS",
      "stateUpdateTime": 1790917145
    },
    {
      "error": null,
      "hostname": "rmdb-config2",
      "id": "rmdb-config2:37017",
      "port": 37017,
      "rsId": "tgtconfigRS",
      "state": "RECOVERY_IN_PROGRESS",
      "stateUpdateTime": 1790917166
    }
  ],
  "state": "COPY_FILES"
}
2026-10-02 14:23:45,654 [INFO] Restore state: COPY_FILES
2026-10-02 14:23:55,654 [DEBUG] API GET http://129.40.36.100:8080/api/public/v1.0/backup/third_party/group/6a386221ee19a6537cc68a97/restore/6abf3847457a6b80701899fb
2026-10-02 14:23:55,814 [DEBUG] STATUS 200
2026-10-02 14:23:55,814 [DEBUG] {
  "clusterMapping": [
    {
      "rsId": "sgcShard_0",
      "targetRsId": "tgtShard_0"
    },
    {
      "rsId": "sgcShard_1",
      "targetRsId": "tgtShard_1"
    },
    {
      "rsId": "configRS",
      "targetRsId": "tgtconfigRS"
    }
  ],
  "nodes": [
    {
      "error": "<tgtCluster_tgtShard_1_64> [15:23:21.846] Plan execution failed on step MarkRestoreStarted as part of move RestoreRsMemberFromBackupPhase1 : <tgtCluster_tgtShard_1_64> [15:23:21.846] Failed to apply action. Result = <nil> : <tgtCluster_tgtShard_1_64> [15:23:21.846] Error creating /fimongo1/data : <tgtCluster_tgtShard_1_64> [15:23:21.846] Error making directory = /fimongo1/data with permissions = -rwxrwxrwx : mkdir /fimongo1/data: permission denied",
      "hostname": "rmdb12",
      "id": "rmdb12:37017",
      "port": 37017,
      "rsId": "tgtShard_1",
      "state": "COPY_FILES",
      "stateUpdateTime": 1790916904
    },
    {
      "error": "<tgtCluster_tgtShard_1_66> [15:22:49.154] Plan execution failed on step MakeBackupDataAvailable as part of move RestoreRsMemberFromBackupPhase1 : <tgtCluster_tgtShard_1_66> [15:22:49.154] Failed to apply action. Result = <nil> : <tgtCluster_tgtShard_1_66> [15:22:49.154] Failed to download the snapshot : <tgtCluster_tgtShard_1_66> [15:22:49.154] Error while waiting for third party to copy backup to /fimongo1/data : <tgtCluster_tgtShard_1_66> [15:22:49.154] Observed error when trying to mark node as ready for copy files. : <tgtCluster_tgtShard_1_66> [15:22:49.154] Got return status 404 Not Found when trying to mark node ready for copy files.",
      "hostname": "rmdb14",
      "id": "rmdb14:37017",
      "port": 37017,
      "rsId": "tgtShard_1",
      "state": "RECOVERY_IN_PROGRESS",
      "stateUpdateTime": 1790968879
    },
    {
      "error": "<tgtCluster_tgtShard_1_47> [15:23:14.452] Plan execution failed on step MakeBackupDataAvailable as part of move RestoreRsMemberFromBackupPhase1 : <tgtCluster_tgtShard_1_47> [15:23:14.452] Failed to apply action. Result = <nil> : <tgtCluster_tgtShard_1_47> [15:23:14.452] Failed to download the snapshot : <tgtCluster_tgtShard_1_47> [15:23:14.452] Error while waiting for third party to copy backup to /fimongo1/data : <tgtCluster_tgtShard_1_47> [15:23:14.452] Observed error when trying to mark node as ready for copy files. : <tgtCluster_tgtShard_1_47> [15:23:14.452] Got return status 404 Not Found when trying to mark node ready for copy files.",
      "hostname": "rmdb9",
      "id": "rmdb9:37017",
      "port": 37017,
      "rsId": "tgtShard_1",
      "state": "RECOVERY_IN_PROGRESS",
      "stateUpdateTime": 1790968923
    },
    {
      "error": "<tgtCluster_tgtShard_1_46> [15:22:58.111] Plan execution failed on step MakeBackupDataAvailable as part of move RestoreRsMemberFromBackupPhase1 : <tgtCluster_tgtShard_1_46> [15:22:58.111] Failed to apply action. Result = <nil> : <tgtCluster_tgtShard_1_46> [15:22:58.111] Failed to download the snapshot : <tgtCluster_tgtShard_1_46> [15:22:58.111] Error while waiting for third party to copy backup to /fimongo1/data : <tgtCluster_tgtShard_1_46> [15:22:58.111] Observed error when trying to mark node as ready for copy files. : <tgtCluster_tgtShard_1_46> [15:22:58.111] Got return status 404 Not Found when trying to mark node ready for copy files.",
      "hostname": "rmdb4",
      "id": "rmdb4:37017",
      "port": 37017,
      "rsId": "tgtShard_1",
      "state": "RECOVERY_IN_PROGRESS",
      "stateUpdateTime": 1790968901
    },
    {
      "error": "<tgtCluster_tgtShard_1_45> [15:22:58.328] Plan execution failed on step MakeBackupDataAvailable as part of move RestoreRsMemberFromBackupPhase1 : <tgtCluster_tgtShard_1_45> [15:22:58.328] Failed to apply action. Result = <nil> : <tgtCluster_tgtShard_1_45> [15:22:58.328] Failed to download the snapshot : <tgtCluster_tgtShard_1_45> [15:22:58.328] Error while waiting for third party to copy backup to /fimongo1/data : <tgtCluster_tgtShard_1_45> [15:22:58.328] Observed error when trying to mark node as ready for copy files. : <tgtCluster_tgtShard_1_45> [15:22:58.328] Got return status 404 Not Found when trying to mark node ready for copy files.",
      "hostname": "rmdb2",
      "id": "rmdb2:37017",
      "port": 37017,
      "rsId": "tgtShard_1",
      "state": "RECOVERY_IN_PROGRESS",
      "stateUpdateTime": 1790968681
    },
    {
      "error": "<tgtCluster_tgtShard_0_44> [15:23:52.544] Plan execution failed on step MakeBackupDataAvailable as part of move RestoreRsMemberFromBackupPhase1 : <tgtCluster_tgtShard_0_44> [15:23:52.544] Failed to apply action. Result = <nil> : <tgtCluster_tgtShard_0_44> [15:23:52.544] Failed to download the snapshot : <tgtCluster_tgtShard_0_44> [15:23:52.543] Error while waiting for third party to copy backup to /fimongo1/data : <tgtCluster_tgtShard_0_44> [15:23:52.543] Observed error when trying to mark node as ready for copy files. : <tgtCluster_tgtShard_0_44> [15:23:52.543] Got return status 404 Not Found when trying to mark node ready for copy files.",
      "hostname": "rmdb8",
      "id": "rmdb8:37017",
      "port": 37017,
      "rsId": "tgtShard_0",
      "state": "RECOVERY_IN_PROGRESS",
      "stateUpdateTime": 1790968530
    },
    {
      "error": null,
      "hostname": "rmdb13",
      "id": "rmdb13:37017",
      "port": 37017,
      "rsId": "tgtShard_0",
      "state": "RECOVERY_IN_PROGRESS",
      "stateUpdateTime": 1790917247
    },
    {
      "error": "<tgtCluster_tgtShard_0_42> [15:22:59.655] Plan execution failed on step MakeBackupDataAvailable as part of move RestoreRsMemberFromBackupPhase1 : <tgtCluster_tgtShard_0_42> [15:22:59.655] Failed to apply action. Result = <nil> : <tgtCluster_tgtShard_0_42> [15:22:59.655] Failed to download the snapshot : <tgtCluster_tgtShard_0_42> [15:22:59.655] Error while waiting for third party to copy backup to /fimongo1/data : <tgtCluster_tgtShard_0_42> [15:22:59.655] Observed error when trying to mark node as ready for copy files. : <tgtCluster_tgtShard_0_42> [15:22:59.655] Got return status 404 Not Found when trying to mark node ready for copy files.",
      "hostname": "rmdb1",
      "id": "rmdb1:37017",
      "port": 37017,
      "rsId": "tgtShard_0",
      "state": "RECOVERY_IN_PROGRESS",
      "stateUpdateTime": 1790963978
    },
    {
      "error": "<tgtCluster_tgtShard_0_43> [15:23:44.101] Plan execution failed on step MakeBackupDataAvailable as part of move RestoreRsMemberFromBackupPhase1 : <tgtCluster_tgtShard_0_43> [15:23:44.101] Failed to apply action. Result = <nil> : <tgtCluster_tgtShard_0_43> [15:23:44.101] Failed to download the snapshot : <tgtCluster_tgtShard_0_43> [15:23:44.101] Error while waiting for third party to copy backup to /fimongo1/data : <tgtCluster_tgtShard_0_43> [15:23:44.101] Observed error when trying to mark node as ready for copy files. : <tgtCluster_tgtShard_0_43> [15:23:44.101] Got return status 404 Not Found when trying to mark node ready for copy files.",
      "hostname": "rmdb3",
      "id": "rmdb3:37017",
      "port": 37017,
      "rsId": "tgtShard_0",
      "state": "RECOVERY_IN_PROGRESS",
      "stateUpdateTime": 1790967977
    },
    {
      "error": null,
      "hostname": "rmdb11",
      "id": "rmdb11:37017",
      "port": 37017,
      "rsId": "tgtShard_0",
      "state": "RECOVERY_IN_PROGRESS",
      "stateUpdateTime": 1790917218
    },
    {
      "error": null,
      "hostname": "rmdb7",
      "id": "rmdb7:37017",
      "port": 37017,
      "rsId": "tgtconfigRS",
      "state": "RECOVERY_IN_PROGRESS",
      "stateUpdateTime": 1790917195
    },
    {
      "error": null,
      "hostname": "rmdb-config1",
      "id": "rmdb-config1:37017",
      "port": 37017,
      "rsId": "tgtconfigRS",
      "state": "RECOVERY_IN_PROGRESS",
      "stateUpdateTime": 1790917145
    },
    {
      "error": null,
      "hostname": "rmdb-config2",
      "id": "rmdb-config2:37017",
      "port": 37017,
      "rsId": "tgtconfigRS",
      "state": "RECOVERY_IN_PROGRESS",
      "stateUpdateTime": 1790917166
    }
  ],
  "state": "COPY_FILES"
}
2026-10-02 14:23:55,814 [INFO] Restore state: COPY_FILES
2026-10-02 14:24:05,815 [DEBUG] API GET http://129.40.36.100:8080/api/public/v1.0/backup/third_party/group/6a386221ee19a6537cc68a97/restore/6abf3847457a6b80701899fb
2026-10-02 14:24:05,958 [DEBUG] STATUS 200
2026-10-02 14:24:05,959 [DEBUG] {
  "clusterMapping": [
    {
      "rsId": "sgcShard_0",
      "targetRsId": "tgtShard_0"
    },
    {
      "rsId": "sgcShard_1",
      "targetRsId": "tgtShard_1"
    },
    {
      "rsId": "configRS",
      "targetRsId": "tgtconfigRS"
    }
  ],
  "nodes": [
    {
      "error": "<tgtCluster_tgtShard_1_64> [15:23:21.846] Plan execution failed on step MarkRestoreStarted as part of move RestoreRsMemberFromBackupPhase1 : <tgtCluster_tgtShard_1_64> [15:23:21.846] Failed to apply action. Result = <nil> : <tgtCluster_tgtShard_1_64> [15:23:21.846] Error creating /fimongo1/data : <tgtCluster_tgtShard_1_64> [15:23:21.846] Error making directory = /fimongo1/data with permissions = -rwxrwxrwx : mkdir /fimongo1/data: permission denied",
      "hostname": "rmdb12",
      "id": "rmdb12:37017",
      "port": 37017,
      "rsId": "tgtShard_1",
      "state": "COPY_FILES",
      "stateUpdateTime": 1790916904
    },
    {
      "error": "<tgtCluster_tgtShard_1_66> [15:23:50.395] Plan execution failed on step MakeBackupDataAvailable as part of move RestoreRsMemberFromBackupPhase1 : <tgtCluster_tgtShard_1_66> [15:23:50.395] Failed to apply action. Result = <nil> : <tgtCluster_tgtShard_1_66> [15:23:50.395] Failed to download the snapshot : <tgtCluster_tgtShard_1_66> [15:23:50.395] Error while waiting for third party to copy backup to /fimongo1/data : <tgtCluster_tgtShard_1_66> [15:23:50.395] Observed error when trying to mark node as ready for copy files. : <tgtCluster_tgtShard_1_66> [15:23:50.395] Got return status 404 Not Found when trying to mark node ready for copy files.",
      "hostname": "rmdb14",
      "id": "rmdb14:37017",
      "port": 37017,
      "rsId": "tgtShard_1",
      "state": "RECOVERY_IN_PROGRESS",
      "stateUpdateTime": 1790968879
    },
    {
      "error": "<tgtCluster_tgtShard_1_47> [15:23:14.452] Plan execution failed on step MakeBackupDataAvailable as part of move RestoreRsMemberFromBackupPhase1 : <tgtCluster_tgtShard_1_47> [15:23:14.452] Failed to apply action. Result = <nil> : <tgtCluster_tgtShard_1_47> [15:23:14.452] Failed to download the snapshot : <tgtCluster_tgtShard_1_47> [15:23:14.452] Error while waiting for third party to copy backup to /fimongo1/data : <tgtCluster_tgtShard_1_47> [15:23:14.452] Observed error when trying to mark node as ready for copy files. : <tgtCluster_tgtShard_1_47> [15:23:14.452] Got return status 404 Not Found when trying to mark node ready for copy files.",
      "hostname": "rmdb9",
      "id": "rmdb9:37017",
      "port": 37017,
      "rsId": "tgtShard_1",
      "state": "RECOVERY_IN_PROGRESS",
      "stateUpdateTime": 1790968923
    },
    {
      "error": "<tgtCluster_tgtShard_1_46> [15:23:59.656] Plan execution failed on step MakeBackupDataAvailable as part of move RestoreRsMemberFromBackupPhase1 : <tgtCluster_tgtShard_1_46> [15:23:59.656] Failed to apply action. Result = <nil> : <tgtCluster_tgtShard_1_46> [15:23:59.656] Failed to download the snapshot : <tgtCluster_tgtShard_1_46> [15:23:59.656] Error while waiting for third party to copy backup to /fimongo1/data : <tgtCluster_tgtShard_1_46> [15:23:59.656] Observed error when trying to mark node as ready for copy files. : <tgtCluster_tgtShard_1_46> [15:23:59.656] Got return status 404 Not Found when trying to mark node ready for copy files.",
      "hostname": "rmdb4",
      "id": "rmdb4:37017",
      "port": 37017,
      "rsId": "tgtShard_1",
      "state": "RECOVERY_IN_PROGRESS",
      "stateUpdateTime": 1790968901
    },
    {
      "error": "<tgtCluster_tgtShard_1_45> [15:22:58.328] Plan execution failed on step MakeBackupDataAvailable as part of move RestoreRsMemberFromBackupPhase1 : <tgtCluster_tgtShard_1_45> [15:22:58.328] Failed to apply action. Result = <nil> : <tgtCluster_tgtShard_1_45> [15:22:58.328] Failed to download the snapshot : <tgtCluster_tgtShard_1_45> [15:22:58.328] Error while waiting for third party to copy backup to /fimongo1/data : <tgtCluster_tgtShard_1_45> [15:22:58.328] Observed error when trying to mark node as ready for copy files. : <tgtCluster_tgtShard_1_45> [15:22:58.328] Got return status 404 Not Found when trying to mark node ready for copy files.",
      "hostname": "rmdb2",
      "id": "rmdb2:37017",
      "port": 37017,
      "rsId": "tgtShard_1",
      "state": "RECOVERY_IN_PROGRESS",
      "stateUpdateTime": 1790968681
    },
    {
      "error": "<tgtCluster_tgtShard_0_44> [15:23:52.544] Plan execution failed on step MakeBackupDataAvailable as part of move RestoreRsMemberFromBackupPhase1 : <tgtCluster_tgtShard_0_44> [15:23:52.544] Failed to apply action. Result = <nil> : <tgtCluster_tgtShard_0_44> [15:23:52.544] Failed to download the snapshot : <tgtCluster_tgtShard_0_44> [15:23:52.543] Error while waiting for third party to copy backup to /fimongo1/data : <tgtCluster_tgtShard_0_44> [15:23:52.543] Observed error when trying to mark node as ready for copy files. : <tgtCluster_tgtShard_0_44> [15:23:52.543] Got return status 404 Not Found when trying to mark node ready for copy files.",
      "hostname": "rmdb8",
      "id": "rmdb8:37017",
      "port": 37017,
      "rsId": "tgtShard_0",
      "state": "RECOVERY_IN_PROGRESS",
      "stateUpdateTime": 1790968530
    },
    {
      "error": null,
      "hostname": "rmdb13",
      "id": "rmdb13:37017",
      "port": 37017,
      "rsId": "tgtShard_0",
      "state": "RECOVERY_IN_PROGRESS",
      "stateUpdateTime": 1790917247
    },
    {
      "error": "<tgtCluster_tgtShard_0_42> [15:22:59.655] Plan execution failed on step MakeBackupDataAvailable as part of move RestoreRsMemberFromBackupPhase1 : <tgtCluster_tgtShard_0_42> [15:22:59.655] Failed to apply action. Result = <nil> : <tgtCluster_tgtShard_0_42> [15:22:59.655] Failed to download the snapshot : <tgtCluster_tgtShard_0_42> [15:22:59.655] Error while waiting for third party to copy backup to /fimongo1/data : <tgtCluster_tgtShard_0_42> [15:22:59.655] Observed error when trying to mark node as ready for copy files. : <tgtCluster_tgtShard_0_42> [15:22:59.655] Got return status 404 Not Found when trying to mark node ready for copy files.",
      "hostname": "rmdb1",
      "id": "rmdb1:37017",
      "port": 37017,
      "rsId": "tgtShard_0",
      "state": "RECOVERY_IN_PROGRESS",
      "stateUpdateTime": 1790963978
    },
    {
      "error": "<tgtCluster_tgtShard_0_43> [15:23:44.101] Plan execution failed on step MakeBackupDataAvailable as part of move RestoreRsMemberFromBackupPhase1 : <tgtCluster_tgtShard_0_43> [15:23:44.101] Failed to apply action. Result = <nil> : <tgtCluster_tgtShard_0_43> [15:23:44.101] Failed to download the snapshot : <tgtCluster_tgtShard_0_43> [15:23:44.101] Error while waiting for third party to copy backup to /fimongo1/data : <tgtCluster_tgtShard_0_43> [15:23:44.101] Observed error when trying to mark node as ready for copy files. : <tgtCluster_tgtShard_0_43> [15:23:44.101] Got return status 404 Not Found when trying to mark node ready for copy files.",
      "hostname": "rmdb3",
      "id": "rmdb3:37017",
      "port": 37017,
      "rsId": "tgtShard_0",
      "state": "RECOVERY_IN_PROGRESS",
      "stateUpdateTime": 1790967977
    },
    {
      "error": null,
      "hostname": "rmdb11",
      "id": "rmdb11:37017",
      "port": 37017,
      "rsId": "tgtShard_0",
      "state": "RECOVERY_IN_PROGRESS",
      "stateUpdateTime": 1790917218
    },
    {
      "error": null,
      "hostname": "rmdb7",
      "id": "rmdb7:37017",
      "port": 37017,
      "rsId": "tgtconfigRS",
      "state": "RECOVERY_IN_PROGRESS",
      "stateUpdateTime": 1790917195
    },
    {
      "error": null,
      "hostname": "rmdb-config1",
      "id": "rmdb-config1:37017",
      "port": 37017,
      "rsId": "tgtconfigRS",
      "state": "RECOVERY_IN_PROGRESS",
      "stateUpdateTime": 1790917145
    },
    {
      "error": null,
      "hostname": "rmdb-config2",
      "id": "rmdb-config2:37017",
      "port": 37017,
      "rsId": "tgtconfigRS",
      "state": "RECOVERY_IN_PROGRESS",
      "stateUpdateTime": 1790917166
    }
  ],
  "state": "COPY_FILES"
}
2026-10-02 14:24:05,959 [INFO] Restore state: COPY_FILES
2026-10-02 14:24:15,960 [DEBUG] API GET http://129.40.36.100:8080/api/public/v1.0/backup/third_party/group/6a386221ee19a6537cc68a97/restore/6abf3847457a6b80701899fb
2026-10-02 14:24:16,100 [DEBUG] STATUS 200
2026-10-02 14:24:16,100 [DEBUG] {
  "clusterMapping": [
    {
      "rsId": "sgcShard_0",
      "targetRsId": "tgtShard_0"
    },
    {
      "rsId": "sgcShard_1",
      "targetRsId": "tgtShard_1"
    },
    {
      "rsId": "configRS",
      "targetRsId": "tgtconfigRS"
    }
  ],
  "nodes": [
    {
      "error": "<tgtCluster_tgtShard_1_64> [15:23:21.846] Plan execution failed on step MarkRestoreStarted as part of move RestoreRsMemberFromBackupPhase1 : <tgtCluster_tgtShard_1_64> [15:23:21.846] Failed to apply action. Result = <nil> : <tgtCluster_tgtShard_1_64> [15:23:21.846] Error creating /fimongo1/data : <tgtCluster_tgtShard_1_64> [15:23:21.846] Error making directory = /fimongo1/data with permissions = -rwxrwxrwx : mkdir /fimongo1/data: permission denied",
      "hostname": "rmdb12",
      "id": "rmdb12:37017",
      "port": 37017,
      "rsId": "tgtShard_1",
      "state": "COPY_FILES",
      "stateUpdateTime": 1790916904
    },
    {
      "error": "<tgtCluster_tgtShard_1_66> [15:23:50.395] Plan execution failed on step MakeBackupDataAvailable as part of move RestoreRsMemberFromBackupPhase1 : <tgtCluster_tgtShard_1_66> [15:23:50.395] Failed to apply action. Result = <nil> : <tgtCluster_tgtShard_1_66> [15:23:50.395] Failed to download the snapshot : <tgtCluster_tgtShard_1_66> [15:23:50.395] Error while waiting for third party to copy backup to /fimongo1/data : <tgtCluster_tgtShard_1_66> [15:23:50.395] Observed error when trying to mark node as ready for copy files. : <tgtCluster_tgtShard_1_66> [15:23:50.395] Got return status 404 Not Found when trying to mark node ready for copy files.",
      "hostname": "rmdb14",
      "id": "rmdb14:37017",
      "port": 37017,
      "rsId": "tgtShard_1",
      "state": "RECOVERY_IN_PROGRESS",
      "stateUpdateTime": 1790968879
    },
    {
      "error": "<tgtCluster_tgtShard_1_47> [15:23:14.452] Plan execution failed on step MakeBackupDataAvailable as part of move RestoreRsMemberFromBackupPhase1 : <tgtCluster_tgtShard_1_47> [15:23:14.452] Failed to apply action. Result = <nil> : <tgtCluster_tgtShard_1_47> [15:23:14.452] Failed to download the snapshot : <tgtCluster_tgtShard_1_47> [15:23:14.452] Error while waiting for third party to copy backup to /fimongo1/data : <tgtCluster_tgtShard_1_47> [15:23:14.452] Observed error when trying to mark node as ready for copy files. : <tgtCluster_tgtShard_1_47> [15:23:14.452] Got return status 404 Not Found when trying to mark node ready for copy files.",
      "hostname": "rmdb9",
      "id": "rmdb9:37017",
      "port": 37017,
      "rsId": "tgtShard_1",
      "state": "RECOVERY_IN_PROGRESS",
      "stateUpdateTime": 1790968923
    },
    {
      "error": "<tgtCluster_tgtShard_1_46> [15:23:59.656] Plan execution failed on step MakeBackupDataAvailable as part of move RestoreRsMemberFromBackupPhase1 : <tgtCluster_tgtShard_1_46> [15:23:59.656] Failed to apply action. Result = <nil> : <tgtCluster_tgtShard_1_46> [15:23:59.656] Failed to download the snapshot : <tgtCluster_tgtShard_1_46> [15:23:59.656] Error while waiting for third party to copy backup to /fimongo1/data : <tgtCluster_tgtShard_1_46> [15:23:59.656] Observed error when trying to mark node as ready for copy files. : <tgtCluster_tgtShard_1_46> [15:23:59.656] Got return status 404 Not Found when trying to mark node ready for copy files.",
      "hostname": "rmdb4",
      "id": "rmdb4:37017",
      "port": 37017,
      "rsId": "tgtShard_1",
      "state": "RECOVERY_IN_PROGRESS",
      "stateUpdateTime": 1790968901
    },
    {
      "error": "<tgtCluster_tgtShard_1_45> [15:23:59.866] Plan execution failed on step MakeBackupDataAvailable as part of move RestoreRsMemberFromBackupPhase1 : <tgtCluster_tgtShard_1_45> [15:23:59.866] Failed to apply action. Result = <nil> : <tgtCluster_tgtShard_1_45> [15:23:59.866] Failed to download the snapshot : <tgtCluster_tgtShard_1_45> [15:23:59.866] Error while waiting for third party to copy backup to /fimongo1/data : <tgtCluster_tgtShard_1_45> [15:23:59.866] Observed error when trying to mark node as ready for copy files. : <tgtCluster_tgtShard_1_45> [15:23:59.866] Got return status 404 Not Found when trying to mark node ready for copy files.",
      "hostname": "rmdb2",
      "id": "rmdb2:37017",
      "port": 37017,
      "rsId": "tgtShard_1",
      "state": "RECOVERY_IN_PROGRESS",
      "stateUpdateTime": 1790968681
    },
    {
      "error": "<tgtCluster_tgtShard_0_44> [15:23:52.544] Plan execution failed on step MakeBackupDataAvailable as part of move RestoreRsMemberFromBackupPhase1 : <tgtCluster_tgtShard_0_44> [15:23:52.544] Failed to apply action. Result = <nil> : <tgtCluster_tgtShard_0_44> [15:23:52.544] Failed to download the snapshot : <tgtCluster_tgtShard_0_44> [15:23:52.543] Error while waiting for third party to copy backup to /fimongo1/data : <tgtCluster_tgtShard_0_44> [15:23:52.543] Observed error when trying to mark node as ready for copy files. : <tgtCluster_tgtShard_0_44> [15:23:52.543] Got return status 404 Not Found when trying to mark node ready for copy files.",
      "hostname": "rmdb8",
      "id": "rmdb8:37017",
      "port": 37017,
      "rsId": "tgtShard_0",
      "state": "RECOVERY_IN_PROGRESS",
      "stateUpdateTime": 1790968530
    },
    {
      "error": null,
      "hostname": "rmdb13",
      "id": "rmdb13:37017",
      "port": 37017,
      "rsId": "tgtShard_0",
      "state": "RECOVERY_IN_PROGRESS",
      "stateUpdateTime": 1790917247
    },
    {
      "error": "<tgtCluster_tgtShard_0_42> [15:24:00.595] Plan execution failed on step MakeBackupDataAvailable as part of move RestoreRsMemberFromBackupPhase1 : <tgtCluster_tgtShard_0_42> [15:24:00.595] Failed to apply action. Result = <nil> : <tgtCluster_tgtShard_0_42> [15:24:00.595] Failed to download the snapshot : <tgtCluster_tgtShard_0_42> [15:24:00.595] Error while waiting for third party to copy backup to /fimongo1/data : <tgtCluster_tgtShard_0_42> [15:24:00.595] Observed error when trying to mark node as ready for copy files. : <tgtCluster_tgtShard_0_42> [15:24:00.595] Got return status 404 Not Found when trying to mark node ready for copy files.",
      "hostname": "rmdb1",
      "id": "rmdb1:37017",
      "port": 37017,
      "rsId": "tgtShard_0",
      "state": "RECOVERY_IN_PROGRESS",
      "stateUpdateTime": 1790963978
    },
    {
      "error": "<tgtCluster_tgtShard_0_43> [15:23:44.101] Plan execution failed on step MakeBackupDataAvailable as part of move RestoreRsMemberFromBackupPhase1 : <tgtCluster_tgtShard_0_43> [15:23:44.101] Failed to apply action. Result = <nil> : <tgtCluster_tgtShard_0_43> [15:23:44.101] Failed to download the snapshot : <tgtCluster_tgtShard_0_43> [15:23:44.101] Error while waiting for third party to copy backup to /fimongo1/data : <tgtCluster_tgtShard_0_43> [15:23:44.101] Observed error when trying to mark node as ready for copy files. : <tgtCluster_tgtShard_0_43> [15:23:44.101] Got return status 404 Not Found when trying to mark node ready for copy files.",
      "hostname": "rmdb3",
      "id": "rmdb3:37017",
      "port": 37017,
      "rsId": "tgtShard_0",
      "state": "RECOVERY_IN_PROGRESS",
      "stateUpdateTime": 1790967977
    },
    {
      "error": null,
      "hostname": "rmdb11",
      "id": "rmdb11:37017",
      "port": 37017,
      "rsId": "tgtShard_0",
      "state": "RECOVERY_IN_PROGRESS",
      "stateUpdateTime": 1790917218
    },
    {
      "error": null,
      "hostname": "rmdb7",
      "id": "rmdb7:37017",
      "port": 37017,
      "rsId": "tgtconfigRS",
      "state": "RECOVERY_IN_PROGRESS",
      "stateUpdateTime": 1790917195
    },
    {
      "error": null,
      "hostname": "rmdb-config1",
      "id": "rmdb-config1:37017",
      "port": 37017,
      "rsId": "tgtconfigRS",
      "state": "RECOVERY_IN_PROGRESS",
      "stateUpdateTime": 1790917145
    },
    {
      "error": null,
      "hostname": "rmdb-config2",
      "id": "rmdb-config2:37017",
      "port": 37017,
      "rsId": "tgtconfigRS",
      "state": "RECOVERY_IN_PROGRESS",
      "stateUpdateTime": 1790917166
    }
  ],
  "state": "COPY_FILES"
}
2026-10-02 14:24:16,100 [INFO] Restore state: COPY_FILES
2026-10-02 14:24:26,101 [DEBUG] API GET http://129.40.36.100:8080/api/public/v1.0/backup/third_party/group/6a386221ee19a6537cc68a97/restore/6abf3847457a6b80701899fb
2026-10-02 14:24:26,298 [DEBUG] STATUS 200
2026-10-02 14:24:26,298 [DEBUG] {
  "clusterMapping": [
    {
      "rsId": "sgcShard_0",
      "targetRsId": "tgtShard_0"
    },
    {
      "rsId": "sgcShard_1",
      "targetRsId": "tgtShard_1"
    },
    {
      "rsId": "configRS",
      "targetRsId": "tgtconfigRS"
    }
  ],
  "nodes": [
    {
      "error": "<tgtCluster_tgtShard_1_64> [15:23:21.846] Plan execution failed on step MarkRestoreStarted as part of move RestoreRsMemberFromBackupPhase1 : <tgtCluster_tgtShard_1_64> [15:23:21.846] Failed to apply action. Result = <nil> : <tgtCluster_tgtShard_1_64> [15:23:21.846] Error creating /fimongo1/data : <tgtCluster_tgtShard_1_64> [15:23:21.846] Error making directory = /fimongo1/data with permissions = -rwxrwxrwx : mkdir /fimongo1/data: permission denied",
      "hostname": "rmdb12",
      "id": "rmdb12:37017",
      "port": 37017,
      "rsId": "tgtShard_1",
      "state": "COPY_FILES",
      "stateUpdateTime": 1790916904
    },
    {
      "error": "<tgtCluster_tgtShard_1_66> [15:23:50.395] Plan execution failed on step MakeBackupDataAvailable as part of move RestoreRsMemberFromBackupPhase1 : <tgtCluster_tgtShard_1_66> [15:23:50.395] Failed to apply action. Result = <nil> : <tgtCluster_tgtShard_1_66> [15:23:50.395] Failed to download the snapshot : <tgtCluster_tgtShard_1_66> [15:23:50.395] Error while waiting for third party to copy backup to /fimongo1/data : <tgtCluster_tgtShard_1_66> [15:23:50.395] Observed error when trying to mark node as ready for copy files. : <tgtCluster_tgtShard_1_66> [15:23:50.395] Got return status 404 Not Found when trying to mark node ready for copy files.",
      "hostname": "rmdb14",
      "id": "rmdb14:37017",
      "port": 37017,
      "rsId": "tgtShard_1",
      "state": "RECOVERY_IN_PROGRESS",
      "stateUpdateTime": 1790968879
    },
    {
      "error": "<tgtCluster_tgtShard_1_47> [15:24:15.795] Plan execution failed on step MakeBackupDataAvailable as part of move RestoreRsMemberFromBackupPhase1 : <tgtCluster_tgtShard_1_47> [15:24:15.795] Failed to apply action. Result = <nil> : <tgtCluster_tgtShard_1_47> [15:24:15.795] Failed to download the snapshot : <tgtCluster_tgtShard_1_47> [15:24:15.795] Error while waiting for third party to copy backup to /fimongo1/data : <tgtCluster_tgtShard_1_47> [15:24:15.795] Observed error when trying to mark node as ready for copy files. : <tgtCluster_tgtShard_1_47> [15:24:15.795] Got return status 404 Not Found when trying to mark node ready for copy files.",
      "hostname": "rmdb9",
      "id": "rmdb9:37017",
      "port": 37017,
      "rsId": "tgtShard_1",
      "state": "RECOVERY_IN_PROGRESS",
      "stateUpdateTime": 1790968923
    },
    {
      "error": "<tgtCluster_tgtShard_1_46> [15:23:59.656] Plan execution failed on step MakeBackupDataAvailable as part of move RestoreRsMemberFromBackupPhase1 : <tgtCluster_tgtShard_1_46> [15:23:59.656] Failed to apply action. Result = <nil> : <tgtCluster_tgtShard_1_46> [15:23:59.656] Failed to download the snapshot : <tgtCluster_tgtShard_1_46> [15:23:59.656] Error while waiting for third party to copy backup to /fimongo1/data : <tgtCluster_tgtShard_1_46> [15:23:59.656] Observed error when trying to mark node as ready for copy files. : <tgtCluster_tgtShard_1_46> [15:23:59.656] Got return status 404 Not Found when trying to mark node ready for copy files.",
      "hostname": "rmdb4",
      "id": "rmdb4:37017",
      "port": 37017,
      "rsId": "tgtShard_1",
      "state": "RECOVERY_IN_PROGRESS",
      "stateUpdateTime": 1790968901
    },
    {
      "error": "<tgtCluster_tgtShard_1_45> [15:23:59.866] Plan execution failed on step MakeBackupDataAvailable as part of move RestoreRsMemberFromBackupPhase1 : <tgtCluster_tgtShard_1_45> [15:23:59.866] Failed to apply action. Result = <nil> : <tgtCluster_tgtShard_1_45> [15:23:59.866] Failed to download the snapshot : <tgtCluster_tgtShard_1_45> [15:23:59.866] Error while waiting for third party to copy backup to /fimongo1/data : <tgtCluster_tgtShard_1_45> [15:23:59.866] Observed error when trying to mark node as ready for copy files. : <tgtCluster_tgtShard_1_45> [15:23:59.866] Got return status 404 Not Found when trying to mark node ready for copy files.",
      "hostname": "rmdb2",
      "id": "rmdb2:37017",
      "port": 37017,
      "rsId": "tgtShard_1",
      "state": "RECOVERY_IN_PROGRESS",
      "stateUpdateTime": 1790968681
    },
    {
      "error": "<tgtCluster_tgtShard_0_44> [15:23:52.544] Plan execution failed on step MakeBackupDataAvailable as part of move RestoreRsMemberFromBackupPhase1 : <tgtCluster_tgtShard_0_44> [15:23:52.544] Failed to apply action. Result = <nil> : <tgtCluster_tgtShard_0_44> [15:23:52.544] Failed to download the snapshot : <tgtCluster_tgtShard_0_44> [15:23:52.543] Error while waiting for third party to copy backup to /fimongo1/data : <tgtCluster_tgtShard_0_44> [15:23:52.543] Observed error when trying to mark node as ready for copy files. : <tgtCluster_tgtShard_0_44> [15:23:52.543] Got return status 404 Not Found when trying to mark node ready for copy files.",
      "hostname": "rmdb8",
      "id": "rmdb8:37017",
      "port": 37017,
      "rsId": "tgtShard_0",
      "state": "RECOVERY_IN_PROGRESS",
      "stateUpdateTime": 1790968530
    },
    {
      "error": null,
      "hostname": "rmdb13",
      "id": "rmdb13:37017",
      "port": 37017,
      "rsId": "tgtShard_0",
      "state": "RECOVERY_IN_PROGRESS",
      "stateUpdateTime": 1790917247
    },
    {
      "error": "<tgtCluster_tgtShard_0_42> [15:24:00.595] Plan execution failed on step MakeBackupDataAvailable as part of move RestoreRsMemberFromBackupPhase1 : <tgtCluster_tgtShard_0_42> [15:24:00.595] Failed to apply action. Result = <nil> : <tgtCluster_tgtShard_0_42> [15:24:00.595] Failed to download the snapshot : <tgtCluster_tgtShard_0_42> [15:24:00.595] Error while waiting for third party to copy backup to /fimongo1/data : <tgtCluster_tgtShard_0_42> [15:24:00.595] Observed error when trying to mark node as ready for copy files. : <tgtCluster_tgtShard_0_42> [15:24:00.595] Got return status 404 Not Found when trying to mark node ready for copy files.",
      "hostname": "rmdb1",
      "id": "rmdb1:37017",
      "port": 37017,
      "rsId": "tgtShard_0",
      "state": "RECOVERY_IN_PROGRESS",
      "stateUpdateTime": 1790963978
    },
    {
      "error": "<tgtCluster_tgtShard_0_43> [15:23:44.101] Plan execution failed on step MakeBackupDataAvailable as part of move RestoreRsMemberFromBackupPhase1 : <tgtCluster_tgtShard_0_43> [15:23:44.101] Failed to apply action. Result = <nil> : <tgtCluster_tgtShard_0_43> [15:23:44.101] Failed to download the snapshot : <tgtCluster_tgtShard_0_43> [15:23:44.101] Error while waiting for third party to copy backup to /fimongo1/data : <tgtCluster_tgtShard_0_43> [15:23:44.101] Observed error when trying to mark node as ready for copy files. : <tgtCluster_tgtShard_0_43> [15:23:44.101] Got return status 404 Not Found when trying to mark node ready for copy files.",
      "hostname": "rmdb3",
      "id": "rmdb3:37017",
      "port": 37017,
      "rsId": "tgtShard_0",
      "state": "RECOVERY_IN_PROGRESS",
      "stateUpdateTime": 1790967977
    },
    {
      "error": null,
      "hostname": "rmdb11",
      "id": "rmdb11:37017",
      "port": 37017,
      "rsId": "tgtShard_0",
      "state": "RECOVERY_IN_PROGRESS",
      "stateUpdateTime": 1790917218
    },
    {
      "error": null,
      "hostname": "rmdb7",
      "id": "rmdb7:37017",
      "port": 37017,
      "rsId": "tgtconfigRS",
      "state": "RECOVERY_IN_PROGRESS",
      "stateUpdateTime": 1790917195
    },
    {
      "error": null,
      "hostname": "rmdb-config1",
      "id": "rmdb-config1:37017",
      "port": 37017,
      "rsId": "tgtconfigRS",
      "state": "RECOVERY_IN_PROGRESS",
      "stateUpdateTime": 1790917145
    },
    {
      "error": null,
      "hostname": "rmdb-config2",
      "id": "rmdb-config2:37017",
      "port": 37017,
      "rsId": "tgtconfigRS",
      "state": "RECOVERY_IN_PROGRESS",
      "stateUpdateTime": 1790917166
    }
  ],
  "state": "COPY_FILES"
}
2026-10-02 14:24:26,298 [INFO] Restore state: COPY_FILES
2026-10-02 14:24:36,299 [DEBUG] API GET http://129.40.36.100:8080/api/public/v1.0/backup/third_party/group/6a386221ee19a6537cc68a97/restore/6abf3847457a6b80701899fb
2026-10-02 14:24:36,439 [DEBUG] STATUS 200
2026-10-02 14:24:36,439 [DEBUG] {
  "clusterMapping": [
    {
      "rsId": "sgcShard_0",
      "targetRsId": "tgtShard_0"
    },
    {
      "rsId": "sgcShard_1",
      "targetRsId": "tgtShard_1"
    },
    {
      "rsId": "configRS",
      "targetRsId": "tgtconfigRS"
    }
  ],
  "nodes": [
    {
      "error": "<tgtCluster_tgtShard_1_64> [15:24:22.506] Plan execution failed on step MarkRestoreStarted as part of move RestoreRsMemberFromBackupPhase1 : <tgtCluster_tgtShard_1_64> [15:24:22.506] Failed to apply action. Result = <nil> : <tgtCluster_tgtShard_1_64> [15:24:22.506] Error creating /fimongo1/data : <tgtCluster_tgtShard_1_64> [15:24:22.506] Error making directory = /fimongo1/data with permissions = -rwxrwxrwx : mkdir /fimongo1/data: permission denied",
      "hostname": "rmdb12",
      "id": "rmdb12:37017",
      "port": 37017,
      "rsId": "tgtShard_1",
      "state": "RECOVERY_IN_PROGRESS",
      "stateUpdateTime": 1790969076
    },
    {
      "error": "<tgtCluster_tgtShard_1_66> [15:23:50.395] Plan execution failed on step MakeBackupDataAvailable as part of move RestoreRsMemberFromBackupPhase1 : <tgtCluster_tgtShard_1_66> [15:23:50.395] Failed to apply action. Result = <nil> : <tgtCluster_tgtShard_1_66> [15:23:50.395] Failed to download the snapshot : <tgtCluster_tgtShard_1_66> [15:23:50.395] Error while waiting for third party to copy backup to /fimongo1/data : <tgtCluster_tgtShard_1_66> [15:23:50.395] Observed error when trying to mark node as ready for copy files. : <tgtCluster_tgtShard_1_66> [15:23:50.395] Got return status 404 Not Found when trying to mark node ready for copy files.",
      "hostname": "rmdb14",
      "id": "rmdb14:37017",
      "port": 37017,
      "rsId": "tgtShard_1",
      "state": "RECOVERY_IN_PROGRESS",
      "stateUpdateTime": 1790968879
    },
    {
      "error": "<tgtCluster_tgtShard_1_47> [15:24:15.795] Plan execution failed on step MakeBackupDataAvailable as part of move RestoreRsMemberFromBackupPhase1 : <tgtCluster_tgtShard_1_47> [15:24:15.795] Failed to apply action. Result = <nil> : <tgtCluster_tgtShard_1_47> [15:24:15.795] Failed to download the snapshot : <tgtCluster_tgtShard_1_47> [15:24:15.795] Error while waiting for third party to copy backup to /fimongo1/data : <tgtCluster_tgtShard_1_47> [15:24:15.795] Observed error when trying to mark node as ready for copy files. : <tgtCluster_tgtShard_1_47> [15:24:15.795] Got return status 404 Not Found when trying to mark node ready for copy files.",
      "hostname": "rmdb9",
      "id": "rmdb9:37017",
      "port": 37017,
      "rsId": "tgtShard_1",
      "state": "RECOVERY_IN_PROGRESS",
      "stateUpdateTime": 1790968923
    },
    {
      "error": "<tgtCluster_tgtShard_1_46> [15:23:59.656] Plan execution failed on step MakeBackupDataAvailable as part of move RestoreRsMemberFromBackupPhase1 : <tgtCluster_tgtShard_1_46> [15:23:59.656] Failed to apply action. Result = <nil> : <tgtCluster_tgtShard_1_46> [15:23:59.656] Failed to download the snapshot : <tgtCluster_tgtShard_1_46> [15:23:59.656] Error while waiting for third party to copy backup to /fimongo1/data : <tgtCluster_tgtShard_1_46> [15:23:59.656] Observed error when trying to mark node as ready for copy files. : <tgtCluster_tgtShard_1_46> [15:23:59.656] Got return status 404 Not Found when trying to mark node ready for copy files.",
      "hostname": "rmdb4",
      "id": "rmdb4:37017",
      "port": 37017,
      "rsId": "tgtShard_1",
      "state": "RECOVERY_IN_PROGRESS",
      "stateUpdateTime": 1790968901
    },
    {
      "error": "<tgtCluster_tgtShard_1_45> [15:23:59.866] Plan execution failed on step MakeBackupDataAvailable as part of move RestoreRsMemberFromBackupPhase1 : <tgtCluster_tgtShard_1_45> [15:23:59.866] Failed to apply action. Result = <nil> : <tgtCluster_tgtShard_1_45> [15:23:59.866] Failed to download the snapshot : <tgtCluster_tgtShard_1_45> [15:23:59.866] Error while waiting for third party to copy backup to /fimongo1/data : <tgtCluster_tgtShard_1_45> [15:23:59.866] Observed error when trying to mark node as ready for copy files. : <tgtCluster_tgtShard_1_45> [15:23:59.866] Got return status 404 Not Found when trying to mark node ready for copy files.",
      "hostname": "rmdb2",
      "id": "rmdb2:37017",
      "port": 37017,
      "rsId": "tgtShard_1",
      "state": "RECOVERY_IN_PROGRESS",
      "stateUpdateTime": 1790968681
    },
    {
      "error": "<tgtCluster_tgtShard_0_44> [15:23:52.544] Plan execution failed on step MakeBackupDataAvailable as part of move RestoreRsMemberFromBackupPhase1 : <tgtCluster_tgtShard_0_44> [15:23:52.544] Failed to apply action. Result = <nil> : <tgtCluster_tgtShard_0_44> [15:23:52.544] Failed to download the snapshot : <tgtCluster_tgtShard_0_44> [15:23:52.543] Error while waiting for third party to copy backup to /fimongo1/data : <tgtCluster_tgtShard_0_44> [15:23:52.543] Observed error when trying to mark node as ready for copy files. : <tgtCluster_tgtShard_0_44> [15:23:52.543] Got return status 404 Not Found when trying to mark node ready for copy files.",
      "hostname": "rmdb8",
      "id": "rmdb8:37017",
      "port": 37017,
      "rsId": "tgtShard_0",
      "state": "RECOVERY_IN_PROGRESS",
      "stateUpdateTime": 1790968530
    },
    {
      "error": null,
      "hostname": "rmdb13",
      "id": "rmdb13:37017",
      "port": 37017,
      "rsId": "tgtShard_0",
      "state": "RECOVERY_IN_PROGRESS",
      "stateUpdateTime": 1790917247
    },
    {
      "error": "<tgtCluster_tgtShard_0_42> [15:24:00.595] Plan execution failed on step MakeBackupDataAvailable as part of move RestoreRsMemberFromBackupPhase1 : <tgtCluster_tgtShard_0_42> [15:24:00.595] Failed to apply action. Result = <nil> : <tgtCluster_tgtShard_0_42> [15:24:00.595] Failed to download the snapshot : <tgtCluster_tgtShard_0_42> [15:24:00.595] Error while waiting for third party to copy backup to /fimongo1/data : <tgtCluster_tgtShard_0_42> [15:24:00.595] Observed error when trying to mark node as ready for copy files. : <tgtCluster_tgtShard_0_42> [15:24:00.595] Got return status 404 Not Found when trying to mark node ready for copy files.",
      "hostname": "rmdb1",
      "id": "rmdb1:37017",
      "port": 37017,
      "rsId": "tgtShard_0",
      "state": "RECOVERY_IN_PROGRESS",
      "stateUpdateTime": 1790963978
    },
    {
      "error": "<tgtCluster_tgtShard_0_43> [15:23:44.101] Plan execution failed on step MakeBackupDataAvailable as part of move RestoreRsMemberFromBackupPhase1 : <tgtCluster_tgtShard_0_43> [15:23:44.101] Failed to apply action. Result = <nil> : <tgtCluster_tgtShard_0_43> [15:23:44.101] Failed to download the snapshot : <tgtCluster_tgtShard_0_43> [15:23:44.101] Error while waiting for third party to copy backup to /fimongo1/data : <tgtCluster_tgtShard_0_43> [15:23:44.101] Observed error when trying to mark node as ready for copy files. : <tgtCluster_tgtShard_0_43> [15:23:44.101] Got return status 404 Not Found when trying to mark node ready for copy files.",
      "hostname": "rmdb3",
      "id": "rmdb3:37017",
      "port": 37017,
      "rsId": "tgtShard_0",
      "state": "RECOVERY_IN_PROGRESS",
      "stateUpdateTime": 1790967977
    },
    {
      "error": null,
      "hostname": "rmdb11",
      "id": "rmdb11:37017",
      "port": 37017,
      "rsId": "tgtShard_0",
      "state": "RECOVERY_IN_PROGRESS",
      "stateUpdateTime": 1790917218
    },
    {
      "error": null,
      "hostname": "rmdb7",
      "id": "rmdb7:37017",
      "port": 37017,
      "rsId": "tgtconfigRS",
      "state": "RECOVERY_IN_PROGRESS",
      "stateUpdateTime": 1790917195
    },
    {
      "error": null,
      "hostname": "rmdb-config1",
      "id": "rmdb-config1:37017",
      "port": 37017,
      "rsId": "tgtconfigRS",
      "state": "RECOVERY_IN_PROGRESS",
      "stateUpdateTime": 1790917145
    },
    {
      "error": null,
      "hostname": "rmdb-config2",
      "id": "rmdb-config2:37017",
      "port": 37017,
      "rsId": "tgtconfigRS",
      "state": "RECOVERY_IN_PROGRESS",
      "stateUpdateTime": 1790917166
    }
  ],
  "state": "COPY_FILES"
}
2026-10-02 14:24:36,439 [INFO] Restore state: COPY_FILES
2026-10-02 14:24:46,440 [DEBUG] API GET http://129.40.36.100:8080/api/public/v1.0/backup/third_party/group/6a386221ee19a6537cc68a97/restore/6abf3847457a6b80701899fb
2026-10-02 14:24:46,580 [DEBUG] STATUS 200
2026-10-02 14:24:46,580 [DEBUG] {
  "clusterMapping": [
    {
      "rsId": "sgcShard_0",
      "targetRsId": "tgtShard_0"
    },
    {
      "rsId": "sgcShard_1",
      "targetRsId": "tgtShard_1"
    },
    {
      "rsId": "configRS",
      "targetRsId": "tgtconfigRS"
    }
  ],
  "nodes": [
    {
      "error": "<tgtCluster_tgtShard_1_64> [15:24:22.506] Plan execution failed on step MarkRestoreStarted as part of move RestoreRsMemberFromBackupPhase1 : <tgtCluster_tgtShard_1_64> [15:24:22.506] Failed to apply action. Result = <nil> : <tgtCluster_tgtShard_1_64> [15:24:22.506] Error creating /fimongo1/data : <tgtCluster_tgtShard_1_64> [15:24:22.506] Error making directory = /fimongo1/data with permissions = -rwxrwxrwx : mkdir /fimongo1/data: permission denied",
      "hostname": "rmdb12",
      "id": "rmdb12:37017",
      "port": 37017,
      "rsId": "tgtShard_1",
      "state": "RECOVERY_IN_PROGRESS",
      "stateUpdateTime": 1790969076
    },
    {
      "error": "<tgtCluster_tgtShard_1_66> [15:23:50.395] Plan execution failed on step MakeBackupDataAvailable as part of move RestoreRsMemberFromBackupPhase1 : <tgtCluster_tgtShard_1_66> [15:23:50.395] Failed to apply action. Result = <nil> : <tgtCluster_tgtShard_1_66> [15:23:50.395] Failed to download the snapshot : <tgtCluster_tgtShard_1_66> [15:23:50.395] Error while waiting for third party to copy backup to /fimongo1/data : <tgtCluster_tgtShard_1_66> [15:23:50.395] Observed error when trying to mark node as ready for copy files. : <tgtCluster_tgtShard_1_66> [15:23:50.395] Got return status 404 Not Found when trying to mark node ready for copy files.",
      "hostname": "rmdb14",
      "id": "rmdb14:37017",
      "port": 37017,
      "rsId": "tgtShard_1",
      "state": "RECOVERY_IN_PROGRESS",
      "stateUpdateTime": 1790968879
    },
    {
      "error": "<tgtCluster_tgtShard_1_47> [15:24:15.795] Plan execution failed on step MakeBackupDataAvailable as part of move RestoreRsMemberFromBackupPhase1 : <tgtCluster_tgtShard_1_47> [15:24:15.795] Failed to apply action. Result = <nil> : <tgtCluster_tgtShard_1_47> [15:24:15.795] Failed to download the snapshot : <tgtCluster_tgtShard_1_47> [15:24:15.795] Error while waiting for third party to copy backup to /fimongo1/data : <tgtCluster_tgtShard_1_47> [15:24:15.795] Observed error when trying to mark node as ready for copy files. : <tgtCluster_tgtShard_1_47> [15:24:15.795] Got return status 404 Not Found when trying to mark node ready for copy files.",
      "hostname": "rmdb9",
      "id": "rmdb9:37017",
      "port": 37017,
      "rsId": "tgtShard_1",
      "state": "RECOVERY_IN_PROGRESS",
      "stateUpdateTime": 1790968923
    },
    {
      "error": "<tgtCluster_tgtShard_1_46> [15:23:59.656] Plan execution failed on step MakeBackupDataAvailable as part of move RestoreRsMemberFromBackupPhase1 : <tgtCluster_tgtShard_1_46> [15:23:59.656] Failed to apply action. Result = <nil> : <tgtCluster_tgtShard_1_46> [15:23:59.656] Failed to download the snapshot : <tgtCluster_tgtShard_1_46> [15:23:59.656] Error while waiting for third party to copy backup to /fimongo1/data : <tgtCluster_tgtShard_1_46> [15:23:59.656] Observed error when trying to mark node as ready for copy files. : <tgtCluster_tgtShard_1_46> [15:23:59.656] Got return status 404 Not Found when trying to mark node ready for copy files.",
      "hostname": "rmdb4",
      "id": "rmdb4:37017",
      "port": 37017,
      "rsId": "tgtShard_1",
      "state": "RECOVERY_IN_PROGRESS",
      "stateUpdateTime": 1790968901
    },
    {
      "error": "<tgtCluster_tgtShard_1_45> [15:23:59.866] Plan execution failed on step MakeBackupDataAvailable as part of move RestoreRsMemberFromBackupPhase1 : <tgtCluster_tgtShard_1_45> [15:23:59.866] Failed to apply action. Result = <nil> : <tgtCluster_tgtShard_1_45> [15:23:59.866] Failed to download the snapshot : <tgtCluster_tgtShard_1_45> [15:23:59.866] Error while waiting for third party to copy backup to /fimongo1/data : <tgtCluster_tgtShard_1_45> [15:23:59.866] Observed error when trying to mark node as ready for copy files. : <tgtCluster_tgtShard_1_45> [15:23:59.866] Got return status 404 Not Found when trying to mark node ready for copy files.",
      "hostname": "rmdb2",
      "id": "rmdb2:37017",
      "port": 37017,
      "rsId": "tgtShard_1",
      "state": "RECOVERY_IN_PROGRESS",
      "stateUpdateTime": 1790968681
    },
    {
      "error": "<tgtCluster_tgtShard_0_44> [15:23:52.544] Plan execution failed on step MakeBackupDataAvailable as part of move RestoreRsMemberFromBackupPhase1 : <tgtCluster_tgtShard_0_44> [15:23:52.544] Failed to apply action. Result = <nil> : <tgtCluster_tgtShard_0_44> [15:23:52.544] Failed to download the snapshot : <tgtCluster_tgtShard_0_44> [15:23:52.543] Error while waiting for third party to copy backup to /fimongo1/data : <tgtCluster_tgtShard_0_44> [15:23:52.543] Observed error when trying to mark node as ready for copy files. : <tgtCluster_tgtShard_0_44> [15:23:52.543] Got return status 404 Not Found when trying to mark node ready for copy files.",
      "hostname": "rmdb8",
      "id": "rmdb8:37017",
      "port": 37017,
      "rsId": "tgtShard_0",
      "state": "RECOVERY_IN_PROGRESS",
      "stateUpdateTime": 1790968530
    },
    {
      "error": null,
      "hostname": "rmdb13",
      "id": "rmdb13:37017",
      "port": 37017,
      "rsId": "tgtShard_0",
      "state": "RECOVERY_IN_PROGRESS",
      "stateUpdateTime": 1790917247
    },
    {
      "error": "<tgtCluster_tgtShard_0_42> [15:24:00.595] Plan execution failed on step MakeBackupDataAvailable as part of move RestoreRsMemberFromBackupPhase1 : <tgtCluster_tgtShard_0_42> [15:24:00.595] Failed to apply action. Result = <nil> : <tgtCluster_tgtShard_0_42> [15:24:00.595] Failed to download the snapshot : <tgtCluster_tgtShard_0_42> [15:24:00.595] Error while waiting for third party to copy backup to /fimongo1/data : <tgtCluster_tgtShard_0_42> [15:24:00.595] Observed error when trying to mark node as ready for copy files. : <tgtCluster_tgtShard_0_42> [15:24:00.595] Got return status 404 Not Found when trying to mark node ready for copy files.",
      "hostname": "rmdb1",
      "id": "rmdb1:37017",
      "port": 37017,
      "rsId": "tgtShard_0",
      "state": "RECOVERY_IN_PROGRESS",
      "stateUpdateTime": 1790963978
    },
    {
      "error": "<tgtCluster_tgtShard_0_43> [15:23:44.101] Plan execution failed on step MakeBackupDataAvailable as part of move RestoreRsMemberFromBackupPhase1 : <tgtCluster_tgtShard_0_43> [15:23:44.101] Failed to apply action. Result = <nil> : <tgtCluster_tgtShard_0_43> [15:23:44.101] Failed to download the snapshot : <tgtCluster_tgtShard_0_43> [15:23:44.101] Error while waiting for third party to copy backup to /fimongo1/data : <tgtCluster_tgtShard_0_43> [15:23:44.101] Observed error when trying to mark node as ready for copy files. : <tgtCluster_tgtShard_0_43> [15:23:44.101] Got return status 404 Not Found when trying to mark node ready for copy files.",
      "hostname": "rmdb3",
      "id": "rmdb3:37017",
      "port": 37017,
      "rsId": "tgtShard_0",
      "state": "RECOVERY_IN_PROGRESS",
      "stateUpdateTime": 1790967977
    },
    {
      "error": null,
      "hostname": "rmdb11",
      "id": "rmdb11:37017",
      "port": 37017,
      "rsId": "tgtShard_0",
      "state": "RECOVERY_IN_PROGRESS",
      "stateUpdateTime": 1790917218
    },
    {
      "error": null,
      "hostname": "rmdb7",
      "id": "rmdb7:37017",
      "port": 37017,
      "rsId": "tgtconfigRS",
      "state": "RECOVERY_IN_PROGRESS",
      "stateUpdateTime": 1790917195
    },
    {
      "error": null,
      "hostname": "rmdb-config1",
      "id": "rmdb-config1:37017",
      "port": 37017,
      "rsId": "tgtconfigRS",
      "state": "RECOVERY_IN_PROGRESS",
      "stateUpdateTime": 1790917145
    },
    {
      "error": null,
      "hostname": "rmdb-config2",
      "id": "rmdb-config2:37017",
      "port": 37017,
      "rsId": "tgtconfigRS",
      "state": "RECOVERY_IN_PROGRESS",
      "stateUpdateTime": 1790917166
    }
  ],
  "state": "RECOVERY_IN_PROGRESS"
}
2026-10-02 14:24:46,580 [INFO] Restore state: RECOVERY_IN_PROGRESS
2026-10-02 14:24:56,581 [DEBUG] API GET http://129.40.36.100:8080/api/public/v1.0/backup/third_party/group/6a386221ee19a6537cc68a97/restore/6abf3847457a6b80701899fb
2026-10-02 14:24:56,724 [DEBUG] STATUS 200
2026-10-02 14:24:56,724 [DEBUG] {
  "clusterMapping": [
    {
      "rsId": "sgcShard_0",
      "targetRsId": "tgtShard_0"
    },
    {
      "rsId": "sgcShard_1",
      "targetRsId": "tgtShard_1"
    },
    {
      "rsId": "configRS",
      "targetRsId": "tgtconfigRS"
    }
  ],
  "nodes": [
    {
      "error": "<tgtCluster_tgtShard_1_64> [15:24:22.506] Plan execution failed on step MarkRestoreStarted as part of move RestoreRsMemberFromBackupPhase1 : <tgtCluster_tgtShard_1_64> [15:24:22.506] Failed to apply action. Result = <nil> : <tgtCluster_tgtShard_1_64> [15:24:22.506] Error creating /fimongo1/data : <tgtCluster_tgtShard_1_64> [15:24:22.506] Error making directory = /fimongo1/data with permissions = -rwxrwxrwx : mkdir /fimongo1/data: permission denied",
      "hostname": "rmdb12",
      "id": "rmdb12:37017",
      "port": 37017,
      "rsId": "tgtShard_1",
      "state": "RECOVERY_IN_PROGRESS",
      "stateUpdateTime": 1790969076
    },
    {
      "error": "<tgtCluster_tgtShard_1_66> [15:24:51.932] Plan execution failed on step MakeBackupDataAvailable as part of move RestoreRsMemberFromBackupPhase1 : <tgtCluster_tgtShard_1_66> [15:24:51.932] Failed to apply action. Result = <nil> : <tgtCluster_tgtShard_1_66> [15:24:51.931] Failed to download the snapshot : <tgtCluster_tgtShard_1_66> [15:24:51.931] Error while waiting for third party to copy backup to /fimongo1/data : <tgtCluster_tgtShard_1_66> [15:24:51.931] Observed error when trying to mark node as ready for copy files. : <tgtCluster_tgtShard_1_66> [15:24:51.931] Got return status 404 Not Found when trying to mark node ready for copy files.",
      "hostname": "rmdb14",
      "id": "rmdb14:37017",
      "port": 37017,
      "rsId": "tgtShard_1",
      "state": "RECOVERY_IN_PROGRESS",
      "stateUpdateTime": 1790968879
    },
    {
      "error": "<tgtCluster_tgtShard_1_47> [15:24:15.795] Plan execution failed on step MakeBackupDataAvailable as part of move RestoreRsMemberFromBackupPhase1 : <tgtCluster_tgtShard_1_47> [15:24:15.795] Failed to apply action. Result = <nil> : <tgtCluster_tgtShard_1_47> [15:24:15.795] Failed to download the snapshot : <tgtCluster_tgtShard_1_47> [15:24:15.795] Error while waiting for third party to copy backup to /fimongo1/data : <tgtCluster_tgtShard_1_47> [15:24:15.795] Observed error when trying to mark node as ready for copy files. : <tgtCluster_tgtShard_1_47> [15:24:15.795] Got return status 404 Not Found when trying to mark node ready for copy files.",
      "hostname": "rmdb9",
      "id": "rmdb9:37017",
      "port": 37017,
      "rsId": "tgtShard_1",
      "state": "RECOVERY_IN_PROGRESS",
      "stateUpdateTime": 1790968923
    },
    {
      "error": "<tgtCluster_tgtShard_1_46> [15:23:59.656] Plan execution failed on step MakeBackupDataAvailable as part of move RestoreRsMemberFromBackupPhase1 : <tgtCluster_tgtShard_1_46> [15:23:59.656] Failed to apply action. Result = <nil> : <tgtCluster_tgtShard_1_46> [15:23:59.656] Failed to download the snapshot : <tgtCluster_tgtShard_1_46> [15:23:59.656] Error while waiting for third party to copy backup to /fimongo1/data : <tgtCluster_tgtShard_1_46> [15:23:59.656] Observed error when trying to mark node as ready for copy files. : <tgtCluster_tgtShard_1_46> [15:23:59.656] Got return status 404 Not Found when trying to mark node ready for copy files.",
      "hostname": "rmdb4",
      "id": "rmdb4:37017",
      "port": 37017,
      "rsId": "tgtShard_1",
      "state": "RECOVERY_IN_PROGRESS",
      "stateUpdateTime": 1790968901
    },
    {
      "error": "<tgtCluster_tgtShard_1_45> [15:23:59.866] Plan execution failed on step MakeBackupDataAvailable as part of move RestoreRsMemberFromBackupPhase1 : <tgtCluster_tgtShard_1_45> [15:23:59.866] Failed to apply action. Result = <nil> : <tgtCluster_tgtShard_1_45> [15:23:59.866] Failed to download the snapshot : <tgtCluster_tgtShard_1_45> [15:23:59.866] Error while waiting for third party to copy backup to /fimongo1/data : <tgtCluster_tgtShard_1_45> [15:23:59.866] Observed error when trying to mark node as ready for copy files. : <tgtCluster_tgtShard_1_45> [15:23:59.866] Got return status 404 Not Found when trying to mark node ready for copy files.",
      "hostname": "rmdb2",
      "id": "rmdb2:37017",
      "port": 37017,
      "rsId": "tgtShard_1",
      "state": "RECOVERY_IN_PROGRESS",
      "stateUpdateTime": 1790968681
    },
    {
      "error": "<tgtCluster_tgtShard_0_44> [15:24:53.481] Plan execution failed on step MakeBackupDataAvailable as part of move RestoreRsMemberFromBackupPhase1 : <tgtCluster_tgtShard_0_44> [15:24:53.481] Failed to apply action. Result = <nil> : <tgtCluster_tgtShard_0_44> [15:24:53.481] Failed to download the snapshot : <tgtCluster_tgtShard_0_44> [15:24:53.481] Error while waiting for third party to copy backup to /fimongo1/data : <tgtCluster_tgtShard_0_44> [15:24:53.481] Observed error when trying to mark node as ready for copy files. : <tgtCluster_tgtShard_0_44> [15:24:53.481] Got return status 404 Not Found when trying to mark node ready for copy files.",
      "hostname": "rmdb8",
      "id": "rmdb8:37017",
      "port": 37017,
      "rsId": "tgtShard_0",
      "state": "RECOVERY_IN_PROGRESS",
      "stateUpdateTime": 1790968530
    },
    {
      "error": null,
      "hostname": "rmdb13",
      "id": "rmdb13:37017",
      "port": 37017,
      "rsId": "tgtShard_0",
      "state": "RECOVERY_IN_PROGRESS",
      "stateUpdateTime": 1790917247
    },
    {
      "error": "<tgtCluster_tgtShard_0_42> [15:24:00.595] Plan execution failed on step MakeBackupDataAvailable as part of move RestoreRsMemberFromBackupPhase1 : <tgtCluster_tgtShard_0_42> [15:24:00.595] Failed to apply action. Result = <nil> : <tgtCluster_tgtShard_0_42> [15:24:00.595] Failed to download the snapshot : <tgtCluster_tgtShard_0_42> [15:24:00.595] Error while waiting for third party to copy backup to /fimongo1/data : <tgtCluster_tgtShard_0_42> [15:24:00.595] Observed error when trying to mark node as ready for copy files. : <tgtCluster_tgtShard_0_42> [15:24:00.595] Got return status 404 Not Found when trying to mark node ready for copy files.",
      "hostname": "rmdb1",
      "id": "rmdb1:37017",
      "port": 37017,
      "rsId": "tgtShard_0",
      "state": "RECOVERY_IN_PROGRESS",
      "stateUpdateTime": 1790963978
    },
    {
      "error": "<tgtCluster_tgtShard_0_43> [15:24:45.227] Plan execution failed on step MakeBackupDataAvailable as part of move RestoreRsMemberFromBackupPhase1 : <tgtCluster_tgtShard_0_43> [15:24:45.227] Failed to apply action. Result = <nil> : <tgtCluster_tgtShard_0_43> [15:24:45.226] Failed to download the snapshot : <tgtCluster_tgtShard_0_43> [15:24:45.226] Error while waiting for third party to copy backup to /fimongo1/data : <tgtCluster_tgtShard_0_43> [15:24:45.226] Observed error when trying to mark node as ready for copy files. : <tgtCluster_tgtShard_0_43> [15:24:45.226] Got return status 404 Not Found when trying to mark node ready for copy files.",
      "hostname": "rmdb3",
      "id": "rmdb3:37017",
      "port": 37017,
      "rsId": "tgtShard_0",
      "state": "RECOVERY_IN_PROGRESS",
      "stateUpdateTime": 1790967977
    },
    {
      "error": null,
      "hostname": "rmdb11",
      "id": "rmdb11:37017",
      "port": 37017,
      "rsId": "tgtShard_0",
      "state": "RECOVERY_IN_PROGRESS",
      "stateUpdateTime": 1790917218
    },
    {
      "error": null,
      "hostname": "rmdb7",
      "id": "rmdb7:37017",
      "port": 37017,
      "rsId": "tgtconfigRS",
      "state": "RECOVERY_IN_PROGRESS",
      "stateUpdateTime": 1790917195
    },
    {
      "error": null,
      "hostname": "rmdb-config1",
      "id": "rmdb-config1:37017",
      "port": 37017,
      "rsId": "tgtconfigRS",
      "state": "RECOVERY_IN_PROGRESS",
      "stateUpdateTime": 1790917145
    },
    {
      "error": null,
      "hostname": "rmdb-config2",
      "id": "rmdb-config2:37017",
      "port": 37017,
      "rsId": "tgtconfigRS",
      "state": "RECOVERY_IN_PROGRESS",
      "stateUpdateTime": 1790917166
    }
  ],
  "state": "RECOVERY_IN_PROGRESS"
}
2026-10-02 14:24:56,725 [INFO] Restore state: RECOVERY_IN_PROGRESS
2026-10-02 14:25:06,725 [DEBUG] API GET http://129.40.36.100:8080/api/public/v1.0/backup/third_party/group/6a386221ee19a6537cc68a97/restore/6abf3847457a6b80701899fb
2026-10-02 14:25:06,867 [DEBUG] STATUS 200
2026-10-02 14:25:06,867 [DEBUG] {
  "clusterMapping": [
    {
      "rsId": "sgcShard_0",
      "targetRsId": "tgtShard_0"
    },
    {
      "rsId": "sgcShard_1",
      "targetRsId": "tgtShard_1"
    },
    {
      "rsId": "configRS",
      "targetRsId": "tgtconfigRS"
    }
  ],
  "nodes": [
    {
      "error": "<tgtCluster_tgtShard_1_64> [15:24:22.506] Plan execution failed on step MarkRestoreStarted as part of move RestoreRsMemberFromBackupPhase1 : <tgtCluster_tgtShard_1_64> [15:24:22.506] Failed to apply action. Result = <nil> : <tgtCluster_tgtShard_1_64> [15:24:22.506] Error creating /fimongo1/data : <tgtCluster_tgtShard_1_64> [15:24:22.506] Error making directory = /fimongo1/data with permissions = -rwxrwxrwx : mkdir /fimongo1/data: permission denied",
      "hostname": "rmdb12",
      "id": "rmdb12:37017",
      "port": 37017,
      "rsId": "tgtShard_1",
      "state": "RECOVERY_IN_PROGRESS",
      "stateUpdateTime": 1790969076
    },
    {
      "error": "<tgtCluster_tgtShard_1_66> [15:24:51.932] Plan execution failed on step MakeBackupDataAvailable as part of move RestoreRsMemberFromBackupPhase1 : <tgtCluster_tgtShard_1_66> [15:24:51.932] Failed to apply action. Result = <nil> : <tgtCluster_tgtShard_1_66> [15:24:51.931] Failed to download the snapshot : <tgtCluster_tgtShard_1_66> [15:24:51.931] Error while waiting for third party to copy backup to /fimongo1/data : <tgtCluster_tgtShard_1_66> [15:24:51.931] Observed error when trying to mark node as ready for copy files. : <tgtCluster_tgtShard_1_66> [15:24:51.931] Got return status 404 Not Found when trying to mark node ready for copy files.",
      "hostname": "rmdb14",
      "id": "rmdb14:37017",
      "port": 37017,
      "rsId": "tgtShard_1",
      "state": "RECOVERY_IN_PROGRESS",
      "stateUpdateTime": 1790968879
    },
    {
      "error": "<tgtCluster_tgtShard_1_47> [15:24:15.795] Plan execution failed on step MakeBackupDataAvailable as part of move RestoreRsMemberFromBackupPhase1 : <tgtCluster_tgtShard_1_47> [15:24:15.795] Failed to apply action. Result = <nil> : <tgtCluster_tgtShard_1_47> [15:24:15.795] Failed to download the snapshot : <tgtCluster_tgtShard_1_47> [15:24:15.795] Error while waiting for third party to copy backup to /fimongo1/data : <tgtCluster_tgtShard_1_47> [15:24:15.795] Observed error when trying to mark node as ready for copy files. : <tgtCluster_tgtShard_1_47> [15:24:15.795] Got return status 404 Not Found when trying to mark node ready for copy files.",
      "hostname": "rmdb9",
      "id": "rmdb9:37017",
      "port": 37017,
      "rsId": "tgtShard_1",
      "state": "RECOVERY_IN_PROGRESS",
      "stateUpdateTime": 1790968923
    },
    {
      "error": "<tgtCluster_tgtShard_1_46> [15:25:01.728] Plan execution failed on step MakeBackupDataAvailable as part of move RestoreRsMemberFromBackupPhase1 : <tgtCluster_tgtShard_1_46> [15:25:01.728] Failed to apply action. Result = <nil> : <tgtCluster_tgtShard_1_46> [15:25:01.728] Failed to download the snapshot : <tgtCluster_tgtShard_1_46> [15:25:01.728] Error while waiting for third party to copy backup to /fimongo1/data : <tgtCluster_tgtShard_1_46> [15:25:01.728] Observed error when trying to mark node as ready for copy files. : <tgtCluster_tgtShard_1_46> [15:25:01.728] Got return status 404 Not Found when trying to mark node ready for copy files.",
      "hostname": "rmdb4",
      "id": "rmdb4:37017",
      "port": 37017,
      "rsId": "tgtShard_1",
      "state": "RECOVERY_IN_PROGRESS",
      "stateUpdateTime": 1790968901
    },
    {
      "error": "<tgtCluster_tgtShard_1_45> [15:23:59.866] Plan execution failed on step MakeBackupDataAvailable as part of move RestoreRsMemberFromBackupPhase1 : <tgtCluster_tgtShard_1_45> [15:23:59.866] Failed to apply action. Result = <nil> : <tgtCluster_tgtShard_1_45> [15:23:59.866] Failed to download the snapshot : <tgtCluster_tgtShard_1_45> [15:23:59.866] Error while waiting for third party to copy backup to /fimongo1/data : <tgtCluster_tgtShard_1_45> [15:23:59.866] Observed error when trying to mark node as ready for copy files. : <tgtCluster_tgtShard_1_45> [15:23:59.866] Got return status 404 Not Found when trying to mark node ready for copy files.",
      "hostname": "rmdb2",
      "id": "rmdb2:37017",
      "port": 37017,
      "rsId": "tgtShard_1",
      "state": "RECOVERY_IN_PROGRESS",
      "stateUpdateTime": 1790968681
    },
    {
      "error": "<tgtCluster_tgtShard_0_44> [15:24:53.481] Plan execution failed on step MakeBackupDataAvailable as part of move RestoreRsMemberFromBackupPhase1 : <tgtCluster_tgtShard_0_44> [15:24:53.481] Failed to apply action. Result = <nil> : <tgtCluster_tgtShard_0_44> [15:24:53.481] Failed to download the snapshot : <tgtCluster_tgtShard_0_44> [15:24:53.481] Error while waiting for third party to copy backup to /fimongo1/data : <tgtCluster_tgtShard_0_44> [15:24:53.481] Observed error when trying to mark node as ready for copy files. : <tgtCluster_tgtShard_0_44> [15:24:53.481] Got return status 404 Not Found when trying to mark node ready for copy files.",
      "hostname": "rmdb8",
      "id": "rmdb8:37017",
      "port": 37017,
      "rsId": "tgtShard_0",
      "state": "RECOVERY_IN_PROGRESS",
      "stateUpdateTime": 1790968530
    },
    {
      "error": null,
      "hostname": "rmdb13",
      "id": "rmdb13:37017",
      "port": 37017,
      "rsId": "tgtShard_0",
      "state": "RECOVERY_IN_PROGRESS",
      "stateUpdateTime": 1790917247
    },
    {
      "error": "<tgtCluster_tgtShard_0_42> [15:24:00.595] Plan execution failed on step MakeBackupDataAvailable as part of move RestoreRsMemberFromBackupPhase1 : <tgtCluster_tgtShard_0_42> [15:24:00.595] Failed to apply action. Result = <nil> : <tgtCluster_tgtShard_0_42> [15:24:00.595] Failed to download the snapshot : <tgtCluster_tgtShard_0_42> [15:24:00.595] Error while waiting for third party to copy backup to /fimongo1/data : <tgtCluster_tgtShard_0_42> [15:24:00.595] Observed error when trying to mark node as ready for copy files. : <tgtCluster_tgtShard_0_42> [15:24:00.595] Got return status 404 Not Found when trying to mark node ready for copy files.",
      "hostname": "rmdb1",
      "id": "rmdb1:37017",
      "port": 37017,
      "rsId": "tgtShard_0",
      "state": "RECOVERY_IN_PROGRESS",
      "stateUpdateTime": 1790963978
    },
    {
      "error": "<tgtCluster_tgtShard_0_43> [15:24:45.227] Plan execution failed on step MakeBackupDataAvailable as part of move RestoreRsMemberFromBackupPhase1 : <tgtCluster_tgtShard_0_43> [15:24:45.227] Failed to apply action. Result = <nil> : <tgtCluster_tgtShard_0_43> [15:24:45.226] Failed to download the snapshot : <tgtCluster_tgtShard_0_43> [15:24:45.226] Error while waiting for third party to copy backup to /fimongo1/data : <tgtCluster_tgtShard_0_43> [15:24:45.226] Observed error when trying to mark node as ready for copy files. : <tgtCluster_tgtShard_0_43> [15:24:45.226] Got return status 404 Not Found when trying to mark node ready for copy files.",
      "hostname": "rmdb3",
      "id": "rmdb3:37017",
      "port": 37017,
      "rsId": "tgtShard_0",
      "state": "RECOVERY_IN_PROGRESS",
      "stateUpdateTime": 1790967977
    },
    {
      "error": null,
      "hostname": "rmdb11",
      "id": "rmdb11:37017",
      "port": 37017,
      "rsId": "tgtShard_0",
      "state": "RECOVERY_IN_PROGRESS",
      "stateUpdateTime": 1790917218
    },
    {
      "error": null,
      "hostname": "rmdb7",
      "id": "rmdb7:37017",
      "port": 37017,
      "rsId": "tgtconfigRS",
      "state": "RECOVERY_IN_PROGRESS",
      "stateUpdateTime": 1790917195
    },
    {
      "error": null,
      "hostname": "rmdb-config1",
      "id": "rmdb-config1:37017",
      "port": 37017,
      "rsId": "tgtconfigRS",
      "state": "RECOVERY_IN_PROGRESS",
      "stateUpdateTime": 1790917145
    },
    {
      "error": null,
      "hostname": "rmdb-config2",
      "id": "rmdb-config2:37017",
      "port": 37017,
      "rsId": "tgtconfigRS",
      "state": "RECOVERY_IN_PROGRESS",
      "stateUpdateTime": 1790917166
    }
  ],
  "state": "RECOVERY_IN_PROGRESS"
}
2026-10-02 14:25:06,867 [INFO] Restore state: RECOVERY_IN_PROGRESS
2026-10-02 14:25:16,868 [DEBUG] API GET http://129.40.36.100:8080/api/public/v1.0/backup/third_party/group/6a386221ee19a6537cc68a97/restore/6abf3847457a6b80701899fb
2026-10-02 14:25:17,012 [DEBUG] STATUS 200
2026-10-02 14:25:17,012 [DEBUG] {
  "clusterMapping": [
    {
      "rsId": "sgcShard_0",
      "targetRsId": "tgtShard_0"
    },
    {
      "rsId": "sgcShard_1",
      "targetRsId": "tgtShard_1"
    },
    {
      "rsId": "configRS",
      "targetRsId": "tgtconfigRS"
    }
  ],
  "nodes": [
    {
      "error": "<tgtCluster_tgtShard_1_64> [15:24:22.506] Plan execution failed on step MarkRestoreStarted as part of move RestoreRsMemberFromBackupPhase1 : <tgtCluster_tgtShard_1_64> [15:24:22.506] Failed to apply action. Result = <nil> : <tgtCluster_tgtShard_1_64> [15:24:22.506] Error creating /fimongo1/data : <tgtCluster_tgtShard_1_64> [15:24:22.506] Error making directory = /fimongo1/data with permissions = -rwxrwxrwx : mkdir /fimongo1/data: permission denied",
      "hostname": "rmdb12",
      "id": "rmdb12:37017",
      "port": 37017,
      "rsId": "tgtShard_1",
      "state": "RECOVERY_IN_PROGRESS",
      "stateUpdateTime": 1790969076
    },
    {
      "error": "<tgtCluster_tgtShard_1_66> [15:24:51.932] Plan execution failed on step MakeBackupDataAvailable as part of move RestoreRsMemberFromBackupPhase1 : <tgtCluster_tgtShard_1_66> [15:24:51.932] Failed to apply action. Result = <nil> : <tgtCluster_tgtShard_1_66> [15:24:51.931] Failed to download the snapshot : <tgtCluster_tgtShard_1_66> [15:24:51.931] Error while waiting for third party to copy backup to /fimongo1/data : <tgtCluster_tgtShard_1_66> [15:24:51.931] Observed error when trying to mark node as ready for copy files. : <tgtCluster_tgtShard_1_66> [15:24:51.931] Got return status 404 Not Found when trying to mark node ready for copy files.",
      "hostname": "rmdb14",
      "id": "rmdb14:37017",
      "port": 37017,
      "rsId": "tgtShard_1",
      "state": "RECOVERY_IN_PROGRESS",
      "stateUpdateTime": 1790968879
    },
    {
      "error": null,
      "hostname": "rmdb9",
      "id": "rmdb9:37017",
      "port": 37017,
      "rsId": "tgtShard_1",
      "state": "RECOVERY_IN_PROGRESS",
      "stateUpdateTime": 1790968923
    },
    {
      "error": "<tgtCluster_tgtShard_1_46> [15:25:01.728] Plan execution failed on step MakeBackupDataAvailable as part of move RestoreRsMemberFromBackupPhase1 : <tgtCluster_tgtShard_1_46> [15:25:01.728] Failed to apply action. Result = <nil> : <tgtCluster_tgtShard_1_46> [15:25:01.728] Failed to download the snapshot : <tgtCluster_tgtShard_1_46> [15:25:01.728] Error while waiting for third party to copy backup to /fimongo1/data : <tgtCluster_tgtShard_1_46> [15:25:01.728] Observed error when trying to mark node as ready for copy files. : <tgtCluster_tgtShard_1_46> [15:25:01.728] Got return status 404 Not Found when trying to mark node ready for copy files.",
      "hostname": "rmdb4",
      "id": "rmdb4:37017",
      "port": 37017,
      "rsId": "tgtShard_1",
      "state": "RECOVERY_IN_PROGRESS",
      "stateUpdateTime": 1790968901
    },
    {
      "error": "<tgtCluster_tgtShard_1_45> [15:25:01.407] Plan execution failed on step MakeBackupDataAvailable as part of move RestoreRsMemberFromBackupPhase1 : <tgtCluster_tgtShard_1_45> [15:25:01.407] Failed to apply action. Result = <nil> : <tgtCluster_tgtShard_1_45> [15:25:01.407] Failed to download the snapshot : <tgtCluster_tgtShard_1_45> [15:25:01.407] Error while waiting for third party to copy backup to /fimongo1/data : <tgtCluster_tgtShard_1_45> [15:25:01.407] Observed error when trying to mark node as ready for copy files. : <tgtCluster_tgtShard_1_45> [15:25:01.407] Got return status 404 Not Found when trying to mark node ready for copy files.",
      "hostname": "rmdb2",
      "id": "rmdb2:37017",
      "port": 37017,
      "rsId": "tgtShard_1",
      "state": "RECOVERY_IN_PROGRESS",
      "stateUpdateTime": 1790968681
    },
    {
      "error": "<tgtCluster_tgtShard_0_44> [15:24:53.481] Plan execution failed on step MakeBackupDataAvailable as part of move RestoreRsMemberFromBackupPhase1 : <tgtCluster_tgtShard_0_44> [15:24:53.481] Failed to apply action. Result = <nil> : <tgtCluster_tgtShard_0_44> [15:24:53.481] Failed to download the snapshot : <tgtCluster_tgtShard_0_44> [15:24:53.481] Error while waiting for third party to copy backup to /fimongo1/data : <tgtCluster_tgtShard_0_44> [15:24:53.481] Observed error when trying to mark node as ready for copy files. : <tgtCluster_tgtShard_0_44> [15:24:53.481] Got return status 404 Not Found when trying to mark node ready for copy files.",
      "hostname": "rmdb8",
      "id": "rmdb8:37017",
      "port": 37017,
      "rsId": "tgtShard_0",
      "state": "RECOVERY_IN_PROGRESS",
      "stateUpdateTime": 1790968530
    },
    {
      "error": null,
      "hostname": "rmdb13",
      "id": "rmdb13:37017",
      "port": 37017,
      "rsId": "tgtShard_0",
      "state": "RECOVERY_IN_PROGRESS",
      "stateUpdateTime": 1790917247
    },
    {
      "error": "<tgtCluster_tgtShard_0_42> [15:25:01.533] Plan execution failed on step MakeBackupDataAvailable as part of move RestoreRsMemberFromBackupPhase1 : <tgtCluster_tgtShard_0_42> [15:25:01.533] Failed to apply action. Result = <nil> : <tgtCluster_tgtShard_0_42> [15:25:01.533] Failed to download the snapshot : <tgtCluster_tgtShard_0_42> [15:25:01.533] Error while waiting for third party to copy backup to /fimongo1/data : <tgtCluster_tgtShard_0_42> [15:25:01.533] Observed error when trying to mark node as ready for copy files. : <tgtCluster_tgtShard_0_42> [15:25:01.533] Got return status 404 Not Found when trying to mark node ready for copy files.",
      "hostname": "rmdb1",
      "id": "rmdb1:37017",
      "port": 37017,
      "rsId": "tgtShard_0",
      "state": "RECOVERY_IN_PROGRESS",
      "stateUpdateTime": 1790963978
    },
    {
      "error": "<tgtCluster_tgtShard_0_43> [15:24:45.227] Plan execution failed on step MakeBackupDataAvailable as part of move RestoreRsMemberFromBackupPhase1 : <tgtCluster_tgtShard_0_43> [15:24:45.227] Failed to apply action. Result = <nil> : <tgtCluster_tgtShard_0_43> [15:24:45.226] Failed to download the snapshot : <tgtCluster_tgtShard_0_43> [15:24:45.226] Error while waiting for third party to copy backup to /fimongo1/data : <tgtCluster_tgtShard_0_43> [15:24:45.226] Observed error when trying to mark node as ready for copy files. : <tgtCluster_tgtShard_0_43> [15:24:45.226] Got return status 404 Not Found when trying to mark node ready for copy files.",
      "hostname": "rmdb3",
      "id": "rmdb3:37017",
      "port": 37017,
      "rsId": "tgtShard_0",
      "state": "RECOVERY_IN_PROGRESS",
      "stateUpdateTime": 1790967977
    },
    {
      "error": null,
      "hostname": "rmdb11",
      "id": "rmdb11:37017",
      "port": 37017,
      "rsId": "tgtShard_0",
      "state": "RECOVERY_IN_PROGRESS",
      "stateUpdateTime": 1790917218
    },
    {
      "error": null,
      "hostname": "rmdb7",
      "id": "rmdb7:37017",
      "port": 37017,
      "rsId": "tgtconfigRS",
      "state": "RECOVERY_IN_PROGRESS",
      "stateUpdateTime": 1790917195
    },
    {
      "error": null,
      "hostname": "rmdb-config1",
      "id": "rmdb-config1:37017",
      "port": 37017,
      "rsId": "tgtconfigRS",
      "state": "RECOVERY_IN_PROGRESS",
      "stateUpdateTime": 1790917145
    },
    {
      "error": null,
      "hostname": "rmdb-config2",
      "id": "rmdb-config2:37017",
      "port": 37017,
      "rsId": "tgtconfigRS",
      "state": "RECOVERY_IN_PROGRESS",
      "stateUpdateTime": 1790917166
    }
  ],
  "state": "RECOVERY_IN_PROGRESS"
}
2026-10-02 14:25:17,012 [INFO] Restore state: RECOVERY_IN_PROGRESS
2026-10-02 14:25:27,012 [DEBUG] API GET http://129.40.36.100:8080/api/public/v1.0/backup/third_party/group/6a386221ee19a6537cc68a97/restore/6abf3847457a6b80701899fb
2026-10-02 14:25:27,231 [DEBUG] STATUS 200
2026-10-02 14:25:27,231 [DEBUG] {
  "clusterMapping": [
    {
      "rsId": "sgcShard_0",
      "targetRsId": "tgtShard_0"
    },
    {
      "rsId": "sgcShard_1",
      "targetRsId": "tgtShard_1"
    },
    {
      "rsId": "configRS",
      "targetRsId": "tgtconfigRS"
    }
  ],
  "nodes": [
    {
      "error": "<tgtCluster_tgtShard_1_64> [15:24:22.506] Plan execution failed on step MarkRestoreStarted as part of move RestoreRsMemberFromBackupPhase1 : <tgtCluster_tgtShard_1_64> [15:24:22.506] Failed to apply action. Result = <nil> : <tgtCluster_tgtShard_1_64> [15:24:22.506] Error creating /fimongo1/data : <tgtCluster_tgtShard_1_64> [15:24:22.506] Error making directory = /fimongo1/data with permissions = -rwxrwxrwx : mkdir /fimongo1/data: permission denied",
      "hostname": "rmdb12",
      "id": "rmdb12:37017",
      "port": 37017,
      "rsId": "tgtShard_1",
      "state": "RECOVERY_IN_PROGRESS",
      "stateUpdateTime": 1790969076
    },
    {
      "error": "<tgtCluster_tgtShard_1_66> [15:24:51.932] Plan execution failed on step MakeBackupDataAvailable as part of move RestoreRsMemberFromBackupPhase1 : <tgtCluster_tgtShard_1_66> [15:24:51.932] Failed to apply action. Result = <nil> : <tgtCluster_tgtShard_1_66> [15:24:51.931] Failed to download the snapshot : <tgtCluster_tgtShard_1_66> [15:24:51.931] Error while waiting for third party to copy backup to /fimongo1/data : <tgtCluster_tgtShard_1_66> [15:24:51.931] Observed error when trying to mark node as ready for copy files. : <tgtCluster_tgtShard_1_66> [15:24:51.931] Got return status 404 Not Found when trying to mark node ready for copy files.",
      "hostname": "rmdb14",
      "id": "rmdb14:37017",
      "port": 37017,
      "rsId": "tgtShard_1",
      "state": "RECOVERY_IN_PROGRESS",
      "stateUpdateTime": 1790968879
    },
    {
      "error": "<tgtCluster_tgtShard_1_47> [15:25:17.231] Plan execution failed on step MakeBackupDataAvailable as part of move RestoreRsMemberFromBackupPhase1 : <tgtCluster_tgtShard_1_47> [15:25:17.231] Failed to apply action. Result = <nil> : <tgtCluster_tgtShard_1_47> [15:25:17.231] Failed to download the snapshot : <tgtCluster_tgtShard_1_47> [15:25:17.231] Error while waiting for third party to copy backup to /fimongo1/data : <tgtCluster_tgtShard_1_47> [15:25:17.231] Observed error when trying to mark node as ready for copy files. : <tgtCluster_tgtShard_1_47> [15:25:17.231] Got return status 404 Not Found when trying to mark node ready for copy files.",
      "hostname": "rmdb9",
      "id": "rmdb9:37017",
      "port": 37017,
      "rsId": "tgtShard_1",
      "state": "RECOVERY_IN_PROGRESS",
      "stateUpdateTime": 1790968923
    },
    {
      "error": "<tgtCluster_tgtShard_1_46> [15:25:01.728] Plan execution failed on step MakeBackupDataAvailable as part of move RestoreRsMemberFromBackupPhase1 : <tgtCluster_tgtShard_1_46> [15:25:01.728] Failed to apply action. Result = <nil> : <tgtCluster_tgtShard_1_46> [15:25:01.728] Failed to download the snapshot : <tgtCluster_tgtShard_1_46> [15:25:01.728] Error while waiting for third party to copy backup to /fimongo1/data : <tgtCluster_tgtShard_1_46> [15:25:01.728] Observed error when trying to mark node as ready for copy files. : <tgtCluster_tgtShard_1_46> [15:25:01.728] Got return status 404 Not Found when trying to mark node ready for copy files.",
      "hostname": "rmdb4",
      "id": "rmdb4:37017",
      "port": 37017,
      "rsId": "tgtShard_1",
      "state": "RECOVERY_IN_PROGRESS",
      "stateUpdateTime": 1790968901
    },
    {
      "error": "<tgtCluster_tgtShard_1_45> [15:25:01.407] Plan execution failed on step MakeBackupDataAvailable as part of move RestoreRsMemberFromBackupPhase1 : <tgtCluster_tgtShard_1_45> [15:25:01.407] Failed to apply action. Result = <nil> : <tgtCluster_tgtShard_1_45> [15:25:01.407] Failed to download the snapshot : <tgtCluster_tgtShard_1_45> [15:25:01.407] Error while waiting for third party to copy backup to /fimongo1/data : <tgtCluster_tgtShard_1_45> [15:25:01.407] Observed error when trying to mark node as ready for copy files. : <tgtCluster_tgtShard_1_45> [15:25:01.407] Got return status 404 Not Found when trying to mark node ready for copy files.",
      "hostname": "rmdb2",
      "id": "rmdb2:37017",
      "port": 37017,
      "rsId": "tgtShard_1",
      "state": "RECOVERY_IN_PROGRESS",
      "stateUpdateTime": 1790968681
    },
    {
      "error": "<tgtCluster_tgtShard_0_44> [15:24:53.481] Plan execution failed on step MakeBackupDataAvailable as part of move RestoreRsMemberFromBackupPhase1 : <tgtCluster_tgtShard_0_44> [15:24:53.481] Failed to apply action. Result = <nil> : <tgtCluster_tgtShard_0_44> [15:24:53.481] Failed to download the snapshot : <tgtCluster_tgtShard_0_44> [15:24:53.481] Error while waiting for third party to copy backup to /fimongo1/data : <tgtCluster_tgtShard_0_44> [15:24:53.481] Observed error when trying to mark node as ready for copy files. : <tgtCluster_tgtShard_0_44> [15:24:53.481] Got return status 404 Not Found when trying to mark node ready for copy files.",
      "hostname": "rmdb8",
      "id": "rmdb8:37017",
      "port": 37017,
      "rsId": "tgtShard_0",
      "state": "RECOVERY_IN_PROGRESS",
      "stateUpdateTime": 1790968530
    },
    {
      "error": null,
      "hostname": "rmdb13",
      "id": "rmdb13:37017",
      "port": 37017,
      "rsId": "tgtShard_0",
      "state": "RECOVERY_IN_PROGRESS",
      "stateUpdateTime": 1790917247
    },
    {
      "error": "<tgtCluster_tgtShard_0_42> [15:25:01.533] Plan execution failed on step MakeBackupDataAvailable as part of move RestoreRsMemberFromBackupPhase1 : <tgtCluster_tgtShard_0_42> [15:25:01.533] Failed to apply action. Result = <nil> : <tgtCluster_tgtShard_0_42> [15:25:01.533] Failed to download the snapshot : <tgtCluster_tgtShard_0_42> [15:25:01.533] Error while waiting for third party to copy backup to /fimongo1/data : <tgtCluster_tgtShard_0_42> [15:25:01.533] Observed error when trying to mark node as ready for copy files. : <tgtCluster_tgtShard_0_42> [15:25:01.533] Got return status 404 Not Found when trying to mark node ready for copy files.",
      "hostname": "rmdb1",
      "id": "rmdb1:37017",
      "port": 37017,
      "rsId": "tgtShard_0",
      "state": "RECOVERY_IN_PROGRESS",
      "stateUpdateTime": 1790963978
    },
    {
      "error": "<tgtCluster_tgtShard_0_43> [15:24:45.227] Plan execution failed on step MakeBackupDataAvailable as part of move RestoreRsMemberFromBackupPhase1 : <tgtCluster_tgtShard_0_43> [15:24:45.227] Failed to apply action. Result = <nil> : <tgtCluster_tgtShard_0_43> [15:24:45.226] Failed to download the snapshot : <tgtCluster_tgtShard_0_43> [15:24:45.226] Error while waiting for third party to copy backup to /fimongo1/data : <tgtCluster_tgtShard_0_43> [15:24:45.226] Observed error when trying to mark node as ready for copy files. : <tgtCluster_tgtShard_0_43> [15:24:45.226] Got return status 404 Not Found when trying to mark node ready for copy files.",
      "hostname": "rmdb3",
      "id": "rmdb3:37017",
      "port": 37017,
      "rsId": "tgtShard_0",
      "state": "RECOVERY_IN_PROGRESS",
      "stateUpdateTime": 1790967977
    },
    {
      "error": null,
      "hostname": "rmdb11",
      "id": "rmdb11:37017",
      "port": 37017,
      "rsId": "tgtShard_0",
      "state": "RECOVERY_IN_PROGRESS",
      "stateUpdateTime": 1790917218
    },
    {
      "error": null,
      "hostname": "rmdb7",
      "id": "rmdb7:37017",
      "port": 37017,
      "rsId": "tgtconfigRS",
      "state": "RECOVERY_IN_PROGRESS",
      "stateUpdateTime": 1790917195
    },
    {
      "error": null,
      "hostname": "rmdb-config1",
      "id": "rmdb-config1:37017",
      "port": 37017,
      "rsId": "tgtconfigRS",
      "state": "RECOVERY_IN_PROGRESS",
      "stateUpdateTime": 1790917145
    },
    {
      "error": null,
      "hostname": "rmdb-config2",
      "id": "rmdb-config2:37017",
      "port": 37017,
      "rsId": "tgtconfigRS",
      "state": "RECOVERY_IN_PROGRESS",
      "stateUpdateTime": 1790917166
    }
  ],
  "state": "RECOVERY_IN_PROGRESS"
}
2026-10-02 14:25:27,231 [INFO] Restore state: RECOVERY_IN_PROGRESS
2026-10-02 14:25:37,232 [DEBUG] API GET http://129.40.36.100:8080/api/public/v1.0/backup/third_party/group/6a386221ee19a6537cc68a97/restore/6abf3847457a6b80701899fb
2026-10-02 14:25:37,373 [DEBUG] STATUS 200
2026-10-02 14:25:37,374 [DEBUG] {
  "clusterMapping": [
    {
      "rsId": "sgcShard_0",
      "targetRsId": "tgtShard_0"
    },
    {
      "rsId": "sgcShard_1",
      "targetRsId": "tgtShard_1"
    },
    {
      "rsId": "configRS",
      "targetRsId": "tgtconfigRS"
    }
  ],
  "nodes": [
    {
      "error": "<tgtCluster_tgtShard_1_64> [15:25:24.202] Plan execution failed on step MakeBackupDataAvailable as part of move RestoreRsMemberFromBackupPhase1 : <tgtCluster_tgtShard_1_64> [15:25:24.202] Failed to apply action. Result = <nil> : <tgtCluster_tgtShard_1_64> [15:25:24.202] Failed to download the snapshot : <tgtCluster_tgtShard_1_64> [15:25:24.202] Error while waiting for third party to copy backup to /fimongo1/data : <tgtCluster_tgtShard_1_64> [15:25:24.202] Observed error when trying to mark node as ready for copy files. : <tgtCluster_tgtShard_1_64> [15:25:24.202] Got return status 404 Not Found when trying to mark node ready for copy files.",
      "hostname": "rmdb12",
      "id": "rmdb12:37017",
      "port": 37017,
      "rsId": "tgtShard_1",
      "state": "RECOVERY_IN_PROGRESS",
      "stateUpdateTime": 1790969076
    },
    {
      "error": "<tgtCluster_tgtShard_1_66> [15:24:51.932] Plan execution failed on step MakeBackupDataAvailable as part of move RestoreRsMemberFromBackupPhase1 : <tgtCluster_tgtShard_1_66> [15:24:51.932] Failed to apply action. Result = <nil> : <tgtCluster_tgtShard_1_66> [15:24:51.931] Failed to download the snapshot : <tgtCluster_tgtShard_1_66> [15:24:51.931] Error while waiting for third party to copy backup to /fimongo1/data : <tgtCluster_tgtShard_1_66> [15:24:51.931] Observed error when trying to mark node as ready for copy files. : <tgtCluster_tgtShard_1_66> [15:24:51.931] Got return status 404 Not Found when trying to mark node ready for copy files.",
      "hostname": "rmdb14",
      "id": "rmdb14:37017",
      "port": 37017,
      "rsId": "tgtShard_1",
      "state": "RECOVERY_IN_PROGRESS",
      "stateUpdateTime": 1790968879
    },
    {
      "error": "<tgtCluster_tgtShard_1_47> [15:25:17.231] Plan execution failed on step MakeBackupDataAvailable as part of move RestoreRsMemberFromBackupPhase1 : <tgtCluster_tgtShard_1_47> [15:25:17.231] Failed to apply action. Result = <nil> : <tgtCluster_tgtShard_1_47> [15:25:17.231] Failed to download the snapshot : <tgtCluster_tgtShard_1_47> [15:25:17.231] Error while waiting for third party to copy backup to /fimongo1/data : <tgtCluster_tgtShard_1_47> [15:25:17.231] Observed error when trying to mark node as ready for copy files. : <tgtCluster_tgtShard_1_47> [15:25:17.231] Got return status 404 Not Found when trying to mark node ready for copy files.",
      "hostname": "rmdb9",
      "id": "rmdb9:37017",
      "port": 37017,
      "rsId": "tgtShard_1",
      "state": "RECOVERY_IN_PROGRESS",
      "stateUpdateTime": 1790968923
    },
    {
      "error": "<tgtCluster_tgtShard_1_46> [15:25:01.728] Plan execution failed on step MakeBackupDataAvailable as part of move RestoreRsMemberFromBackupPhase1 : <tgtCluster_tgtShard_1_46> [15:25:01.728] Failed to apply action. Result = <nil> : <tgtCluster_tgtShard_1_46> [15:25:01.728] Failed to download the snapshot : <tgtCluster_tgtShard_1_46> [15:25:01.728] Error while waiting for third party to copy backup to /fimongo1/data : <tgtCluster_tgtShard_1_46> [15:25:01.728] Observed error when trying to mark node as ready for copy files. : <tgtCluster_tgtShard_1_46> [15:25:01.728] Got return status 404 Not Found when trying to mark node ready for copy files.",
      "hostname": "rmdb4",
      "id": "rmdb4:37017",
      "port": 37017,
      "rsId": "tgtShard_1",
      "state": "RECOVERY_IN_PROGRESS",
      "stateUpdateTime": 1790968901
    },
    {
      "error": "<tgtCluster_tgtShard_1_45> [15:25:01.407] Plan execution failed on step MakeBackupDataAvailable as part of move RestoreRsMemberFromBackupPhase1 : <tgtCluster_tgtShard_1_45> [15:25:01.407] Failed to apply action. Result = <nil> : <tgtCluster_tgtShard_1_45> [15:25:01.407] Failed to download the snapshot : <tgtCluster_tgtShard_1_45> [15:25:01.407] Error while waiting for third party to copy backup to /fimongo1/data : <tgtCluster_tgtShard_1_45> [15:25:01.407] Observed error when trying to mark node as ready for copy files. : <tgtCluster_tgtShard_1_45> [15:25:01.407] Got return status 404 Not Found when trying to mark node ready for copy files.",
      "hostname": "rmdb2",
      "id": "rmdb2:37017",
      "port": 37017,
      "rsId": "tgtShard_1",
      "state": "RECOVERY_IN_PROGRESS",
      "stateUpdateTime": 1790968681
    },
    {
      "error": "<tgtCluster_tgtShard_0_44> [15:24:53.481] Plan execution failed on step MakeBackupDataAvailable as part of move RestoreRsMemberFromBackupPhase1 : <tgtCluster_tgtShard_0_44> [15:24:53.481] Failed to apply action. Result = <nil> : <tgtCluster_tgtShard_0_44> [15:24:53.481] Failed to download the snapshot : <tgtCluster_tgtShard_0_44> [15:24:53.481] Error while waiting for third party to copy backup to /fimongo1/data : <tgtCluster_tgtShard_0_44> [15:24:53.481] Observed error when trying to mark node as ready for copy files. : <tgtCluster_tgtShard_0_44> [15:24:53.481] Got return status 404 Not Found when trying to mark node ready for copy files.",
      "hostname": "rmdb8",
      "id": "rmdb8:37017",
      "port": 37017,
      "rsId": "tgtShard_0",
      "state": "RECOVERY_IN_PROGRESS",
      "stateUpdateTime": 1790968530
    },
    {
      "error": null,
      "hostname": "rmdb13",
      "id": "rmdb13:37017",
      "port": 37017,
      "rsId": "tgtShard_0",
      "state": "RECOVERY_IN_PROGRESS",
      "stateUpdateTime": 1790917247
    },
    {
      "error": "<tgtCluster_tgtShard_0_42> [15:25:01.533] Plan execution failed on step MakeBackupDataAvailable as part of move RestoreRsMemberFromBackupPhase1 : <tgtCluster_tgtShard_0_42> [15:25:01.533] Failed to apply action. Result = <nil> : <tgtCluster_tgtShard_0_42> [15:25:01.533] Failed to download the snapshot : <tgtCluster_tgtShard_0_42> [15:25:01.533] Error while waiting for third party to copy backup to /fimongo1/data : <tgtCluster_tgtShard_0_42> [15:25:01.533] Observed error when trying to mark node as ready for copy files. : <tgtCluster_tgtShard_0_42> [15:25:01.533] Got return status 404 Not Found when trying to mark node ready for copy files.",
      "hostname": "rmdb1",
      "id": "rmdb1:37017",
      "port": 37017,
      "rsId": "tgtShard_0",
      "state": "RECOVERY_IN_PROGRESS",
      "stateUpdateTime": 1790963978
    },
    {
      "error": "<tgtCluster_tgtShard_0_43> [15:24:45.227] Plan execution failed on step MakeBackupDataAvailable as part of move RestoreRsMemberFromBackupPhase1 : <tgtCluster_tgtShard_0_43> [15:24:45.227] Failed to apply action. Result = <nil> : <tgtCluster_tgtShard_0_43> [15:24:45.226] Failed to download the snapshot : <tgtCluster_tgtShard_0_43> [15:24:45.226] Error while waiting for third party to copy backup to /fimongo1/data : <tgtCluster_tgtShard_0_43> [15:24:45.226] Observed error when trying to mark node as ready for copy files. : <tgtCluster_tgtShard_0_43> [15:24:45.226] Got return status 404 Not Found when trying to mark node ready for copy files.",
      "hostname": "rmdb3",
      "id": "rmdb3:37017",
      "port": 37017,
      "rsId": "tgtShard_0",
      "state": "RECOVERY_IN_PROGRESS",
      "stateUpdateTime": 1790967977
    },
    {
      "error": null,
      "hostname": "rmdb11",
      "id": "rmdb11:37017",
      "port": 37017,
      "rsId": "tgtShard_0",
      "state": "RECOVERY_IN_PROGRESS",
      "stateUpdateTime": 1790917218
    },
    {
      "error": null,
      "hostname": "rmdb7",
      "id": "rmdb7:37017",
      "port": 37017,
      "rsId": "tgtconfigRS",
      "state": "RECOVERY_IN_PROGRESS",
      "stateUpdateTime": 1790917195
    },
    {
      "error": null,
      "hostname": "rmdb-config1",
      "id": "rmdb-config1:37017",
      "port": 37017,
      "rsId": "tgtconfigRS",
      "state": "RECOVERY_IN_PROGRESS",
      "stateUpdateTime": 1790917145
    },
    {
      "error": null,
      "hostname": "rmdb-config2",
      "id": "rmdb-config2:37017",
      "port": 37017,
      "rsId": "tgtconfigRS",
      "state": "RECOVERY_IN_PROGRESS",
      "stateUpdateTime": 1790917166
    }
  ],
  "state": "RECOVERY_IN_PROGRESS"
}
2026-10-02 14:25:37,374 [INFO] Restore state: RECOVERY_IN_PROGRESS
2026-10-02 14:25:47,374 [DEBUG] API GET http://129.40.36.100:8080/api/public/v1.0/backup/third_party/group/6a386221ee19a6537cc68a97/restore/6abf3847457a6b80701899fb
2026-10-02 14:25:47,537 [DEBUG] STATUS 200
2026-10-02 14:25:47,538 [DEBUG] {
  "clusterMapping": [
    {
      "rsId": "sgcShard_0",
      "targetRsId": "tgtShard_0"
    },
    {
      "rsId": "sgcShard_1",
      "targetRsId": "tgtShard_1"
    },
    {
      "rsId": "configRS",
      "targetRsId": "tgtconfigRS"
    }
  ],
  "nodes": [
    {
      "error": "<tgtCluster_tgtShard_1_64> [15:25:24.202] Plan execution failed on step MakeBackupDataAvailable as part of move RestoreRsMemberFromBackupPhase1 : <tgtCluster_tgtShard_1_64> [15:25:24.202] Failed to apply action. Result = <nil> : <tgtCluster_tgtShard_1_64> [15:25:24.202] Failed to download the snapshot : <tgtCluster_tgtShard_1_64> [15:25:24.202] Error while waiting for third party to copy backup to /fimongo1/data : <tgtCluster_tgtShard_1_64> [15:25:24.202] Observed error when trying to mark node as ready for copy files. : <tgtCluster_tgtShard_1_64> [15:25:24.202] Got return status 404 Not Found when trying to mark node ready for copy files.",
      "hostname": "rmdb12",
      "id": "rmdb12:37017",
      "port": 37017,
      "rsId": "tgtShard_1",
      "state": "RECOVERY_IN_PROGRESS",
      "stateUpdateTime": 1790969076
    },
    {
      "error": "<tgtCluster_tgtShard_1_66> [15:24:51.932] Plan execution failed on step MakeBackupDataAvailable as part of move RestoreRsMemberFromBackupPhase1 : <tgtCluster_tgtShard_1_66> [15:24:51.932] Failed to apply action. Result = <nil> : <tgtCluster_tgtShard_1_66> [15:24:51.931] Failed to download the snapshot : <tgtCluster_tgtShard_1_66> [15:24:51.931] Error while waiting for third party to copy backup to /fimongo1/data : <tgtCluster_tgtShard_1_66> [15:24:51.931] Observed error when trying to mark node as ready for copy files. : <tgtCluster_tgtShard_1_66> [15:24:51.931] Got return status 404 Not Found when trying to mark node ready for copy files.",
      "hostname": "rmdb14",
      "id": "rmdb14:37017",
      "port": 37017,
      "rsId": "tgtShard_1",
      "state": "RECOVERY_IN_PROGRESS",
      "stateUpdateTime": 1790968879
    },
    {
      "error": "<tgtCluster_tgtShard_1_47> [15:25:17.231] Plan execution failed on step MakeBackupDataAvailable as part of move RestoreRsMemberFromBackupPhase1 : <tgtCluster_tgtShard_1_47> [15:25:17.231] Failed to apply action. Result = <nil> : <tgtCluster_tgtShard_1_47> [15:25:17.231] Failed to download the snapshot : <tgtCluster_tgtShard_1_47> [15:25:17.231] Error while waiting for third party to copy backup to /fimongo1/data : <tgtCluster_tgtShard_1_47> [15:25:17.231] Observed error when trying to mark node as ready for copy files. : <tgtCluster_tgtShard_1_47> [15:25:17.231] Got return status 404 Not Found when trying to mark node ready for copy files.",
      "hostname": "rmdb9",
      "id": "rmdb9:37017",
      "port": 37017,
      "rsId": "tgtShard_1",
      "state": "RECOVERY_IN_PROGRESS",
      "stateUpdateTime": 1790968923
    },
    {
      "error": "<tgtCluster_tgtShard_1_46> [15:25:01.728] Plan execution failed on step MakeBackupDataAvailable as part of move RestoreRsMemberFromBackupPhase1 : <tgtCluster_tgtShard_1_46> [15:25:01.728] Failed to apply action. Result = <nil> : <tgtCluster_tgtShard_1_46> [15:25:01.728] Failed to download the snapshot : <tgtCluster_tgtShard_1_46> [15:25:01.728] Error while waiting for third party to copy backup to /fimongo1/data : <tgtCluster_tgtShard_1_46> [15:25:01.728] Observed error when trying to mark node as ready for copy files. : <tgtCluster_tgtShard_1_46> [15:25:01.728] Got return status 404 Not Found when trying to mark node ready for copy files.",
      "hostname": "rmdb4",
      "id": "rmdb4:37017",
      "port": 37017,
      "rsId": "tgtShard_1",
      "state": "RECOVERY_IN_PROGRESS",
      "stateUpdateTime": 1790968901
    },
    {
      "error": "<tgtCluster_tgtShard_1_45> [15:25:01.407] Plan execution failed on step MakeBackupDataAvailable as part of move RestoreRsMemberFromBackupPhase1 : <tgtCluster_tgtShard_1_45> [15:25:01.407] Failed to apply action. Result = <nil> : <tgtCluster_tgtShard_1_45> [15:25:01.407] Failed to download the snapshot : <tgtCluster_tgtShard_1_45> [15:25:01.407] Error while waiting for third party to copy backup to /fimongo1/data : <tgtCluster_tgtShard_1_45> [15:25:01.407] Observed error when trying to mark node as ready for copy files. : <tgtCluster_tgtShard_1_45> [15:25:01.407] Got return status 404 Not Found when trying to mark node ready for copy files.",
      "hostname": "rmdb2",
      "id": "rmdb2:37017",
      "port": 37017,
      "rsId": "tgtShard_1",
      "state": "RECOVERY_IN_PROGRESS",
      "stateUpdateTime": 1790968681
    },
    {
      "error": "<tgtCluster_tgtShard_0_44> [15:24:53.481] Plan execution failed on step MakeBackupDataAvailable as part of move RestoreRsMemberFromBackupPhase1 : <tgtCluster_tgtShard_0_44> [15:24:53.481] Failed to apply action. Result = <nil> : <tgtCluster_tgtShard_0_44> [15:24:53.481] Failed to download the snapshot : <tgtCluster_tgtShard_0_44> [15:24:53.481] Error while waiting for third party to copy backup to /fimongo1/data : <tgtCluster_tgtShard_0_44> [15:24:53.481] Observed error when trying to mark node as ready for copy files. : <tgtCluster_tgtShard_0_44> [15:24:53.481] Got return status 404 Not Found when trying to mark node ready for copy files.",
      "hostname": "rmdb8",
      "id": "rmdb8:37017",
      "port": 37017,
      "rsId": "tgtShard_0",
      "state": "RECOVERY_IN_PROGRESS",
      "stateUpdateTime": 1790968530
    },
    {
      "error": null,
      "hostname": "rmdb13",
      "id": "rmdb13:37017",
      "port": 37017,
      "rsId": "tgtShard_0",
      "state": "RECOVERY_IN_PROGRESS",
      "stateUpdateTime": 1790917247
    },
    {
      "error": "<tgtCluster_tgtShard_0_42> [15:25:01.533] Plan execution failed on step MakeBackupDataAvailable as part of move RestoreRsMemberFromBackupPhase1 : <tgtCluster_tgtShard_0_42> [15:25:01.533] Failed to apply action. Result = <nil> : <tgtCluster_tgtShard_0_42> [15:25:01.533] Failed to download the snapshot : <tgtCluster_tgtShard_0_42> [15:25:01.533] Error while waiting for third party to copy backup to /fimongo1/data : <tgtCluster_tgtShard_0_42> [15:25:01.533] Observed error when trying to mark node as ready for copy files. : <tgtCluster_tgtShard_0_42> [15:25:01.533] Got return status 404 Not Found when trying to mark node ready for copy files.",
      "hostname": "rmdb1",
      "id": "rmdb1:37017",
      "port": 37017,
      "rsId": "tgtShard_0",
      "state": "RECOVERY_IN_PROGRESS",
      "stateUpdateTime": 1790963978
    },
    {
      "error": "<tgtCluster_tgtShard_0_43> [15:24:45.227] Plan execution failed on step MakeBackupDataAvailable as part of move RestoreRsMemberFromBackupPhase1 : <tgtCluster_tgtShard_0_43> [15:24:45.227] Failed to apply action. Result = <nil> : <tgtCluster_tgtShard_0_43> [15:24:45.226] Failed to download the snapshot : <tgtCluster_tgtShard_0_43> [15:24:45.226] Error while waiting for third party to copy backup to /fimongo1/data : <tgtCluster_tgtShard_0_43> [15:24:45.226] Observed error when trying to mark node as ready for copy files. : <tgtCluster_tgtShard_0_43> [15:24:45.226] Got return status 404 Not Found when trying to mark node ready for copy files.",
      "hostname": "rmdb3",
      "id": "rmdb3:37017",
      "port": 37017,
      "rsId": "tgtShard_0",
      "state": "RECOVERY_IN_PROGRESS",
      "stateUpdateTime": 1790967977
    },
    {
      "error": null,
      "hostname": "rmdb11",
      "id": "rmdb11:37017",
      "port": 37017,
      "rsId": "tgtShard_0",
      "state": "RECOVERY_IN_PROGRESS",
      "stateUpdateTime": 1790917218
    },
    {
      "error": null,
      "hostname": "rmdb7",
      "id": "rmdb7:37017",
      "port": 37017,
      "rsId": "tgtconfigRS",
      "state": "RECOVERY_IN_PROGRESS",
      "stateUpdateTime": 1790917195
    },
    {
      "error": null,
      "hostname": "rmdb-config1",
      "id": "rmdb-config1:37017",
      "port": 37017,
      "rsId": "tgtconfigRS",
      "state": "RECOVERY_IN_PROGRESS",
      "stateUpdateTime": 1790917145
    },
    {
      "error": null,
      "hostname": "rmdb-config2",
      "id": "rmdb-config2:37017",
      "port": 37017,
      "rsId": "tgtconfigRS",
      "state": "RECOVERY_IN_PROGRESS",
      "stateUpdateTime": 1790917166
    }
  ],
  "state": "RECOVERY_IN_PROGRESS"
}
2026-10-02 14:25:47,538 [INFO] Restore state: RECOVERY_IN_PROGRESS
2026-10-02 14:25:57,539 [DEBUG] API GET http://129.40.36.100:8080/api/public/v1.0/backup/third_party/group/6a386221ee19a6537cc68a97/restore/6abf3847457a6b80701899fb
2026-10-02 14:25:57,683 [DEBUG] STATUS 200
2026-10-02 14:25:57,683 [DEBUG] {
  "clusterMapping": [
    {
      "rsId": "sgcShard_0",
      "targetRsId": "tgtShard_0"
    },
    {
      "rsId": "sgcShard_1",
      "targetRsId": "tgtShard_1"
    },
    {
      "rsId": "configRS",
      "targetRsId": "tgtconfigRS"
    }
  ],
  "nodes": [
    {
      "error": "<tgtCluster_tgtShard_1_64> [15:25:24.202] Plan execution failed on step MakeBackupDataAvailable as part of move RestoreRsMemberFromBackupPhase1 : <tgtCluster_tgtShard_1_64> [15:25:24.202] Failed to apply action. Result = <nil> : <tgtCluster_tgtShard_1_64> [15:25:24.202] Failed to download the snapshot : <tgtCluster_tgtShard_1_64> [15:25:24.202] Error while waiting for third party to copy backup to /fimongo1/data : <tgtCluster_tgtShard_1_64> [15:25:24.202] Observed error when trying to mark node as ready for copy files. : <tgtCluster_tgtShard_1_64> [15:25:24.202] Got return status 404 Not Found when trying to mark node ready for copy files.",
      "hostname": "rmdb12",
      "id": "rmdb12:37017",
      "port": 37017,
      "rsId": "tgtShard_1",
      "state": "RECOVERY_IN_PROGRESS",
      "stateUpdateTime": 1790969076
    },
    {
      "error": "<tgtCluster_tgtShard_1_66> [15:25:53.474] Plan execution failed on step MakeBackupDataAvailable as part of move RestoreRsMemberFromBackupPhase1 : <tgtCluster_tgtShard_1_66> [15:25:53.473] Failed to apply action. Result = <nil> : <tgtCluster_tgtShard_1_66> [15:25:53.473] Failed to download the snapshot : <tgtCluster_tgtShard_1_66> [15:25:53.473] Error while waiting for third party to copy backup to /fimongo1/data : <tgtCluster_tgtShard_1_66> [15:25:53.473] Observed error when trying to mark node as ready for copy files. : <tgtCluster_tgtShard_1_66> [15:25:53.473] Got return status 404 Not Found when trying to mark node ready for copy files.",
      "hostname": "rmdb14",
      "id": "rmdb14:37017",
      "port": 37017,
      "rsId": "tgtShard_1",
      "state": "RECOVERY_IN_PROGRESS",
      "stateUpdateTime": 1790968879
    },
    {
      "error": "<tgtCluster_tgtShard_1_47> [15:25:17.231] Plan execution failed on step MakeBackupDataAvailable as part of move RestoreRsMemberFromBackupPhase1 : <tgtCluster_tgtShard_1_47> [15:25:17.231] Failed to apply action. Result = <nil> : <tgtCluster_tgtShard_1_47> [15:25:17.231] Failed to download the snapshot : <tgtCluster_tgtShard_1_47> [15:25:17.231] Error while waiting for third party to copy backup to /fimongo1/data : <tgtCluster_tgtShard_1_47> [15:25:17.231] Observed error when trying to mark node as ready for copy files. : <tgtCluster_tgtShard_1_47> [15:25:17.231] Got return status 404 Not Found when trying to mark node ready for copy files.",
      "hostname": "rmdb9",
      "id": "rmdb9:37017",
      "port": 37017,
      "rsId": "tgtShard_1",
      "state": "RECOVERY_IN_PROGRESS",
      "stateUpdateTime": 1790968923
    },
    {
      "error": "<tgtCluster_tgtShard_1_46> [15:25:01.728] Plan execution failed on step MakeBackupDataAvailable as part of move RestoreRsMemberFromBackupPhase1 : <tgtCluster_tgtShard_1_46> [15:25:01.728] Failed to apply action. Result = <nil> : <tgtCluster_tgtShard_1_46> [15:25:01.728] Failed to download the snapshot : <tgtCluster_tgtShard_1_46> [15:25:01.728] Error while waiting for third party to copy backup to /fimongo1/data : <tgtCluster_tgtShard_1_46> [15:25:01.728] Observed error when trying to mark node as ready for copy files. : <tgtCluster_tgtShard_1_46> [15:25:01.728] Got return status 404 Not Found when trying to mark node ready for copy files.",
      "hostname": "rmdb4",
      "id": "rmdb4:37017",
      "port": 37017,
      "rsId": "tgtShard_1",
      "state": "RECOVERY_IN_PROGRESS",
      "stateUpdateTime": 1790968901
    },
    {
      "error": "<tgtCluster_tgtShard_1_45> [15:25:01.407] Plan execution failed on step MakeBackupDataAvailable as part of move RestoreRsMemberFromBackupPhase1 : <tgtCluster_tgtShard_1_45> [15:25:01.407] Failed to apply action. Result = <nil> : <tgtCluster_tgtShard_1_45> [15:25:01.407] Failed to download the snapshot : <tgtCluster_tgtShard_1_45> [15:25:01.407] Error while waiting for third party to copy backup to /fimongo1/data : <tgtCluster_tgtShard_1_45> [15:25:01.407] Observed error when trying to mark node as ready for copy files. : <tgtCluster_tgtShard_1_45> [15:25:01.407] Got return status 404 Not Found when trying to mark node ready for copy files.",
      "hostname": "rmdb2",
      "id": "rmdb2:37017",
      "port": 37017,
      "rsId": "tgtShard_1",
      "state": "RECOVERY_IN_PROGRESS",
      "stateUpdateTime": 1790968681
    },
    {
      "error": "<tgtCluster_tgtShard_0_44> [15:25:54.315] Plan execution failed on step MakeBackupDataAvailable as part of move RestoreRsMemberFromBackupPhase1 : <tgtCluster_tgtShard_0_44> [15:25:54.315] Failed to apply action. Result = <nil> : <tgtCluster_tgtShard_0_44> [15:25:54.315] Failed to download the snapshot : <tgtCluster_tgtShard_0_44> [15:25:54.315] Error while waiting for third party to copy backup to /fimongo1/data : <tgtCluster_tgtShard_0_44> [15:25:54.315] Observed error when trying to mark node as ready for copy files. : <tgtCluster_tgtShard_0_44> [15:25:54.315] Got return status 404 Not Found when trying to mark node ready for copy files.",
      "hostname": "rmdb8",
      "id": "rmdb8:37017",
      "port": 37017,
      "rsId": "tgtShard_0",
      "state": "RECOVERY_IN_PROGRESS",
      "stateUpdateTime": 1790968530
    },
    {
      "error": null,
      "hostname": "rmdb13",
      "id": "rmdb13:37017",
      "port": 37017,
      "rsId": "tgtShard_0",
      "state": "RECOVERY_IN_PROGRESS",
      "stateUpdateTime": 1790917247
    },
    {
      "error": "<tgtCluster_tgtShard_0_42> [15:25:01.533] Plan execution failed on step MakeBackupDataAvailable as part of move RestoreRsMemberFromBackupPhase1 : <tgtCluster_tgtShard_0_42> [15:25:01.533] Failed to apply action. Result = <nil> : <tgtCluster_tgtShard_0_42> [15:25:01.533] Failed to download the snapshot : <tgtCluster_tgtShard_0_42> [15:25:01.533] Error while waiting for third party to copy backup to /fimongo1/data : <tgtCluster_tgtShard_0_42> [15:25:01.533] Observed error when trying to mark node as ready for copy files. : <tgtCluster_tgtShard_0_42> [15:25:01.533] Got return status 404 Not Found when trying to mark node ready for copy files.",
      "hostname": "rmdb1",
      "id": "rmdb1:37017",
      "port": 37017,
      "rsId": "tgtShard_0",
      "state": "RECOVERY_IN_PROGRESS",
      "stateUpdateTime": 1790963978
    },
    {
      "error": "<tgtCluster_tgtShard_0_43> [15:25:45.960] Plan execution failed on step MakeBackupDataAvailable as part of move RestoreRsMemberFromBackupPhase1 : <tgtCluster_tgtShard_0_43> [15:25:45.960] Failed to apply action. Result = <nil> : <tgtCluster_tgtShard_0_43> [15:25:45.960] Failed to download the snapshot : <tgtCluster_tgtShard_0_43> [15:25:45.960] Error while waiting for third party to copy backup to /fimongo1/data : <tgtCluster_tgtShard_0_43> [15:25:45.960] Observed error when trying to mark node as ready for copy files. : <tgtCluster_tgtShard_0_43> [15:25:45.960] Got return status 404 Not Found when trying to mark node ready for copy files.",
      "hostname": "rmdb3",
      "id": "rmdb3:37017",
      "port": 37017,
      "rsId": "tgtShard_0",
      "state": "RECOVERY_IN_PROGRESS",
      "stateUpdateTime": 1790967977
    },
    {
      "error": null,
      "hostname": "rmdb11",
      "id": "rmdb11:37017",
      "port": 37017,
      "rsId": "tgtShard_0",
      "state": "RECOVERY_IN_PROGRESS",
      "stateUpdateTime": 1790917218
    },
    {
      "error": null,
      "hostname": "rmdb7",
      "id": "rmdb7:37017",
      "port": 37017,
      "rsId": "tgtconfigRS",
      "state": "RECOVERY_IN_PROGRESS",
      "stateUpdateTime": 1790917195
    },
    {
      "error": null,
      "hostname": "rmdb-config1",
      "id": "rmdb-config1:37017",
      "port": 37017,
      "rsId": "tgtconfigRS",
      "state": "RECOVERY_IN_PROGRESS",
      "stateUpdateTime": 1790917145
    },
    {
      "error": null,
      "hostname": "rmdb-config2",
      "id": "rmdb-config2:37017",
      "port": 37017,
      "rsId": "tgtconfigRS",
      "state": "RECOVERY_IN_PROGRESS",
      "stateUpdateTime": 1790917166
    }
  ],
  "state": "RECOVERY_IN_PROGRESS"
}
2026-10-02 14:25:57,684 [INFO] Restore state: RECOVERY_IN_PROGRESS
2026-10-02 14:26:07,684 [DEBUG] API GET http://129.40.36.100:8080/api/public/v1.0/backup/third_party/group/6a386221ee19a6537cc68a97/restore/6abf3847457a6b80701899fb
2026-10-02 14:26:07,845 [DEBUG] STATUS 200
2026-10-02 14:26:07,846 [DEBUG] {
  "clusterMapping": [
    {
      "rsId": "sgcShard_0",
      "targetRsId": "tgtShard_0"
    },
    {
      "rsId": "sgcShard_1",
      "targetRsId": "tgtShard_1"
    },
    {
      "rsId": "configRS",
      "targetRsId": "tgtconfigRS"
    }
  ],
  "nodes": [
    {
      "error": "<tgtCluster_tgtShard_1_64> [15:25:24.202] Plan execution failed on step MakeBackupDataAvailable as part of move RestoreRsMemberFromBackupPhase1 : <tgtCluster_tgtShard_1_64> [15:25:24.202] Failed to apply action. Result = <nil> : <tgtCluster_tgtShard_1_64> [15:25:24.202] Failed to download the snapshot : <tgtCluster_tgtShard_1_64> [15:25:24.202] Error while waiting for third party to copy backup to /fimongo1/data : <tgtCluster_tgtShard_1_64> [15:25:24.202] Observed error when trying to mark node as ready for copy files. : <tgtCluster_tgtShard_1_64> [15:25:24.202] Got return status 404 Not Found when trying to mark node ready for copy files.",
      "hostname": "rmdb12",
      "id": "rmdb12:37017",
      "port": 37017,
      "rsId": "tgtShard_1",
      "state": "RECOVERY_IN_PROGRESS",
      "stateUpdateTime": 1790969076
    },
    {
      "error": "<tgtCluster_tgtShard_1_66> [15:25:53.474] Plan execution failed on step MakeBackupDataAvailable as part of move RestoreRsMemberFromBackupPhase1 : <tgtCluster_tgtShard_1_66> [15:25:53.473] Failed to apply action. Result = <nil> : <tgtCluster_tgtShard_1_66> [15:25:53.473] Failed to download the snapshot : <tgtCluster_tgtShard_1_66> [15:25:53.473] Error while waiting for third party to copy backup to /fimongo1/data : <tgtCluster_tgtShard_1_66> [15:25:53.473] Observed error when trying to mark node as ready for copy files. : <tgtCluster_tgtShard_1_66> [15:25:53.473] Got return status 404 Not Found when trying to mark node ready for copy files.",
      "hostname": "rmdb14",
      "id": "rmdb14:37017",
      "port": 37017,
      "rsId": "tgtShard_1",
      "state": "RECOVERY_IN_PROGRESS",
      "stateUpdateTime": 1790968879
    },
    {
      "error": "<tgtCluster_tgtShard_1_47> [15:25:17.231] Plan execution failed on step MakeBackupDataAvailable as part of move RestoreRsMemberFromBackupPhase1 : <tgtCluster_tgtShard_1_47> [15:25:17.231] Failed to apply action. Result = <nil> : <tgtCluster_tgtShard_1_47> [15:25:17.231] Failed to download the snapshot : <tgtCluster_tgtShard_1_47> [15:25:17.231] Error while waiting for third party to copy backup to /fimongo1/data : <tgtCluster_tgtShard_1_47> [15:25:17.231] Observed error when trying to mark node as ready for copy files. : <tgtCluster_tgtShard_1_47> [15:25:17.231] Got return status 404 Not Found when trying to mark node ready for copy files.",
      "hostname": "rmdb9",
      "id": "rmdb9:37017",
      "port": 37017,
      "rsId": "tgtShard_1",
      "state": "RECOVERY_IN_PROGRESS",
      "stateUpdateTime": 1790968923
    },
    {
      "error": "<tgtCluster_tgtShard_1_46> [15:25:01.728] Plan execution failed on step MakeBackupDataAvailable as part of move RestoreRsMemberFromBackupPhase1 : <tgtCluster_tgtShard_1_46> [15:25:01.728] Failed to apply action. Result = <nil> : <tgtCluster_tgtShard_1_46> [15:25:01.728] Failed to download the snapshot : <tgtCluster_tgtShard_1_46> [15:25:01.728] Error while waiting for third party to copy backup to /fimongo1/data : <tgtCluster_tgtShard_1_46> [15:25:01.728] Observed error when trying to mark node as ready for copy files. : <tgtCluster_tgtShard_1_46> [15:25:01.728] Got return status 404 Not Found when trying to mark node ready for copy files.",
      "hostname": "rmdb4",
      "id": "rmdb4:37017",
      "port": 37017,
      "rsId": "tgtShard_1",
      "state": "RECOVERY_IN_PROGRESS",
      "stateUpdateTime": 1790968901
    },
    {
      "error": "<tgtCluster_tgtShard_1_45> [15:25:01.407] Plan execution failed on step MakeBackupDataAvailable as part of move RestoreRsMemberFromBackupPhase1 : <tgtCluster_tgtShard_1_45> [15:25:01.407] Failed to apply action. Result = <nil> : <tgtCluster_tgtShard_1_45> [15:25:01.407] Failed to download the snapshot : <tgtCluster_tgtShard_1_45> [15:25:01.407] Error while waiting for third party to copy backup to /fimongo1/data : <tgtCluster_tgtShard_1_45> [15:25:01.407] Observed error when trying to mark node as ready for copy files. : <tgtCluster_tgtShard_1_45> [15:25:01.407] Got return status 404 Not Found when trying to mark node ready for copy files.",
      "hostname": "rmdb2",
      "id": "rmdb2:37017",
      "port": 37017,
      "rsId": "tgtShard_1",
      "state": "RECOVERY_IN_PROGRESS",
      "stateUpdateTime": 1790968681
    },
    {
      "error": "<tgtCluster_tgtShard_0_44> [15:25:54.315] Plan execution failed on step MakeBackupDataAvailable as part of move RestoreRsMemberFromBackupPhase1 : <tgtCluster_tgtShard_0_44> [15:25:54.315] Failed to apply action. Result = <nil> : <tgtCluster_tgtShard_0_44> [15:25:54.315] Failed to download the snapshot : <tgtCluster_tgtShard_0_44> [15:25:54.315] Error while waiting for third party to copy backup to /fimongo1/data : <tgtCluster_tgtShard_0_44> [15:25:54.315] Observed error when trying to mark node as ready for copy files. : <tgtCluster_tgtShard_0_44> [15:25:54.315] Got return status 404 Not Found when trying to mark node ready for copy files.",
      "hostname": "rmdb8",
      "id": "rmdb8:37017",
      "port": 37017,
      "rsId": "tgtShard_0",
      "state": "RECOVERY_IN_PROGRESS",
      "stateUpdateTime": 1790968530
    },
    {
      "error": null,
      "hostname": "rmdb13",
      "id": "rmdb13:37017",
      "port": 37017,
      "rsId": "tgtShard_0",
      "state": "RECOVERY_IN_PROGRESS",
      "stateUpdateTime": 1790917247
    },
    {
      "error": "<tgtCluster_tgtShard_0_42> [15:25:01.533] Plan execution failed on step MakeBackupDataAvailable as part of move RestoreRsMemberFromBackupPhase1 : <tgtCluster_tgtShard_0_42> [15:25:01.533] Failed to apply action. Result = <nil> : <tgtCluster_tgtShard_0_42> [15:25:01.533] Failed to download the snapshot : <tgtCluster_tgtShard_0_42> [15:25:01.533] Error while waiting for third party to copy backup to /fimongo1/data : <tgtCluster_tgtShard_0_42> [15:25:01.533] Observed error when trying to mark node as ready for copy files. : <tgtCluster_tgtShard_0_42> [15:25:01.533] Got return status 404 Not Found when trying to mark node ready for copy files.",
      "hostname": "rmdb1",
      "id": "rmdb1:37017",
      "port": 37017,
      "rsId": "tgtShard_0",
      "state": "RECOVERY_IN_PROGRESS",
      "stateUpdateTime": 1790963978
    },
    {
      "error": "<tgtCluster_tgtShard_0_43> [15:25:45.960] Plan execution failed on step MakeBackupDataAvailable as part of move RestoreRsMemberFromBackupPhase1 : <tgtCluster_tgtShard_0_43> [15:25:45.960] Failed to apply action. Result = <nil> : <tgtCluster_tgtShard_0_43> [15:25:45.960] Failed to download the snapshot : <tgtCluster_tgtShard_0_43> [15:25:45.960] Error while waiting for third party to copy backup to /fimongo1/data : <tgtCluster_tgtShard_0_43> [15:25:45.960] Observed error when trying to mark node as ready for copy files. : <tgtCluster_tgtShard_0_43> [15:25:45.960] Got return status 404 Not Found when trying to mark node ready for copy files.",
      "hostname": "rmdb3",
      "id": "rmdb3:37017",
      "port": 37017,
      "rsId": "tgtShard_0",
      "state": "RECOVERY_IN_PROGRESS",
      "stateUpdateTime": 1790967977
    },
    {
      "error": null,
      "hostname": "rmdb11",
      "id": "rmdb11:37017",
      "port": 37017,
      "rsId": "tgtShard_0",
      "state": "RECOVERY_IN_PROGRESS",
      "stateUpdateTime": 1790917218
    },
    {
      "error": null,
      "hostname": "rmdb7",
      "id": "rmdb7:37017",
      "port": 37017,
      "rsId": "tgtconfigRS",
      "state": "RECOVERY_IN_PROGRESS",
      "stateUpdateTime": 1790917195
    },
    {
      "error": null,
      "hostname": "rmdb-config1",
      "id": "rmdb-config1:37017",
      "port": 37017,
      "rsId": "tgtconfigRS",
      "state": "RECOVERY_IN_PROGRESS",
      "stateUpdateTime": 1790917145
    },
    {
      "error": null,
      "hostname": "rmdb-config2",
      "id": "rmdb-config2:37017",
      "port": 37017,
      "rsId": "tgtconfigRS",
      "state": "RECOVERY_IN_PROGRESS",
      "stateUpdateTime": 1790917166
    }
  ],
  "state": "RECOVERY_IN_PROGRESS"
}
2026-10-02 14:26:07,846 [INFO] Restore state: RECOVERY_IN_PROGRESS
2026-10-02 14:26:17,846 [DEBUG] API GET http://129.40.36.100:8080/api/public/v1.0/backup/third_party/group/6a386221ee19a6537cc68a97/restore/6abf3847457a6b80701899fb
2026-10-02 14:26:17,988 [DEBUG] STATUS 200
2026-10-02 14:26:17,988 [DEBUG] {
  "clusterMapping": [
    {
      "rsId": "sgcShard_0",
      "targetRsId": "tgtShard_0"
    },
    {
      "rsId": "sgcShard_1",
      "targetRsId": "tgtShard_1"
    },
    {
      "rsId": "configRS",
      "targetRsId": "tgtconfigRS"
    }
  ],
  "nodes": [
    {
      "error": "<tgtCluster_tgtShard_1_64> [15:25:24.202] Plan execution failed on step MakeBackupDataAvailable as part of move RestoreRsMemberFromBackupPhase1 : <tgtCluster_tgtShard_1_64> [15:25:24.202] Failed to apply action. Result = <nil> : <tgtCluster_tgtShard_1_64> [15:25:24.202] Failed to download the snapshot : <tgtCluster_tgtShard_1_64> [15:25:24.202] Error while waiting for third party to copy backup to /fimongo1/data : <tgtCluster_tgtShard_1_64> [15:25:24.202] Observed error when trying to mark node as ready for copy files. : <tgtCluster_tgtShard_1_64> [15:25:24.202] Got return status 404 Not Found when trying to mark node ready for copy files.",
      "hostname": "rmdb12",
      "id": "rmdb12:37017",
      "port": 37017,
      "rsId": "tgtShard_1",
      "state": "RECOVERY_IN_PROGRESS",
      "stateUpdateTime": 1790969076
    },
    {
      "error": "<tgtCluster_tgtShard_1_66> [15:25:53.474] Plan execution failed on step MakeBackupDataAvailable as part of move RestoreRsMemberFromBackupPhase1 : <tgtCluster_tgtShard_1_66> [15:25:53.473] Failed to apply action. Result = <nil> : <tgtCluster_tgtShard_1_66> [15:25:53.473] Failed to download the snapshot : <tgtCluster_tgtShard_1_66> [15:25:53.473] Error while waiting for third party to copy backup to /fimongo1/data : <tgtCluster_tgtShard_1_66> [15:25:53.473] Observed error when trying to mark node as ready for copy files. : <tgtCluster_tgtShard_1_66> [15:25:53.473] Got return status 404 Not Found when trying to mark node ready for copy files.",
      "hostname": "rmdb14",
      "id": "rmdb14:37017",
      "port": 37017,
      "rsId": "tgtShard_1",
      "state": "RECOVERY_IN_PROGRESS",
      "stateUpdateTime": 1790968879
    },
    {
      "error": "<tgtCluster_tgtShard_1_47> [15:25:17.231] Plan execution failed on step MakeBackupDataAvailable as part of move RestoreRsMemberFromBackupPhase1 : <tgtCluster_tgtShard_1_47> [15:25:17.231] Failed to apply action. Result = <nil> : <tgtCluster_tgtShard_1_47> [15:25:17.231] Failed to download the snapshot : <tgtCluster_tgtShard_1_47> [15:25:17.231] Error while waiting for third party to copy backup to /fimongo1/data : <tgtCluster_tgtShard_1_47> [15:25:17.231] Observed error when trying to mark node as ready for copy files. : <tgtCluster_tgtShard_1_47> [15:25:17.231] Got return status 404 Not Found when trying to mark node ready for copy files.",
      "hostname": "rmdb9",
      "id": "rmdb9:37017",
      "port": 37017,
      "rsId": "tgtShard_1",
      "state": "RECOVERY_IN_PROGRESS",
      "stateUpdateTime": 1790968923
    },
    {
      "error": "<tgtCluster_tgtShard_1_46> [15:26:03.162] Plan execution failed on step MakeBackupDataAvailable as part of move RestoreRsMemberFromBackupPhase1 : <tgtCluster_tgtShard_1_46> [15:26:03.161] Failed to apply action. Result = <nil> : <tgtCluster_tgtShard_1_46> [15:26:03.161] Failed to download the snapshot : <tgtCluster_tgtShard_1_46> [15:26:03.161] Error while waiting for third party to copy backup to /fimongo1/data : <tgtCluster_tgtShard_1_46> [15:26:03.161] Observed error when trying to mark node as ready for copy files. : <tgtCluster_tgtShard_1_46> [15:26:03.161] Got return status 404 Not Found when trying to mark node ready for copy files.",
      "hostname": "rmdb4",
      "id": "rmdb4:37017",
      "port": 37017,
      "rsId": "tgtShard_1",
      "state": "RECOVERY_IN_PROGRESS",
      "stateUpdateTime": 1790968901
    },
    {
      "error": "<tgtCluster_tgtShard_1_45> [15:26:03.240] Plan execution failed on step MakeBackupDataAvailable as part of move RestoreRsMemberFromBackupPhase1 : <tgtCluster_tgtShard_1_45> [15:26:03.240] Failed to apply action. Result = <nil> : <tgtCluster_tgtShard_1_45> [15:26:03.240] Failed to download the snapshot : <tgtCluster_tgtShard_1_45> [15:26:03.240] Error while waiting for third party to copy backup to /fimongo1/data : <tgtCluster_tgtShard_1_45> [15:26:03.240] Observed error when trying to mark node as ready for copy files. : <tgtCluster_tgtShard_1_45> [15:26:03.240] Got return status 404 Not Found when trying to mark node ready for copy files.",
      "hostname": "rmdb2",
      "id": "rmdb2:37017",
      "port": 37017,
      "rsId": "tgtShard_1",
      "state": "RECOVERY_IN_PROGRESS",
      "stateUpdateTime": 1790968681
    },
    {
      "error": "<tgtCluster_tgtShard_0_44> [15:25:54.315] Plan execution failed on step MakeBackupDataAvailable as part of move RestoreRsMemberFromBackupPhase1 : <tgtCluster_tgtShard_0_44> [15:25:54.315] Failed to apply action. Result = <nil> : <tgtCluster_tgtShard_0_44> [15:25:54.315] Failed to download the snapshot : <tgtCluster_tgtShard_0_44> [15:25:54.315] Error while waiting for third party to copy backup to /fimongo1/data : <tgtCluster_tgtShard_0_44> [15:25:54.315] Observed error when trying to mark node as ready for copy files. : <tgtCluster_tgtShard_0_44> [15:25:54.315] Got return status 404 Not Found when trying to mark node ready for copy files.",
      "hostname": "rmdb8",
      "id": "rmdb8:37017",
      "port": 37017,
      "rsId": "tgtShard_0",
      "state": "RECOVERY_IN_PROGRESS",
      "stateUpdateTime": 1790968530
    },
    {
      "error": null,
      "hostname": "rmdb13",
      "id": "rmdb13:37017",
      "port": 37017,
      "rsId": "tgtShard_0",
      "state": "RECOVERY_IN_PROGRESS",
      "stateUpdateTime": 1790917247
    },
    {
      "error": "<tgtCluster_tgtShard_0_42> [15:26:02.363] Plan execution failed on step MakeBackupDataAvailable as part of move RestoreRsMemberFromBackupPhase1 : <tgtCluster_tgtShard_0_42> [15:26:02.363] Failed to apply action. Result = <nil> : <tgtCluster_tgtShard_0_42> [15:26:02.363] Failed to download the snapshot : <tgtCluster_tgtShard_0_42> [15:26:02.363] Error while waiting for third party to copy backup to /fimongo1/data : <tgtCluster_tgtShard_0_42> [15:26:02.363] Observed error when trying to mark node as ready for copy files. : <tgtCluster_tgtShard_0_42> [15:26:02.363] Got return status 404 Not Found when trying to mark node ready for copy files.",
      "hostname": "rmdb1",
      "id": "rmdb1:37017",
      "port": 37017,
      "rsId": "tgtShard_0",
      "state": "RECOVERY_IN_PROGRESS",
      "stateUpdateTime": 1790963978
    },
    {
      "error": "<tgtCluster_tgtShard_0_43> [15:25:45.960] Plan execution failed on step MakeBackupDataAvailable as part of move RestoreRsMemberFromBackupPhase1 : <tgtCluster_tgtShard_0_43> [15:25:45.960] Failed to apply action. Result = <nil> : <tgtCluster_tgtShard_0_43> [15:25:45.960] Failed to download the snapshot : <tgtCluster_tgtShard_0_43> [15:25:45.960] Error while waiting for third party to copy backup to /fimongo1/data : <tgtCluster_tgtShard_0_43> [15:25:45.960] Observed error when trying to mark node as ready for copy files. : <tgtCluster_tgtShard_0_43> [15:25:45.960] Got return status 404 Not Found when trying to mark node ready for copy files.",
      "hostname": "rmdb3",
      "id": "rmdb3:37017",
      "port": 37017,
      "rsId": "tgtShard_0",
      "state": "RECOVERY_IN_PROGRESS",
      "stateUpdateTime": 1790967977
    },
    {
      "error": null,
      "hostname": "rmdb11",
      "id": "rmdb11:37017",
      "port": 37017,
      "rsId": "tgtShard_0",
      "state": "RECOVERY_IN_PROGRESS",
      "stateUpdateTime": 1790917218
    },
    {
      "error": null,
      "hostname": "rmdb7",
      "id": "rmdb7:37017",
      "port": 37017,
      "rsId": "tgtconfigRS",
      "state": "RECOVERY_IN_PROGRESS",
      "stateUpdateTime": 1790917195
    },
    {
      "error": null,
      "hostname": "rmdb-config1",
      "id": "rmdb-config1:37017",
      "port": 37017,
      "rsId": "tgtconfigRS",
      "state": "RECOVERY_IN_PROGRESS",
      "stateUpdateTime": 1790917145
    },
    {
      "error": null,
      "hostname": "rmdb-config2",
      "id": "rmdb-config2:37017",
      "port": 37017,
      "rsId": "tgtconfigRS",
      "state": "RECOVERY_IN_PROGRESS",
      "stateUpdateTime": 1790917166
    }
  ],
  "state": "RECOVERY_IN_PROGRESS"
}
2026-10-02 14:26:17,988 [INFO] Restore state: RECOVERY_IN_PROGRESS
2026-10-02 14:26:27,989 [DEBUG] API GET http://129.40.36.100:8080/api/public/v1.0/backup/third_party/group/6a386221ee19a6537cc68a97/restore/6abf3847457a6b80701899fb
2026-10-02 14:26:28,185 [DEBUG] STATUS 200
2026-10-02 14:26:28,185 [DEBUG] {
  "clusterMapping": [
    {
      "rsId": "sgcShard_0",
      "targetRsId": "tgtShard_0"
    },
    {
      "rsId": "sgcShard_1",
      "targetRsId": "tgtShard_1"
    },
    {
      "rsId": "configRS",
      "targetRsId": "tgtconfigRS"
    }
  ],
  "nodes": [
    {
      "error": "<tgtCluster_tgtShard_1_64> [15:25:24.202] Plan execution failed on step MakeBackupDataAvailable as part of move RestoreRsMemberFromBackupPhase1 : <tgtCluster_tgtShard_1_64> [15:25:24.202] Failed to apply action. Result = <nil> : <tgtCluster_tgtShard_1_64> [15:25:24.202] Failed to download the snapshot : <tgtCluster_tgtShard_1_64> [15:25:24.202] Error while waiting for third party to copy backup to /fimongo1/data : <tgtCluster_tgtShard_1_64> [15:25:24.202] Observed error when trying to mark node as ready for copy files. : <tgtCluster_tgtShard_1_64> [15:25:24.202] Got return status 404 Not Found when trying to mark node ready for copy files.",
      "hostname": "rmdb12",
      "id": "rmdb12:37017",
      "port": 37017,
      "rsId": "tgtShard_1",
      "state": "RECOVERY_IN_PROGRESS",
      "stateUpdateTime": 1790969076
    },
    {
      "error": "<tgtCluster_tgtShard_1_66> [15:25:53.474] Plan execution failed on step MakeBackupDataAvailable as part of move RestoreRsMemberFromBackupPhase1 : <tgtCluster_tgtShard_1_66> [15:25:53.473] Failed to apply action. Result = <nil> : <tgtCluster_tgtShard_1_66> [15:25:53.473] Failed to download the snapshot : <tgtCluster_tgtShard_1_66> [15:25:53.473] Error while waiting for third party to copy backup to /fimongo1/data : <tgtCluster_tgtShard_1_66> [15:25:53.473] Observed error when trying to mark node as ready for copy files. : <tgtCluster_tgtShard_1_66> [15:25:53.473] Got return status 404 Not Found when trying to mark node ready for copy files.",
      "hostname": "rmdb14",
      "id": "rmdb14:37017",
      "port": 37017,
      "rsId": "tgtShard_1",
      "state": "RECOVERY_IN_PROGRESS",
      "stateUpdateTime": 1790968879
    },
    {
      "error": "<tgtCluster_tgtShard_1_47> [15:26:18.574] Plan execution failed on step MakeBackupDataAvailable as part of move RestoreRsMemberFromBackupPhase1 : <tgtCluster_tgtShard_1_47> [15:26:18.574] Failed to apply action. Result = <nil> : <tgtCluster_tgtShard_1_47> [15:26:18.574] Failed to download the snapshot : <tgtCluster_tgtShard_1_47> [15:26:18.574] Error while waiting for third party to copy backup to /fimongo1/data : <tgtCluster_tgtShard_1_47> [15:26:18.574] Observed error when trying to mark node as ready for copy files. : <tgtCluster_tgtShard_1_47> [15:26:18.573] Got return status 404 Not Found when trying to mark node ready for copy files.",
      "hostname": "rmdb9",
      "id": "rmdb9:37017",
      "port": 37017,
      "rsId": "tgtShard_1",
      "state": "RECOVERY_IN_PROGRESS",
      "stateUpdateTime": 1790968923
    },
    {
      "error": "<tgtCluster_tgtShard_1_46> [15:26:03.162] Plan execution failed on step MakeBackupDataAvailable as part of move RestoreRsMemberFromBackupPhase1 : <tgtCluster_tgtShard_1_46> [15:26:03.161] Failed to apply action. Result = <nil> : <tgtCluster_tgtShard_1_46> [15:26:03.161] Failed to download the snapshot : <tgtCluster_tgtShard_1_46> [15:26:03.161] Error while waiting for third party to copy backup to /fimongo1/data : <tgtCluster_tgtShard_1_46> [15:26:03.161] Observed error when trying to mark node as ready for copy files. : <tgtCluster_tgtShard_1_46> [15:26:03.161] Got return status 404 Not Found when trying to mark node ready for copy files.",
      "hostname": "rmdb4",
      "id": "rmdb4:37017",
      "port": 37017,
      "rsId": "tgtShard_1",
      "state": "RECOVERY_IN_PROGRESS",
      "stateUpdateTime": 1790968901
    },
    {
      "error": "<tgtCluster_tgtShard_1_45> [15:26:03.240] Plan execution failed on step MakeBackupDataAvailable as part of move RestoreRsMemberFromBackupPhase1 : <tgtCluster_tgtShard_1_45> [15:26:03.240] Failed to apply action. Result = <nil> : <tgtCluster_tgtShard_1_45> [15:26:03.240] Failed to download the snapshot : <tgtCluster_tgtShard_1_45> [15:26:03.240] Error while waiting for third party to copy backup to /fimongo1/data : <tgtCluster_tgtShard_1_45> [15:26:03.240] Observed error when trying to mark node as ready for copy files. : <tgtCluster_tgtShard_1_45> [15:26:03.240] Got return status 404 Not Found when trying to mark node ready for copy files.",
      "hostname": "rmdb2",
      "id": "rmdb2:37017",
      "port": 37017,
      "rsId": "tgtShard_1",
      "state": "RECOVERY_IN_PROGRESS",
      "stateUpdateTime": 1790968681
    },
    {
      "error": "<tgtCluster_tgtShard_0_44> [15:25:54.315] Plan execution failed on step MakeBackupDataAvailable as part of move RestoreRsMemberFromBackupPhase1 : <tgtCluster_tgtShard_0_44> [15:25:54.315] Failed to apply action. Result = <nil> : <tgtCluster_tgtShard_0_44> [15:25:54.315] Failed to download the snapshot : <tgtCluster_tgtShard_0_44> [15:25:54.315] Error while waiting for third party to copy backup to /fimongo1/data : <tgtCluster_tgtShard_0_44> [15:25:54.315] Observed error when trying to mark node as ready for copy files. : <tgtCluster_tgtShard_0_44> [15:25:54.315] Got return status 404 Not Found when trying to mark node ready for copy files.",
      "hostname": "rmdb8",
      "id": "rmdb8:37017",
      "port": 37017,
      "rsId": "tgtShard_0",
      "state": "RECOVERY_IN_PROGRESS",
      "stateUpdateTime": 1790968530
    },
    {
      "error": null,
      "hostname": "rmdb13",
      "id": "rmdb13:37017",
      "port": 37017,
      "rsId": "tgtShard_0",
      "state": "RECOVERY_IN_PROGRESS",
      "stateUpdateTime": 1790917247
    },
    {
      "error": "<tgtCluster_tgtShard_0_42> [15:26:02.363] Plan execution failed on step MakeBackupDataAvailable as part of move RestoreRsMemberFromBackupPhase1 : <tgtCluster_tgtShard_0_42> [15:26:02.363] Failed to apply action. Result = <nil> : <tgtCluster_tgtShard_0_42> [15:26:02.363] Failed to download the snapshot : <tgtCluster_tgtShard_0_42> [15:26:02.363] Error while waiting for third party to copy backup to /fimongo1/data : <tgtCluster_tgtShard_0_42> [15:26:02.363] Observed error when trying to mark node as ready for copy files. : <tgtCluster_tgtShard_0_42> [15:26:02.363] Got return status 404 Not Found when trying to mark node ready for copy files.",
      "hostname": "rmdb1",
      "id": "rmdb1:37017",
      "port": 37017,
      "rsId": "tgtShard_0",
      "state": "RECOVERY_IN_PROGRESS",
      "stateUpdateTime": 1790963978
    },
    {
      "error": "<tgtCluster_tgtShard_0_43> [15:25:45.960] Plan execution failed on step MakeBackupDataAvailable as part of move RestoreRsMemberFromBackupPhase1 : <tgtCluster_tgtShard_0_43> [15:25:45.960] Failed to apply action. Result = <nil> : <tgtCluster_tgtShard_0_43> [15:25:45.960] Failed to download the snapshot : <tgtCluster_tgtShard_0_43> [15:25:45.960] Error while waiting for third party to copy backup to /fimongo1/data : <tgtCluster_tgtShard_0_43> [15:25:45.960] Observed error when trying to mark node as ready for copy files. : <tgtCluster_tgtShard_0_43> [15:25:45.960] Got return status 404 Not Found when trying to mark node ready for copy files.",
      "hostname": "rmdb3",
      "id": "rmdb3:37017",
      "port": 37017,
      "rsId": "tgtShard_0",
      "state": "RECOVERY_IN_PROGRESS",
      "stateUpdateTime": 1790967977
    },
    {
      "error": null,
      "hostname": "rmdb11",
      "id": "rmdb11:37017",
      "port": 37017,
      "rsId": "tgtShard_0",
      "state": "RECOVERY_IN_PROGRESS",
      "stateUpdateTime": 1790917218
    },
    {
      "error": null,
      "hostname": "rmdb7",
      "id": "rmdb7:37017",
      "port": 37017,
      "rsId": "tgtconfigRS",
      "state": "RECOVERY_IN_PROGRESS",
      "stateUpdateTime": 1790917195
    },
    {
      "error": null,
      "hostname": "rmdb-config1",
      "id": "rmdb-config1:37017",
      "port": 37017,
      "rsId": "tgtconfigRS",
      "state": "RECOVERY_IN_PROGRESS",
      "stateUpdateTime": 1790917145
    },
    {
      "error": null,
      "hostname": "rmdb-config2",
      "id": "rmdb-config2:37017",
      "port": 37017,
      "rsId": "tgtconfigRS",
      "state": "RECOVERY_IN_PROGRESS",
      "stateUpdateTime": 1790917166
    }
  ],
  "state": "RECOVERY_IN_PROGRESS"
}
2026-10-02 14:26:28,186 [INFO] Restore state: RECOVERY_IN_PROGRESS
2026-10-02 14:26:38,186 [DEBUG] API GET http://129.40.36.100:8080/api/public/v1.0/backup/third_party/group/6a386221ee19a6537cc68a97/restore/6abf3847457a6b80701899fb
2026-10-02 14:26:38,325 [DEBUG] STATUS 200
2026-10-02 14:26:38,325 [DEBUG] {
  "clusterMapping": [
    {
      "rsId": "sgcShard_0",
      "targetRsId": "tgtShard_0"
    },
    {
      "rsId": "sgcShard_1",
      "targetRsId": "tgtShard_1"
    },
    {
      "rsId": "configRS",
      "targetRsId": "tgtconfigRS"
    }
  ],
  "nodes": [
    {
      "error": "<tgtCluster_tgtShard_1_64> [15:26:25.440] Plan execution failed on step MakeBackupDataAvailable as part of move RestoreRsMemberFromBackupPhase1 : <tgtCluster_tgtShard_1_64> [15:26:25.440] Failed to apply action. Result = <nil> : <tgtCluster_tgtShard_1_64> [15:26:25.440] Failed to download the snapshot : <tgtCluster_tgtShard_1_64> [15:26:25.440] Error while waiting for third party to copy backup to /fimongo1/data : <tgtCluster_tgtShard_1_64> [15:26:25.440] Observed error when trying to mark node as ready for copy files. : <tgtCluster_tgtShard_1_64> [15:26:25.440] Got return status 404 Not Found when trying to mark node ready for copy files.",
      "hostname": "rmdb12",
      "id": "rmdb12:37017",
      "port": 37017,
      "rsId": "tgtShard_1",
      "state": "RECOVERY_IN_PROGRESS",
      "stateUpdateTime": 1790969076
    },
    {
      "error": "<tgtCluster_tgtShard_1_66> [15:25:53.474] Plan execution failed on step MakeBackupDataAvailable as part of move RestoreRsMemberFromBackupPhase1 : <tgtCluster_tgtShard_1_66> [15:25:53.473] Failed to apply action. Result = <nil> : <tgtCluster_tgtShard_1_66> [15:25:53.473] Failed to download the snapshot : <tgtCluster_tgtShard_1_66> [15:25:53.473] Error while waiting for third party to copy backup to /fimongo1/data : <tgtCluster_tgtShard_1_66> [15:25:53.473] Observed error when trying to mark node as ready for copy files. : <tgtCluster_tgtShard_1_66> [15:25:53.473] Got return status 404 Not Found when trying to mark node ready for copy files.",
      "hostname": "rmdb14",
      "id": "rmdb14:37017",
      "port": 37017,
      "rsId": "tgtShard_1",
      "state": "RECOVERY_IN_PROGRESS",
      "stateUpdateTime": 1790968879
    },
    {
      "error": "<tgtCluster_tgtShard_1_47> [15:26:18.574] Plan execution failed on step MakeBackupDataAvailable as part of move RestoreRsMemberFromBackupPhase1 : <tgtCluster_tgtShard_1_47> [15:26:18.574] Failed to apply action. Result = <nil> : <tgtCluster_tgtShard_1_47> [15:26:18.574] Failed to download the snapshot : <tgtCluster_tgtShard_1_47> [15:26:18.574] Error while waiting for third party to copy backup to /fimongo1/data : <tgtCluster_tgtShard_1_47> [15:26:18.574] Observed error when trying to mark node as ready for copy files. : <tgtCluster_tgtShard_1_47> [15:26:18.573] Got return status 404 Not Found when trying to mark node ready for copy files.",
      "hostname": "rmdb9",
      "id": "rmdb9:37017",
      "port": 37017,
      "rsId": "tgtShard_1",
      "state": "RECOVERY_IN_PROGRESS",
      "stateUpdateTime": 1790968923
    },
    {
      "error": "<tgtCluster_tgtShard_1_46> [15:26:03.162] Plan execution failed on step MakeBackupDataAvailable as part of move RestoreRsMemberFromBackupPhase1 : <tgtCluster_tgtShard_1_46> [15:26:03.161] Failed to apply action. Result = <nil> : <tgtCluster_tgtShard_1_46> [15:26:03.161] Failed to download the snapshot : <tgtCluster_tgtShard_1_46> [15:26:03.161] Error while waiting for third party to copy backup to /fimongo1/data : <tgtCluster_tgtShard_1_46> [15:26:03.161] Observed error when trying to mark node as ready for copy files. : <tgtCluster_tgtShard_1_46> [15:26:03.161] Got return status 404 Not Found when trying to mark node ready for copy files.",
      "hostname": "rmdb4",
      "id": "rmdb4:37017",
      "port": 37017,
      "rsId": "tgtShard_1",
      "state": "RECOVERY_IN_PROGRESS",
      "stateUpdateTime": 1790968901
    },
    {
      "error": "<tgtCluster_tgtShard_1_45> [15:26:03.240] Plan execution failed on step MakeBackupDataAvailable as part of move RestoreRsMemberFromBackupPhase1 : <tgtCluster_tgtShard_1_45> [15:26:03.240] Failed to apply action. Result = <nil> : <tgtCluster_tgtShard_1_45> [15:26:03.240] Failed to download the snapshot : <tgtCluster_tgtShard_1_45> [15:26:03.240] Error while waiting for third party to copy backup to /fimongo1/data : <tgtCluster_tgtShard_1_45> [15:26:03.240] Observed error when trying to mark node as ready for copy files. : <tgtCluster_tgtShard_1_45> [15:26:03.240] Got return status 404 Not Found when trying to mark node ready for copy files.",
      "hostname": "rmdb2",
      "id": "rmdb2:37017",
      "port": 37017,
      "rsId": "tgtShard_1",
      "state": "RECOVERY_IN_PROGRESS",
      "stateUpdateTime": 1790968681
    },
    {
      "error": "<tgtCluster_tgtShard_0_44> [15:25:54.315] Plan execution failed on step MakeBackupDataAvailable as part of move RestoreRsMemberFromBackupPhase1 : <tgtCluster_tgtShard_0_44> [15:25:54.315] Failed to apply action. Result = <nil> : <tgtCluster_tgtShard_0_44> [15:25:54.315] Failed to download the snapshot : <tgtCluster_tgtShard_0_44> [15:25:54.315] Error while waiting for third party to copy backup to /fimongo1/data : <tgtCluster_tgtShard_0_44> [15:25:54.315] Observed error when trying to mark node as ready for copy files. : <tgtCluster_tgtShard_0_44> [15:25:54.315] Got return status 404 Not Found when trying to mark node ready for copy files.",
      "hostname": "rmdb8",
      "id": "rmdb8:37017",
      "port": 37017,
      "rsId": "tgtShard_0",
      "state": "RECOVERY_IN_PROGRESS",
      "stateUpdateTime": 1790968530
    },
    {
      "error": null,
      "hostname": "rmdb13",
      "id": "rmdb13:37017",
      "port": 37017,
      "rsId": "tgtShard_0",
      "state": "RECOVERY_IN_PROGRESS",
      "stateUpdateTime": 1790917247
    },
    {
      "error": "<tgtCluster_tgtShard_0_42> [15:26:02.363] Plan execution failed on step MakeBackupDataAvailable as part of move RestoreRsMemberFromBackupPhase1 : <tgtCluster_tgtShard_0_42> [15:26:02.363] Failed to apply action. Result = <nil> : <tgtCluster_tgtShard_0_42> [15:26:02.363] Failed to download the snapshot : <tgtCluster_tgtShard_0_42> [15:26:02.363] Error while waiting for third party to copy backup to /fimongo1/data : <tgtCluster_tgtShard_0_42> [15:26:02.363] Observed error when trying to mark node as ready for copy files. : <tgtCluster_tgtShard_0_42> [15:26:02.363] Got return status 404 Not Found when trying to mark node ready for copy files.",
      "hostname": "rmdb1",
      "id": "rmdb1:37017",
      "port": 37017,
      "rsId": "tgtShard_0",
      "state": "RECOVERY_IN_PROGRESS",
      "stateUpdateTime": 1790963978
    },
    {
      "error": "<tgtCluster_tgtShard_0_43> [15:25:45.960] Plan execution failed on step MakeBackupDataAvailable as part of move RestoreRsMemberFromBackupPhase1 : <tgtCluster_tgtShard_0_43> [15:25:45.960] Failed to apply action. Result = <nil> : <tgtCluster_tgtShard_0_43> [15:25:45.960] Failed to download the snapshot : <tgtCluster_tgtShard_0_43> [15:25:45.960] Error while waiting for third party to copy backup to /fimongo1/data : <tgtCluster_tgtShard_0_43> [15:25:45.960] Observed error when trying to mark node as ready for copy files. : <tgtCluster_tgtShard_0_43> [15:25:45.960] Got return status 404 Not Found when trying to mark node ready for copy files.",
      "hostname": "rmdb3",
      "id": "rmdb3:37017",
      "port": 37017,
      "rsId": "tgtShard_0",
      "state": "RECOVERY_IN_PROGRESS",
      "stateUpdateTime": 1790967977
    },
    {
      "error": null,
      "hostname": "rmdb11",
      "id": "rmdb11:37017",
      "port": 37017,
      "rsId": "tgtShard_0",
      "state": "RECOVERY_IN_PROGRESS",
      "stateUpdateTime": 1790917218
    },
    {
      "error": null,
      "hostname": "rmdb7",
      "id": "rmdb7:37017",
      "port": 37017,
      "rsId": "tgtconfigRS",
      "state": "RECOVERY_IN_PROGRESS",
      "stateUpdateTime": 1790917195
    },
    {
      "error": null,
      "hostname": "rmdb-config1",
      "id": "rmdb-config1:37017",
      "port": 37017,
      "rsId": "tgtconfigRS",
      "state": "RECOVERY_IN_PROGRESS",
      "stateUpdateTime": 1790917145
    },
    {
      "error": null,
      "hostname": "rmdb-config2",
      "id": "rmdb-config2:37017",
      "port": 37017,
      "rsId": "tgtconfigRS",
      "state": "RECOVERY_IN_PROGRESS",
      "stateUpdateTime": 1790917166
    }
  ],
  "state": "RECOVERY_IN_PROGRESS"
}
2026-10-02 14:26:38,326 [INFO] Restore state: RECOVERY_IN_PROGRESS
2026-10-02 14:26:48,326 [DEBUG] API GET http://129.40.36.100:8080/api/public/v1.0/backup/third_party/group/6a386221ee19a6537cc68a97/restore/6abf3847457a6b80701899fb
2026-10-02 14:26:48,497 [DEBUG] STATUS 200
2026-10-02 14:26:48,497 [DEBUG] {
  "clusterMapping": [
    {
      "rsId": "sgcShard_0",
      "targetRsId": "tgtShard_0"
    },
    {
      "rsId": "sgcShard_1",
      "targetRsId": "tgtShard_1"
    },
    {
      "rsId": "configRS",
      "targetRsId": "tgtconfigRS"
    }
  ],
  "nodes": [
    {
      "error": "<tgtCluster_tgtShard_1_64> [15:26:25.440] Plan execution failed on step MakeBackupDataAvailable as part of move RestoreRsMemberFromBackupPhase1 : <tgtCluster_tgtShard_1_64> [15:26:25.440] Failed to apply action. Result = <nil> : <tgtCluster_tgtShard_1_64> [15:26:25.440] Failed to download the snapshot : <tgtCluster_tgtShard_1_64> [15:26:25.440] Error while waiting for third party to copy backup to /fimongo1/data : <tgtCluster_tgtShard_1_64> [15:26:25.440] Observed error when trying to mark node as ready for copy files. : <tgtCluster_tgtShard_1_64> [15:26:25.440] Got return status 404 Not Found when trying to mark node ready for copy files.",
      "hostname": "rmdb12",
      "id": "rmdb12:37017",
      "port": 37017,
      "rsId": "tgtShard_1",
      "state": "RECOVERY_IN_PROGRESS",
      "stateUpdateTime": 1790969076
    },
    {
      "error": "<tgtCluster_tgtShard_1_66> [15:25:53.474] Plan execution failed on step MakeBackupDataAvailable as part of move RestoreRsMemberFromBackupPhase1 : <tgtCluster_tgtShard_1_66> [15:25:53.473] Failed to apply action. Result = <nil> : <tgtCluster_tgtShard_1_66> [15:25:53.473] Failed to download the snapshot : <tgtCluster_tgtShard_1_66> [15:25:53.473] Error while waiting for third party to copy backup to /fimongo1/data : <tgtCluster_tgtShard_1_66> [15:25:53.473] Observed error when trying to mark node as ready for copy files. : <tgtCluster_tgtShard_1_66> [15:25:53.473] Got return status 404 Not Found when trying to mark node ready for copy files.",
      "hostname": "rmdb14",
      "id": "rmdb14:37017",
      "port": 37017,
      "rsId": "tgtShard_1",
      "state": "RECOVERY_IN_PROGRESS",
      "stateUpdateTime": 1790968879
    },
    {
      "error": "<tgtCluster_tgtShard_1_47> [15:26:18.574] Plan execution failed on step MakeBackupDataAvailable as part of move RestoreRsMemberFromBackupPhase1 : <tgtCluster_tgtShard_1_47> [15:26:18.574] Failed to apply action. Result = <nil> : <tgtCluster_tgtShard_1_47> [15:26:18.574] Failed to download the snapshot : <tgtCluster_tgtShard_1_47> [15:26:18.574] Error while waiting for third party to copy backup to /fimongo1/data : <tgtCluster_tgtShard_1_47> [15:26:18.574] Observed error when trying to mark node as ready for copy files. : <tgtCluster_tgtShard_1_47> [15:26:18.573] Got return status 404 Not Found when trying to mark node ready for copy files.",
      "hostname": "rmdb9",
      "id": "rmdb9:37017",
      "port": 37017,
      "rsId": "tgtShard_1",
      "state": "RECOVERY_IN_PROGRESS",
      "stateUpdateTime": 1790968923
    },
    {
      "error": "<tgtCluster_tgtShard_1_46> [15:26:03.162] Plan execution failed on step MakeBackupDataAvailable as part of move RestoreRsMemberFromBackupPhase1 : <tgtCluster_tgtShard_1_46> [15:26:03.161] Failed to apply action. Result = <nil> : <tgtCluster_tgtShard_1_46> [15:26:03.161] Failed to download the snapshot : <tgtCluster_tgtShard_1_46> [15:26:03.161] Error while waiting for third party to copy backup to /fimongo1/data : <tgtCluster_tgtShard_1_46> [15:26:03.161] Observed error when trying to mark node as ready for copy files. : <tgtCluster_tgtShard_1_46> [15:26:03.161] Got return status 404 Not Found when trying to mark node ready for copy files.",
      "hostname": "rmdb4",
      "id": "rmdb4:37017",
      "port": 37017,
      "rsId": "tgtShard_1",
      "state": "RECOVERY_IN_PROGRESS",
      "stateUpdateTime": 1790968901
    },
    {
      "error": "<tgtCluster_tgtShard_1_45> [15:26:03.240] Plan execution failed on step MakeBackupDataAvailable as part of move RestoreRsMemberFromBackupPhase1 : <tgtCluster_tgtShard_1_45> [15:26:03.240] Failed to apply action. Result = <nil> : <tgtCluster_tgtShard_1_45> [15:26:03.240] Failed to download the snapshot : <tgtCluster_tgtShard_1_45> [15:26:03.240] Error while waiting for third party to copy backup to /fimongo1/data : <tgtCluster_tgtShard_1_45> [15:26:03.240] Observed error when trying to mark node as ready for copy files. : <tgtCluster_tgtShard_1_45> [15:26:03.240] Got return status 404 Not Found when trying to mark node ready for copy files.",
      "hostname": "rmdb2",
      "id": "rmdb2:37017",
      "port": 37017,
      "rsId": "tgtShard_1",
      "state": "RECOVERY_IN_PROGRESS",
      "stateUpdateTime": 1790968681
    },
    {
      "error": "<tgtCluster_tgtShard_0_44> [15:25:54.315] Plan execution failed on step MakeBackupDataAvailable as part of move RestoreRsMemberFromBackupPhase1 : <tgtCluster_tgtShard_0_44> [15:25:54.315] Failed to apply action. Result = <nil> : <tgtCluster_tgtShard_0_44> [15:25:54.315] Failed to download the snapshot : <tgtCluster_tgtShard_0_44> [15:25:54.315] Error while waiting for third party to copy backup to /fimongo1/data : <tgtCluster_tgtShard_0_44> [15:25:54.315] Observed error when trying to mark node as ready for copy files. : <tgtCluster_tgtShard_0_44> [15:25:54.315] Got return status 404 Not Found when trying to mark node ready for copy files.",
      "hostname": "rmdb8",
      "id": "rmdb8:37017",
      "port": 37017,
      "rsId": "tgtShard_0",
      "state": "RECOVERY_IN_PROGRESS",
      "stateUpdateTime": 1790968530
    },
    {
      "error": null,
      "hostname": "rmdb13",
      "id": "rmdb13:37017",
      "port": 37017,
      "rsId": "tgtShard_0",
      "state": "RECOVERY_IN_PROGRESS",
      "stateUpdateTime": 1790917247
    },
    {
      "error": "<tgtCluster_tgtShard_0_42> [15:26:02.363] Plan execution failed on step MakeBackupDataAvailable as part of move RestoreRsMemberFromBackupPhase1 : <tgtCluster_tgtShard_0_42> [15:26:02.363] Failed to apply action. Result = <nil> : <tgtCluster_tgtShard_0_42> [15:26:02.363] Failed to download the snapshot : <tgtCluster_tgtShard_0_42> [15:26:02.363] Error while waiting for third party to copy backup to /fimongo1/data : <tgtCluster_tgtShard_0_42> [15:26:02.363] Observed error when trying to mark node as ready for copy files. : <tgtCluster_tgtShard_0_42> [15:26:02.363] Got return status 404 Not Found when trying to mark node ready for copy files.",
      "hostname": "rmdb1",
      "id": "rmdb1:37017",
      "port": 37017,
      "rsId": "tgtShard_0",
      "state": "RECOVERY_IN_PROGRESS",
      "stateUpdateTime": 1790963978
    },
    {
      "error": "<tgtCluster_tgtShard_0_43> [15:25:45.960] Plan execution failed on step MakeBackupDataAvailable as part of move RestoreRsMemberFromBackupPhase1 : <tgtCluster_tgtShard_0_43> [15:25:45.960] Failed to apply action. Result = <nil> : <tgtCluster_tgtShard_0_43> [15:25:45.960] Failed to download the snapshot : <tgtCluster_tgtShard_0_43> [15:25:45.960] Error while waiting for third party to copy backup to /fimongo1/data : <tgtCluster_tgtShard_0_43> [15:25:45.960] Observed error when trying to mark node as ready for copy files. : <tgtCluster_tgtShard_0_43> [15:25:45.960] Got return status 404 Not Found when trying to mark node ready for copy files.",
      "hostname": "rmdb3",
      "id": "rmdb3:37017",
      "port": 37017,
      "rsId": "tgtShard_0",
      "state": "RECOVERY_IN_PROGRESS",
      "stateUpdateTime": 1790967977
    },
    {
      "error": null,
      "hostname": "rmdb11",
      "id": "rmdb11:37017",
      "port": 37017,
      "rsId": "tgtShard_0",
      "state": "RECOVERY_IN_PROGRESS",
      "stateUpdateTime": 1790917218
    },
    {
      "error": null,
      "hostname": "rmdb7",
      "id": "rmdb7:37017",
      "port": 37017,
      "rsId": "tgtconfigRS",
      "state": "RECOVERY_IN_PROGRESS",
      "stateUpdateTime": 1790917195
    },
    {
      "error": null,
      "hostname": "rmdb-config1",
      "id": "rmdb-config1:37017",
      "port": 37017,
      "rsId": "tgtconfigRS",
      "state": "RECOVERY_IN_PROGRESS",
      "stateUpdateTime": 1790917145
    },
    {
      "error": null,
      "hostname": "rmdb-config2",
      "id": "rmdb-config2:37017",
      "port": 37017,
      "rsId": "tgtconfigRS",
      "state": "RECOVERY_IN_PROGRESS",
      "stateUpdateTime": 1790917166
    }
  ],
  "state": "RECOVERY_IN_PROGRESS"
}
2026-10-02 14:26:48,497 [INFO] Restore state: RECOVERY_IN_PROGRESS
2026-10-02 14:26:58,498 [DEBUG] API GET http://129.40.36.100:8080/api/public/v1.0/backup/third_party/group/6a386221ee19a6537cc68a97/restore/6abf3847457a6b80701899fb
2026-10-02 14:26:58,644 [DEBUG] STATUS 200
2026-10-02 14:26:58,645 [DEBUG] {
  "clusterMapping": [
    {
      "rsId": "sgcShard_0",
      "targetRsId": "tgtShard_0"
    },
    {
      "rsId": "sgcShard_1",
      "targetRsId": "tgtShard_1"
    },
    {
      "rsId": "configRS",
      "targetRsId": "tgtconfigRS"
    }
  ],
  "nodes": [
    {
      "error": "<tgtCluster_tgtShard_1_64> [15:26:25.440] Plan execution failed on step MakeBackupDataAvailable as part of move RestoreRsMemberFromBackupPhase1 : <tgtCluster_tgtShard_1_64> [15:26:25.440] Failed to apply action. Result = <nil> : <tgtCluster_tgtShard_1_64> [15:26:25.440] Failed to download the snapshot : <tgtCluster_tgtShard_1_64> [15:26:25.440] Error while waiting for third party to copy backup to /fimongo1/data : <tgtCluster_tgtShard_1_64> [15:26:25.440] Observed error when trying to mark node as ready for copy files. : <tgtCluster_tgtShard_1_64> [15:26:25.440] Got return status 404 Not Found when trying to mark node ready for copy files.",
      "hostname": "rmdb12",
      "id": "rmdb12:37017",
      "port": 37017,
      "rsId": "tgtShard_1",
      "state": "RECOVERY_IN_PROGRESS",
      "stateUpdateTime": 1790969076
    },
    {
      "error": "<tgtCluster_tgtShard_1_66> [15:26:55.289] Plan execution failed on step MakeBackupDataAvailable as part of move RestoreRsMemberFromBackupPhase1 : <tgtCluster_tgtShard_1_66> [15:26:55.289] Failed to apply action. Result = <nil> : <tgtCluster_tgtShard_1_66> [15:26:55.289] Failed to download the snapshot : <tgtCluster_tgtShard_1_66> [15:26:55.289] Error while waiting for third party to copy backup to /fimongo1/data : <tgtCluster_tgtShard_1_66> [15:26:55.289] Observed error when trying to mark node as ready for copy files. : <tgtCluster_tgtShard_1_66> [15:26:55.288] Got return status 404 Not Found when trying to mark node ready for copy files.",
      "hostname": "rmdb14",
      "id": "rmdb14:37017",
      "port": 37017,
      "rsId": "tgtShard_1",
      "state": "RECOVERY_IN_PROGRESS",
      "stateUpdateTime": 1790968879
    },
    {
      "error": "<tgtCluster_tgtShard_1_47> [15:26:18.574] Plan execution failed on step MakeBackupDataAvailable as part of move RestoreRsMemberFromBackupPhase1 : <tgtCluster_tgtShard_1_47> [15:26:18.574] Failed to apply action. Result = <nil> : <tgtCluster_tgtShard_1_47> [15:26:18.574] Failed to download the snapshot : <tgtCluster_tgtShard_1_47> [15:26:18.574] Error while waiting for third party to copy backup to /fimongo1/data : <tgtCluster_tgtShard_1_47> [15:26:18.574] Observed error when trying to mark node as ready for copy files. : <tgtCluster_tgtShard_1_47> [15:26:18.573] Got return status 404 Not Found when trying to mark node ready for copy files.",
      "hostname": "rmdb9",
      "id": "rmdb9:37017",
      "port": 37017,
      "rsId": "tgtShard_1",
      "state": "RECOVERY_IN_PROGRESS",
      "stateUpdateTime": 1790968923
    },
    {
      "error": "<tgtCluster_tgtShard_1_46> [15:26:03.162] Plan execution failed on step MakeBackupDataAvailable as part of move RestoreRsMemberFromBackupPhase1 : <tgtCluster_tgtShard_1_46> [15:26:03.161] Failed to apply action. Result = <nil> : <tgtCluster_tgtShard_1_46> [15:26:03.161] Failed to download the snapshot : <tgtCluster_tgtShard_1_46> [15:26:03.161] Error while waiting for third party to copy backup to /fimongo1/data : <tgtCluster_tgtShard_1_46> [15:26:03.161] Observed error when trying to mark node as ready for copy files. : <tgtCluster_tgtShard_1_46> [15:26:03.161] Got return status 404 Not Found when trying to mark node ready for copy files.",
      "hostname": "rmdb4",
      "id": "rmdb4:37017",
      "port": 37017,
      "rsId": "tgtShard_1",
      "state": "RECOVERY_IN_PROGRESS",
      "stateUpdateTime": 1790968901
    },
    {
      "error": "<tgtCluster_tgtShard_1_45> [15:26:03.240] Plan execution failed on step MakeBackupDataAvailable as part of move RestoreRsMemberFromBackupPhase1 : <tgtCluster_tgtShard_1_45> [15:26:03.240] Failed to apply action. Result = <nil> : <tgtCluster_tgtShard_1_45> [15:26:03.240] Failed to download the snapshot : <tgtCluster_tgtShard_1_45> [15:26:03.240] Error while waiting for third party to copy backup to /fimongo1/data : <tgtCluster_tgtShard_1_45> [15:26:03.240] Observed error when trying to mark node as ready for copy files. : <tgtCluster_tgtShard_1_45> [15:26:03.240] Got return status 404 Not Found when trying to mark node ready for copy files.",
      "hostname": "rmdb2",
      "id": "rmdb2:37017",
      "port": 37017,
      "rsId": "tgtShard_1",
      "state": "RECOVERY_IN_PROGRESS",
      "stateUpdateTime": 1790968681
    },
    {
      "error": "<tgtCluster_tgtShard_0_44> [15:26:55.254] Plan execution failed on step MakeBackupDataAvailable as part of move RestoreRsMemberFromBackupPhase1 : <tgtCluster_tgtShard_0_44> [15:26:55.254] Failed to apply action. Result = <nil> : <tgtCluster_tgtShard_0_44> [15:26:55.254] Failed to download the snapshot : <tgtCluster_tgtShard_0_44> [15:26:55.254] Error while waiting for third party to copy backup to /fimongo1/data : <tgtCluster_tgtShard_0_44> [15:26:55.254] Observed error when trying to mark node as ready for copy files. : <tgtCluster_tgtShard_0_44> [15:26:55.254] Got return status 404 Not Found when trying to mark node ready for copy files.",
      "hostname": "rmdb8",
      "id": "rmdb8:37017",
      "port": 37017,
      "rsId": "tgtShard_0",
      "state": "RECOVERY_IN_PROGRESS",
      "stateUpdateTime": 1790968530
    },
    {
      "error": null,
      "hostname": "rmdb13",
      "id": "rmdb13:37017",
      "port": 37017,
      "rsId": "tgtShard_0",
      "state": "RECOVERY_IN_PROGRESS",
      "stateUpdateTime": 1790917247
    },
    {
      "error": "<tgtCluster_tgtShard_0_42> [15:26:02.363] Plan execution failed on step MakeBackupDataAvailable as part of move RestoreRsMemberFromBackupPhase1 : <tgtCluster_tgtShard_0_42> [15:26:02.363] Failed to apply action. Result = <nil> : <tgtCluster_tgtShard_0_42> [15:26:02.363] Failed to download the snapshot : <tgtCluster_tgtShard_0_42> [15:26:02.363] Error while waiting for third party to copy backup to /fimongo1/data : <tgtCluster_tgtShard_0_42> [15:26:02.363] Observed error when trying to mark node as ready for copy files. : <tgtCluster_tgtShard_0_42> [15:26:02.363] Got return status 404 Not Found when trying to mark node ready for copy files.",
      "hostname": "rmdb1",
      "id": "rmdb1:37017",
      "port": 37017,
      "rsId": "tgtShard_0",
      "state": "RECOVERY_IN_PROGRESS",
      "stateUpdateTime": 1790963978
    },
    {
      "error": "<tgtCluster_tgtShard_0_43> [15:26:46.799] Plan execution failed on step MakeBackupDataAvailable as part of move RestoreRsMemberFromBackupPhase1 : <tgtCluster_tgtShard_0_43> [15:26:46.799] Failed to apply action. Result = <nil> : <tgtCluster_tgtShard_0_43> [15:26:46.799] Failed to download the snapshot : <tgtCluster_tgtShard_0_43> [15:26:46.799] Error while waiting for third party to copy backup to /fimongo1/data : <tgtCluster_tgtShard_0_43> [15:26:46.799] Observed error when trying to mark node as ready for copy files. : <tgtCluster_tgtShard_0_43> [15:26:46.799] Got return status 404 Not Found when trying to mark node ready for copy files.",
      "hostname": "rmdb3",
      "id": "rmdb3:37017",
      "port": 37017,
      "rsId": "tgtShard_0",
      "state": "RECOVERY_IN_PROGRESS",
      "stateUpdateTime": 1790967977
    },
    {
      "error": null,
      "hostname": "rmdb11",
      "id": "rmdb11:37017",
      "port": 37017,
      "rsId": "tgtShard_0",
      "state": "RECOVERY_IN_PROGRESS",
      "stateUpdateTime": 1790917218
    },
    {
      "error": null,
      "hostname": "rmdb7",
      "id": "rmdb7:37017",
      "port": 37017,
      "rsId": "tgtconfigRS",
      "state": "RECOVERY_IN_PROGRESS",
      "stateUpdateTime": 1790917195
    },
    {
      "error": null,
      "hostname": "rmdb-config1",
      "id": "rmdb-config1:37017",
      "port": 37017,
      "rsId": "tgtconfigRS",
      "state": "RECOVERY_IN_PROGRESS",
      "stateUpdateTime": 1790917145
    },
    {
      "error": null,
      "hostname": "rmdb-config2",
      "id": "rmdb-config2:37017",
      "port": 37017,
      "rsId": "tgtconfigRS",
      "state": "RECOVERY_IN_PROGRESS",
      "stateUpdateTime": 1790917166
    }
  ],
  "state": "RECOVERY_IN_PROGRESS"
}
2026-10-02 14:26:58,645 [INFO] Restore state: RECOVERY_IN_PROGRESS
2026-10-02 14:27:08,645 [DEBUG] API GET http://129.40.36.100:8080/api/public/v1.0/backup/third_party/group/6a386221ee19a6537cc68a97/restore/6abf3847457a6b80701899fb
2026-10-02 14:27:08,788 [DEBUG] STATUS 200
2026-10-02 14:27:08,789 [DEBUG] {
  "clusterMapping": [
    {
      "rsId": "sgcShard_0",
      "targetRsId": "tgtShard_0"
    },
    {
      "rsId": "sgcShard_1",
      "targetRsId": "tgtShard_1"
    },
    {
      "rsId": "configRS",
      "targetRsId": "tgtconfigRS"
    }
  ],
  "nodes": [
    {
      "error": "<tgtCluster_tgtShard_1_64> [15:26:25.440] Plan execution failed on step MakeBackupDataAvailable as part of move RestoreRsMemberFromBackupPhase1 : <tgtCluster_tgtShard_1_64> [15:26:25.440] Failed to apply action. Result = <nil> : <tgtCluster_tgtShard_1_64> [15:26:25.440] Failed to download the snapshot : <tgtCluster_tgtShard_1_64> [15:26:25.440] Error while waiting for third party to copy backup to /fimongo1/data : <tgtCluster_tgtShard_1_64> [15:26:25.440] Observed error when trying to mark node as ready for copy files. : <tgtCluster_tgtShard_1_64> [15:26:25.440] Got return status 404 Not Found when trying to mark node ready for copy files.",
      "hostname": "rmdb12",
      "id": "rmdb12:37017",
      "port": 37017,
      "rsId": "tgtShard_1",
      "state": "RECOVERY_IN_PROGRESS",
      "stateUpdateTime": 1790969076
    },
    {
      "error": "<tgtCluster_tgtShard_1_66> [15:26:55.289] Plan execution failed on step MakeBackupDataAvailable as part of move RestoreRsMemberFromBackupPhase1 : <tgtCluster_tgtShard_1_66> [15:26:55.289] Failed to apply action. Result = <nil> : <tgtCluster_tgtShard_1_66> [15:26:55.289] Failed to download the snapshot : <tgtCluster_tgtShard_1_66> [15:26:55.289] Error while waiting for third party to copy backup to /fimongo1/data : <tgtCluster_tgtShard_1_66> [15:26:55.289] Observed error when trying to mark node as ready for copy files. : <tgtCluster_tgtShard_1_66> [15:26:55.288] Got return status 404 Not Found when trying to mark node ready for copy files.",
      "hostname": "rmdb14",
      "id": "rmdb14:37017",
      "port": 37017,
      "rsId": "tgtShard_1",
      "state": "RECOVERY_IN_PROGRESS",
      "stateUpdateTime": 1790968879
    },
    {
      "error": "<tgtCluster_tgtShard_1_47> [15:26:18.574] Plan execution failed on step MakeBackupDataAvailable as part of move RestoreRsMemberFromBackupPhase1 : <tgtCluster_tgtShard_1_47> [15:26:18.574] Failed to apply action. Result = <nil> : <tgtCluster_tgtShard_1_47> [15:26:18.574] Failed to download the snapshot : <tgtCluster_tgtShard_1_47> [15:26:18.574] Error while waiting for third party to copy backup to /fimongo1/data : <tgtCluster_tgtShard_1_47> [15:26:18.574] Observed error when trying to mark node as ready for copy files. : <tgtCluster_tgtShard_1_47> [15:26:18.573] Got return status 404 Not Found when trying to mark node ready for copy files.",
      "hostname": "rmdb9",
      "id": "rmdb9:37017",
      "port": 37017,
      "rsId": "tgtShard_1",
      "state": "RECOVERY_IN_PROGRESS",
      "stateUpdateTime": 1790968923
    },
    {
      "error": "<tgtCluster_tgtShard_1_46> [15:26:03.162] Plan execution failed on step MakeBackupDataAvailable as part of move RestoreRsMemberFromBackupPhase1 : <tgtCluster_tgtShard_1_46> [15:26:03.161] Failed to apply action. Result = <nil> : <tgtCluster_tgtShard_1_46> [15:26:03.161] Failed to download the snapshot : <tgtCluster_tgtShard_1_46> [15:26:03.161] Error while waiting for third party to copy backup to /fimongo1/data : <tgtCluster_tgtShard_1_46> [15:26:03.161] Observed error when trying to mark node as ready for copy files. : <tgtCluster_tgtShard_1_46> [15:26:03.161] Got return status 404 Not Found when trying to mark node ready for copy files.",
      "hostname": "rmdb4",
      "id": "rmdb4:37017",
      "port": 37017,
      "rsId": "tgtShard_1",
      "state": "RECOVERY_IN_PROGRESS",
      "stateUpdateTime": 1790968901
    },
    {
      "error": "<tgtCluster_tgtShard_1_45> [15:27:04.777] Plan execution failed on step MakeBackupDataAvailable as part of move RestoreRsMemberFromBackupPhase1 : <tgtCluster_tgtShard_1_45> [15:27:04.777] Failed to apply action. Result = <nil> : <tgtCluster_tgtShard_1_45> [15:27:04.777] Failed to download the snapshot : <tgtCluster_tgtShard_1_45> [15:27:04.777] Error while waiting for third party to copy backup to /fimongo1/data : <tgtCluster_tgtShard_1_45> [15:27:04.777] Observed error when trying to mark node as ready for copy files. : <tgtCluster_tgtShard_1_45> [15:27:04.777] Got return status 404 Not Found when trying to mark node ready for copy files.",
      "hostname": "rmdb2",
      "id": "rmdb2:37017",
      "port": 37017,
      "rsId": "tgtShard_1",
      "state": "RECOVERY_IN_PROGRESS",
      "stateUpdateTime": 1790968681
    },
    {
      "error": "<tgtCluster_tgtShard_0_44> [15:26:55.254] Plan execution failed on step MakeBackupDataAvailable as part of move RestoreRsMemberFromBackupPhase1 : <tgtCluster_tgtShard_0_44> [15:26:55.254] Failed to apply action. Result = <nil> : <tgtCluster_tgtShard_0_44> [15:26:55.254] Failed to download the snapshot : <tgtCluster_tgtShard_0_44> [15:26:55.254] Error while waiting for third party to copy backup to /fimongo1/data : <tgtCluster_tgtShard_0_44> [15:26:55.254] Observed error when trying to mark node as ready for copy files. : <tgtCluster_tgtShard_0_44> [15:26:55.254] Got return status 404 Not Found when trying to mark node ready for copy files.",
      "hostname": "rmdb8",
      "id": "rmdb8:37017",
      "port": 37017,
      "rsId": "tgtShard_0",
      "state": "RECOVERY_IN_PROGRESS",
      "stateUpdateTime": 1790968530
    },
    {
      "error": null,
      "hostname": "rmdb13",
      "id": "rmdb13:37017",
      "port": 37017,
      "rsId": "tgtShard_0",
      "state": "RECOVERY_IN_PROGRESS",
      "stateUpdateTime": 1790917247
    },
    {
      "error": "<tgtCluster_tgtShard_0_42> [15:26:02.363] Plan execution failed on step MakeBackupDataAvailable as part of move RestoreRsMemberFromBackupPhase1 : <tgtCluster_tgtShard_0_42> [15:26:02.363] Failed to apply action. Result = <nil> : <tgtCluster_tgtShard_0_42> [15:26:02.363] Failed to download the snapshot : <tgtCluster_tgtShard_0_42> [15:26:02.363] Error while waiting for third party to copy backup to /fimongo1/data : <tgtCluster_tgtShard_0_42> [15:26:02.363] Observed error when trying to mark node as ready for copy files. : <tgtCluster_tgtShard_0_42> [15:26:02.363] Got return status 404 Not Found when trying to mark node ready for copy files.",
      "hostname": "rmdb1",
      "id": "rmdb1:37017",
      "port": 37017,
      "rsId": "tgtShard_0",
      "state": "RECOVERY_IN_PROGRESS",
      "stateUpdateTime": 1790963978
    },
    {
      "error": "<tgtCluster_tgtShard_0_43> [15:26:46.799] Plan execution failed on step MakeBackupDataAvailable as part of move RestoreRsMemberFromBackupPhase1 : <tgtCluster_tgtShard_0_43> [15:26:46.799] Failed to apply action. Result = <nil> : <tgtCluster_tgtShard_0_43> [15:26:46.799] Failed to download the snapshot : <tgtCluster_tgtShard_0_43> [15:26:46.799] Error while waiting for third party to copy backup to /fimongo1/data : <tgtCluster_tgtShard_0_43> [15:26:46.799] Observed error when trying to mark node as ready for copy files. : <tgtCluster_tgtShard_0_43> [15:26:46.799] Got return status 404 Not Found when trying to mark node ready for copy files.",
      "hostname": "rmdb3",
      "id": "rmdb3:37017",
      "port": 37017,
      "rsId": "tgtShard_0",
      "state": "RECOVERY_IN_PROGRESS",
      "stateUpdateTime": 1790967977
    },
    {
      "error": null,
      "hostname": "rmdb11",
      "id": "rmdb11:37017",
      "port": 37017,
      "rsId": "tgtShard_0",
      "state": "RECOVERY_IN_PROGRESS",
      "stateUpdateTime": 1790917218
    },
    {
      "error": null,
      "hostname": "rmdb7",
      "id": "rmdb7:37017",
      "port": 37017,
      "rsId": "tgtconfigRS",
      "state": "RECOVERY_IN_PROGRESS",
      "stateUpdateTime": 1790917195
    },
    {
      "error": null,
      "hostname": "rmdb-config1",
      "id": "rmdb-config1:37017",
      "port": 37017,
      "rsId": "tgtconfigRS",
      "state": "RECOVERY_IN_PROGRESS",
      "stateUpdateTime": 1790917145
    },
    {
      "error": null,
      "hostname": "rmdb-config2",
      "id": "rmdb-config2:37017",
      "port": 37017,
      "rsId": "tgtconfigRS",
      "state": "RECOVERY_IN_PROGRESS",
      "stateUpdateTime": 1790917166
    }
  ],
  "state": "RECOVERY_IN_PROGRESS"
}
2026-10-02 14:27:08,789 [INFO] Restore state: RECOVERY_IN_PROGRESS
2026-10-02 14:27:18,790 [DEBUG] API GET http://129.40.36.100:8080/api/public/v1.0/backup/third_party/group/6a386221ee19a6537cc68a97/restore/6abf3847457a6b80701899fb
2026-10-02 14:27:18,934 [DEBUG] STATUS 200
2026-10-02 14:27:18,934 [DEBUG] {
  "clusterMapping": [
    {
      "rsId": "sgcShard_0",
      "targetRsId": "tgtShard_0"
    },
    {
      "rsId": "sgcShard_1",
      "targetRsId": "tgtShard_1"
    },
    {
      "rsId": "configRS",
      "targetRsId": "tgtconfigRS"
    }
  ],
  "nodes": [
    {
      "error": "<tgtCluster_tgtShard_1_64> [15:26:25.440] Plan execution failed on step MakeBackupDataAvailable as part of move RestoreRsMemberFromBackupPhase1 : <tgtCluster_tgtShard_1_64> [15:26:25.440] Failed to apply action. Result = <nil> : <tgtCluster_tgtShard_1_64> [15:26:25.440] Failed to download the snapshot : <tgtCluster_tgtShard_1_64> [15:26:25.440] Error while waiting for third party to copy backup to /fimongo1/data : <tgtCluster_tgtShard_1_64> [15:26:25.440] Observed error when trying to mark node as ready for copy files. : <tgtCluster_tgtShard_1_64> [15:26:25.440] Got return status 404 Not Found when trying to mark node ready for copy files.",
      "hostname": "rmdb12",
      "id": "rmdb12:37017",
      "port": 37017,
      "rsId": "tgtShard_1",
      "state": "RECOVERY_IN_PROGRESS",
      "stateUpdateTime": 1790969076
    },
    {
      "error": "<tgtCluster_tgtShard_1_66> [15:26:55.289] Plan execution failed on step MakeBackupDataAvailable as part of move RestoreRsMemberFromBackupPhase1 : <tgtCluster_tgtShard_1_66> [15:26:55.289] Failed to apply action. Result = <nil> : <tgtCluster_tgtShard_1_66> [15:26:55.289] Failed to download the snapshot : <tgtCluster_tgtShard_1_66> [15:26:55.289] Error while waiting for third party to copy backup to /fimongo1/data : <tgtCluster_tgtShard_1_66> [15:26:55.289] Observed error when trying to mark node as ready for copy files. : <tgtCluster_tgtShard_1_66> [15:26:55.288] Got return status 404 Not Found when trying to mark node ready for copy files.",
      "hostname": "rmdb14",
      "id": "rmdb14:37017",
      "port": 37017,
      "rsId": "tgtShard_1",
      "state": "RECOVERY_IN_PROGRESS",
      "stateUpdateTime": 1790968879
    },
    {
      "error": "<tgtCluster_tgtShard_1_47> [15:26:18.574] Plan execution failed on step MakeBackupDataAvailable as part of move RestoreRsMemberFromBackupPhase1 : <tgtCluster_tgtShard_1_47> [15:26:18.574] Failed to apply action. Result = <nil> : <tgtCluster_tgtShard_1_47> [15:26:18.574] Failed to download the snapshot : <tgtCluster_tgtShard_1_47> [15:26:18.574] Error while waiting for third party to copy backup to /fimongo1/data : <tgtCluster_tgtShard_1_47> [15:26:18.574] Observed error when trying to mark node as ready for copy files. : <tgtCluster_tgtShard_1_47> [15:26:18.573] Got return status 404 Not Found when trying to mark node ready for copy files.",
      "hostname": "rmdb9",
      "id": "rmdb9:37017",
      "port": 37017,
      "rsId": "tgtShard_1",
      "state": "RECOVERY_IN_PROGRESS",
      "stateUpdateTime": 1790968923
    },
    {
      "error": "<tgtCluster_tgtShard_1_46> [15:27:04.705] Plan execution failed on step MakeBackupDataAvailable as part of move RestoreRsMemberFromBackupPhase1 : <tgtCluster_tgtShard_1_46> [15:27:04.705] Failed to apply action. Result = <nil> : <tgtCluster_tgtShard_1_46> [15:27:04.705] Failed to download the snapshot : <tgtCluster_tgtShard_1_46> [15:27:04.705] Error while waiting for third party to copy backup to /fimongo1/data : <tgtCluster_tgtShard_1_46> [15:27:04.705] Observed error when trying to mark node as ready for copy files. : <tgtCluster_tgtShard_1_46> [15:27:04.705] Got return status 404 Not Found when trying to mark node ready for copy files.",
      "hostname": "rmdb4",
      "id": "rmdb4:37017",
      "port": 37017,
      "rsId": "tgtShard_1",
      "state": "RECOVERY_IN_PROGRESS",
      "stateUpdateTime": 1790968901
    },
    {
      "error": "<tgtCluster_tgtShard_1_45> [15:27:04.777] Plan execution failed on step MakeBackupDataAvailable as part of move RestoreRsMemberFromBackupPhase1 : <tgtCluster_tgtShard_1_45> [15:27:04.777] Failed to apply action. Result = <nil> : <tgtCluster_tgtShard_1_45> [15:27:04.777] Failed to download the snapshot : <tgtCluster_tgtShard_1_45> [15:27:04.777] Error while waiting for third party to copy backup to /fimongo1/data : <tgtCluster_tgtShard_1_45> [15:27:04.777] Observed error when trying to mark node as ready for copy files. : <tgtCluster_tgtShard_1_45> [15:27:04.777] Got return status 404 Not Found when trying to mark node ready for copy files.",
      "hostname": "rmdb2",
      "id": "rmdb2:37017",
      "port": 37017,
      "rsId": "tgtShard_1",
      "state": "RECOVERY_IN_PROGRESS",
      "stateUpdateTime": 1790968681
    },
    {
      "error": "<tgtCluster_tgtShard_0_44> [15:26:55.254] Plan execution failed on step MakeBackupDataAvailable as part of move RestoreRsMemberFromBackupPhase1 : <tgtCluster_tgtShard_0_44> [15:26:55.254] Failed to apply action. Result = <nil> : <tgtCluster_tgtShard_0_44> [15:26:55.254] Failed to download the snapshot : <tgtCluster_tgtShard_0_44> [15:26:55.254] Error while waiting for third party to copy backup to /fimongo1/data : <tgtCluster_tgtShard_0_44> [15:26:55.254] Observed error when trying to mark node as ready for copy files. : <tgtCluster_tgtShard_0_44> [15:26:55.254] Got return status 404 Not Found when trying to mark node ready for copy files.",
      "hostname": "rmdb8",
      "id": "rmdb8:37017",
      "port": 37017,
      "rsId": "tgtShard_0",
      "state": "RECOVERY_IN_PROGRESS",
      "stateUpdateTime": 1790968530
    },
    {
      "error": null,
      "hostname": "rmdb13",
      "id": "rmdb13:37017",
      "port": 37017,
      "rsId": "tgtShard_0",
      "state": "RECOVERY_IN_PROGRESS",
      "stateUpdateTime": 1790917247
    },
    {
      "error": "<tgtCluster_tgtShard_0_42> [15:27:03.096] Plan execution failed on step MakeBackupDataAvailable as part of move RestoreRsMemberFromBackupPhase1 : <tgtCluster_tgtShard_0_42> [15:27:03.096] Failed to apply action. Result = <nil> : <tgtCluster_tgtShard_0_42> [15:27:03.096] Failed to download the snapshot : <tgtCluster_tgtShard_0_42> [15:27:03.096] Error while waiting for third party to copy backup to /fimongo1/data : <tgtCluster_tgtShard_0_42> [15:27:03.096] Observed error when trying to mark node as ready for copy files. : <tgtCluster_tgtShard_0_42> [15:27:03.095] Got return status 404 Not Found when trying to mark node ready for copy files.",
      "hostname": "rmdb1",
      "id": "rmdb1:37017",
      "port": 37017,
      "rsId": "tgtShard_0",
      "state": "RECOVERY_IN_PROGRESS",
      "stateUpdateTime": 1790963978
    },
    {
      "error": "<tgtCluster_tgtShard_0_43> [15:26:46.799] Plan execution failed on step MakeBackupDataAvailable as part of move RestoreRsMemberFromBackupPhase1 : <tgtCluster_tgtShard_0_43> [15:26:46.799] Failed to apply action. Result = <nil> : <tgtCluster_tgtShard_0_43> [15:26:46.799] Failed to download the snapshot : <tgtCluster_tgtShard_0_43> [15:26:46.799] Error while waiting for third party to copy backup to /fimongo1/data : <tgtCluster_tgtShard_0_43> [15:26:46.799] Observed error when trying to mark node as ready for copy files. : <tgtCluster_tgtShard_0_43> [15:26:46.799] Got return status 404 Not Found when trying to mark node ready for copy files.",
      "hostname": "rmdb3",
      "id": "rmdb3:37017",
      "port": 37017,
      "rsId": "tgtShard_0",
      "state": "RECOVERY_IN_PROGRESS",
      "stateUpdateTime": 1790967977
    },
    {
      "error": null,
      "hostname": "rmdb11",
      "id": "rmdb11:37017",
      "port": 37017,
      "rsId": "tgtShard_0",
      "state": "RECOVERY_IN_PROGRESS",
      "stateUpdateTime": 1790917218
    },
    {
      "error": null,
      "hostname": "rmdb7",
      "id": "rmdb7:37017",
      "port": 37017,
      "rsId": "tgtconfigRS",
      "state": "RECOVERY_IN_PROGRESS",
      "stateUpdateTime": 1790917195
    },
    {
      "error": null,
      "hostname": "rmdb-config1",
      "id": "rmdb-config1:37017",
      "port": 37017,
      "rsId": "tgtconfigRS",
      "state": "RECOVERY_IN_PROGRESS",
      "stateUpdateTime": 1790917145
    },
    {
      "error": null,
      "hostname": "rmdb-config2",
      "id": "rmdb-config2:37017",
      "port": 37017,
      "rsId": "tgtconfigRS",
      "state": "RECOVERY_IN_PROGRESS",
      "stateUpdateTime": 1790917166
    }
  ],
  "state": "RECOVERY_IN_PROGRESS"
}
2026-10-02 14:27:18,934 [INFO] Restore state: RECOVERY_IN_PROGRESS
2026-10-02 14:27:28,935 [DEBUG] API GET http://129.40.36.100:8080/api/public/v1.0/backup/third_party/group/6a386221ee19a6537cc68a97/restore/6abf3847457a6b80701899fb
2026-10-02 14:27:29,164 [DEBUG] STATUS 200
2026-10-02 14:27:29,164 [DEBUG] {
  "clusterMapping": [
    {
      "rsId": "sgcShard_0",
      "targetRsId": "tgtShard_0"
    },
    {
      "rsId": "sgcShard_1",
      "targetRsId": "tgtShard_1"
    },
    {
      "rsId": "configRS",
      "targetRsId": "tgtconfigRS"
    }
  ],
  "nodes": [
    {
      "error": "<tgtCluster_tgtShard_1_64> [15:27:26.775] Plan execution failed on step MakeBackupDataAvailable as part of move RestoreRsMemberFromBackupPhase1 : <tgtCluster_tgtShard_1_64> [15:27:26.775] Failed to apply action. Result = <nil> : <tgtCluster_tgtShard_1_64> [15:27:26.775] Failed to download the snapshot : <tgtCluster_tgtShard_1_64> [15:27:26.775] Error while waiting for third party to copy backup to /fimongo1/data : <tgtCluster_tgtShard_1_64> [15:27:26.775] Observed error when trying to mark node as ready for copy files. : <tgtCluster_tgtShard_1_64> [15:27:26.775] Got return status 404 Not Found when trying to mark node ready for copy files.",
      "hostname": "rmdb12",
      "id": "rmdb12:37017",
      "port": 37017,
      "rsId": "tgtShard_1",
      "state": "RECOVERY_IN_PROGRESS",
      "stateUpdateTime": 1790969076
    },
    {
      "error": "<tgtCluster_tgtShard_1_66> [15:26:55.289] Plan execution failed on step MakeBackupDataAvailable as part of move RestoreRsMemberFromBackupPhase1 : <tgtCluster_tgtShard_1_66> [15:26:55.289] Failed to apply action. Result = <nil> : <tgtCluster_tgtShard_1_66> [15:26:55.289] Failed to download the snapshot : <tgtCluster_tgtShard_1_66> [15:26:55.289] Error while waiting for third party to copy backup to /fimongo1/data : <tgtCluster_tgtShard_1_66> [15:26:55.289] Observed error when trying to mark node as ready for copy files. : <tgtCluster_tgtShard_1_66> [15:26:55.288] Got return status 404 Not Found when trying to mark node ready for copy files.",
      "hostname": "rmdb14",
      "id": "rmdb14:37017",
      "port": 37017,
      "rsId": "tgtShard_1",
      "state": "RECOVERY_IN_PROGRESS",
      "stateUpdateTime": 1790968879
    },
    {
      "error": "<tgtCluster_tgtShard_1_47> [15:26:18.574] Plan execution failed on step MakeBackupDataAvailable as part of move RestoreRsMemberFromBackupPhase1 : <tgtCluster_tgtShard_1_47> [15:26:18.574] Failed to apply action. Result = <nil> : <tgtCluster_tgtShard_1_47> [15:26:18.574] Failed to download the snapshot : <tgtCluster_tgtShard_1_47> [15:26:18.574] Error while waiting for third party to copy backup to /fimongo1/data : <tgtCluster_tgtShard_1_47> [15:26:18.574] Observed error when trying to mark node as ready for copy files. : <tgtCluster_tgtShard_1_47> [15:26:18.573] Got return status 404 Not Found when trying to mark node ready for copy files.",
      "hostname": "rmdb9",
      "id": "rmdb9:37017",
      "port": 37017,
      "rsId": "tgtShard_1",
      "state": "RECOVERY_IN_PROGRESS",
      "stateUpdateTime": 1790968923
    },
    {
      "error": "<tgtCluster_tgtShard_1_46> [15:27:04.705] Plan execution failed on step MakeBackupDataAvailable as part of move RestoreRsMemberFromBackupPhase1 : <tgtCluster_tgtShard_1_46> [15:27:04.705] Failed to apply action. Result = <nil> : <tgtCluster_tgtShard_1_46> [15:27:04.705] Failed to download the snapshot : <tgtCluster_tgtShard_1_46> [15:27:04.705] Error while waiting for third party to copy backup to /fimongo1/data : <tgtCluster_tgtShard_1_46> [15:27:04.705] Observed error when trying to mark node as ready for copy files. : <tgtCluster_tgtShard_1_46> [15:27:04.705] Got return status 404 Not Found when trying to mark node ready for copy files.",
      "hostname": "rmdb4",
      "id": "rmdb4:37017",
      "port": 37017,
      "rsId": "tgtShard_1",
      "state": "RECOVERY_IN_PROGRESS",
      "stateUpdateTime": 1790968901
    },
    {
      "error": "<tgtCluster_tgtShard_1_45> [15:27:04.777] Plan execution failed on step MakeBackupDataAvailable as part of move RestoreRsMemberFromBackupPhase1 : <tgtCluster_tgtShard_1_45> [15:27:04.777] Failed to apply action. Result = <nil> : <tgtCluster_tgtShard_1_45> [15:27:04.777] Failed to download the snapshot : <tgtCluster_tgtShard_1_45> [15:27:04.777] Error while waiting for third party to copy backup to /fimongo1/data : <tgtCluster_tgtShard_1_45> [15:27:04.777] Observed error when trying to mark node as ready for copy files. : <tgtCluster_tgtShard_1_45> [15:27:04.777] Got return status 404 Not Found when trying to mark node ready for copy files.",
      "hostname": "rmdb2",
      "id": "rmdb2:37017",
      "port": 37017,
      "rsId": "tgtShard_1",
      "state": "RECOVERY_IN_PROGRESS",
      "stateUpdateTime": 1790968681
    },
    {
      "error": "<tgtCluster_tgtShard_0_44> [15:26:55.254] Plan execution failed on step MakeBackupDataAvailable as part of move RestoreRsMemberFromBackupPhase1 : <tgtCluster_tgtShard_0_44> [15:26:55.254] Failed to apply action. Result = <nil> : <tgtCluster_tgtShard_0_44> [15:26:55.254] Failed to download the snapshot : <tgtCluster_tgtShard_0_44> [15:26:55.254] Error while waiting for third party to copy backup to /fimongo1/data : <tgtCluster_tgtShard_0_44> [15:26:55.254] Observed error when trying to mark node as ready for copy files. : <tgtCluster_tgtShard_0_44> [15:26:55.254] Got return status 404 Not Found when trying to mark node ready for copy files.",
      "hostname": "rmdb8",
      "id": "rmdb8:37017",
      "port": 37017,
      "rsId": "tgtShard_0",
      "state": "RECOVERY_IN_PROGRESS",
      "stateUpdateTime": 1790968530
    },
    {
      "error": null,
      "hostname": "rmdb13",
      "id": "rmdb13:37017",
      "port": 37017,
      "rsId": "tgtShard_0",
      "state": "RECOVERY_IN_PROGRESS",
      "stateUpdateTime": 1790917247
    },
    {
      "error": "<tgtCluster_tgtShard_0_42> [15:27:03.096] Plan execution failed on step MakeBackupDataAvailable as part of move RestoreRsMemberFromBackupPhase1 : <tgtCluster_tgtShard_0_42> [15:27:03.096] Failed to apply action. Result = <nil> : <tgtCluster_tgtShard_0_42> [15:27:03.096] Failed to download the snapshot : <tgtCluster_tgtShard_0_42> [15:27:03.096] Error while waiting for third party to copy backup to /fimongo1/data : <tgtCluster_tgtShard_0_42> [15:27:03.096] Observed error when trying to mark node as ready for copy files. : <tgtCluster_tgtShard_0_42> [15:27:03.095] Got return status 404 Not Found when trying to mark node ready for copy files.",
      "hostname": "rmdb1",
      "id": "rmdb1:37017",
      "port": 37017,
      "rsId": "tgtShard_0",
      "state": "RECOVERY_IN_PROGRESS",
      "stateUpdateTime": 1790963978
    },
    {
      "error": "<tgtCluster_tgtShard_0_43> [15:26:46.799] Plan execution failed on step MakeBackupDataAvailable as part of move RestoreRsMemberFromBackupPhase1 : <tgtCluster_tgtShard_0_43> [15:26:46.799] Failed to apply action. Result = <nil> : <tgtCluster_tgtShard_0_43> [15:26:46.799] Failed to download the snapshot : <tgtCluster_tgtShard_0_43> [15:26:46.799] Error while waiting for third party to copy backup to /fimongo1/data : <tgtCluster_tgtShard_0_43> [15:26:46.799] Observed error when trying to mark node as ready for copy files. : <tgtCluster_tgtShard_0_43> [15:26:46.799] Got return status 404 Not Found when trying to mark node ready for copy files.",
      "hostname": "rmdb3",
      "id": "rmdb3:37017",
      "port": 37017,
      "rsId": "tgtShard_0",
      "state": "RECOVERY_IN_PROGRESS",
      "stateUpdateTime": 1790967977
    },
    {
      "error": null,
      "hostname": "rmdb11",
      "id": "rmdb11:37017",
      "port": 37017,
      "rsId": "tgtShard_0",
      "state": "RECOVERY_IN_PROGRESS",
      "stateUpdateTime": 1790917218
    },
    {
      "error": null,
      "hostname": "rmdb7",
      "id": "rmdb7:37017",
      "port": 37017,
      "rsId": "tgtconfigRS",
      "state": "RECOVERY_IN_PROGRESS",
      "stateUpdateTime": 1790917195
    },
    {
      "error": null,
      "hostname": "rmdb-config1",
      "id": "rmdb-config1:37017",
      "port": 37017,
      "rsId": "tgtconfigRS",
      "state": "RECOVERY_IN_PROGRESS",
      "stateUpdateTime": 1790917145
    },
    {
      "error": null,
      "hostname": "rmdb-config2",
      "id": "rmdb-config2:37017",
      "port": 37017,
      "rsId": "tgtconfigRS",
      "state": "RECOVERY_IN_PROGRESS",
      "stateUpdateTime": 1790917166
    }
  ],
  "state": "RECOVERY_IN_PROGRESS"
}
2026-10-02 14:27:29,165 [INFO] Restore state: RECOVERY_IN_PROGRESS
2026-10-02 14:27:39,165 [DEBUG] API GET http://129.40.36.100:8080/api/public/v1.0/backup/third_party/group/6a386221ee19a6537cc68a97/restore/6abf3847457a6b80701899fb
2026-10-02 14:27:39,309 [DEBUG] STATUS 200
2026-10-02 14:27:39,309 [DEBUG] {
  "clusterMapping": [
    {
      "rsId": "sgcShard_0",
      "targetRsId": "tgtShard_0"
    },
    {
      "rsId": "sgcShard_1",
      "targetRsId": "tgtShard_1"
    },
    {
      "rsId": "configRS",
      "targetRsId": "tgtconfigRS"
    }
  ],
  "nodes": [
    {
      "error": "<tgtCluster_tgtShard_1_64> [15:27:26.775] Plan execution failed on step MakeBackupDataAvailable as part of move RestoreRsMemberFromBackupPhase1 : <tgtCluster_tgtShard_1_64> [15:27:26.775] Failed to apply action. Result = <nil> : <tgtCluster_tgtShard_1_64> [15:27:26.775] Failed to download the snapshot : <tgtCluster_tgtShard_1_64> [15:27:26.775] Error while waiting for third party to copy backup to /fimongo1/data : <tgtCluster_tgtShard_1_64> [15:27:26.775] Observed error when trying to mark node as ready for copy files. : <tgtCluster_tgtShard_1_64> [15:27:26.775] Got return status 404 Not Found when trying to mark node ready for copy files.",
      "hostname": "rmdb12",
      "id": "rmdb12:37017",
      "port": 37017,
      "rsId": "tgtShard_1",
      "state": "RECOVERY_IN_PROGRESS",
      "stateUpdateTime": 1790969076
    },
    {
      "error": "<tgtCluster_tgtShard_1_66> [15:26:55.289] Plan execution failed on step MakeBackupDataAvailable as part of move RestoreRsMemberFromBackupPhase1 : <tgtCluster_tgtShard_1_66> [15:26:55.289] Failed to apply action. Result = <nil> : <tgtCluster_tgtShard_1_66> [15:26:55.289] Failed to download the snapshot : <tgtCluster_tgtShard_1_66> [15:26:55.289] Error while waiting for third party to copy backup to /fimongo1/data : <tgtCluster_tgtShard_1_66> [15:26:55.289] Observed error when trying to mark node as ready for copy files. : <tgtCluster_tgtShard_1_66> [15:26:55.288] Got return status 404 Not Found when trying to mark node ready for copy files.",
      "hostname": "rmdb14",
      "id": "rmdb14:37017",
      "port": 37017,
      "rsId": "tgtShard_1",
      "state": "RECOVERY_IN_PROGRESS",
      "stateUpdateTime": 1790968879
    },
    {
      "error": "<tgtCluster_tgtShard_1_47> [15:27:20.116] Plan execution failed on step MakeBackupDataAvailable as part of move RestoreRsMemberFromBackupPhase1 : <tgtCluster_tgtShard_1_47> [15:27:20.116] Failed to apply action. Result = <nil> : <tgtCluster_tgtShard_1_47> [15:27:20.116] Failed to download the snapshot : <tgtCluster_tgtShard_1_47> [15:27:20.116] Error while waiting for third party to copy backup to /fimongo1/data : <tgtCluster_tgtShard_1_47> [15:27:20.116] Observed error when trying to mark node as ready for copy files. : <tgtCluster_tgtShard_1_47> [15:27:20.116] Got return status 404 Not Found when trying to mark node ready for copy files.",
      "hostname": "rmdb9",
      "id": "rmdb9:37017",
      "port": 37017,
      "rsId": "tgtShard_1",
      "state": "RECOVERY_IN_PROGRESS",
      "stateUpdateTime": 1790968923
    },
    {
      "error": "<tgtCluster_tgtShard_1_46> [15:27:04.705] Plan execution failed on step MakeBackupDataAvailable as part of move RestoreRsMemberFromBackupPhase1 : <tgtCluster_tgtShard_1_46> [15:27:04.705] Failed to apply action. Result = <nil> : <tgtCluster_tgtShard_1_46> [15:27:04.705] Failed to download the snapshot : <tgtCluster_tgtShard_1_46> [15:27:04.705] Error while waiting for third party to copy backup to /fimongo1/data : <tgtCluster_tgtShard_1_46> [15:27:04.705] Observed error when trying to mark node as ready for copy files. : <tgtCluster_tgtShard_1_46> [15:27:04.705] Got return status 404 Not Found when trying to mark node ready for copy files.",
      "hostname": "rmdb4",
      "id": "rmdb4:37017",
      "port": 37017,
      "rsId": "tgtShard_1",
      "state": "RECOVERY_IN_PROGRESS",
      "stateUpdateTime": 1790968901
    },
    {
      "error": "<tgtCluster_tgtShard_1_45> [15:27:04.777] Plan execution failed on step MakeBackupDataAvailable as part of move RestoreRsMemberFromBackupPhase1 : <tgtCluster_tgtShard_1_45> [15:27:04.777] Failed to apply action. Result = <nil> : <tgtCluster_tgtShard_1_45> [15:27:04.777] Failed to download the snapshot : <tgtCluster_tgtShard_1_45> [15:27:04.777] Error while waiting for third party to copy backup to /fimongo1/data : <tgtCluster_tgtShard_1_45> [15:27:04.777] Observed error when trying to mark node as ready for copy files. : <tgtCluster_tgtShard_1_45> [15:27:04.777] Got return status 404 Not Found when trying to mark node ready for copy files.",
      "hostname": "rmdb2",
      "id": "rmdb2:37017",
      "port": 37017,
      "rsId": "tgtShard_1",
      "state": "RECOVERY_IN_PROGRESS",
      "stateUpdateTime": 1790968681
    },
    {
      "error": "<tgtCluster_tgtShard_0_44> [15:26:55.254] Plan execution failed on step MakeBackupDataAvailable as part of move RestoreRsMemberFromBackupPhase1 : <tgtCluster_tgtShard_0_44> [15:26:55.254] Failed to apply action. Result = <nil> : <tgtCluster_tgtShard_0_44> [15:26:55.254] Failed to download the snapshot : <tgtCluster_tgtShard_0_44> [15:26:55.254] Error while waiting for third party to copy backup to /fimongo1/data : <tgtCluster_tgtShard_0_44> [15:26:55.254] Observed error when trying to mark node as ready for copy files. : <tgtCluster_tgtShard_0_44> [15:26:55.254] Got return status 404 Not Found when trying to mark node ready for copy files.",
      "hostname": "rmdb8",
      "id": "rmdb8:37017",
      "port": 37017,
      "rsId": "tgtShard_0",
      "state": "RECOVERY_IN_PROGRESS",
      "stateUpdateTime": 1790968530
    },
    {
      "error": null,
      "hostname": "rmdb13",
      "id": "rmdb13:37017",
      "port": 37017,
      "rsId": "tgtShard_0",
      "state": "RECOVERY_IN_PROGRESS",
      "stateUpdateTime": 1790917247
    },
    {
      "error": "<tgtCluster_tgtShard_0_42> [15:27:03.096] Plan execution failed on step MakeBackupDataAvailable as part of move RestoreRsMemberFromBackupPhase1 : <tgtCluster_tgtShard_0_42> [15:27:03.096] Failed to apply action. Result = <nil> : <tgtCluster_tgtShard_0_42> [15:27:03.096] Failed to download the snapshot : <tgtCluster_tgtShard_0_42> [15:27:03.096] Error while waiting for third party to copy backup to /fimongo1/data : <tgtCluster_tgtShard_0_42> [15:27:03.096] Observed error when trying to mark node as ready for copy files. : <tgtCluster_tgtShard_0_42> [15:27:03.095] Got return status 404 Not Found when trying to mark node ready for copy files.",
      "hostname": "rmdb1",
      "id": "rmdb1:37017",
      "port": 37017,
      "rsId": "tgtShard_0",
      "state": "RECOVERY_IN_PROGRESS",
      "stateUpdateTime": 1790963978
    },
    {
      "error": "<tgtCluster_tgtShard_0_43> [15:26:46.799] Plan execution failed on step MakeBackupDataAvailable as part of move RestoreRsMemberFromBackupPhase1 : <tgtCluster_tgtShard_0_43> [15:26:46.799] Failed to apply action. Result = <nil> : <tgtCluster_tgtShard_0_43> [15:26:46.799] Failed to download the snapshot : <tgtCluster_tgtShard_0_43> [15:26:46.799] Error while waiting for third party to copy backup to /fimongo1/data : <tgtCluster_tgtShard_0_43> [15:26:46.799] Observed error when trying to mark node as ready for copy files. : <tgtCluster_tgtShard_0_43> [15:26:46.799] Got return status 404 Not Found when trying to mark node ready for copy files.",
      "hostname": "rmdb3",
      "id": "rmdb3:37017",
      "port": 37017,
      "rsId": "tgtShard_0",
      "state": "RECOVERY_IN_PROGRESS",
      "stateUpdateTime": 1790967977
    },
    {
      "error": null,
      "hostname": "rmdb11",
      "id": "rmdb11:37017",
      "port": 37017,
      "rsId": "tgtShard_0",
      "state": "RECOVERY_IN_PROGRESS",
      "stateUpdateTime": 1790917218
    },
    {
      "error": null,
      "hostname": "rmdb7",
      "id": "rmdb7:37017",
      "port": 37017,
      "rsId": "tgtconfigRS",
      "state": "RECOVERY_IN_PROGRESS",
      "stateUpdateTime": 1790917195
    },
    {
      "error": null,
      "hostname": "rmdb-config1",
      "id": "rmdb-config1:37017",
      "port": 37017,
      "rsId": "tgtconfigRS",
      "state": "RECOVERY_IN_PROGRESS",
      "stateUpdateTime": 1790917145
    },
    {
      "error": null,
      "hostname": "rmdb-config2",
      "id": "rmdb-config2:37017",
      "port": 37017,
      "rsId": "tgtconfigRS",
      "state": "RECOVERY_IN_PROGRESS",
      "stateUpdateTime": 1790917166
    }
  ],
  "state": "RECOVERY_IN_PROGRESS"
}
2026-10-02 14:27:39,309 [INFO] Restore state: RECOVERY_IN_PROGRESS
2026-10-02 14:27:49,310 [DEBUG] API GET http://129.40.36.100:8080/api/public/v1.0/backup/third_party/group/6a386221ee19a6537cc68a97/restore/6abf3847457a6b80701899fb
2026-10-02 14:27:49,464 [DEBUG] STATUS 200
2026-10-02 14:27:49,464 [DEBUG] {
  "clusterMapping": [
    {
      "rsId": "sgcShard_0",
      "targetRsId": "tgtShard_0"
    },
    {
      "rsId": "sgcShard_1",
      "targetRsId": "tgtShard_1"
    },
    {
      "rsId": "configRS",
      "targetRsId": "tgtconfigRS"
    }
  ],
  "nodes": [
    {
      "error": "<tgtCluster_tgtShard_1_64> [15:27:26.775] Plan execution failed on step MakeBackupDataAvailable as part of move RestoreRsMemberFromBackupPhase1 : <tgtCluster_tgtShard_1_64> [15:27:26.775] Failed to apply action. Result = <nil> : <tgtCluster_tgtShard_1_64> [15:27:26.775] Failed to download the snapshot : <tgtCluster_tgtShard_1_64> [15:27:26.775] Error while waiting for third party to copy backup to /fimongo1/data : <tgtCluster_tgtShard_1_64> [15:27:26.775] Observed error when trying to mark node as ready for copy files. : <tgtCluster_tgtShard_1_64> [15:27:26.775] Got return status 404 Not Found when trying to mark node ready for copy files.",
      "hostname": "rmdb12",
      "id": "rmdb12:37017",
      "port": 37017,
      "rsId": "tgtShard_1",
      "state": "RECOVERY_IN_PROGRESS",
      "stateUpdateTime": 1790969076
    },
    {
      "error": "<tgtCluster_tgtShard_1_66> [15:26:55.289] Plan execution failed on step MakeBackupDataAvailable as part of move RestoreRsMemberFromBackupPhase1 : <tgtCluster_tgtShard_1_66> [15:26:55.289] Failed to apply action. Result = <nil> : <tgtCluster_tgtShard_1_66> [15:26:55.289] Failed to download the snapshot : <tgtCluster_tgtShard_1_66> [15:26:55.289] Error while waiting for third party to copy backup to /fimongo1/data : <tgtCluster_tgtShard_1_66> [15:26:55.289] Observed error when trying to mark node as ready for copy files. : <tgtCluster_tgtShard_1_66> [15:26:55.288] Got return status 404 Not Found when trying to mark node ready for copy files.",
      "hostname": "rmdb14",
      "id": "rmdb14:37017",
      "port": 37017,
      "rsId": "tgtShard_1",
      "state": "RECOVERY_IN_PROGRESS",
      "stateUpdateTime": 1790968879
    },
    {
      "error": "<tgtCluster_tgtShard_1_47> [15:27:20.116] Plan execution failed on step MakeBackupDataAvailable as part of move RestoreRsMemberFromBackupPhase1 : <tgtCluster_tgtShard_1_47> [15:27:20.116] Failed to apply action. Result = <nil> : <tgtCluster_tgtShard_1_47> [15:27:20.116] Failed to download the snapshot : <tgtCluster_tgtShard_1_47> [15:27:20.116] Error while waiting for third party to copy backup to /fimongo1/data : <tgtCluster_tgtShard_1_47> [15:27:20.116] Observed error when trying to mark node as ready for copy files. : <tgtCluster_tgtShard_1_47> [15:27:20.116] Got return status 404 Not Found when trying to mark node ready for copy files.",
      "hostname": "rmdb9",
      "id": "rmdb9:37017",
      "port": 37017,
      "rsId": "tgtShard_1",
      "state": "RECOVERY_IN_PROGRESS",
      "stateUpdateTime": 1790968923
    },
    {
      "error": "<tgtCluster_tgtShard_1_46> [15:27:04.705] Plan execution failed on step MakeBackupDataAvailable as part of move RestoreRsMemberFromBackupPhase1 : <tgtCluster_tgtShard_1_46> [15:27:04.705] Failed to apply action. Result = <nil> : <tgtCluster_tgtShard_1_46> [15:27:04.705] Failed to download the snapshot : <tgtCluster_tgtShard_1_46> [15:27:04.705] Error while waiting for third party to copy backup to /fimongo1/data : <tgtCluster_tgtShard_1_46> [15:27:04.705] Observed error when trying to mark node as ready for copy files. : <tgtCluster_tgtShard_1_46> [15:27:04.705] Got return status 404 Not Found when trying to mark node ready for copy files.",
      "hostname": "rmdb4",
      "id": "rmdb4:37017",
      "port": 37017,
      "rsId": "tgtShard_1",
      "state": "RECOVERY_IN_PROGRESS",
      "stateUpdateTime": 1790968901
    },
    {
      "error": "<tgtCluster_tgtShard_1_45> [15:27:04.777] Plan execution failed on step MakeBackupDataAvailable as part of move RestoreRsMemberFromBackupPhase1 : <tgtCluster_tgtShard_1_45> [15:27:04.777] Failed to apply action. Result = <nil> : <tgtCluster_tgtShard_1_45> [15:27:04.777] Failed to download the snapshot : <tgtCluster_tgtShard_1_45> [15:27:04.777] Error while waiting for third party to copy backup to /fimongo1/data : <tgtCluster_tgtShard_1_45> [15:27:04.777] Observed error when trying to mark node as ready for copy files. : <tgtCluster_tgtShard_1_45> [15:27:04.777] Got return status 404 Not Found when trying to mark node ready for copy files.",
      "hostname": "rmdb2",
      "id": "rmdb2:37017",
      "port": 37017,
      "rsId": "tgtShard_1",
      "state": "RECOVERY_IN_PROGRESS",
      "stateUpdateTime": 1790968681
    },
    {
      "error": "<tgtCluster_tgtShard_0_44> [15:26:55.254] Plan execution failed on step MakeBackupDataAvailable as part of move RestoreRsMemberFromBackupPhase1 : <tgtCluster_tgtShard_0_44> [15:26:55.254] Failed to apply action. Result = <nil> : <tgtCluster_tgtShard_0_44> [15:26:55.254] Failed to download the snapshot : <tgtCluster_tgtShard_0_44> [15:26:55.254] Error while waiting for third party to copy backup to /fimongo1/data : <tgtCluster_tgtShard_0_44> [15:26:55.254] Observed error when trying to mark node as ready for copy files. : <tgtCluster_tgtShard_0_44> [15:26:55.254] Got return status 404 Not Found when trying to mark node ready for copy files.",
      "hostname": "rmdb8",
      "id": "rmdb8:37017",
      "port": 37017,
      "rsId": "tgtShard_0",
      "state": "RECOVERY_IN_PROGRESS",
      "stateUpdateTime": 1790968530
    },
    {
      "error": null,
      "hostname": "rmdb13",
      "id": "rmdb13:37017",
      "port": 37017,
      "rsId": "tgtShard_0",
      "state": "RECOVERY_IN_PROGRESS",
      "stateUpdateTime": 1790917247
    },
    {
      "error": "<tgtCluster_tgtShard_0_42> [15:27:03.096] Plan execution failed on step MakeBackupDataAvailable as part of move RestoreRsMemberFromBackupPhase1 : <tgtCluster_tgtShard_0_42> [15:27:03.096] Failed to apply action. Result = <nil> : <tgtCluster_tgtShard_0_42> [15:27:03.096] Failed to download the snapshot : <tgtCluster_tgtShard_0_42> [15:27:03.096] Error while waiting for third party to copy backup to /fimongo1/data : <tgtCluster_tgtShard_0_42> [15:27:03.096] Observed error when trying to mark node as ready for copy files. : <tgtCluster_tgtShard_0_42> [15:27:03.095] Got return status 404 Not Found when trying to mark node ready for copy files.",
      "hostname": "rmdb1",
      "id": "rmdb1:37017",
      "port": 37017,
      "rsId": "tgtShard_0",
      "state": "RECOVERY_IN_PROGRESS",
      "stateUpdateTime": 1790963978
    },
    {
      "error": "<tgtCluster_tgtShard_0_43> [15:27:47.530] Plan execution failed on step MakeBackupDataAvailable as part of move RestoreRsMemberFromBackupPhase1 : <tgtCluster_tgtShard_0_43> [15:27:47.530] Failed to apply action. Result = <nil> : <tgtCluster_tgtShard_0_43> [15:27:47.530] Failed to download the snapshot : <tgtCluster_tgtShard_0_43> [15:27:47.530] Error while waiting for third party to copy backup to /fimongo1/data : <tgtCluster_tgtShard_0_43> [15:27:47.530] Observed error when trying to mark node as ready for copy files. : <tgtCluster_tgtShard_0_43> [15:27:47.530] Got return status 404 Not Found when trying to mark node ready for copy files.",
      "hostname": "rmdb3",
      "id": "rmdb3:37017",
      "port": 37017,
      "rsId": "tgtShard_0",
      "state": "RECOVERY_IN_PROGRESS",
      "stateUpdateTime": 1790967977
    },
    {
      "error": null,
      "hostname": "rmdb11",
      "id": "rmdb11:37017",
      "port": 37017,
      "rsId": "tgtShard_0",
      "state": "RECOVERY_IN_PROGRESS",
      "stateUpdateTime": 1790917218
    },
    {
      "error": null,
      "hostname": "rmdb7",
      "id": "rmdb7:37017",
      "port": 37017,
      "rsId": "tgtconfigRS",
      "state": "RECOVERY_IN_PROGRESS",
      "stateUpdateTime": 1790917195
    },
    {
      "error": null,
      "hostname": "rmdb-config1",
      "id": "rmdb-config1:37017",
      "port": 37017,
      "rsId": "tgtconfigRS",
      "state": "RECOVERY_IN_PROGRESS",
      "stateUpdateTime": 1790917145
    },
    {
      "error": null,
      "hostname": "rmdb-config2",
      "id": "rmdb-config2:37017",
      "port": 37017,
      "rsId": "tgtconfigRS",
      "state": "RECOVERY_IN_PROGRESS",
      "stateUpdateTime": 1790917166
    }
  ],
  "state": "RECOVERY_IN_PROGRESS"
}
2026-10-02 14:27:49,464 [INFO] Restore state: RECOVERY_IN_PROGRESS
2026-10-02 14:27:59,465 [DEBUG] API GET http://129.40.36.100:8080/api/public/v1.0/backup/third_party/group/6a386221ee19a6537cc68a97/restore/6abf3847457a6b80701899fb
2026-10-02 14:27:59,606 [DEBUG] STATUS 200
2026-10-02 14:27:59,606 [DEBUG] {
  "clusterMapping": [
    {
      "rsId": "sgcShard_0",
      "targetRsId": "tgtShard_0"
    },
    {
      "rsId": "sgcShard_1",
      "targetRsId": "tgtShard_1"
    },
    {
      "rsId": "configRS",
      "targetRsId": "tgtconfigRS"
    }
  ],
  "nodes": [
    {
      "error": "<tgtCluster_tgtShard_1_64> [15:27:26.775] Plan execution failed on step MakeBackupDataAvailable as part of move RestoreRsMemberFromBackupPhase1 : <tgtCluster_tgtShard_1_64> [15:27:26.775] Failed to apply action. Result = <nil> : <tgtCluster_tgtShard_1_64> [15:27:26.775] Failed to download the snapshot : <tgtCluster_tgtShard_1_64> [15:27:26.775] Error while waiting for third party to copy backup to /fimongo1/data : <tgtCluster_tgtShard_1_64> [15:27:26.775] Observed error when trying to mark node as ready for copy files. : <tgtCluster_tgtShard_1_64> [15:27:26.775] Got return status 404 Not Found when trying to mark node ready for copy files.",
      "hostname": "rmdb12",
      "id": "rmdb12:37017",
      "port": 37017,
      "rsId": "tgtShard_1",
      "state": "RECOVERY_IN_PROGRESS",
      "stateUpdateTime": 1790969076
    },
    {
      "error": "<tgtCluster_tgtShard_1_66> [15:27:56.721] Plan execution failed on step MakeBackupDataAvailable as part of move RestoreRsMemberFromBackupPhase1 : <tgtCluster_tgtShard_1_66> [15:27:56.721] Failed to apply action. Result = <nil> : <tgtCluster_tgtShard_1_66> [15:27:56.721] Failed to download the snapshot : <tgtCluster_tgtShard_1_66> [15:27:56.721] Error while waiting for third party to copy backup to /fimongo1/data : <tgtCluster_tgtShard_1_66> [15:27:56.721] Observed error when trying to mark node as ready for copy files. : <tgtCluster_tgtShard_1_66> [15:27:56.721] Got return status 404 Not Found when trying to mark node ready for copy files.",
      "hostname": "rmdb14",
      "id": "rmdb14:37017",
      "port": 37017,
      "rsId": "tgtShard_1",
      "state": "RECOVERY_IN_PROGRESS",
      "stateUpdateTime": 1790968879
    },
    {
      "error": "<tgtCluster_tgtShard_1_47> [15:27:20.116] Plan execution failed on step MakeBackupDataAvailable as part of move RestoreRsMemberFromBackupPhase1 : <tgtCluster_tgtShard_1_47> [15:27:20.116] Failed to apply action. Result = <nil> : <tgtCluster_tgtShard_1_47> [15:27:20.116] Failed to download the snapshot : <tgtCluster_tgtShard_1_47> [15:27:20.116] Error while waiting for third party to copy backup to /fimongo1/data : <tgtCluster_tgtShard_1_47> [15:27:20.116] Observed error when trying to mark node as ready for copy files. : <tgtCluster_tgtShard_1_47> [15:27:20.116] Got return status 404 Not Found when trying to mark node ready for copy files.",
      "hostname": "rmdb9",
      "id": "rmdb9:37017",
      "port": 37017,
      "rsId": "tgtShard_1",
      "state": "RECOVERY_IN_PROGRESS",
      "stateUpdateTime": 1790968923
    },
    {
      "error": "<tgtCluster_tgtShard_1_46> [15:27:04.705] Plan execution failed on step MakeBackupDataAvailable as part of move RestoreRsMemberFromBackupPhase1 : <tgtCluster_tgtShard_1_46> [15:27:04.705] Failed to apply action. Result = <nil> : <tgtCluster_tgtShard_1_46> [15:27:04.705] Failed to download the snapshot : <tgtCluster_tgtShard_1_46> [15:27:04.705] Error while waiting for third party to copy backup to /fimongo1/data : <tgtCluster_tgtShard_1_46> [15:27:04.705] Observed error when trying to mark node as ready for copy files. : <tgtCluster_tgtShard_1_46> [15:27:04.705] Got return status 404 Not Found when trying to mark node ready for copy files.",
      "hostname": "rmdb4",
      "id": "rmdb4:37017",
      "port": 37017,
      "rsId": "tgtShard_1",
      "state": "RECOVERY_IN_PROGRESS",
      "stateUpdateTime": 1790968901
    },
    {
      "error": "<tgtCluster_tgtShard_1_45> [15:27:04.777] Plan execution failed on step MakeBackupDataAvailable as part of move RestoreRsMemberFromBackupPhase1 : <tgtCluster_tgtShard_1_45> [15:27:04.777] Failed to apply action. Result = <nil> : <tgtCluster_tgtShard_1_45> [15:27:04.777] Failed to download the snapshot : <tgtCluster_tgtShard_1_45> [15:27:04.777] Error while waiting for third party to copy backup to /fimongo1/data : <tgtCluster_tgtShard_1_45> [15:27:04.777] Observed error when trying to mark node as ready for copy files. : <tgtCluster_tgtShard_1_45> [15:27:04.777] Got return status 404 Not Found when trying to mark node ready for copy files.",
      "hostname": "rmdb2",
      "id": "rmdb2:37017",
      "port": 37017,
      "rsId": "tgtShard_1",
      "state": "RECOVERY_IN_PROGRESS",
      "stateUpdateTime": 1790968681
    },
    {
      "error": "<tgtCluster_tgtShard_0_44> [15:27:56.491] Plan execution failed on step MakeBackupDataAvailable as part of move RestoreRsMemberFromBackupPhase1 : <tgtCluster_tgtShard_0_44> [15:27:56.491] Failed to apply action. Result = <nil> : <tgtCluster_tgtShard_0_44> [15:27:56.491] Failed to download the snapshot : <tgtCluster_tgtShard_0_44> [15:27:56.491] Error while waiting for third party to copy backup to /fimongo1/data : <tgtCluster_tgtShard_0_44> [15:27:56.491] Observed error when trying to mark node as ready for copy files. : <tgtCluster_tgtShard_0_44> [15:27:56.491] Got return status 404 Not Found when trying to mark node ready for copy files.",
      "hostname": "rmdb8",
      "id": "rmdb8:37017",
      "port": 37017,
      "rsId": "tgtShard_0",
      "state": "RECOVERY_IN_PROGRESS",
      "stateUpdateTime": 1790968530
    },
    {
      "error": null,
      "hostname": "rmdb13",
      "id": "rmdb13:37017",
      "port": 37017,
      "rsId": "tgtShard_0",
      "state": "RECOVERY_IN_PROGRESS",
      "stateUpdateTime": 1790917247
    },
    {
      "error": "<tgtCluster_tgtShard_0_42> [15:27:03.096] Plan execution failed on step MakeBackupDataAvailable as part of move RestoreRsMemberFromBackupPhase1 : <tgtCluster_tgtShard_0_42> [15:27:03.096] Failed to apply action. Result = <nil> : <tgtCluster_tgtShard_0_42> [15:27:03.096] Failed to download the snapshot : <tgtCluster_tgtShard_0_42> [15:27:03.096] Error while waiting for third party to copy backup to /fimongo1/data : <tgtCluster_tgtShard_0_42> [15:27:03.096] Observed error when trying to mark node as ready for copy files. : <tgtCluster_tgtShard_0_42> [15:27:03.095] Got return status 404 Not Found when trying to mark node ready for copy files.",
      "hostname": "rmdb1",
      "id": "rmdb1:37017",
      "port": 37017,
      "rsId": "tgtShard_0",
      "state": "RECOVERY_IN_PROGRESS",
      "stateUpdateTime": 1790963978
    },
    {
      "error": "<tgtCluster_tgtShard_0_43> [15:27:47.530] Plan execution failed on step MakeBackupDataAvailable as part of move RestoreRsMemberFromBackupPhase1 : <tgtCluster_tgtShard_0_43> [15:27:47.530] Failed to apply action. Result = <nil> : <tgtCluster_tgtShard_0_43> [15:27:47.530] Failed to download the snapshot : <tgtCluster_tgtShard_0_43> [15:27:47.530] Error while waiting for third party to copy backup to /fimongo1/data : <tgtCluster_tgtShard_0_43> [15:27:47.530] Observed error when trying to mark node as ready for copy files. : <tgtCluster_tgtShard_0_43> [15:27:47.530] Got return status 404 Not Found when trying to mark node ready for copy files.",
      "hostname": "rmdb3",
      "id": "rmdb3:37017",
      "port": 37017,
      "rsId": "tgtShard_0",
      "state": "RECOVERY_IN_PROGRESS",
      "stateUpdateTime": 1790967977
    },
    {
      "error": null,
      "hostname": "rmdb11",
      "id": "rmdb11:37017",
      "port": 37017,
      "rsId": "tgtShard_0",
      "state": "RECOVERY_IN_PROGRESS",
      "stateUpdateTime": 1790917218
    },
    {
      "error": null,
      "hostname": "rmdb7",
      "id": "rmdb7:37017",
      "port": 37017,
      "rsId": "tgtconfigRS",
      "state": "RECOVERY_IN_PROGRESS",
      "stateUpdateTime": 1790917195
    },
    {
      "error": null,
      "hostname": "rmdb-config1",
      "id": "rmdb-config1:37017",
      "port": 37017,
      "rsId": "tgtconfigRS",
      "state": "RECOVERY_IN_PROGRESS",
      "stateUpdateTime": 1790917145
    },
    {
      "error": null,
      "hostname": "rmdb-config2",
      "id": "rmdb-config2:37017",
      "port": 37017,
      "rsId": "tgtconfigRS",
      "state": "RECOVERY_IN_PROGRESS",
      "stateUpdateTime": 1790917166
    }
  ],
  "state": "RECOVERY_IN_PROGRESS"
}
2026-10-02 14:27:59,606 [INFO] Restore state: RECOVERY_IN_PROGRESS
2026-10-02 14:28:09,607 [DEBUG] API GET http://129.40.36.100:8080/api/public/v1.0/backup/third_party/group/6a386221ee19a6537cc68a97/restore/6abf3847457a6b80701899fb
2026-10-02 14:28:09,749 [DEBUG] STATUS 200
2026-10-02 14:28:09,749 [DEBUG] {
  "clusterMapping": [
    {
      "rsId": "sgcShard_0",
      "targetRsId": "tgtShard_0"
    },
    {
      "rsId": "sgcShard_1",
      "targetRsId": "tgtShard_1"
    },
    {
      "rsId": "configRS",
      "targetRsId": "tgtconfigRS"
    }
  ],
  "nodes": [
    {
      "error": "<tgtCluster_tgtShard_1_64> [15:27:26.775] Plan execution failed on step MakeBackupDataAvailable as part of move RestoreRsMemberFromBackupPhase1 : <tgtCluster_tgtShard_1_64> [15:27:26.775] Failed to apply action. Result = <nil> : <tgtCluster_tgtShard_1_64> [15:27:26.775] Failed to download the snapshot : <tgtCluster_tgtShard_1_64> [15:27:26.775] Error while waiting for third party to copy backup to /fimongo1/data : <tgtCluster_tgtShard_1_64> [15:27:26.775] Observed error when trying to mark node as ready for copy files. : <tgtCluster_tgtShard_1_64> [15:27:26.775] Got return status 404 Not Found when trying to mark node ready for copy files.",
      "hostname": "rmdb12",
      "id": "rmdb12:37017",
      "port": 37017,
      "rsId": "tgtShard_1",
      "state": "RECOVERY_IN_PROGRESS",
      "stateUpdateTime": 1790969076
    },
    {
      "error": "<tgtCluster_tgtShard_1_66> [15:27:56.721] Plan execution failed on step MakeBackupDataAvailable as part of move RestoreRsMemberFromBackupPhase1 : <tgtCluster_tgtShard_1_66> [15:27:56.721] Failed to apply action. Result = <nil> : <tgtCluster_tgtShard_1_66> [15:27:56.721] Failed to download the snapshot : <tgtCluster_tgtShard_1_66> [15:27:56.721] Error while waiting for third party to copy backup to /fimongo1/data : <tgtCluster_tgtShard_1_66> [15:27:56.721] Observed error when trying to mark node as ready for copy files. : <tgtCluster_tgtShard_1_66> [15:27:56.721] Got return status 404 Not Found when trying to mark node ready for copy files.",
      "hostname": "rmdb14",
      "id": "rmdb14:37017",
      "port": 37017,
      "rsId": "tgtShard_1",
      "state": "RECOVERY_IN_PROGRESS",
      "stateUpdateTime": 1790968879
    },
    {
      "error": "<tgtCluster_tgtShard_1_47> [15:27:20.116] Plan execution failed on step MakeBackupDataAvailable as part of move RestoreRsMemberFromBackupPhase1 : <tgtCluster_tgtShard_1_47> [15:27:20.116] Failed to apply action. Result = <nil> : <tgtCluster_tgtShard_1_47> [15:27:20.116] Failed to download the snapshot : <tgtCluster_tgtShard_1_47> [15:27:20.116] Error while waiting for third party to copy backup to /fimongo1/data : <tgtCluster_tgtShard_1_47> [15:27:20.116] Observed error when trying to mark node as ready for copy files. : <tgtCluster_tgtShard_1_47> [15:27:20.116] Got return status 404 Not Found when trying to mark node ready for copy files.",
      "hostname": "rmdb9",
      "id": "rmdb9:37017",
      "port": 37017,
      "rsId": "tgtShard_1",
      "state": "RECOVERY_IN_PROGRESS",
      "stateUpdateTime": 1790968923
    },
    {
      "error": "<tgtCluster_tgtShard_1_46> [15:27:04.705] Plan execution failed on step MakeBackupDataAvailable as part of move RestoreRsMemberFromBackupPhase1 : <tgtCluster_tgtShard_1_46> [15:27:04.705] Failed to apply action. Result = <nil> : <tgtCluster_tgtShard_1_46> [15:27:04.705] Failed to download the snapshot : <tgtCluster_tgtShard_1_46> [15:27:04.705] Error while waiting for third party to copy backup to /fimongo1/data : <tgtCluster_tgtShard_1_46> [15:27:04.705] Observed error when trying to mark node as ready for copy files. : <tgtCluster_tgtShard_1_46> [15:27:04.705] Got return status 404 Not Found when trying to mark node ready for copy files.",
      "hostname": "rmdb4",
      "id": "rmdb4:37017",
      "port": 37017,
      "rsId": "tgtShard_1",
      "state": "RECOVERY_IN_PROGRESS",
      "stateUpdateTime": 1790968901
    },
    {
      "error": "<tgtCluster_tgtShard_1_45> [15:28:06.214] Plan execution failed on step MakeBackupDataAvailable as part of move RestoreRsMemberFromBackupPhase1 : <tgtCluster_tgtShard_1_45> [15:28:06.214] Failed to apply action. Result = <nil> : <tgtCluster_tgtShard_1_45> [15:28:06.214] Failed to download the snapshot : <tgtCluster_tgtShard_1_45> [15:28:06.214] Error while waiting for third party to copy backup to /fimongo1/data : <tgtCluster_tgtShard_1_45> [15:28:06.214] Observed error when trying to mark node as ready for copy files. : <tgtCluster_tgtShard_1_45> [15:28:06.213] Got return status 404 Not Found when trying to mark node ready for copy files.",
      "hostname": "rmdb2",
      "id": "rmdb2:37017",
      "port": 37017,
      "rsId": "tgtShard_1",
      "state": "RECOVERY_IN_PROGRESS",
      "stateUpdateTime": 1790968681
    },
    {
      "error": "<tgtCluster_tgtShard_0_44> [15:27:56.491] Plan execution failed on step MakeBackupDataAvailable as part of move RestoreRsMemberFromBackupPhase1 : <tgtCluster_tgtShard_0_44> [15:27:56.491] Failed to apply action. Result = <nil> : <tgtCluster_tgtShard_0_44> [15:27:56.491] Failed to download the snapshot : <tgtCluster_tgtShard_0_44> [15:27:56.491] Error while waiting for third party to copy backup to /fimongo1/data : <tgtCluster_tgtShard_0_44> [15:27:56.491] Observed error when trying to mark node as ready for copy files. : <tgtCluster_tgtShard_0_44> [15:27:56.491] Got return status 404 Not Found when trying to mark node ready for copy files.",
      "hostname": "rmdb8",
      "id": "rmdb8:37017",
      "port": 37017,
      "rsId": "tgtShard_0",
      "state": "RECOVERY_IN_PROGRESS",
      "stateUpdateTime": 1790968530
    },
    {
      "error": null,
      "hostname": "rmdb13",
      "id": "rmdb13:37017",
      "port": 37017,
      "rsId": "tgtShard_0",
      "state": "RECOVERY_IN_PROGRESS",
      "stateUpdateTime": 1790917247
    },
    {
      "error": "<tgtCluster_tgtShard_0_42> [15:27:03.096] Plan execution failed on step MakeBackupDataAvailable as part of move RestoreRsMemberFromBackupPhase1 : <tgtCluster_tgtShard_0_42> [15:27:03.096] Failed to apply action. Result = <nil> : <tgtCluster_tgtShard_0_42> [15:27:03.096] Failed to download the snapshot : <tgtCluster_tgtShard_0_42> [15:27:03.096] Error while waiting for third party to copy backup to /fimongo1/data : <tgtCluster_tgtShard_0_42> [15:27:03.096] Observed error when trying to mark node as ready for copy files. : <tgtCluster_tgtShard_0_42> [15:27:03.095] Got return status 404 Not Found when trying to mark node ready for copy files.",
      "hostname": "rmdb1",
      "id": "rmdb1:37017",
      "port": 37017,
      "rsId": "tgtShard_0",
      "state": "RECOVERY_IN_PROGRESS",
      "stateUpdateTime": 1790963978
    },
    {
      "error": "<tgtCluster_tgtShard_0_43> [15:27:47.530] Plan execution failed on step MakeBackupDataAvailable as part of move RestoreRsMemberFromBackupPhase1 : <tgtCluster_tgtShard_0_43> [15:27:47.530] Failed to apply action. Result = <nil> : <tgtCluster_tgtShard_0_43> [15:27:47.530] Failed to download the snapshot : <tgtCluster_tgtShard_0_43> [15:27:47.530] Error while waiting for third party to copy backup to /fimongo1/data : <tgtCluster_tgtShard_0_43> [15:27:47.530] Observed error when trying to mark node as ready for copy files. : <tgtCluster_tgtShard_0_43> [15:27:47.530] Got return status 404 Not Found when trying to mark node ready for copy files.",
      "hostname": "rmdb3",
      "id": "rmdb3:37017",
      "port": 37017,
      "rsId": "tgtShard_0",
      "state": "RECOVERY_IN_PROGRESS",
      "stateUpdateTime": 1790967977
    },
    {
      "error": null,
      "hostname": "rmdb11",
      "id": "rmdb11:37017",
      "port": 37017,
      "rsId": "tgtShard_0",
      "state": "RECOVERY_IN_PROGRESS",
      "stateUpdateTime": 1790917218
    },
    {
      "error": null,
      "hostname": "rmdb7",
      "id": "rmdb7:37017",
      "port": 37017,
      "rsId": "tgtconfigRS",
      "state": "RECOVERY_IN_PROGRESS",
      "stateUpdateTime": 1790917195
    },
    {
      "error": null,
      "hostname": "rmdb-config1",
      "id": "rmdb-config1:37017",
      "port": 37017,
      "rsId": "tgtconfigRS",
      "state": "RECOVERY_IN_PROGRESS",
      "stateUpdateTime": 1790917145
    },
    {
      "error": null,
      "hostname": "rmdb-config2",
      "id": "rmdb-config2:37017",
      "port": 37017,
      "rsId": "tgtconfigRS",
      "state": "RECOVERY_IN_PROGRESS",
      "stateUpdateTime": 1790917166
    }
  ],
  "state": "RECOVERY_IN_PROGRESS"
}
2026-10-02 14:28:09,750 [INFO] Restore state: RECOVERY_IN_PROGRESS
2026-10-02 14:28:19,751 [DEBUG] API GET http://129.40.36.100:8080/api/public/v1.0/backup/third_party/group/6a386221ee19a6537cc68a97/restore/6abf3847457a6b80701899fb
2026-10-02 14:28:19,918 [DEBUG] STATUS 200
2026-10-02 14:28:19,918 [DEBUG] {
  "clusterMapping": [
    {
      "rsId": "sgcShard_0",
      "targetRsId": "tgtShard_0"
    },
    {
      "rsId": "sgcShard_1",
      "targetRsId": "tgtShard_1"
    },
    {
      "rsId": "configRS",
      "targetRsId": "tgtconfigRS"
    }
  ],
  "nodes": [
    {
      "error": "<tgtCluster_tgtShard_1_64> [15:27:26.775] Plan execution failed on step MakeBackupDataAvailable as part of move RestoreRsMemberFromBackupPhase1 : <tgtCluster_tgtShard_1_64> [15:27:26.775] Failed to apply action. Result = <nil> : <tgtCluster_tgtShard_1_64> [15:27:26.775] Failed to download the snapshot : <tgtCluster_tgtShard_1_64> [15:27:26.775] Error while waiting for third party to copy backup to /fimongo1/data : <tgtCluster_tgtShard_1_64> [15:27:26.775] Observed error when trying to mark node as ready for copy files. : <tgtCluster_tgtShard_1_64> [15:27:26.775] Got return status 404 Not Found when trying to mark node ready for copy files.",
      "hostname": "rmdb12",
      "id": "rmdb12:37017",
      "port": 37017,
      "rsId": "tgtShard_1",
      "state": "RECOVERY_IN_PROGRESS",
      "stateUpdateTime": 1790969076
    },
    {
      "error": "<tgtCluster_tgtShard_1_66> [15:27:56.721] Plan execution failed on step MakeBackupDataAvailable as part of move RestoreRsMemberFromBackupPhase1 : <tgtCluster_tgtShard_1_66> [15:27:56.721] Failed to apply action. Result = <nil> : <tgtCluster_tgtShard_1_66> [15:27:56.721] Failed to download the snapshot : <tgtCluster_tgtShard_1_66> [15:27:56.721] Error while waiting for third party to copy backup to /fimongo1/data : <tgtCluster_tgtShard_1_66> [15:27:56.721] Observed error when trying to mark node as ready for copy files. : <tgtCluster_tgtShard_1_66> [15:27:56.721] Got return status 404 Not Found when trying to mark node ready for copy files.",
      "hostname": "rmdb14",
      "id": "rmdb14:37017",
      "port": 37017,
      "rsId": "tgtShard_1",
      "state": "RECOVERY_IN_PROGRESS",
      "stateUpdateTime": 1790968879
    },
    {
      "error": "<tgtCluster_tgtShard_1_47> [15:27:20.116] Plan execution failed on step MakeBackupDataAvailable as part of move RestoreRsMemberFromBackupPhase1 : <tgtCluster_tgtShard_1_47> [15:27:20.116] Failed to apply action. Result = <nil> : <tgtCluster_tgtShard_1_47> [15:27:20.116] Failed to download the snapshot : <tgtCluster_tgtShard_1_47> [15:27:20.116] Error while waiting for third party to copy backup to /fimongo1/data : <tgtCluster_tgtShard_1_47> [15:27:20.116] Observed error when trying to mark node as ready for copy files. : <tgtCluster_tgtShard_1_47> [15:27:20.116] Got return status 404 Not Found when trying to mark node ready for copy files.",
      "hostname": "rmdb9",
      "id": "rmdb9:37017",
      "port": 37017,
      "rsId": "tgtShard_1",
      "state": "RECOVERY_IN_PROGRESS",
      "stateUpdateTime": 1790968923
    },
    {
      "error": "<tgtCluster_tgtShard_1_46> [15:28:06.140] Plan execution failed on step MakeBackupDataAvailable as part of move RestoreRsMemberFromBackupPhase1 : <tgtCluster_tgtShard_1_46> [15:28:06.140] Failed to apply action. Result = <nil> : <tgtCluster_tgtShard_1_46> [15:28:06.140] Failed to download the snapshot : <tgtCluster_tgtShard_1_46> [15:28:06.140] Error while waiting for third party to copy backup to /fimongo1/data : <tgtCluster_tgtShard_1_46> [15:28:06.140] Observed error when trying to mark node as ready for copy files. : <tgtCluster_tgtShard_1_46> [15:28:06.140] Got return status 404 Not Found when trying to mark node ready for copy files.",
      "hostname": "rmdb4",
      "id": "rmdb4:37017",
      "port": 37017,
      "rsId": "tgtShard_1",
      "state": "RECOVERY_IN_PROGRESS",
      "stateUpdateTime": 1790968901
    },
    {
      "error": "<tgtCluster_tgtShard_1_45> [15:28:06.214] Plan execution failed on step MakeBackupDataAvailable as part of move RestoreRsMemberFromBackupPhase1 : <tgtCluster_tgtShard_1_45> [15:28:06.214] Failed to apply action. Result = <nil> : <tgtCluster_tgtShard_1_45> [15:28:06.214] Failed to download the snapshot : <tgtCluster_tgtShard_1_45> [15:28:06.214] Error while waiting for third party to copy backup to /fimongo1/data : <tgtCluster_tgtShard_1_45> [15:28:06.214] Observed error when trying to mark node as ready for copy files. : <tgtCluster_tgtShard_1_45> [15:28:06.213] Got return status 404 Not Found when trying to mark node ready for copy files.",
      "hostname": "rmdb2",
      "id": "rmdb2:37017",
      "port": 37017,
      "rsId": "tgtShard_1",
      "state": "RECOVERY_IN_PROGRESS",
      "stateUpdateTime": 1790968681
    },
    {
      "error": "<tgtCluster_tgtShard_0_44> [15:27:56.491] Plan execution failed on step MakeBackupDataAvailable as part of move RestoreRsMemberFromBackupPhase1 : <tgtCluster_tgtShard_0_44> [15:27:56.491] Failed to apply action. Result = <nil> : <tgtCluster_tgtShard_0_44> [15:27:56.491] Failed to download the snapshot : <tgtCluster_tgtShard_0_44> [15:27:56.491] Error while waiting for third party to copy backup to /fimongo1/data : <tgtCluster_tgtShard_0_44> [15:27:56.491] Observed error when trying to mark node as ready for copy files. : <tgtCluster_tgtShard_0_44> [15:27:56.491] Got return status 404 Not Found when trying to mark node ready for copy files.",
      "hostname": "rmdb8",
      "id": "rmdb8:37017",
      "port": 37017,
      "rsId": "tgtShard_0",
      "state": "RECOVERY_IN_PROGRESS",
      "stateUpdateTime": 1790968530
    },
    {
      "error": null,
      "hostname": "rmdb13",
      "id": "rmdb13:37017",
      "port": 37017,
      "rsId": "tgtShard_0",
      "state": "RECOVERY_IN_PROGRESS",
      "stateUpdateTime": 1790917247
    },
    {
      "error": "<tgtCluster_tgtShard_0_42> [15:28:04.205] Plan execution failed on step MakeBackupDataAvailable as part of move RestoreRsMemberFromBackupPhase1 : <tgtCluster_tgtShard_0_42> [15:28:04.205] Failed to apply action. Result = <nil> : <tgtCluster_tgtShard_0_42> [15:28:04.205] Failed to download the snapshot : <tgtCluster_tgtShard_0_42> [15:28:04.205] Error while waiting for third party to copy backup to /fimongo1/data : <tgtCluster_tgtShard_0_42> [15:28:04.205] Observed error when trying to mark node as ready for copy files. : <tgtCluster_tgtShard_0_42> [15:28:04.205] Got return status 404 Not Found when trying to mark node ready for copy files.",
      "hostname": "rmdb1",
      "id": "rmdb1:37017",
      "port": 37017,
      "rsId": "tgtShard_0",
      "state": "RECOVERY_IN_PROGRESS",
      "stateUpdateTime": 1790963978
    },
    {
      "error": "<tgtCluster_tgtShard_0_43> [15:27:47.530] Plan execution failed on step MakeBackupDataAvailable as part of move RestoreRsMemberFromBackupPhase1 : <tgtCluster_tgtShard_0_43> [15:27:47.530] Failed to apply action. Result = <nil> : <tgtCluster_tgtShard_0_43> [15:27:47.530] Failed to download the snapshot : <tgtCluster_tgtShard_0_43> [15:27:47.530] Error while waiting for third party to copy backup to /fimongo1/data : <tgtCluster_tgtShard_0_43> [15:27:47.530] Observed error when trying to mark node as ready for copy files. : <tgtCluster_tgtShard_0_43> [15:27:47.530] Got return status 404 Not Found when trying to mark node ready for copy files.",
      "hostname": "rmdb3",
      "id": "rmdb3:37017",
      "port": 37017,
      "rsId": "tgtShard_0",
      "state": "RECOVERY_IN_PROGRESS",
      "stateUpdateTime": 1790967977
    },
    {
      "error": null,
      "hostname": "rmdb11",
      "id": "rmdb11:37017",
      "port": 37017,
      "rsId": "tgtShard_0",
      "state": "RECOVERY_IN_PROGRESS",
      "stateUpdateTime": 1790917218
    },
    {
      "error": null,
      "hostname": "rmdb7",
      "id": "rmdb7:37017",
      "port": 37017,
      "rsId": "tgtconfigRS",
      "state": "RECOVERY_IN_PROGRESS",
      "stateUpdateTime": 1790917195
    },
    {
      "error": null,
      "hostname": "rmdb-config1",
      "id": "rmdb-config1:37017",
      "port": 37017,
      "rsId": "tgtconfigRS",
      "state": "RECOVERY_IN_PROGRESS",
      "stateUpdateTime": 1790917145
    },
    {
      "error": null,
      "hostname": "rmdb-config2",
      "id": "rmdb-config2:37017",
      "port": 37017,
      "rsId": "tgtconfigRS",
      "state": "RECOVERY_IN_PROGRESS",
      "stateUpdateTime": 1790917166
    }
  ],
  "state": "RECOVERY_IN_PROGRESS"
}
2026-10-02 14:28:19,918 [INFO] Restore state: RECOVERY_IN_PROGRESS
2026-10-02 14:28:29,919 [DEBUG] API GET http://129.40.36.100:8080/api/public/v1.0/backup/third_party/group/6a386221ee19a6537cc68a97/restore/6abf3847457a6b80701899fb
2026-10-02 14:28:30,116 [DEBUG] STATUS 200
2026-10-02 14:28:30,117 [DEBUG] {
  "clusterMapping": [
    {
      "rsId": "sgcShard_0",
      "targetRsId": "tgtShard_0"
    },
    {
      "rsId": "sgcShard_1",
      "targetRsId": "tgtShard_1"
    },
    {
      "rsId": "configRS",
      "targetRsId": "tgtconfigRS"
    }
  ],
  "nodes": [
    {
      "error": "<tgtCluster_tgtShard_1_64> [15:28:29.118] Plan execution failed on step MakeBackupDataAvailable as part of move RestoreRsMemberFromBackupPhase1 : <tgtCluster_tgtShard_1_64> [15:28:29.118] Failed to apply action. Result = <nil> : <tgtCluster_tgtShard_1_64> [15:28:29.118] Failed to download the snapshot : <tgtCluster_tgtShard_1_64> [15:28:29.118] Error while waiting for third party to copy backup to /fimongo1/data : <tgtCluster_tgtShard_1_64> [15:28:29.118] Observed error when trying to mark node as ready for copy files. : <tgtCluster_tgtShard_1_64> [15:28:29.118] Got return status 404 Not Found when trying to mark node ready for copy files.",
      "hostname": "rmdb12",
      "id": "rmdb12:37017",
      "port": 37017,
      "rsId": "tgtShard_1",
      "state": "RECOVERY_IN_PROGRESS",
      "stateUpdateTime": 1790969076
    },
    {
      "error": "<tgtCluster_tgtShard_1_66> [15:27:56.721] Plan execution failed on step MakeBackupDataAvailable as part of move RestoreRsMemberFromBackupPhase1 : <tgtCluster_tgtShard_1_66> [15:27:56.721] Failed to apply action. Result = <nil> : <tgtCluster_tgtShard_1_66> [15:27:56.721] Failed to download the snapshot : <tgtCluster_tgtShard_1_66> [15:27:56.721] Error while waiting for third party to copy backup to /fimongo1/data : <tgtCluster_tgtShard_1_66> [15:27:56.721] Observed error when trying to mark node as ready for copy files. : <tgtCluster_tgtShard_1_66> [15:27:56.721] Got return status 404 Not Found when trying to mark node ready for copy files.",
      "hostname": "rmdb14",
      "id": "rmdb14:37017",
      "port": 37017,
      "rsId": "tgtShard_1",
      "state": "RECOVERY_IN_PROGRESS",
      "stateUpdateTime": 1790968879
    },
    {
      "error": "<tgtCluster_tgtShard_1_47> [15:28:21.660] Plan execution failed on step MakeBackupDataAvailable as part of move RestoreRsMemberFromBackupPhase1 : <tgtCluster_tgtShard_1_47> [15:28:21.660] Failed to apply action. Result = <nil> : <tgtCluster_tgtShard_1_47> [15:28:21.659] Failed to download the snapshot : <tgtCluster_tgtShard_1_47> [15:28:21.659] Error while waiting for third party to copy backup to /fimongo1/data : <tgtCluster_tgtShard_1_47> [15:28:21.659] Observed error when trying to mark node as ready for copy files. : <tgtCluster_tgtShard_1_47> [15:28:21.659] Got return status 404 Not Found when trying to mark node ready for copy files.",
      "hostname": "rmdb9",
      "id": "rmdb9:37017",
      "port": 37017,
      "rsId": "tgtShard_1",
      "state": "RECOVERY_IN_PROGRESS",
      "stateUpdateTime": 1790968923
    },
    {
      "error": "<tgtCluster_tgtShard_1_46> [15:28:06.140] Plan execution failed on step MakeBackupDataAvailable as part of move RestoreRsMemberFromBackupPhase1 : <tgtCluster_tgtShard_1_46> [15:28:06.140] Failed to apply action. Result = <nil> : <tgtCluster_tgtShard_1_46> [15:28:06.140] Failed to download the snapshot : <tgtCluster_tgtShard_1_46> [15:28:06.140] Error while waiting for third party to copy backup to /fimongo1/data : <tgtCluster_tgtShard_1_46> [15:28:06.140] Observed error when trying to mark node as ready for copy files. : <tgtCluster_tgtShard_1_46> [15:28:06.140] Got return status 404 Not Found when trying to mark node ready for copy files.",
      "hostname": "rmdb4",
      "id": "rmdb4:37017",
      "port": 37017,
      "rsId": "tgtShard_1",
      "state": "RECOVERY_IN_PROGRESS",
      "stateUpdateTime": 1790968901
    },
    {
      "error": "<tgtCluster_tgtShard_1_45> [15:28:06.214] Plan execution failed on step MakeBackupDataAvailable as part of move RestoreRsMemberFromBackupPhase1 : <tgtCluster_tgtShard_1_45> [15:28:06.214] Failed to apply action. Result = <nil> : <tgtCluster_tgtShard_1_45> [15:28:06.214] Failed to download the snapshot : <tgtCluster_tgtShard_1_45> [15:28:06.214] Error while waiting for third party to copy backup to /fimongo1/data : <tgtCluster_tgtShard_1_45> [15:28:06.214] Observed error when trying to mark node as ready for copy files. : <tgtCluster_tgtShard_1_45> [15:28:06.213] Got return status 404 Not Found when trying to mark node ready for copy files.",
      "hostname": "rmdb2",
      "id": "rmdb2:37017",
      "port": 37017,
      "rsId": "tgtShard_1",
      "state": "RECOVERY_IN_PROGRESS",
      "stateUpdateTime": 1790968681
    },
    {
      "error": "<tgtCluster_tgtShard_0_44> [15:27:56.491] Plan execution failed on step MakeBackupDataAvailable as part of move RestoreRsMemberFromBackupPhase1 : <tgtCluster_tgtShard_0_44> [15:27:56.491] Failed to apply action. Result = <nil> : <tgtCluster_tgtShard_0_44> [15:27:56.491] Failed to download the snapshot : <tgtCluster_tgtShard_0_44> [15:27:56.491] Error while waiting for third party to copy backup to /fimongo1/data : <tgtCluster_tgtShard_0_44> [15:27:56.491] Observed error when trying to mark node as ready for copy files. : <tgtCluster_tgtShard_0_44> [15:27:56.491] Got return status 404 Not Found when trying to mark node ready for copy files.",
      "hostname": "rmdb8",
      "id": "rmdb8:37017",
      "port": 37017,
      "rsId": "tgtShard_0",
      "state": "RECOVERY_IN_PROGRESS",
      "stateUpdateTime": 1790968530
    },
    {
      "error": null,
      "hostname": "rmdb13",
      "id": "rmdb13:37017",
      "port": 37017,
      "rsId": "tgtShard_0",
      "state": "RECOVERY_IN_PROGRESS",
      "stateUpdateTime": 1790917247
    },
    {
      "error": "<tgtCluster_tgtShard_0_42> [15:28:04.205] Plan execution failed on step MakeBackupDataAvailable as part of move RestoreRsMemberFromBackupPhase1 : <tgtCluster_tgtShard_0_42> [15:28:04.205] Failed to apply action. Result = <nil> : <tgtCluster_tgtShard_0_42> [15:28:04.205] Failed to download the snapshot : <tgtCluster_tgtShard_0_42> [15:28:04.205] Error while waiting for third party to copy backup to /fimongo1/data : <tgtCluster_tgtShard_0_42> [15:28:04.205] Observed error when trying to mark node as ready for copy files. : <tgtCluster_tgtShard_0_42> [15:28:04.205] Got return status 404 Not Found when trying to mark node ready for copy files.",
      "hostname": "rmdb1",
      "id": "rmdb1:37017",
      "port": 37017,
      "rsId": "tgtShard_0",
      "state": "RECOVERY_IN_PROGRESS",
      "stateUpdateTime": 1790963978
    },
    {
      "error": "<tgtCluster_tgtShard_0_43> [15:27:47.530] Plan execution failed on step MakeBackupDataAvailable as part of move RestoreRsMemberFromBackupPhase1 : <tgtCluster_tgtShard_0_43> [15:27:47.530] Failed to apply action. Result = <nil> : <tgtCluster_tgtShard_0_43> [15:27:47.530] Failed to download the snapshot : <tgtCluster_tgtShard_0_43> [15:27:47.530] Error while waiting for third party to copy backup to /fimongo1/data : <tgtCluster_tgtShard_0_43> [15:27:47.530] Observed error when trying to mark node as ready for copy files. : <tgtCluster_tgtShard_0_43> [15:27:47.530] Got return status 404 Not Found when trying to mark node ready for copy files.",
      "hostname": "rmdb3",
      "id": "rmdb3:37017",
      "port": 37017,
      "rsId": "tgtShard_0",
      "state": "RECOVERY_IN_PROGRESS",
      "stateUpdateTime": 1790967977
    },
    {
      "error": null,
      "hostname": "rmdb11",
      "id": "rmdb11:37017",
      "port": 37017,
      "rsId": "tgtShard_0",
      "state": "RECOVERY_IN_PROGRESS",
      "stateUpdateTime": 1790917218
    },
    {
      "error": null,
      "hostname": "rmdb7",
      "id": "rmdb7:37017",
      "port": 37017,
      "rsId": "tgtconfigRS",
      "state": "RECOVERY_IN_PROGRESS",
      "stateUpdateTime": 1790917195
    },
    {
      "error": null,
      "hostname": "rmdb-config1",
      "id": "rmdb-config1:37017",
      "port": 37017,
      "rsId": "tgtconfigRS",
      "state": "RECOVERY_IN_PROGRESS",
      "stateUpdateTime": 1790917145
    },
    {
      "error": null,
      "hostname": "rmdb-config2",
      "id": "rmdb-config2:37017",
      "port": 37017,
      "rsId": "tgtconfigRS",
      "state": "RECOVERY_IN_PROGRESS",
      "stateUpdateTime": 1790917166
    }
  ],
  "state": "RECOVERY_IN_PROGRESS"
}
2026-10-02 14:28:30,117 [INFO] Restore state: RECOVERY_IN_PROGRESS
2026-10-02 14:28:40,118 [DEBUG] API GET http://129.40.36.100:8080/api/public/v1.0/backup/third_party/group/6a386221ee19a6537cc68a97/restore/6abf3847457a6b80701899fb
2026-10-02 14:28:40,260 [DEBUG] STATUS 200
2026-10-02 14:28:40,261 [DEBUG] {
  "clusterMapping": [
    {
      "rsId": "sgcShard_0",
      "targetRsId": "tgtShard_0"
    },
    {
      "rsId": "sgcShard_1",
      "targetRsId": "tgtShard_1"
    },
    {
      "rsId": "configRS",
      "targetRsId": "tgtconfigRS"
    }
  ],
  "nodes": [
    {
      "error": "<tgtCluster_tgtShard_1_64> [15:28:29.118] Plan execution failed on step MakeBackupDataAvailable as part of move RestoreRsMemberFromBackupPhase1 : <tgtCluster_tgtShard_1_64> [15:28:29.118] Failed to apply action. Result = <nil> : <tgtCluster_tgtShard_1_64> [15:28:29.118] Failed to download the snapshot : <tgtCluster_tgtShard_1_64> [15:28:29.118] Error while waiting for third party to copy backup to /fimongo1/data : <tgtCluster_tgtShard_1_64> [15:28:29.118] Observed error when trying to mark node as ready for copy files. : <tgtCluster_tgtShard_1_64> [15:28:29.118] Got return status 404 Not Found when trying to mark node ready for copy files.",
      "hostname": "rmdb12",
      "id": "rmdb12:37017",
      "port": 37017,
      "rsId": "tgtShard_1",
      "state": "RECOVERY_IN_PROGRESS",
      "stateUpdateTime": 1790969076
    },
    {
      "error": "<tgtCluster_tgtShard_1_66> [15:27:56.721] Plan execution failed on step MakeBackupDataAvailable as part of move RestoreRsMemberFromBackupPhase1 : <tgtCluster_tgtShard_1_66> [15:27:56.721] Failed to apply action. Result = <nil> : <tgtCluster_tgtShard_1_66> [15:27:56.721] Failed to download the snapshot : <tgtCluster_tgtShard_1_66> [15:27:56.721] Error while waiting for third party to copy backup to /fimongo1/data : <tgtCluster_tgtShard_1_66> [15:27:56.721] Observed error when trying to mark node as ready for copy files. : <tgtCluster_tgtShard_1_66> [15:27:56.721] Got return status 404 Not Found when trying to mark node ready for copy files.",
      "hostname": "rmdb14",
      "id": "rmdb14:37017",
      "port": 37017,
      "rsId": "tgtShard_1",
      "state": "RECOVERY_IN_PROGRESS",
      "stateUpdateTime": 1790968879
    },
    {
      "error": "<tgtCluster_tgtShard_1_47> [15:28:21.660] Plan execution failed on step MakeBackupDataAvailable as part of move RestoreRsMemberFromBackupPhase1 : <tgtCluster_tgtShard_1_47> [15:28:21.660] Failed to apply action. Result = <nil> : <tgtCluster_tgtShard_1_47> [15:28:21.659] Failed to download the snapshot : <tgtCluster_tgtShard_1_47> [15:28:21.659] Error while waiting for third party to copy backup to /fimongo1/data : <tgtCluster_tgtShard_1_47> [15:28:21.659] Observed error when trying to mark node as ready for copy files. : <tgtCluster_tgtShard_1_47> [15:28:21.659] Got return status 404 Not Found when trying to mark node ready for copy files.",
      "hostname": "rmdb9",
      "id": "rmdb9:37017",
      "port": 37017,
      "rsId": "tgtShard_1",
      "state": "RECOVERY_IN_PROGRESS",
      "stateUpdateTime": 1790968923
    },
    {
      "error": "<tgtCluster_tgtShard_1_46> [15:28:06.140] Plan execution failed on step MakeBackupDataAvailable as part of move RestoreRsMemberFromBackupPhase1 : <tgtCluster_tgtShard_1_46> [15:28:06.140] Failed to apply action. Result = <nil> : <tgtCluster_tgtShard_1_46> [15:28:06.140] Failed to download the snapshot : <tgtCluster_tgtShard_1_46> [15:28:06.140] Error while waiting for third party to copy backup to /fimongo1/data : <tgtCluster_tgtShard_1_46> [15:28:06.140] Observed error when trying to mark node as ready for copy files. : <tgtCluster_tgtShard_1_46> [15:28:06.140] Got return status 404 Not Found when trying to mark node ready for copy files.",
      "hostname": "rmdb4",
      "id": "rmdb4:37017",
      "port": 37017,
      "rsId": "tgtShard_1",
      "state": "RECOVERY_IN_PROGRESS",
      "stateUpdateTime": 1790968901
    },
    {
      "error": "<tgtCluster_tgtShard_1_45> [15:28:06.214] Plan execution failed on step MakeBackupDataAvailable as part of move RestoreRsMemberFromBackupPhase1 : <tgtCluster_tgtShard_1_45> [15:28:06.214] Failed to apply action. Result = <nil> : <tgtCluster_tgtShard_1_45> [15:28:06.214] Failed to download the snapshot : <tgtCluster_tgtShard_1_45> [15:28:06.214] Error while waiting for third party to copy backup to /fimongo1/data : <tgtCluster_tgtShard_1_45> [15:28:06.214] Observed error when trying to mark node as ready for copy files. : <tgtCluster_tgtShard_1_45> [15:28:06.213] Got return status 404 Not Found when trying to mark node ready for copy files.",
      "hostname": "rmdb2",
      "id": "rmdb2:37017",
      "port": 37017,
      "rsId": "tgtShard_1",
      "state": "RECOVERY_IN_PROGRESS",
      "stateUpdateTime": 1790968681
    },
    {
      "error": "<tgtCluster_tgtShard_0_44> [15:27:56.491] Plan execution failed on step MakeBackupDataAvailable as part of move RestoreRsMemberFromBackupPhase1 : <tgtCluster_tgtShard_0_44> [15:27:56.491] Failed to apply action. Result = <nil> : <tgtCluster_tgtShard_0_44> [15:27:56.491] Failed to download the snapshot : <tgtCluster_tgtShard_0_44> [15:27:56.491] Error while waiting for third party to copy backup to /fimongo1/data : <tgtCluster_tgtShard_0_44> [15:27:56.491] Observed error when trying to mark node as ready for copy files. : <tgtCluster_tgtShard_0_44> [15:27:56.491] Got return status 404 Not Found when trying to mark node ready for copy files.",
      "hostname": "rmdb8",
      "id": "rmdb8:37017",
      "port": 37017,
      "rsId": "tgtShard_0",
      "state": "RECOVERY_IN_PROGRESS",
      "stateUpdateTime": 1790968530
    },
    {
      "error": null,
      "hostname": "rmdb13",
      "id": "rmdb13:37017",
      "port": 37017,
      "rsId": "tgtShard_0",
      "state": "RECOVERY_IN_PROGRESS",
      "stateUpdateTime": 1790917247
    },
    {
      "error": "<tgtCluster_tgtShard_0_42> [15:28:04.205] Plan execution failed on step MakeBackupDataAvailable as part of move RestoreRsMemberFromBackupPhase1 : <tgtCluster_tgtShard_0_42> [15:28:04.205] Failed to apply action. Result = <nil> : <tgtCluster_tgtShard_0_42> [15:28:04.205] Failed to download the snapshot : <tgtCluster_tgtShard_0_42> [15:28:04.205] Error while waiting for third party to copy backup to /fimongo1/data : <tgtCluster_tgtShard_0_42> [15:28:04.205] Observed error when trying to mark node as ready for copy files. : <tgtCluster_tgtShard_0_42> [15:28:04.205] Got return status 404 Not Found when trying to mark node ready for copy files.",
      "hostname": "rmdb1",
      "id": "rmdb1:37017",
      "port": 37017,
      "rsId": "tgtShard_0",
      "state": "RECOVERY_IN_PROGRESS",
      "stateUpdateTime": 1790963978
    },
    {
      "error": "<tgtCluster_tgtShard_0_43> [15:27:47.530] Plan execution failed on step MakeBackupDataAvailable as part of move RestoreRsMemberFromBackupPhase1 : <tgtCluster_tgtShard_0_43> [15:27:47.530] Failed to apply action. Result = <nil> : <tgtCluster_tgtShard_0_43> [15:27:47.530] Failed to download the snapshot : <tgtCluster_tgtShard_0_43> [15:27:47.530] Error while waiting for third party to copy backup to /fimongo1/data : <tgtCluster_tgtShard_0_43> [15:27:47.530] Observed error when trying to mark node as ready for copy files. : <tgtCluster_tgtShard_0_43> [15:27:47.530] Got return status 404 Not Found when trying to mark node ready for copy files.",
      "hostname": "rmdb3",
      "id": "rmdb3:37017",
      "port": 37017,
      "rsId": "tgtShard_0",
      "state": "RECOVERY_IN_PROGRESS",
      "stateUpdateTime": 1790967977
    },
    {
      "error": null,
      "hostname": "rmdb11",
      "id": "rmdb11:37017",
      "port": 37017,
      "rsId": "tgtShard_0",
      "state": "RECOVERY_IN_PROGRESS",
      "stateUpdateTime": 1790917218
    },
    {
      "error": null,
      "hostname": "rmdb7",
      "id": "rmdb7:37017",
      "port": 37017,
      "rsId": "tgtconfigRS",
      "state": "RECOVERY_IN_PROGRESS",
      "stateUpdateTime": 1790917195
    },
    {
      "error": null,
      "hostname": "rmdb-config1",
      "id": "rmdb-config1:37017",
      "port": 37017,
      "rsId": "tgtconfigRS",
      "state": "RECOVERY_IN_PROGRESS",
      "stateUpdateTime": 1790917145
    },
    {
      "error": null,
      "hostname": "rmdb-config2",
      "id": "rmdb-config2:37017",
      "port": 37017,
      "rsId": "tgtconfigRS",
      "state": "RECOVERY_IN_PROGRESS",
      "stateUpdateTime": 1790917166
    }
  ],
  "state": "RECOVERY_IN_PROGRESS"
}
2026-10-02 14:28:40,261 [INFO] Restore state: RECOVERY_IN_PROGRESS
2026-10-02 14:28:50,262 [DEBUG] API GET http://129.40.36.100:8080/api/public/v1.0/backup/third_party/group/6a386221ee19a6537cc68a97/restore/6abf3847457a6b80701899fb
2026-10-02 14:28:50,404 [DEBUG] STATUS 200
2026-10-02 14:28:50,404 [DEBUG] {
  "clusterMapping": [
    {
      "rsId": "sgcShard_0",
      "targetRsId": "tgtShard_0"
    },
    {
      "rsId": "sgcShard_1",
      "targetRsId": "tgtShard_1"
    },
    {
      "rsId": "configRS",
      "targetRsId": "tgtconfigRS"
    }
  ],
  "nodes": [
    {
      "error": "<tgtCluster_tgtShard_1_64> [15:28:29.118] Plan execution failed on step MakeBackupDataAvailable as part of move RestoreRsMemberFromBackupPhase1 : <tgtCluster_tgtShard_1_64> [15:28:29.118] Failed to apply action. Result = <nil> : <tgtCluster_tgtShard_1_64> [15:28:29.118] Failed to download the snapshot : <tgtCluster_tgtShard_1_64> [15:28:29.118] Error while waiting for third party to copy backup to /fimongo1/data : <tgtCluster_tgtShard_1_64> [15:28:29.118] Observed error when trying to mark node as ready for copy files. : <tgtCluster_tgtShard_1_64> [15:28:29.118] Got return status 404 Not Found when trying to mark node ready for copy files.",
      "hostname": "rmdb12",
      "id": "rmdb12:37017",
      "port": 37017,
      "rsId": "tgtShard_1",
      "state": "RECOVERY_IN_PROGRESS",
      "stateUpdateTime": 1790969076
    },
    {
      "error": "<tgtCluster_tgtShard_1_66> [15:27:56.721] Plan execution failed on step MakeBackupDataAvailable as part of move RestoreRsMemberFromBackupPhase1 : <tgtCluster_tgtShard_1_66> [15:27:56.721] Failed to apply action. Result = <nil> : <tgtCluster_tgtShard_1_66> [15:27:56.721] Failed to download the snapshot : <tgtCluster_tgtShard_1_66> [15:27:56.721] Error while waiting for third party to copy backup to /fimongo1/data : <tgtCluster_tgtShard_1_66> [15:27:56.721] Observed error when trying to mark node as ready for copy files. : <tgtCluster_tgtShard_1_66> [15:27:56.721] Got return status 404 Not Found when trying to mark node ready for copy files.",
      "hostname": "rmdb14",
      "id": "rmdb14:37017",
      "port": 37017,
      "rsId": "tgtShard_1",
      "state": "RECOVERY_IN_PROGRESS",
      "stateUpdateTime": 1790968879
    },
    {
      "error": "<tgtCluster_tgtShard_1_47> [15:28:21.660] Plan execution failed on step MakeBackupDataAvailable as part of move RestoreRsMemberFromBackupPhase1 : <tgtCluster_tgtShard_1_47> [15:28:21.660] Failed to apply action. Result = <nil> : <tgtCluster_tgtShard_1_47> [15:28:21.659] Failed to download the snapshot : <tgtCluster_tgtShard_1_47> [15:28:21.659] Error while waiting for third party to copy backup to /fimongo1/data : <tgtCluster_tgtShard_1_47> [15:28:21.659] Observed error when trying to mark node as ready for copy files. : <tgtCluster_tgtShard_1_47> [15:28:21.659] Got return status 404 Not Found when trying to mark node ready for copy files.",
      "hostname": "rmdb9",
      "id": "rmdb9:37017",
      "port": 37017,
      "rsId": "tgtShard_1",
      "state": "RECOVERY_IN_PROGRESS",
      "stateUpdateTime": 1790968923
    },
    {
      "error": "<tgtCluster_tgtShard_1_46> [15:28:06.140] Plan execution failed on step MakeBackupDataAvailable as part of move RestoreRsMemberFromBackupPhase1 : <tgtCluster_tgtShard_1_46> [15:28:06.140] Failed to apply action. Result = <nil> : <tgtCluster_tgtShard_1_46> [15:28:06.140] Failed to download the snapshot : <tgtCluster_tgtShard_1_46> [15:28:06.140] Error while waiting for third party to copy backup to /fimongo1/data : <tgtCluster_tgtShard_1_46> [15:28:06.140] Observed error when trying to mark node as ready for copy files. : <tgtCluster_tgtShard_1_46> [15:28:06.140] Got return status 404 Not Found when trying to mark node ready for copy files.",
      "hostname": "rmdb4",
      "id": "rmdb4:37017",
      "port": 37017,
      "rsId": "tgtShard_1",
      "state": "RECOVERY_IN_PROGRESS",
      "stateUpdateTime": 1790968901
    },
    {
      "error": "<tgtCluster_tgtShard_1_45> [15:28:06.214] Plan execution failed on step MakeBackupDataAvailable as part of move RestoreRsMemberFromBackupPhase1 : <tgtCluster_tgtShard_1_45> [15:28:06.214] Failed to apply action. Result = <nil> : <tgtCluster_tgtShard_1_45> [15:28:06.214] Failed to download the snapshot : <tgtCluster_tgtShard_1_45> [15:28:06.214] Error while waiting for third party to copy backup to /fimongo1/data : <tgtCluster_tgtShard_1_45> [15:28:06.214] Observed error when trying to mark node as ready for copy files. : <tgtCluster_tgtShard_1_45> [15:28:06.213] Got return status 404 Not Found when trying to mark node ready for copy files.",
      "hostname": "rmdb2",
      "id": "rmdb2:37017",
      "port": 37017,
      "rsId": "tgtShard_1",
      "state": "RECOVERY_IN_PROGRESS",
      "stateUpdateTime": 1790968681
    },
    {
      "error": "<tgtCluster_tgtShard_0_44> [15:27:56.491] Plan execution failed on step MakeBackupDataAvailable as part of move RestoreRsMemberFromBackupPhase1 : <tgtCluster_tgtShard_0_44> [15:27:56.491] Failed to apply action. Result = <nil> : <tgtCluster_tgtShard_0_44> [15:27:56.491] Failed to download the snapshot : <tgtCluster_tgtShard_0_44> [15:27:56.491] Error while waiting for third party to copy backup to /fimongo1/data : <tgtCluster_tgtShard_0_44> [15:27:56.491] Observed error when trying to mark node as ready for copy files. : <tgtCluster_tgtShard_0_44> [15:27:56.491] Got return status 404 Not Found when trying to mark node ready for copy files.",
      "hostname": "rmdb8",
      "id": "rmdb8:37017",
      "port": 37017,
      "rsId": "tgtShard_0",
      "state": "RECOVERY_IN_PROGRESS",
      "stateUpdateTime": 1790968530
    },
    {
      "error": null,
      "hostname": "rmdb13",
      "id": "rmdb13:37017",
      "port": 37017,
      "rsId": "tgtShard_0",
      "state": "RECOVERY_IN_PROGRESS",
      "stateUpdateTime": 1790917247
    },
    {
      "error": "<tgtCluster_tgtShard_0_42> [15:28:04.205] Plan execution failed on step MakeBackupDataAvailable as part of move RestoreRsMemberFromBackupPhase1 : <tgtCluster_tgtShard_0_42> [15:28:04.205] Failed to apply action. Result = <nil> : <tgtCluster_tgtShard_0_42> [15:28:04.205] Failed to download the snapshot : <tgtCluster_tgtShard_0_42> [15:28:04.205] Error while waiting for third party to copy backup to /fimongo1/data : <tgtCluster_tgtShard_0_42> [15:28:04.205] Observed error when trying to mark node as ready for copy files. : <tgtCluster_tgtShard_0_42> [15:28:04.205] Got return status 404 Not Found when trying to mark node ready for copy files.",
      "hostname": "rmdb1",
      "id": "rmdb1:37017",
      "port": 37017,
      "rsId": "tgtShard_0",
      "state": "RECOVERY_IN_PROGRESS",
      "stateUpdateTime": 1790963978
    },
    {
      "error": "<tgtCluster_tgtShard_0_43> [15:28:48.468] Plan execution failed on step MakeBackupDataAvailable as part of move RestoreRsMemberFromBackupPhase1 : <tgtCluster_tgtShard_0_43> [15:28:48.468] Failed to apply action. Result = <nil> : <tgtCluster_tgtShard_0_43> [15:28:48.468] Failed to download the snapshot : <tgtCluster_tgtShard_0_43> [15:28:48.468] Error while waiting for third party to copy backup to /fimongo1/data : <tgtCluster_tgtShard_0_43> [15:28:48.467] Observed error when trying to mark node as ready for copy files. : <tgtCluster_tgtShard_0_43> [15:28:48.467] Got return status 404 Not Found when trying to mark node ready for copy files.",
      "hostname": "rmdb3",
      "id": "rmdb3:37017",
      "port": 37017,
      "rsId": "tgtShard_0",
      "state": "RECOVERY_IN_PROGRESS",
      "stateUpdateTime": 1790967977
    },
    {
      "error": null,
      "hostname": "rmdb11",
      "id": "rmdb11:37017",
      "port": 37017,
      "rsId": "tgtShard_0",
      "state": "RECOVERY_IN_PROGRESS",
      "stateUpdateTime": 1790917218
    },
    {
      "error": null,
      "hostname": "rmdb7",
      "id": "rmdb7:37017",
      "port": 37017,
      "rsId": "tgtconfigRS",
      "state": "RECOVERY_IN_PROGRESS",
      "stateUpdateTime": 1790917195
    },
    {
      "error": null,
      "hostname": "rmdb-config1",
      "id": "rmdb-config1:37017",
      "port": 37017,
      "rsId": "tgtconfigRS",
      "state": "RECOVERY_IN_PROGRESS",
      "stateUpdateTime": 1790917145
    },
    {
      "error": null,
      "hostname": "rmdb-config2",
      "id": "rmdb-config2:37017",
      "port": 37017,
      "rsId": "tgtconfigRS",
      "state": "RECOVERY_IN_PROGRESS",
      "stateUpdateTime": 1790917166
    }
  ],
  "state": "RECOVERY_IN_PROGRESS"
}
2026-10-02 14:28:50,405 [INFO] Restore state: RECOVERY_IN_PROGRESS
2026-10-02 14:29:00,405 [DEBUG] API GET http://129.40.36.100:8080/api/public/v1.0/backup/third_party/group/6a386221ee19a6537cc68a97/restore/6abf3847457a6b80701899fb
2026-10-02 14:29:00,564 [DEBUG] STATUS 200
2026-10-02 14:29:00,565 [DEBUG] {
  "clusterMapping": [
    {
      "rsId": "sgcShard_0",
      "targetRsId": "tgtShard_0"
    },
    {
      "rsId": "sgcShard_1",
      "targetRsId": "tgtShard_1"
    },
    {
      "rsId": "configRS",
      "targetRsId": "tgtconfigRS"
    }
  ],
  "nodes": [
    {
      "error": "<tgtCluster_tgtShard_1_64> [15:28:29.118] Plan execution failed on step MakeBackupDataAvailable as part of move RestoreRsMemberFromBackupPhase1 : <tgtCluster_tgtShard_1_64> [15:28:29.118] Failed to apply action. Result = <nil> : <tgtCluster_tgtShard_1_64> [15:28:29.118] Failed to download the snapshot : <tgtCluster_tgtShard_1_64> [15:28:29.118] Error while waiting for third party to copy backup to /fimongo1/data : <tgtCluster_tgtShard_1_64> [15:28:29.118] Observed error when trying to mark node as ready for copy files. : <tgtCluster_tgtShard_1_64> [15:28:29.118] Got return status 404 Not Found when trying to mark node ready for copy files.",
      "hostname": "rmdb12",
      "id": "rmdb12:37017",
      "port": 37017,
      "rsId": "tgtShard_1",
      "state": "RECOVERY_IN_PROGRESS",
      "stateUpdateTime": 1790969076
    },
    {
      "error": "<tgtCluster_tgtShard_1_66> [15:27:56.721] Plan execution failed on step MakeBackupDataAvailable as part of move RestoreRsMemberFromBackupPhase1 : <tgtCluster_tgtShard_1_66> [15:27:56.721] Failed to apply action. Result = <nil> : <tgtCluster_tgtShard_1_66> [15:27:56.721] Failed to download the snapshot : <tgtCluster_tgtShard_1_66> [15:27:56.721] Error while waiting for third party to copy backup to /fimongo1/data : <tgtCluster_tgtShard_1_66> [15:27:56.721] Observed error when trying to mark node as ready for copy files. : <tgtCluster_tgtShard_1_66> [15:27:56.721] Got return status 404 Not Found when trying to mark node ready for copy files.",
      "hostname": "rmdb14",
      "id": "rmdb14:37017",
      "port": 37017,
      "rsId": "tgtShard_1",
      "state": "RECOVERY_IN_PROGRESS",
      "stateUpdateTime": 1790968879
    },
    {
      "error": "<tgtCluster_tgtShard_1_47> [15:28:21.660] Plan execution failed on step MakeBackupDataAvailable as part of move RestoreRsMemberFromBackupPhase1 : <tgtCluster_tgtShard_1_47> [15:28:21.660] Failed to apply action. Result = <nil> : <tgtCluster_tgtShard_1_47> [15:28:21.659] Failed to download the snapshot : <tgtCluster_tgtShard_1_47> [15:28:21.659] Error while waiting for third party to copy backup to /fimongo1/data : <tgtCluster_tgtShard_1_47> [15:28:21.659] Observed error when trying to mark node as ready for copy files. : <tgtCluster_tgtShard_1_47> [15:28:21.659] Got return status 404 Not Found when trying to mark node ready for copy files.",
      "hostname": "rmdb9",
      "id": "rmdb9:37017",
      "port": 37017,
      "rsId": "tgtShard_1",
      "state": "RECOVERY_IN_PROGRESS",
      "stateUpdateTime": 1790968923
    },
    {
      "error": "<tgtCluster_tgtShard_1_46> [15:28:06.140] Plan execution failed on step MakeBackupDataAvailable as part of move RestoreRsMemberFromBackupPhase1 : <tgtCluster_tgtShard_1_46> [15:28:06.140] Failed to apply action. Result = <nil> : <tgtCluster_tgtShard_1_46> [15:28:06.140] Failed to download the snapshot : <tgtCluster_tgtShard_1_46> [15:28:06.140] Error while waiting for third party to copy backup to /fimongo1/data : <tgtCluster_tgtShard_1_46> [15:28:06.140] Observed error when trying to mark node as ready for copy files. : <tgtCluster_tgtShard_1_46> [15:28:06.140] Got return status 404 Not Found when trying to mark node ready for copy files.",
      "hostname": "rmdb4",
      "id": "rmdb4:37017",
      "port": 37017,
      "rsId": "tgtShard_1",
      "state": "RECOVERY_IN_PROGRESS",
      "stateUpdateTime": 1790968901
    },
    {
      "error": "<tgtCluster_tgtShard_1_45> [15:28:06.214] Plan execution failed on step MakeBackupDataAvailable as part of move RestoreRsMemberFromBackupPhase1 : <tgtCluster_tgtShard_1_45> [15:28:06.214] Failed to apply action. Result = <nil> : <tgtCluster_tgtShard_1_45> [15:28:06.214] Failed to download the snapshot : <tgtCluster_tgtShard_1_45> [15:28:06.214] Error while waiting for third party to copy backup to /fimongo1/data : <tgtCluster_tgtShard_1_45> [15:28:06.214] Observed error when trying to mark node as ready for copy files. : <tgtCluster_tgtShard_1_45> [15:28:06.213] Got return status 404 Not Found when trying to mark node ready for copy files.",
      "hostname": "rmdb2",
      "id": "rmdb2:37017",
      "port": 37017,
      "rsId": "tgtShard_1",
      "state": "RECOVERY_IN_PROGRESS",
      "stateUpdateTime": 1790968681
    },
    {
      "error": "<tgtCluster_tgtShard_0_44> [15:27:56.491] Plan execution failed on step MakeBackupDataAvailable as part of move RestoreRsMemberFromBackupPhase1 : <tgtCluster_tgtShard_0_44> [15:27:56.491] Failed to apply action. Result = <nil> : <tgtCluster_tgtShard_0_44> [15:27:56.491] Failed to download the snapshot : <tgtCluster_tgtShard_0_44> [15:27:56.491] Error while waiting for third party to copy backup to /fimongo1/data : <tgtCluster_tgtShard_0_44> [15:27:56.491] Observed error when trying to mark node as ready for copy files. : <tgtCluster_tgtShard_0_44> [15:27:56.491] Got return status 404 Not Found when trying to mark node ready for copy files.",
      "hostname": "rmdb8",
      "id": "rmdb8:37017",
      "port": 37017,
      "rsId": "tgtShard_0",
      "state": "RECOVERY_IN_PROGRESS",
      "stateUpdateTime": 1790968530
    },
    {
      "error": null,
      "hostname": "rmdb13",
      "id": "rmdb13:37017",
      "port": 37017,
      "rsId": "tgtShard_0",
      "state": "RECOVERY_IN_PROGRESS",
      "stateUpdateTime": 1790917247
    },
    {
      "error": "<tgtCluster_tgtShard_0_42> [15:28:04.205] Plan execution failed on step MakeBackupDataAvailable as part of move RestoreRsMemberFromBackupPhase1 : <tgtCluster_tgtShard_0_42> [15:28:04.205] Failed to apply action. Result = <nil> : <tgtCluster_tgtShard_0_42> [15:28:04.205] Failed to download the snapshot : <tgtCluster_tgtShard_0_42> [15:28:04.205] Error while waiting for third party to copy backup to /fimongo1/data : <tgtCluster_tgtShard_0_42> [15:28:04.205] Observed error when trying to mark node as ready for copy files. : <tgtCluster_tgtShard_0_42> [15:28:04.205] Got return status 404 Not Found when trying to mark node ready for copy files.",
      "hostname": "rmdb1",
      "id": "rmdb1:37017",
      "port": 37017,
      "rsId": "tgtShard_0",
      "state": "RECOVERY_IN_PROGRESS",
      "stateUpdateTime": 1790963978
    },
    {
      "error": "<tgtCluster_tgtShard_0_43> [15:28:48.468] Plan execution failed on step MakeBackupDataAvailable as part of move RestoreRsMemberFromBackupPhase1 : <tgtCluster_tgtShard_0_43> [15:28:48.468] Failed to apply action. Result = <nil> : <tgtCluster_tgtShard_0_43> [15:28:48.468] Failed to download the snapshot : <tgtCluster_tgtShard_0_43> [15:28:48.468] Error while waiting for third party to copy backup to /fimongo1/data : <tgtCluster_tgtShard_0_43> [15:28:48.467] Observed error when trying to mark node as ready for copy files. : <tgtCluster_tgtShard_0_43> [15:28:48.467] Got return status 404 Not Found when trying to mark node ready for copy files.",
      "hostname": "rmdb3",
      "id": "rmdb3:37017",
      "port": 37017,
      "rsId": "tgtShard_0",
      "state": "RECOVERY_IN_PROGRESS",
      "stateUpdateTime": 1790967977
    },
    {
      "error": null,
      "hostname": "rmdb11",
      "id": "rmdb11:37017",
      "port": 37017,
      "rsId": "tgtShard_0",
      "state": "RECOVERY_IN_PROGRESS",
      "stateUpdateTime": 1790917218
    },
    {
      "error": null,
      "hostname": "rmdb7",
      "id": "rmdb7:37017",
      "port": 37017,
      "rsId": "tgtconfigRS",
      "state": "RECOVERY_IN_PROGRESS",
      "stateUpdateTime": 1790917195
    },
    {
      "error": null,
      "hostname": "rmdb-config1",
      "id": "rmdb-config1:37017",
      "port": 37017,
      "rsId": "tgtconfigRS",
      "state": "RECOVERY_IN_PROGRESS",
      "stateUpdateTime": 1790917145
    },
    {
      "error": null,
      "hostname": "rmdb-config2",
      "id": "rmdb-config2:37017",
      "port": 37017,
      "rsId": "tgtconfigRS",
      "state": "RECOVERY_IN_PROGRESS",
      "stateUpdateTime": 1790917166
    }
  ],
  "state": "RECOVERY_IN_PROGRESS"
}
2026-10-02 14:29:00,565 [INFO] Restore state: RECOVERY_IN_PROGRESS
2026-10-02 14:29:10,565 [DEBUG] API GET http://129.40.36.100:8080/api/public/v1.0/backup/third_party/group/6a386221ee19a6537cc68a97/restore/6abf3847457a6b80701899fb
2026-10-02 14:29:10,713 [DEBUG] STATUS 200
2026-10-02 14:29:10,714 [DEBUG] {
  "clusterMapping": [
    {
      "rsId": "sgcShard_0",
      "targetRsId": "tgtShard_0"
    },
    {
      "rsId": "sgcShard_1",
      "targetRsId": "tgtShard_1"
    },
    {
      "rsId": "configRS",
      "targetRsId": "tgtconfigRS"
    }
  ],
  "nodes": [
    {
      "error": "<tgtCluster_tgtShard_1_64> [15:28:29.118] Plan execution failed on step MakeBackupDataAvailable as part of move RestoreRsMemberFromBackupPhase1 : <tgtCluster_tgtShard_1_64> [15:28:29.118] Failed to apply action. Result = <nil> : <tgtCluster_tgtShard_1_64> [15:28:29.118] Failed to download the snapshot : <tgtCluster_tgtShard_1_64> [15:28:29.118] Error while waiting for third party to copy backup to /fimongo1/data : <tgtCluster_tgtShard_1_64> [15:28:29.118] Observed error when trying to mark node as ready for copy files. : <tgtCluster_tgtShard_1_64> [15:28:29.118] Got return status 404 Not Found when trying to mark node ready for copy files.",
      "hostname": "rmdb12",
      "id": "rmdb12:37017",
      "port": 37017,
      "rsId": "tgtShard_1",
      "state": "FAILING",
      "stateUpdateTime": 1790969349
    },
    {
      "error": "<tgtCluster_tgtShard_1_66> [15:28:58.159] Plan execution failed on step MakeBackupDataAvailable as part of move RestoreRsMemberFromBackupPhase1 : <tgtCluster_tgtShard_1_66> [15:28:58.159] Failed to apply action. Result = <nil> : <tgtCluster_tgtShard_1_66> [15:28:58.159] Failed to download the snapshot : <tgtCluster_tgtShard_1_66> [15:28:58.159] Error while waiting for third party to copy backup to /fimongo1/data : <tgtCluster_tgtShard_1_66> [15:28:58.159] Observed error when trying to mark node as ready for copy files. : <tgtCluster_tgtShard_1_66> [15:28:58.159] Got return status 404 Not Found when trying to mark node ready for copy files.",
      "hostname": "rmdb14",
      "id": "rmdb14:37017",
      "port": 37017,
      "rsId": "tgtShard_1",
      "state": "FAILING",
      "stateUpdateTime": 1790969349
    },
    {
      "error": "<tgtCluster_tgtShard_1_47> [15:28:21.660] Plan execution failed on step MakeBackupDataAvailable as part of move RestoreRsMemberFromBackupPhase1 : <tgtCluster_tgtShard_1_47> [15:28:21.660] Failed to apply action. Result = <nil> : <tgtCluster_tgtShard_1_47> [15:28:21.659] Failed to download the snapshot : <tgtCluster_tgtShard_1_47> [15:28:21.659] Error while waiting for third party to copy backup to /fimongo1/data : <tgtCluster_tgtShard_1_47> [15:28:21.659] Observed error when trying to mark node as ready for copy files. : <tgtCluster_tgtShard_1_47> [15:28:21.659] Got return status 404 Not Found when trying to mark node ready for copy files.",
      "hostname": "rmdb9",
      "id": "rmdb9:37017",
      "port": 37017,
      "rsId": "tgtShard_1",
      "state": "FAILING",
      "stateUpdateTime": 1790969349
    },
    {
      "error": "<tgtCluster_tgtShard_1_46> [15:28:06.140] Plan execution failed on step MakeBackupDataAvailable as part of move RestoreRsMemberFromBackupPhase1 : <tgtCluster_tgtShard_1_46> [15:28:06.140] Failed to apply action. Result = <nil> : <tgtCluster_tgtShard_1_46> [15:28:06.140] Failed to download the snapshot : <tgtCluster_tgtShard_1_46> [15:28:06.140] Error while waiting for third party to copy backup to /fimongo1/data : <tgtCluster_tgtShard_1_46> [15:28:06.140] Observed error when trying to mark node as ready for copy files. : <tgtCluster_tgtShard_1_46> [15:28:06.140] Got return status 404 Not Found when trying to mark node ready for copy files.",
      "hostname": "rmdb4",
      "id": "rmdb4:37017",
      "port": 37017,
      "rsId": "tgtShard_1",
      "state": "FAILING",
      "stateUpdateTime": 1790969349
    },
    {
      "error": "<tgtCluster_tgtShard_1_45> [15:29:07.651] Plan execution failed on step MakeBackupDataAvailable as part of move RestoreRsMemberFromBackupPhase1 : <tgtCluster_tgtShard_1_45> [15:29:07.651] Failed to apply action. Result = <nil> : <tgtCluster_tgtShard_1_45> [15:29:07.650] Failed to download the snapshot : <tgtCluster_tgtShard_1_45> [15:29:07.650] Error while waiting for third party to copy backup to /fimongo1/data : <tgtCluster_tgtShard_1_45> [15:29:07.650] Observed error when trying to mark node as ready for copy files. : <tgtCluster_tgtShard_1_45> [15:29:07.650] Got return status 404 Not Found when trying to mark node ready for copy files.",
      "hostname": "rmdb2",
      "id": "rmdb2:37017",
      "port": 37017,
      "rsId": "tgtShard_1",
      "state": "FAILING",
      "stateUpdateTime": 1790969349
    },
    {
      "error": "<tgtCluster_tgtShard_0_44> [15:28:57.223] Plan execution failed on step MakeBackupDataAvailable as part of move RestoreRsMemberFromBackupPhase1 : <tgtCluster_tgtShard_0_44> [15:28:57.223] Failed to apply action. Result = <nil> : <tgtCluster_tgtShard_0_44> [15:28:57.223] Failed to download the snapshot : <tgtCluster_tgtShard_0_44> [15:28:57.223] Error while waiting for third party to copy backup to /fimongo1/data : <tgtCluster_tgtShard_0_44> [15:28:57.223] Observed error when trying to mark node as ready for copy files. : <tgtCluster_tgtShard_0_44> [15:28:57.223] Got return status 404 Not Found when trying to mark node ready for copy files.",
      "hostname": "rmdb8",
      "id": "rmdb8:37017",
      "port": 37017,
      "rsId": "tgtShard_0",
      "state": "FAILING",
      "stateUpdateTime": 1790969349
    },
    {
      "error": null,
      "hostname": "rmdb13",
      "id": "rmdb13:37017",
      "port": 37017,
      "rsId": "tgtShard_0",
      "state": "FAILING",
      "stateUpdateTime": 1790969349
    },
    {
      "error": "<tgtCluster_tgtShard_0_42> [15:28:04.205] Plan execution failed on step MakeBackupDataAvailable as part of move RestoreRsMemberFromBackupPhase1 : <tgtCluster_tgtShard_0_42> [15:28:04.205] Failed to apply action. Result = <nil> : <tgtCluster_tgtShard_0_42> [15:28:04.205] Failed to download the snapshot : <tgtCluster_tgtShard_0_42> [15:28:04.205] Error while waiting for third party to copy backup to /fimongo1/data : <tgtCluster_tgtShard_0_42> [15:28:04.205] Observed error when trying to mark node as ready for copy files. : <tgtCluster_tgtShard_0_42> [15:28:04.205] Got return status 404 Not Found when trying to mark node ready for copy files.",
      "hostname": "rmdb1",
      "id": "rmdb1:37017",
      "port": 37017,
      "rsId": "tgtShard_0",
      "state": "FAILING",
      "stateUpdateTime": 1790969349
    },
    {
      "error": "<tgtCluster_tgtShard_0_43> [15:28:48.468] Plan execution failed on step MakeBackupDataAvailable as part of move RestoreRsMemberFromBackupPhase1 : <tgtCluster_tgtShard_0_43> [15:28:48.468] Failed to apply action. Result = <nil> : <tgtCluster_tgtShard_0_43> [15:28:48.468] Failed to download the snapshot : <tgtCluster_tgtShard_0_43> [15:28:48.468] Error while waiting for third party to copy backup to /fimongo1/data : <tgtCluster_tgtShard_0_43> [15:28:48.467] Observed error when trying to mark node as ready for copy files. : <tgtCluster_tgtShard_0_43> [15:28:48.467] Got return status 404 Not Found when trying to mark node ready for copy files.",
      "hostname": "rmdb3",
      "id": "rmdb3:37017",
      "port": 37017,
      "rsId": "tgtShard_0",
      "state": "FAILING",
      "stateUpdateTime": 1790969349
    },
    {
      "error": null,
      "hostname": "rmdb11",
      "id": "rmdb11:37017",
      "port": 37017,
      "rsId": "tgtShard_0",
      "state": "FAILING",
      "stateUpdateTime": 1790969349
    },
    {
      "error": null,
      "hostname": "rmdb7",
      "id": "rmdb7:37017",
      "port": 37017,
      "rsId": "tgtconfigRS",
      "state": "FAILING",
      "stateUpdateTime": 1790969349
    },
    {
      "error": null,
      "hostname": "rmdb-config1",
      "id": "rmdb-config1:37017",
      "port": 37017,
      "rsId": "tgtconfigRS",
      "state": "FAILING",
      "stateUpdateTime": 1790969349
    },
    {
      "error": null,
      "hostname": "rmdb-config2",
      "id": "rmdb-config2:37017",
      "port": 37017,
      "rsId": "tgtconfigRS",
      "state": "FAILING",
      "stateUpdateTime": 1790969349
    }
  ],
  "state": "FAILING"
}
2026-10-02 14:29:10,714 [INFO] Restore state: FAILING
2026-10-02 14:29:20,714 [DEBUG] API GET http://129.40.36.100:8080/api/public/v1.0/backup/third_party/group/6a386221ee19a6537cc68a97/restore/6abf3847457a6b80701899fb
2026-10-02 14:29:20,855 [DEBUG] STATUS 200
2026-10-02 14:29:20,856 [DEBUG] {
  "clusterMapping": [
    {
      "rsId": "sgcShard_0",
      "targetRsId": "tgtShard_0"
    },
    {
      "rsId": "sgcShard_1",
      "targetRsId": "tgtShard_1"
    },
    {
      "rsId": "configRS",
      "targetRsId": "tgtconfigRS"
    }
  ],
  "nodes": [
    {
      "error": "<tgtCluster_tgtShard_1_64> [15:28:29.118] Plan execution failed on step MakeBackupDataAvailable as part of move RestoreRsMemberFromBackupPhase1 : <tgtCluster_tgtShard_1_64> [15:28:29.118] Failed to apply action. Result = <nil> : <tgtCluster_tgtShard_1_64> [15:28:29.118] Failed to download the snapshot : <tgtCluster_tgtShard_1_64> [15:28:29.118] Error while waiting for third party to copy backup to /fimongo1/data : <tgtCluster_tgtShard_1_64> [15:28:29.118] Observed error when trying to mark node as ready for copy files. : <tgtCluster_tgtShard_1_64> [15:28:29.118] Got return status 404 Not Found when trying to mark node ready for copy files.",
      "hostname": "rmdb12",
      "id": "rmdb12:37017",
      "port": 37017,
      "rsId": "tgtShard_1",
      "state": "FAILING",
      "stateUpdateTime": 1790969349
    },
    {
      "error": "<tgtCluster_tgtShard_1_66> [15:28:58.159] Plan execution failed on step MakeBackupDataAvailable as part of move RestoreRsMemberFromBackupPhase1 : <tgtCluster_tgtShard_1_66> [15:28:58.159] Failed to apply action. Result = <nil> : <tgtCluster_tgtShard_1_66> [15:28:58.159] Failed to download the snapshot : <tgtCluster_tgtShard_1_66> [15:28:58.159] Error while waiting for third party to copy backup to /fimongo1/data : <tgtCluster_tgtShard_1_66> [15:28:58.159] Observed error when trying to mark node as ready for copy files. : <tgtCluster_tgtShard_1_66> [15:28:58.159] Got return status 404 Not Found when trying to mark node ready for copy files.",
      "hostname": "rmdb14",
      "id": "rmdb14:37017",
      "port": 37017,
      "rsId": "tgtShard_1",
      "state": "FAILING",
      "stateUpdateTime": 1790969349
    },
    {
      "error": "<tgtCluster_tgtShard_1_47> [15:28:21.660] Plan execution failed on step MakeBackupDataAvailable as part of move RestoreRsMemberFromBackupPhase1 : <tgtCluster_tgtShard_1_47> [15:28:21.660] Failed to apply action. Result = <nil> : <tgtCluster_tgtShard_1_47> [15:28:21.659] Failed to download the snapshot : <tgtCluster_tgtShard_1_47> [15:28:21.659] Error while waiting for third party to copy backup to /fimongo1/data : <tgtCluster_tgtShard_1_47> [15:28:21.659] Observed error when trying to mark node as ready for copy files. : <tgtCluster_tgtShard_1_47> [15:28:21.659] Got return status 404 Not Found when trying to mark node ready for copy files.",
      "hostname": "rmdb9",
      "id": "rmdb9:37017",
      "port": 37017,
      "rsId": "tgtShard_1",
      "state": "FAILING",
      "stateUpdateTime": 1790969349
    },
    {
      "error": "<tgtCluster_tgtShard_1_46> [15:29:07.859] Plan execution failed on step MakeBackupDataAvailable as part of move RestoreRsMemberFromBackupPhase1 : <tgtCluster_tgtShard_1_46> [15:29:07.859] Failed to apply action. Result = <nil> : <tgtCluster_tgtShard_1_46> [15:29:07.858] Failed to download the snapshot : <tgtCluster_tgtShard_1_46> [15:29:07.858] Error while waiting for third party to copy backup to /fimongo1/data : <tgtCluster_tgtShard_1_46> [15:29:07.858] Observed error when trying to mark node as ready for copy files. : <tgtCluster_tgtShard_1_46> [15:29:07.858] Got return status 404 Not Found when trying to mark node ready for copy files.",
      "hostname": "rmdb4",
      "id": "rmdb4:37017",
      "port": 37017,
      "rsId": "tgtShard_1",
      "state": "FAILING",
      "stateUpdateTime": 1790969349
    },
    {
      "error": "<tgtCluster_tgtShard_1_45> [15:29:07.651] Plan execution failed on step MakeBackupDataAvailable as part of move RestoreRsMemberFromBackupPhase1 : <tgtCluster_tgtShard_1_45> [15:29:07.651] Failed to apply action. Result = <nil> : <tgtCluster_tgtShard_1_45> [15:29:07.650] Failed to download the snapshot : <tgtCluster_tgtShard_1_45> [15:29:07.650] Error while waiting for third party to copy backup to /fimongo1/data : <tgtCluster_tgtShard_1_45> [15:29:07.650] Observed error when trying to mark node as ready for copy files. : <tgtCluster_tgtShard_1_45> [15:29:07.650] Got return status 404 Not Found when trying to mark node ready for copy files.",
      "hostname": "rmdb2",
      "id": "rmdb2:37017",
      "port": 37017,
      "rsId": "tgtShard_1",
      "state": "FAILING",
      "stateUpdateTime": 1790969349
    },
    {
      "error": "<tgtCluster_tgtShard_0_44> [15:28:57.223] Plan execution failed on step MakeBackupDataAvailable as part of move RestoreRsMemberFromBackupPhase1 : <tgtCluster_tgtShard_0_44> [15:28:57.223] Failed to apply action. Result = <nil> : <tgtCluster_tgtShard_0_44> [15:28:57.223] Failed to download the snapshot : <tgtCluster_tgtShard_0_44> [15:28:57.223] Error while waiting for third party to copy backup to /fimongo1/data : <tgtCluster_tgtShard_0_44> [15:28:57.223] Observed error when trying to mark node as ready for copy files. : <tgtCluster_tgtShard_0_44> [15:28:57.223] Got return status 404 Not Found when trying to mark node ready for copy files.",
      "hostname": "rmdb8",
      "id": "rmdb8:37017",
      "port": 37017,
      "rsId": "tgtShard_0",
      "state": "FAILING",
      "stateUpdateTime": 1790969349
    },
    {
      "error": null,
      "hostname": "rmdb13",
      "id": "rmdb13:37017",
      "port": 37017,
      "rsId": "tgtShard_0",
      "state": "FAILING",
      "stateUpdateTime": 1790969349
    },
    {
      "error": "<tgtCluster_tgtShard_0_42> [15:29:05.042] Plan execution failed on step MakeBackupDataAvailable as part of move RestoreRsMemberFromBackupPhase1 : <tgtCluster_tgtShard_0_42> [15:29:05.042] Failed to apply action. Result = <nil> : <tgtCluster_tgtShard_0_42> [15:29:05.042] Failed to download the snapshot : <tgtCluster_tgtShard_0_42> [15:29:05.042] Error while waiting for third party to copy backup to /fimongo1/data : <tgtCluster_tgtShard_0_42> [15:29:05.042] Observed error when trying to mark node as ready for copy files. : <tgtCluster_tgtShard_0_42> [15:29:05.042] Got return status 404 Not Found when trying to mark node ready for copy files.",
      "hostname": "rmdb1",
      "id": "rmdb1:37017",
      "port": 37017,
      "rsId": "tgtShard_0",
      "state": "FAILING",
      "stateUpdateTime": 1790969349
    },
    {
      "error": "<tgtCluster_tgtShard_0_43> [15:28:48.468] Plan execution failed on step MakeBackupDataAvailable as part of move RestoreRsMemberFromBackupPhase1 : <tgtCluster_tgtShard_0_43> [15:28:48.468] Failed to apply action. Result = <nil> : <tgtCluster_tgtShard_0_43> [15:28:48.468] Failed to download the snapshot : <tgtCluster_tgtShard_0_43> [15:28:48.468] Error while waiting for third party to copy backup to /fimongo1/data : <tgtCluster_tgtShard_0_43> [15:28:48.467] Observed error when trying to mark node as ready for copy files. : <tgtCluster_tgtShard_0_43> [15:28:48.467] Got return status 404 Not Found when trying to mark node ready for copy files.",
      "hostname": "rmdb3",
      "id": "rmdb3:37017",
      "port": 37017,
      "rsId": "tgtShard_0",
      "state": "FAILING",
      "stateUpdateTime": 1790969349
    },
    {
      "error": null,
      "hostname": "rmdb11",
      "id": "rmdb11:37017",
      "port": 37017,
      "rsId": "tgtShard_0",
      "state": "FAILING",
      "stateUpdateTime": 1790969349
    },
    {
      "error": null,
      "hostname": "rmdb7",
      "id": "rmdb7:37017",
      "port": 37017,
      "rsId": "tgtconfigRS",
      "state": "FAILING",
      "stateUpdateTime": 1790969349
    },
    {
      "error": null,
      "hostname": "rmdb-config1",
      "id": "rmdb-config1:37017",
      "port": 37017,
      "rsId": "tgtconfigRS",
      "state": "FAILING",
      "stateUpdateTime": 1790969349
    },
    {
      "error": null,
      "hostname": "rmdb-config2",
      "id": "rmdb-config2:37017",
      "port": 37017,
      "rsId": "tgtconfigRS",
      "state": "FAILING",
      "stateUpdateTime": 1790969349
    }
  ],
  "state": "FAILING"
}
2026-10-02 14:29:20,856 [INFO] Restore state: FAILING
2026-10-02 14:29:30,856 [DEBUG] API GET http://129.40.36.100:8080/api/public/v1.0/backup/third_party/group/6a386221ee19a6537cc68a97/restore/6abf3847457a6b80701899fb
2026-10-02 14:29:31,051 [DEBUG] STATUS 200
2026-10-02 14:29:31,051 [DEBUG] {
  "clusterMapping": [
    {
      "rsId": "sgcShard_0",
      "targetRsId": "tgtShard_0"
    },
    {
      "rsId": "sgcShard_1",
      "targetRsId": "tgtShard_1"
    },
    {
      "rsId": "configRS",
      "targetRsId": "tgtconfigRS"
    }
  ],
  "nodes": [
    {
      "error": "<tgtCluster_tgtShard_1_64> [15:28:29.118] Plan execution failed on step MakeBackupDataAvailable as part of move RestoreRsMemberFromBackupPhase1 : <tgtCluster_tgtShard_1_64> [15:28:29.118] Failed to apply action. Result = <nil> : <tgtCluster_tgtShard_1_64> [15:28:29.118] Failed to download the snapshot : <tgtCluster_tgtShard_1_64> [15:28:29.118] Error while waiting for third party to copy backup to /fimongo1/data : <tgtCluster_tgtShard_1_64> [15:28:29.118] Observed error when trying to mark node as ready for copy files. : <tgtCluster_tgtShard_1_64> [15:28:29.118] Got return status 404 Not Found when trying to mark node ready for copy files.",
      "hostname": "rmdb12",
      "id": "rmdb12:37017",
      "port": 37017,
      "rsId": "tgtShard_1",
      "state": "FAILING",
      "stateUpdateTime": 1790969349
    },
    {
      "error": null,
      "hostname": "rmdb14",
      "id": "rmdb14:37017",
      "port": 37017,
      "rsId": "tgtShard_1",
      "state": "FAILING",
      "stateUpdateTime": 1790969349
    },
    {
      "error": "<tgtCluster_tgtShard_1_47> [15:28:21.660] Plan execution failed on step MakeBackupDataAvailable as part of move RestoreRsMemberFromBackupPhase1 : <tgtCluster_tgtShard_1_47> [15:28:21.660] Failed to apply action. Result = <nil> : <tgtCluster_tgtShard_1_47> [15:28:21.659] Failed to download the snapshot : <tgtCluster_tgtShard_1_47> [15:28:21.659] Error while waiting for third party to copy backup to /fimongo1/data : <tgtCluster_tgtShard_1_47> [15:28:21.659] Observed error when trying to mark node as ready for copy files. : <tgtCluster_tgtShard_1_47> [15:28:21.659] Got return status 404 Not Found when trying to mark node ready for copy files.",
      "hostname": "rmdb9",
      "id": "rmdb9:37017",
      "port": 37017,
      "rsId": "tgtShard_1",
      "state": "FAILING",
      "stateUpdateTime": 1790969349
    },
    {
      "error": null,
      "hostname": "rmdb4",
      "id": "rmdb4:37017",
      "port": 37017,
      "rsId": "tgtShard_1",
      "state": "FAILING",
      "stateUpdateTime": 1790969349
    },
    {
      "error": "<tgtCluster_tgtShard_1_45> [15:29:07.651] Plan execution failed on step MakeBackupDataAvailable as part of move RestoreRsMemberFromBackupPhase1 : <tgtCluster_tgtShard_1_45> [15:29:07.651] Failed to apply action. Result = <nil> : <tgtCluster_tgtShard_1_45> [15:29:07.650] Failed to download the snapshot : <tgtCluster_tgtShard_1_45> [15:29:07.650] Error while waiting for third party to copy backup to /fimongo1/data : <tgtCluster_tgtShard_1_45> [15:29:07.650] Observed error when trying to mark node as ready for copy files. : <tgtCluster_tgtShard_1_45> [15:29:07.650] Got return status 404 Not Found when trying to mark node ready for copy files.",
      "hostname": "rmdb2",
      "id": "rmdb2:37017",
      "port": 37017,
      "rsId": "tgtShard_1",
      "state": "FAILING",
      "stateUpdateTime": 1790969349
    },
    {
      "error": null,
      "hostname": "rmdb8",
      "id": "rmdb8:37017",
      "port": 37017,
      "rsId": "tgtShard_0",
      "state": "FAILING",
      "stateUpdateTime": 1790969349
    },
    {
      "error": null,
      "hostname": "rmdb13",
      "id": "rmdb13:37017",
      "port": 37017,
      "rsId": "tgtShard_0",
      "state": "FAILING",
      "stateUpdateTime": 1790969349
    },
    {
      "error": "<tgtCluster_tgtShard_0_42> [15:29:05.042] Plan execution failed on step MakeBackupDataAvailable as part of move RestoreRsMemberFromBackupPhase1 : <tgtCluster_tgtShard_0_42> [15:29:05.042] Failed to apply action. Result = <nil> : <tgtCluster_tgtShard_0_42> [15:29:05.042] Failed to download the snapshot : <tgtCluster_tgtShard_0_42> [15:29:05.042] Error while waiting for third party to copy backup to /fimongo1/data : <tgtCluster_tgtShard_0_42> [15:29:05.042] Observed error when trying to mark node as ready for copy files. : <tgtCluster_tgtShard_0_42> [15:29:05.042] Got return status 404 Not Found when trying to mark node ready for copy files.",
      "hostname": "rmdb1",
      "id": "rmdb1:37017",
      "port": 37017,
      "rsId": "tgtShard_0",
      "state": "FAILING",
      "stateUpdateTime": 1790969349
    },
    {
      "error": "<tgtCluster_tgtShard_0_43> [15:28:48.468] Plan execution failed on step MakeBackupDataAvailable as part of move RestoreRsMemberFromBackupPhase1 : <tgtCluster_tgtShard_0_43> [15:28:48.468] Failed to apply action. Result = <nil> : <tgtCluster_tgtShard_0_43> [15:28:48.468] Failed to download the snapshot : <tgtCluster_tgtShard_0_43> [15:28:48.468] Error while waiting for third party to copy backup to /fimongo1/data : <tgtCluster_tgtShard_0_43> [15:28:48.467] Observed error when trying to mark node as ready for copy files. : <tgtCluster_tgtShard_0_43> [15:28:48.467] Got return status 404 Not Found when trying to mark node ready for copy files.",
      "hostname": "rmdb3",
      "id": "rmdb3:37017",
      "port": 37017,
      "rsId": "tgtShard_0",
      "state": "FAILING",
      "stateUpdateTime": 1790969349
    },
    {
      "error": null,
      "hostname": "rmdb11",
      "id": "rmdb11:37017",
      "port": 37017,
      "rsId": "tgtShard_0",
      "state": "FAILING",
      "stateUpdateTime": 1790969349
    },
    {
      "error": null,
      "hostname": "rmdb7",
      "id": "rmdb7:37017",
      "port": 37017,
      "rsId": "tgtconfigRS",
      "state": "FAILING",
      "stateUpdateTime": 1790969349
    },
    {
      "error": null,
      "hostname": "rmdb-config1",
      "id": "rmdb-config1:37017",
      "port": 37017,
      "rsId": "tgtconfigRS",
      "state": "FAILING",
      "stateUpdateTime": 1790969349
    },
    {
      "error": null,
      "hostname": "rmdb-config2",
      "id": "rmdb-config2:37017",
      "port": 37017,
      "rsId": "tgtconfigRS",
      "state": "FAILING",
      "stateUpdateTime": 1790969349
    }
  ],
  "state": "FAILING"
}
2026-10-02 14:29:31,051 [INFO] Restore state: FAILING
2026-10-02 14:29:41,051 [DEBUG] API GET http://129.40.36.100:8080/api/public/v1.0/backup/third_party/group/6a386221ee19a6537cc68a97/restore/6abf3847457a6b80701899fb
2026-10-02 14:29:41,195 [DEBUG] STATUS 200
2026-10-02 14:29:41,195 [DEBUG] {
  "clusterMapping": [
    {
      "rsId": "sgcShard_0",
      "targetRsId": "tgtShard_0"
    },
    {
      "rsId": "sgcShard_1",
      "targetRsId": "tgtShard_1"
    },
    {
      "rsId": "configRS",
      "targetRsId": "tgtconfigRS"
    }
  ],
  "nodes": [
    {
      "error": null,
      "hostname": "rmdb12",
      "id": "rmdb12:37017",
      "port": 37017,
      "rsId": "tgtShard_1",
      "state": "FAILING",
      "stateUpdateTime": 1790969349
    },
    {
      "error": null,
      "hostname": "rmdb14",
      "id": "rmdb14:37017",
      "port": 37017,
      "rsId": "tgtShard_1",
      "state": "FAILING",
      "stateUpdateTime": 1790969349
    },
    {
      "error": null,
      "hostname": "rmdb9",
      "id": "rmdb9:37017",
      "port": 37017,
      "rsId": "tgtShard_1",
      "state": "FAILING",
      "stateUpdateTime": 1790969349
    },
    {
      "error": null,
      "hostname": "rmdb4",
      "id": "rmdb4:37017",
      "port": 37017,
      "rsId": "tgtShard_1",
      "state": "FAILING",
      "stateUpdateTime": 1790969349
    },
    {
      "error": null,
      "hostname": "rmdb2",
      "id": "rmdb2:37017",
      "port": 37017,
      "rsId": "tgtShard_1",
      "state": "FAILING",
      "stateUpdateTime": 1790969349
    },
    {
      "error": null,
      "hostname": "rmdb8",
      "id": "rmdb8:37017",
      "port": 37017,
      "rsId": "tgtShard_0",
      "state": "FAILING",
      "stateUpdateTime": 1790969349
    },
    {
      "error": null,
      "hostname": "rmdb13",
      "id": "rmdb13:37017",
      "port": 37017,
      "rsId": "tgtShard_0",
      "state": "FAILING",
      "stateUpdateTime": 1790969349
    },
    {
      "error": "<tgtCluster_tgtShard_0_42> [15:29:05.042] Plan execution failed on step MakeBackupDataAvailable as part of move RestoreRsMemberFromBackupPhase1 : <tgtCluster_tgtShard_0_42> [15:29:05.042] Failed to apply action. Result = <nil> : <tgtCluster_tgtShard_0_42> [15:29:05.042] Failed to download the snapshot : <tgtCluster_tgtShard_0_42> [15:29:05.042] Error while waiting for third party to copy backup to /fimongo1/data : <tgtCluster_tgtShard_0_42> [15:29:05.042] Observed error when trying to mark node as ready for copy files. : <tgtCluster_tgtShard_0_42> [15:29:05.042] Got return status 404 Not Found when trying to mark node ready for copy files.",
      "hostname": "rmdb1",
      "id": "rmdb1:37017",
      "port": 37017,
      "rsId": "tgtShard_0",
      "state": "FAILING",
      "stateUpdateTime": 1790969349
    },
    {
      "error": null,
      "hostname": "rmdb3",
      "id": "rmdb3:37017",
      "port": 37017,
      "rsId": "tgtShard_0",
      "state": "FAILING",
      "stateUpdateTime": 1790969349
    },
    {
      "error": null,
      "hostname": "rmdb11",
      "id": "rmdb11:37017",
      "port": 37017,
      "rsId": "tgtShard_0",
      "state": "FAILING",
      "stateUpdateTime": 1790969349
    },
    {
      "error": null,
      "hostname": "rmdb7",
      "id": "rmdb7:37017",
      "port": 37017,
      "rsId": "tgtconfigRS",
      "state": "FAILING",
      "stateUpdateTime": 1790969349
    },
    {
      "error": null,
      "hostname": "rmdb-config1",
      "id": "rmdb-config1:37017",
      "port": 37017,
      "rsId": "tgtconfigRS",
      "state": "FAILING",
      "stateUpdateTime": 1790969349
    },
    {
      "error": null,
      "hostname": "rmdb-config2",
      "id": "rmdb-config2:37017",
      "port": 37017,
      "rsId": "tgtconfigRS",
      "state": "FAILING",
      "stateUpdateTime": 1790969349
    }
  ],
  "state": "FAILING"
}
2026-10-02 14:29:41,196 [INFO] Restore state: FAILING
2026-10-02 14:29:51,196 [DEBUG] API GET http://129.40.36.100:8080/api/public/v1.0/backup/third_party/group/6a386221ee19a6537cc68a97/restore/6abf3847457a6b80701899fb
2026-10-02 14:29:51,349 [DEBUG] STATUS 200
2026-10-02 14:29:51,350 [DEBUG] {
  "clusterMapping": [
    {
      "rsId": "sgcShard_0",
      "targetRsId": "tgtShard_0"
    },
    {
      "rsId": "sgcShard_1",
      "targetRsId": "tgtShard_1"
    },
    {
      "rsId": "configRS",
      "targetRsId": "tgtconfigRS"
    }
  ],
  "nodes": [
    {
      "error": null,
      "hostname": "rmdb12",
      "id": "rmdb12:37017",
      "port": 37017,
      "rsId": "tgtShard_1",
      "state": "FAILING",
      "stateUpdateTime": 1790969349
    },
    {
      "error": null,
      "hostname": "rmdb14",
      "id": "rmdb14:37017",
      "port": 37017,
      "rsId": "tgtShard_1",
      "state": "FAILING",
      "stateUpdateTime": 1790969349
    },
    {
      "error": null,
      "hostname": "rmdb9",
      "id": "rmdb9:37017",
      "port": 37017,
      "rsId": "tgtShard_1",
      "state": "FAILING",
      "stateUpdateTime": 1790969349
    },
    {
      "error": null,
      "hostname": "rmdb4",
      "id": "rmdb4:37017",
      "port": 37017,
      "rsId": "tgtShard_1",
      "state": "FAILING",
      "stateUpdateTime": 1790969349
    },
    {
      "error": null,
      "hostname": "rmdb2",
      "id": "rmdb2:37017",
      "port": 37017,
      "rsId": "tgtShard_1",
      "state": "FAILING",
      "stateUpdateTime": 1790969349
    },
    {
      "error": null,
      "hostname": "rmdb8",
      "id": "rmdb8:37017",
      "port": 37017,
      "rsId": "tgtShard_0",
      "state": "FAILING",
      "stateUpdateTime": 1790969349
    },
    {
      "error": null,
      "hostname": "rmdb13",
      "id": "rmdb13:37017",
      "port": 37017,
      "rsId": "tgtShard_0",
      "state": "FAILING",
      "stateUpdateTime": 1790969349
    },
    {
      "error": "<tgtCluster_tgtShard_0_42> [15:29:05.042] Plan execution failed on step MakeBackupDataAvailable as part of move RestoreRsMemberFromBackupPhase1 : <tgtCluster_tgtShard_0_42> [15:29:05.042] Failed to apply action. Result = <nil> : <tgtCluster_tgtShard_0_42> [15:29:05.042] Failed to download the snapshot : <tgtCluster_tgtShard_0_42> [15:29:05.042] Error while waiting for third party to copy backup to /fimongo1/data : <tgtCluster_tgtShard_0_42> [15:29:05.042] Observed error when trying to mark node as ready for copy files. : <tgtCluster_tgtShard_0_42> [15:29:05.042] Got return status 404 Not Found when trying to mark node ready for copy files.",
      "hostname": "rmdb1",
      "id": "rmdb1:37017",
      "port": 37017,
      "rsId": "tgtShard_0",
      "state": "FAILING",
      "stateUpdateTime": 1790969349
    },
    {
      "error": null,
      "hostname": "rmdb3",
      "id": "rmdb3:37017",
      "port": 37017,
      "rsId": "tgtShard_0",
      "state": "FAILING",
      "stateUpdateTime": 1790969349
    },
    {
      "error": null,
      "hostname": "rmdb11",
      "id": "rmdb11:37017",
      "port": 37017,
      "rsId": "tgtShard_0",
      "state": "FAILING",
      "stateUpdateTime": 1790969349
    },
    {
      "error": null,
      "hostname": "rmdb7",
      "id": "rmdb7:37017",
      "port": 37017,
      "rsId": "tgtconfigRS",
      "state": "FAILING",
      "stateUpdateTime": 1790969349
    },
    {
      "error": null,
      "hostname": "rmdb-config1",
      "id": "rmdb-config1:37017",
      "port": 37017,
      "rsId": "tgtconfigRS",
      "state": "FAILING",
      "stateUpdateTime": 1790969349
    },
    {
      "error": null,
      "hostname": "rmdb-config2",
      "id": "rmdb-config2:37017",
      "port": 37017,
      "rsId": "tgtconfigRS",
      "state": "FAILING",
      "stateUpdateTime": 1790969349
    }
  ],
  "state": "FAILING"
}
2026-10-02 14:29:51,350 [INFO] Restore state: FAILING
2026-10-02 14:30:01,350 [DEBUG] API GET http://129.40.36.100:8080/api/public/v1.0/backup/third_party/group/6a386221ee19a6537cc68a97/restore/6abf3847457a6b80701899fb
2026-10-02 14:30:01,527 [DEBUG] STATUS 200
2026-10-02 14:30:01,527 [DEBUG] {
  "clusterMapping": [
    {
      "rsId": "sgcShard_0",
      "targetRsId": "tgtShard_0"
    },
    {
      "rsId": "sgcShard_1",
      "targetRsId": "tgtShard_1"
    },
    {
      "rsId": "configRS",
      "targetRsId": "tgtconfigRS"
    }
  ],
  "nodes": [
    {
      "error": null,
      "hostname": "rmdb12",
      "id": "rmdb12:37017",
      "port": 37017,
      "rsId": "tgtShard_1",
      "state": "FAILING",
      "stateUpdateTime": 1790969349
    },
    {
      "error": null,
      "hostname": "rmdb14",
      "id": "rmdb14:37017",
      "port": 37017,
      "rsId": "tgtShard_1",
      "state": "FAILING",
      "stateUpdateTime": 1790969349
    },
    {
      "error": null,
      "hostname": "rmdb9",
      "id": "rmdb9:37017",
      "port": 37017,
      "rsId": "tgtShard_1",
      "state": "FAILING",
      "stateUpdateTime": 1790969349
    },
    {
      "error": null,
      "hostname": "rmdb4",
      "id": "rmdb4:37017",
      "port": 37017,
      "rsId": "tgtShard_1",
      "state": "FAILING",
      "stateUpdateTime": 1790969349
    },
    {
      "error": null,
      "hostname": "rmdb2",
      "id": "rmdb2:37017",
      "port": 37017,
      "rsId": "tgtShard_1",
      "state": "FAILING",
      "stateUpdateTime": 1790969349
    },
    {
      "error": null,
      "hostname": "rmdb8",
      "id": "rmdb8:37017",
      "port": 37017,
      "rsId": "tgtShard_0",
      "state": "FAILING",
      "stateUpdateTime": 1790969349
    },
    {
      "error": null,
      "hostname": "rmdb13",
      "id": "rmdb13:37017",
      "port": 37017,
      "rsId": "tgtShard_0",
      "state": "FAILING",
      "stateUpdateTime": 1790969349
    },
    {
      "error": "<tgtCluster_tgtShard_0_42> [15:29:05.042] Plan execution failed on step MakeBackupDataAvailable as part of move RestoreRsMemberFromBackupPhase1 : <tgtCluster_tgtShard_0_42> [15:29:05.042] Failed to apply action. Result = <nil> : <tgtCluster_tgtShard_0_42> [15:29:05.042] Failed to download the snapshot : <tgtCluster_tgtShard_0_42> [15:29:05.042] Error while waiting for third party to copy backup to /fimongo1/data : <tgtCluster_tgtShard_0_42> [15:29:05.042] Observed error when trying to mark node as ready for copy files. : <tgtCluster_tgtShard_0_42> [15:29:05.042] Got return status 404 Not Found when trying to mark node ready for copy files.",
      "hostname": "rmdb1",
      "id": "rmdb1:37017",
      "port": 37017,
      "rsId": "tgtShard_0",
      "state": "FAILING",
      "stateUpdateTime": 1790969349
    },
    {
      "error": null,
      "hostname": "rmdb3",
      "id": "rmdb3:37017",
      "port": 37017,
      "rsId": "tgtShard_0",
      "state": "FAILING",
      "stateUpdateTime": 1790969349
    },
    {
      "error": null,
      "hostname": "rmdb11",
      "id": "rmdb11:37017",
      "port": 37017,
      "rsId": "tgtShard_0",
      "state": "FAILING",
      "stateUpdateTime": 1790969349
    },
    {
      "error": null,
      "hostname": "rmdb7",
      "id": "rmdb7:37017",
      "port": 37017,
      "rsId": "tgtconfigRS",
      "state": "FAILING",
      "stateUpdateTime": 1790969349
    },
    {
      "error": null,
      "hostname": "rmdb-config1",
      "id": "rmdb-config1:37017",
      "port": 37017,
      "rsId": "tgtconfigRS",
      "state": "FAILING",
      "stateUpdateTime": 1790969349
    },
    {
      "error": null,
      "hostname": "rmdb-config2",
      "id": "rmdb-config2:37017",
      "port": 37017,
      "rsId": "tgtconfigRS",
      "state": "FAILING",
      "stateUpdateTime": 1790969349
    }
  ],
  "state": "FAILING"
}
2026-10-02 14:30:01,528 [INFO] Restore state: FAILING
2026-10-02 14:30:11,528 [DEBUG] API GET http://129.40.36.100:8080/api/public/v1.0/backup/third_party/group/6a386221ee19a6537cc68a97/restore/6abf3847457a6b80701899fb
2026-10-02 14:30:11,675 [DEBUG] STATUS 200
2026-10-02 14:30:11,675 [DEBUG] {
  "clusterMapping": [
    {
      "rsId": "sgcShard_0",
      "targetRsId": "tgtShard_0"
    },
    {
      "rsId": "sgcShard_1",
      "targetRsId": "tgtShard_1"
    },
    {
      "rsId": "configRS",
      "targetRsId": "tgtconfigRS"
    }
  ],
  "nodes": [
    {
      "error": null,
      "hostname": "rmdb12",
      "id": "rmdb12:37017",
      "port": 37017,
      "rsId": "tgtShard_1",
      "state": "FAILING",
      "stateUpdateTime": 1790969349
    },
    {
      "error": null,
      "hostname": "rmdb14",
      "id": "rmdb14:37017",
      "port": 37017,
      "rsId": "tgtShard_1",
      "state": "FAILING",
      "stateUpdateTime": 1790969349
    },
    {
      "error": null,
      "hostname": "rmdb9",
      "id": "rmdb9:37017",
      "port": 37017,
      "rsId": "tgtShard_1",
      "state": "FAILING",
      "stateUpdateTime": 1790969349
    },
    {
      "error": null,
      "hostname": "rmdb4",
      "id": "rmdb4:37017",
      "port": 37017,
      "rsId": "tgtShard_1",
      "state": "FAILING",
      "stateUpdateTime": 1790969349
    },
    {
      "error": null,
      "hostname": "rmdb2",
      "id": "rmdb2:37017",
      "port": 37017,
      "rsId": "tgtShard_1",
      "state": "FAILING",
      "stateUpdateTime": 1790969349
    },
    {
      "error": null,
      "hostname": "rmdb8",
      "id": "rmdb8:37017",
      "port": 37017,
      "rsId": "tgtShard_0",
      "state": "FAILING",
      "stateUpdateTime": 1790969349
    },
    {
      "error": null,
      "hostname": "rmdb13",
      "id": "rmdb13:37017",
      "port": 37017,
      "rsId": "tgtShard_0",
      "state": "FAILING",
      "stateUpdateTime": 1790969349
    },
    {
      "error": "<tgtCluster_tgtShard_0_42> [15:29:05.042] Plan execution failed on step MakeBackupDataAvailable as part of move RestoreRsMemberFromBackupPhase1 : <tgtCluster_tgtShard_0_42> [15:29:05.042] Failed to apply action. Result = <nil> : <tgtCluster_tgtShard_0_42> [15:29:05.042] Failed to download the snapshot : <tgtCluster_tgtShard_0_42> [15:29:05.042] Error while waiting for third party to copy backup to /fimongo1/data : <tgtCluster_tgtShard_0_42> [15:29:05.042] Observed error when trying to mark node as ready for copy files. : <tgtCluster_tgtShard_0_42> [15:29:05.042] Got return status 404 Not Found when trying to mark node ready for copy files.",
      "hostname": "rmdb1",
      "id": "rmdb1:37017",
      "port": 37017,
      "rsId": "tgtShard_0",
      "state": "FAILING",
      "stateUpdateTime": 1790969349
    },
    {
      "error": null,
      "hostname": "rmdb3",
      "id": "rmdb3:37017",
      "port": 37017,
      "rsId": "tgtShard_0",
      "state": "FAILING",
      "stateUpdateTime": 1790969349
    },
    {
      "error": null,
      "hostname": "rmdb11",
      "id": "rmdb11:37017",
      "port": 37017,
      "rsId": "tgtShard_0",
      "state": "FAILING",
      "stateUpdateTime": 1790969349
    },
    {
      "error": null,
      "hostname": "rmdb7",
      "id": "rmdb7:37017",
      "port": 37017,
      "rsId": "tgtconfigRS",
      "state": "FAILING",
      "stateUpdateTime": 1790969349
    },
    {
      "error": null,
      "hostname": "rmdb-config1",
      "id": "rmdb-config1:37017",
      "port": 37017,
      "rsId": "tgtconfigRS",
      "state": "FAILING",
      "stateUpdateTime": 1790969349
    },
    {
      "error": null,
      "hostname": "rmdb-config2",
      "id": "rmdb-config2:37017",
      "port": 37017,
      "rsId": "tgtconfigRS",
      "state": "FAILING",
      "stateUpdateTime": 1790969349
    }
  ],
  "state": "FAILING"
}
2026-10-02 14:30:11,676 [INFO] Restore state: FAILING
2026-10-02 14:30:21,676 [DEBUG] API GET http://129.40.36.100:8080/api/public/v1.0/backup/third_party/group/6a386221ee19a6537cc68a97/restore/6abf3847457a6b80701899fb
2026-10-02 14:30:21,822 [DEBUG] STATUS 200
2026-10-02 14:30:21,822 [DEBUG] {
  "clusterMapping": [
    {
      "rsId": "sgcShard_0",
      "targetRsId": "tgtShard_0"
    },
    {
      "rsId": "sgcShard_1",
      "targetRsId": "tgtShard_1"
    },
    {
      "rsId": "configRS",
      "targetRsId": "tgtconfigRS"
    }
  ],
  "nodes": [
    {
      "error": null,
      "hostname": "rmdb12",
      "id": "rmdb12:37017",
      "port": 37017,
      "rsId": "tgtShard_1",
      "state": "FAILING",
      "stateUpdateTime": 1790969349
    },
    {
      "error": null,
      "hostname": "rmdb14",
      "id": "rmdb14:37017",
      "port": 37017,
      "rsId": "tgtShard_1",
      "state": "FAILING",
      "stateUpdateTime": 1790969349
    },
    {
      "error": null,
      "hostname": "rmdb9",
      "id": "rmdb9:37017",
      "port": 37017,
      "rsId": "tgtShard_1",
      "state": "FAILING",
      "stateUpdateTime": 1790969349
    },
    {
      "error": null,
      "hostname": "rmdb4",
      "id": "rmdb4:37017",
      "port": 37017,
      "rsId": "tgtShard_1",
      "state": "FAILING",
      "stateUpdateTime": 1790969349
    },
    {
      "error": null,
      "hostname": "rmdb2",
      "id": "rmdb2:37017",
      "port": 37017,
      "rsId": "tgtShard_1",
      "state": "FAILING",
      "stateUpdateTime": 1790969349
    },
    {
      "error": null,
      "hostname": "rmdb8",
      "id": "rmdb8:37017",
      "port": 37017,
      "rsId": "tgtShard_0",
      "state": "FAILING",
      "stateUpdateTime": 1790969349
    },
    {
      "error": null,
      "hostname": "rmdb13",
      "id": "rmdb13:37017",
      "port": 37017,
      "rsId": "tgtShard_0",
      "state": "FAILING",
      "stateUpdateTime": 1790969349
    },
    {
      "error": "<tgtCluster_tgtShard_0_42> [15:29:05.042] Plan execution failed on step MakeBackupDataAvailable as part of move RestoreRsMemberFromBackupPhase1 : <tgtCluster_tgtShard_0_42> [15:29:05.042] Failed to apply action. Result = <nil> : <tgtCluster_tgtShard_0_42> [15:29:05.042] Failed to download the snapshot : <tgtCluster_tgtShard_0_42> [15:29:05.042] Error while waiting for third party to copy backup to /fimongo1/data : <tgtCluster_tgtShard_0_42> [15:29:05.042] Observed error when trying to mark node as ready for copy files. : <tgtCluster_tgtShard_0_42> [15:29:05.042] Got return status 404 Not Found when trying to mark node ready for copy files.",
      "hostname": "rmdb1",
      "id": "rmdb1:37017",
      "port": 37017,
      "rsId": "tgtShard_0",
      "state": "FAILING",
      "stateUpdateTime": 1790969349
    },
    {
      "error": null,
      "hostname": "rmdb3",
      "id": "rmdb3:37017",
      "port": 37017,
      "rsId": "tgtShard_0",
      "state": "FAILING",
      "stateUpdateTime": 1790969349
    },
    {
      "error": null,
      "hostname": "rmdb11",
      "id": "rmdb11:37017",
      "port": 37017,
      "rsId": "tgtShard_0",
      "state": "FAILING",
      "stateUpdateTime": 1790969349
    },
    {
      "error": null,
      "hostname": "rmdb7",
      "id": "rmdb7:37017",
      "port": 37017,
      "rsId": "tgtconfigRS",
      "state": "FAILING",
      "stateUpdateTime": 1790969349
    },
    {
      "error": null,
      "hostname": "rmdb-config1",
      "id": "rmdb-config1:37017",
      "port": 37017,
      "rsId": "tgtconfigRS",
      "state": "FAILING",
      "stateUpdateTime": 1790969349
    },
    {
      "error": null,
      "hostname": "rmdb-config2",
      "id": "rmdb-config2:37017",
      "port": 37017,
      "rsId": "tgtconfigRS",
      "state": "FAILING",
      "stateUpdateTime": 1790969349
    }
  ],
  "state": "FAILING"
}
2026-10-02 14:30:21,823 [INFO] Restore state: FAILING
2026-10-02 14:30:31,824 [DEBUG] API GET http://129.40.36.100:8080/api/public/v1.0/backup/third_party/group/6a386221ee19a6537cc68a97/restore/6abf3847457a6b80701899fb
2026-10-02 14:30:32,016 [DEBUG] STATUS 200
2026-10-02 14:30:32,016 [DEBUG] {
  "clusterMapping": [
    {
      "rsId": "sgcShard_0",
      "targetRsId": "tgtShard_0"
    },
    {
      "rsId": "sgcShard_1",
      "targetRsId": "tgtShard_1"
    },
    {
      "rsId": "configRS",
      "targetRsId": "tgtconfigRS"
    }
  ],
  "nodes": [
    {
      "error": null,
      "hostname": "rmdb12",
      "id": "rmdb12:37017",
      "port": 37017,
      "rsId": "tgtShard_1",
      "state": "FAILING",
      "stateUpdateTime": 1790969349
    },
    {
      "error": null,
      "hostname": "rmdb14",
      "id": "rmdb14:37017",
      "port": 37017,
      "rsId": "tgtShard_1",
      "state": "FAILING",
      "stateUpdateTime": 1790969349
    },
    {
      "error": null,
      "hostname": "rmdb9",
      "id": "rmdb9:37017",
      "port": 37017,
      "rsId": "tgtShard_1",
      "state": "FAILING",
      "stateUpdateTime": 1790969349
    },
    {
      "error": null,
      "hostname": "rmdb4",
      "id": "rmdb4:37017",
      "port": 37017,
      "rsId": "tgtShard_1",
      "state": "FAILING",
      "stateUpdateTime": 1790969349
    },
    {
      "error": null,
      "hostname": "rmdb2",
      "id": "rmdb2:37017",
      "port": 37017,
      "rsId": "tgtShard_1",
      "state": "FAILING",
      "stateUpdateTime": 1790969349
    },
    {
      "error": null,
      "hostname": "rmdb8",
      "id": "rmdb8:37017",
      "port": 37017,
      "rsId": "tgtShard_0",
      "state": "FAILING",
      "stateUpdateTime": 1790969349
    },
    {
      "error": null,
      "hostname": "rmdb13",
      "id": "rmdb13:37017",
      "port": 37017,
      "rsId": "tgtShard_0",
      "state": "FAILING",
      "stateUpdateTime": 1790969349
    },
    {
      "error": "<tgtCluster_tgtShard_0_42> [15:29:05.042] Plan execution failed on step MakeBackupDataAvailable as part of move RestoreRsMemberFromBackupPhase1 : <tgtCluster_tgtShard_0_42> [15:29:05.042] Failed to apply action. Result = <nil> : <tgtCluster_tgtShard_0_42> [15:29:05.042] Failed to download the snapshot : <tgtCluster_tgtShard_0_42> [15:29:05.042] Error while waiting for third party to copy backup to /fimongo1/data : <tgtCluster_tgtShard_0_42> [15:29:05.042] Observed error when trying to mark node as ready for copy files. : <tgtCluster_tgtShard_0_42> [15:29:05.042] Got return status 404 Not Found when trying to mark node ready for copy files.",
      "hostname": "rmdb1",
      "id": "rmdb1:37017",
      "port": 37017,
      "rsId": "tgtShard_0",
      "state": "FAILING",
      "stateUpdateTime": 1790969349
    },
    {
      "error": null,
      "hostname": "rmdb3",
      "id": "rmdb3:37017",
      "port": 37017,
      "rsId": "tgtShard_0",
      "state": "FAILING",
      "stateUpdateTime": 1790969349
    },
    {
      "error": null,
      "hostname": "rmdb11",
      "id": "rmdb11:37017",
      "port": 37017,
      "rsId": "tgtShard_0",
      "state": "FAILING",
      "stateUpdateTime": 1790969349
    },
    {
      "error": null,
      "hostname": "rmdb7",
      "id": "rmdb7:37017",
      "port": 37017,
      "rsId": "tgtconfigRS",
      "state": "FAILING",
      "stateUpdateTime": 1790969349
    },
    {
      "error": null,
      "hostname": "rmdb-config1",
      "id": "rmdb-config1:37017",
      "port": 37017,
      "rsId": "tgtconfigRS",
      "state": "FAILING",
      "stateUpdateTime": 1790969349
    },
    {
      "error": null,
      "hostname": "rmdb-config2",
      "id": "rmdb-config2:37017",
      "port": 37017,
      "rsId": "tgtconfigRS",
      "state": "FAILING",
      "stateUpdateTime": 1790969349
    }
  ],
  "state": "FAILING"
}
2026-10-02 14:30:32,016 [INFO] Restore state: FAILING
2026-10-02 14:30:42,017 [DEBUG] API GET http://129.40.36.100:8080/api/public/v1.0/backup/third_party/group/6a386221ee19a6537cc68a97/restore/6abf3847457a6b80701899fb
2026-10-02 14:30:42,165 [DEBUG] STATUS 200
2026-10-02 14:30:42,166 [DEBUG] {
  "clusterMapping": [
    {
      "rsId": "sgcShard_0",
      "targetRsId": "tgtShard_0"
    },
    {
      "rsId": "sgcShard_1",
      "targetRsId": "tgtShard_1"
    },
    {
      "rsId": "configRS",
      "targetRsId": "tgtconfigRS"
    }
  ],
  "nodes": [
    {
      "error": null,
      "hostname": "rmdb12",
      "id": "rmdb12:37017",
      "port": 37017,
      "rsId": "tgtShard_1",
      "state": "FAILING",
      "stateUpdateTime": 1790969349
    },
    {
      "error": null,
      "hostname": "rmdb14",
      "id": "rmdb14:37017",
      "port": 37017,
      "rsId": "tgtShard_1",
      "state": "FAILING",
      "stateUpdateTime": 1790969349
    },
    {
      "error": null,
      "hostname": "rmdb9",
      "id": "rmdb9:37017",
      "port": 37017,
      "rsId": "tgtShard_1",
      "state": "FAILING",
      "stateUpdateTime": 1790969349
    },
    {
      "error": null,
      "hostname": "rmdb4",
      "id": "rmdb4:37017",
      "port": 37017,
      "rsId": "tgtShard_1",
      "state": "FAILING",
      "stateUpdateTime": 1790969349
    },
    {
      "error": null,
      "hostname": "rmdb2",
      "id": "rmdb2:37017",
      "port": 37017,
      "rsId": "tgtShard_1",
      "state": "FAILING",
      "stateUpdateTime": 1790969349
    },
    {
      "error": null,
      "hostname": "rmdb8",
      "id": "rmdb8:37017",
      "port": 37017,
      "rsId": "tgtShard_0",
      "state": "FAILING",
      "stateUpdateTime": 1790969349
    },
    {
      "error": null,
      "hostname": "rmdb13",
      "id": "rmdb13:37017",
      "port": 37017,
      "rsId": "tgtShard_0",
      "state": "FAILING",
      "stateUpdateTime": 1790969349
    },
    {
      "error": "<tgtCluster_tgtShard_0_42> [15:29:05.042] Plan execution failed on step MakeBackupDataAvailable as part of move RestoreRsMemberFromBackupPhase1 : <tgtCluster_tgtShard_0_42> [15:29:05.042] Failed to apply action. Result = <nil> : <tgtCluster_tgtShard_0_42> [15:29:05.042] Failed to download the snapshot : <tgtCluster_tgtShard_0_42> [15:29:05.042] Error while waiting for third party to copy backup to /fimongo1/data : <tgtCluster_tgtShard_0_42> [15:29:05.042] Observed error when trying to mark node as ready for copy files. : <tgtCluster_tgtShard_0_42> [15:29:05.042] Got return status 404 Not Found when trying to mark node ready for copy files.",
      "hostname": "rmdb1",
      "id": "rmdb1:37017",
      "port": 37017,
      "rsId": "tgtShard_0",
      "state": "FAILING",
      "stateUpdateTime": 1790969349
    },
    {
      "error": null,
      "hostname": "rmdb3",
      "id": "rmdb3:37017",
      "port": 37017,
      "rsId": "tgtShard_0",
      "state": "FAILING",
      "stateUpdateTime": 1790969349
    },
    {
      "error": null,
      "hostname": "rmdb11",
      "id": "rmdb11:37017",
      "port": 37017,
      "rsId": "tgtShard_0",
      "state": "FAILING",
      "stateUpdateTime": 1790969349
    },
    {
      "error": null,
      "hostname": "rmdb7",
      "id": "rmdb7:37017",
      "port": 37017,
      "rsId": "tgtconfigRS",
      "state": "FAILING",
      "stateUpdateTime": 1790969349
    },
    {
      "error": null,
      "hostname": "rmdb-config1",
      "id": "rmdb-config1:37017",
      "port": 37017,
      "rsId": "tgtconfigRS",
      "state": "FAILING",
      "stateUpdateTime": 1790969349
    },
    {
      "error": null,
      "hostname": "rmdb-config2",
      "id": "rmdb-config2:37017",
      "port": 37017,
      "rsId": "tgtconfigRS",
      "state": "FAILING",
      "stateUpdateTime": 1790969349
    }
  ],
  "state": "FAILING"
}
2026-10-02 14:30:42,166 [INFO] Restore state: FAILING
2026-10-02 14:30:52,166 [DEBUG] API GET http://129.40.36.100:8080/api/public/v1.0/backup/third_party/group/6a386221ee19a6537cc68a97/restore/6abf3847457a6b80701899fb
2026-10-02 14:30:52,309 [DEBUG] STATUS 200
2026-10-02 14:30:52,309 [DEBUG] {
  "clusterMapping": [
    {
      "rsId": "sgcShard_0",
      "targetRsId": "tgtShard_0"
    },
    {
      "rsId": "sgcShard_1",
      "targetRsId": "tgtShard_1"
    },
    {
      "rsId": "configRS",
      "targetRsId": "tgtconfigRS"
    }
  ],
  "nodes": [
    {
      "error": null,
      "hostname": "rmdb12",
      "id": "rmdb12:37017",
      "port": 37017,
      "rsId": "tgtShard_1",
      "state": "FAILING",
      "stateUpdateTime": 1790969349
    },
    {
      "error": null,
      "hostname": "rmdb14",
      "id": "rmdb14:37017",
      "port": 37017,
      "rsId": "tgtShard_1",
      "state": "FAILING",
      "stateUpdateTime": 1790969349
    },
    {
      "error": null,
      "hostname": "rmdb9",
      "id": "rmdb9:37017",
      "port": 37017,
      "rsId": "tgtShard_1",
      "state": "FAILING",
      "stateUpdateTime": 1790969349
    },
    {
      "error": null,
      "hostname": "rmdb4",
      "id": "rmdb4:37017",
      "port": 37017,
      "rsId": "tgtShard_1",
      "state": "FAILING",
      "stateUpdateTime": 1790969349
    },
    {
      "error": null,
      "hostname": "rmdb2",
      "id": "rmdb2:37017",
      "port": 37017,
      "rsId": "tgtShard_1",
      "state": "FAILING",
      "stateUpdateTime": 1790969349
    },
    {
      "error": null,
      "hostname": "rmdb8",
      "id": "rmdb8:37017",
      "port": 37017,
      "rsId": "tgtShard_0",
      "state": "FAILING",
      "stateUpdateTime": 1790969349
    },
    {
      "error": null,
      "hostname": "rmdb13",
      "id": "rmdb13:37017",
      "port": 37017,
      "rsId": "tgtShard_0",
      "state": "FAILING",
      "stateUpdateTime": 1790969349
    },
    {
      "error": "<tgtCluster_tgtShard_0_42> [15:29:05.042] Plan execution failed on step MakeBackupDataAvailable as part of move RestoreRsMemberFromBackupPhase1 : <tgtCluster_tgtShard_0_42> [15:29:05.042] Failed to apply action. Result = <nil> : <tgtCluster_tgtShard_0_42> [15:29:05.042] Failed to download the snapshot : <tgtCluster_tgtShard_0_42> [15:29:05.042] Error while waiting for third party to copy backup to /fimongo1/data : <tgtCluster_tgtShard_0_42> [15:29:05.042] Observed error when trying to mark node as ready for copy files. : <tgtCluster_tgtShard_0_42> [15:29:05.042] Got return status 404 Not Found when trying to mark node ready for copy files.",
      "hostname": "rmdb1",
      "id": "rmdb1:37017",
      "port": 37017,
      "rsId": "tgtShard_0",
      "state": "FAILING",
      "stateUpdateTime": 1790969349
    },
    {
      "error": null,
      "hostname": "rmdb3",
      "id": "rmdb3:37017",
      "port": 37017,
      "rsId": "tgtShard_0",
      "state": "FAILING",
      "stateUpdateTime": 1790969349
    },
    {
      "error": null,
      "hostname": "rmdb11",
      "id": "rmdb11:37017",
      "port": 37017,
      "rsId": "tgtShard_0",
      "state": "FAILING",
      "stateUpdateTime": 1790969349
    },
    {
      "error": null,
      "hostname": "rmdb7",
      "id": "rmdb7:37017",
      "port": 37017,
      "rsId": "tgtconfigRS",
      "state": "FAILING",
      "stateUpdateTime": 1790969349
    },
    {
      "error": null,
      "hostname": "rmdb-config1",
      "id": "rmdb-config1:37017",
      "port": 37017,
      "rsId": "tgtconfigRS",
      "state": "FAILING",
      "stateUpdateTime": 1790969349
    },
    {
      "error": null,
      "hostname": "rmdb-config2",
      "id": "rmdb-config2:37017",
      "port": 37017,
      "rsId": "tgtconfigRS",
      "state": "FAILING",
      "stateUpdateTime": 1790969349
    }
  ],
  "state": "FAILING"
}
2026-10-02 14:30:52,310 [INFO] Restore state: FAILING
2026-10-02 14:31:02,310 [DEBUG] API GET http://129.40.36.100:8080/api/public/v1.0/backup/third_party/group/6a386221ee19a6537cc68a97/restore/6abf3847457a6b80701899fb
2026-10-02 14:31:02,452 [DEBUG] STATUS 200
2026-10-02 14:31:02,452 [DEBUG] {
  "clusterMapping": [
    {
      "rsId": "sgcShard_0",
      "targetRsId": "tgtShard_0"
    },
    {
      "rsId": "sgcShard_1",
      "targetRsId": "tgtShard_1"
    },
    {
      "rsId": "configRS",
      "targetRsId": "tgtconfigRS"
    }
  ],
  "nodes": [
    {
      "error": null,
      "hostname": "rmdb12",
      "id": "rmdb12:37017",
      "port": 37017,
      "rsId": "tgtShard_1",
      "state": "FAILING",
      "stateUpdateTime": 1790969349
    },
    {
      "error": null,
      "hostname": "rmdb14",
      "id": "rmdb14:37017",
      "port": 37017,
      "rsId": "tgtShard_1",
      "state": "FAILING",
      "stateUpdateTime": 1790969349
    },
    {
      "error": null,
      "hostname": "rmdb9",
      "id": "rmdb9:37017",
      "port": 37017,
      "rsId": "tgtShard_1",
      "state": "FAILING",
      "stateUpdateTime": 1790969349
    },
    {
      "error": null,
      "hostname": "rmdb4",
      "id": "rmdb4:37017",
      "port": 37017,
      "rsId": "tgtShard_1",
      "state": "FAILING",
      "stateUpdateTime": 1790969349
    },
    {
      "error": null,
      "hostname": "rmdb2",
      "id": "rmdb2:37017",
      "port": 37017,
      "rsId": "tgtShard_1",
      "state": "FAILING",
      "stateUpdateTime": 1790969349
    },
    {
      "error": null,
      "hostname": "rmdb8",
      "id": "rmdb8:37017",
      "port": 37017,
      "rsId": "tgtShard_0",
      "state": "FAILING",
      "stateUpdateTime": 1790969349
    },
    {
      "error": null,
      "hostname": "rmdb13",
      "id": "rmdb13:37017",
      "port": 37017,
      "rsId": "tgtShard_0",
      "state": "FAILING",
      "stateUpdateTime": 1790969349
    },
    {
      "error": "<tgtCluster_tgtShard_0_42> [15:29:05.042] Plan execution failed on step MakeBackupDataAvailable as part of move RestoreRsMemberFromBackupPhase1 : <tgtCluster_tgtShard_0_42> [15:29:05.042] Failed to apply action. Result = <nil> : <tgtCluster_tgtShard_0_42> [15:29:05.042] Failed to download the snapshot : <tgtCluster_tgtShard_0_42> [15:29:05.042] Error while waiting for third party to copy backup to /fimongo1/data : <tgtCluster_tgtShard_0_42> [15:29:05.042] Observed error when trying to mark node as ready for copy files. : <tgtCluster_tgtShard_0_42> [15:29:05.042] Got return status 404 Not Found when trying to mark node ready for copy files.",
      "hostname": "rmdb1",
      "id": "rmdb1:37017",
      "port": 37017,
      "rsId": "tgtShard_0",
      "state": "FAILING",
      "stateUpdateTime": 1790969349
    },
    {
      "error": null,
      "hostname": "rmdb3",
      "id": "rmdb3:37017",
      "port": 37017,
      "rsId": "tgtShard_0",
      "state": "FAILING",
      "stateUpdateTime": 1790969349
    },
    {
      "error": null,
      "hostname": "rmdb11",
      "id": "rmdb11:37017",
      "port": 37017,
      "rsId": "tgtShard_0",
      "state": "FAILING",
      "stateUpdateTime": 1790969349
    },
    {
      "error": null,
      "hostname": "rmdb7",
      "id": "rmdb7:37017",
      "port": 37017,
      "rsId": "tgtconfigRS",
      "state": "FAILING",
      "stateUpdateTime": 1790969349
    },
    {
      "error": null,
      "hostname": "rmdb-config1",
      "id": "rmdb-config1:37017",
      "port": 37017,
      "rsId": "tgtconfigRS",
      "state": "FAILING",
      "stateUpdateTime": 1790969349
    },
    {
      "error": null,
      "hostname": "rmdb-config2",
      "id": "rmdb-config2:37017",
      "port": 37017,
      "rsId": "tgtconfigRS",
      "state": "FAILING",
      "stateUpdateTime": 1790969349
    }
  ],
  "state": "FAILING"
}
2026-10-02 14:31:02,452 [INFO] Restore state: FAILING
2026-10-02 14:31:12,453 [DEBUG] API GET http://129.40.36.100:8080/api/public/v1.0/backup/third_party/group/6a386221ee19a6537cc68a97/restore/6abf3847457a6b80701899fb
2026-10-02 14:31:12,595 [DEBUG] STATUS 200
2026-10-02 14:31:12,596 [DEBUG] {
  "clusterMapping": [
    {
      "rsId": "sgcShard_0",
      "targetRsId": "tgtShard_0"
    },
    {
      "rsId": "sgcShard_1",
      "targetRsId": "tgtShard_1"
    },
    {
      "rsId": "configRS",
      "targetRsId": "tgtconfigRS"
    }
  ],
  "nodes": [
    {
      "error": null,
      "hostname": "rmdb12",
      "id": "rmdb12:37017",
      "port": 37017,
      "rsId": "tgtShard_1",
      "state": "FAILING",
      "stateUpdateTime": 1790969349
    },
    {
      "error": null,
      "hostname": "rmdb14",
      "id": "rmdb14:37017",
      "port": 37017,
      "rsId": "tgtShard_1",
      "state": "FAILING",
      "stateUpdateTime": 1790969349
    },
    {
      "error": null,
      "hostname": "rmdb9",
      "id": "rmdb9:37017",
      "port": 37017,
      "rsId": "tgtShard_1",
      "state": "FAILING",
      "stateUpdateTime": 1790969349
    },
    {
      "error": null,
      "hostname": "rmdb4",
      "id": "rmdb4:37017",
      "port": 37017,
      "rsId": "tgtShard_1",
      "state": "FAILING",
      "stateUpdateTime": 1790969349
    },
    {
      "error": null,
      "hostname": "rmdb2",
      "id": "rmdb2:37017",
      "port": 37017,
      "rsId": "tgtShard_1",
      "state": "FAILING",
      "stateUpdateTime": 1790969349
    },
    {
      "error": null,
      "hostname": "rmdb8",
      "id": "rmdb8:37017",
      "port": 37017,
      "rsId": "tgtShard_0",
      "state": "FAILING",
      "stateUpdateTime": 1790969349
    },
    {
      "error": null,
      "hostname": "rmdb13",
      "id": "rmdb13:37017",
      "port": 37017,
      "rsId": "tgtShard_0",
      "state": "FAILING",
      "stateUpdateTime": 1790969349
    },
    {
      "error": "<tgtCluster_tgtShard_0_42> [15:29:05.042] Plan execution failed on step MakeBackupDataAvailable as part of move RestoreRsMemberFromBackupPhase1 : <tgtCluster_tgtShard_0_42> [15:29:05.042] Failed to apply action. Result = <nil> : <tgtCluster_tgtShard_0_42> [15:29:05.042] Failed to download the snapshot : <tgtCluster_tgtShard_0_42> [15:29:05.042] Error while waiting for third party to copy backup to /fimongo1/data : <tgtCluster_tgtShard_0_42> [15:29:05.042] Observed error when trying to mark node as ready for copy files. : <tgtCluster_tgtShard_0_42> [15:29:05.042] Got return status 404 Not Found when trying to mark node ready for copy files.",
      "hostname": "rmdb1",
      "id": "rmdb1:37017",
      "port": 37017,
      "rsId": "tgtShard_0",
      "state": "FAILING",
      "stateUpdateTime": 1790969349
    },
    {
      "error": null,
      "hostname": "rmdb3",
      "id": "rmdb3:37017",
      "port": 37017,
      "rsId": "tgtShard_0",
      "state": "FAILING",
      "stateUpdateTime": 1790969349
    },
    {
      "error": null,
      "hostname": "rmdb11",
      "id": "rmdb11:37017",
      "port": 37017,
      "rsId": "tgtShard_0",
      "state": "FAILING",
      "stateUpdateTime": 1790969349
    },
    {
      "error": null,
      "hostname": "rmdb7",
      "id": "rmdb7:37017",
      "port": 37017,
      "rsId": "tgtconfigRS",
      "state": "FAILING",
      "stateUpdateTime": 1790969349
    },
    {
      "error": null,
      "hostname": "rmdb-config1",
      "id": "rmdb-config1:37017",
      "port": 37017,
      "rsId": "tgtconfigRS",
      "state": "FAILING",
      "stateUpdateTime": 1790969349
    },
    {
      "error": null,
      "hostname": "rmdb-config2",
      "id": "rmdb-config2:37017",
      "port": 37017,
      "rsId": "tgtconfigRS",
      "state": "FAILING",
      "stateUpdateTime": 1790969349
    }
  ],
  "state": "FAILING"
}
2026-10-02 14:31:12,596 [INFO] Restore state: FAILING
2026-10-02 14:31:22,597 [DEBUG] API GET http://129.40.36.100:8080/api/public/v1.0/backup/third_party/group/6a386221ee19a6537cc68a97/restore/6abf3847457a6b80701899fb
2026-10-02 14:31:22,740 [DEBUG] STATUS 200
2026-10-02 14:31:22,740 [DEBUG] {
  "clusterMapping": [
    {
      "rsId": "sgcShard_0",
      "targetRsId": "tgtShard_0"
    },
    {
      "rsId": "sgcShard_1",
      "targetRsId": "tgtShard_1"
    },
    {
      "rsId": "configRS",
      "targetRsId": "tgtconfigRS"
    }
  ],
  "nodes": [
    {
      "error": null,
      "hostname": "rmdb12",
      "id": "rmdb12:37017",
      "port": 37017,
      "rsId": "tgtShard_1",
      "state": "FAILING",
      "stateUpdateTime": 1790969349
    },
    {
      "error": null,
      "hostname": "rmdb14",
      "id": "rmdb14:37017",
      "port": 37017,
      "rsId": "tgtShard_1",
      "state": "FAILING",
      "stateUpdateTime": 1790969349
    },
    {
      "error": null,
      "hostname": "rmdb9",
      "id": "rmdb9:37017",
      "port": 37017,
      "rsId": "tgtShard_1",
      "state": "FAILING",
      "stateUpdateTime": 1790969349
    },
    {
      "error": null,
      "hostname": "rmdb4",
      "id": "rmdb4:37017",
      "port": 37017,
      "rsId": "tgtShard_1",
      "state": "FAILING",
      "stateUpdateTime": 1790969349
    },
    {
      "error": null,
      "hostname": "rmdb2",
      "id": "rmdb2:37017",
      "port": 37017,
      "rsId": "tgtShard_1",
      "state": "FAILING",
      "stateUpdateTime": 1790969349
    },
    {
      "error": null,
      "hostname": "rmdb8",
      "id": "rmdb8:37017",
      "port": 37017,
      "rsId": "tgtShard_0",
      "state": "FAILING",
      "stateUpdateTime": 1790969349
    },
    {
      "error": null,
      "hostname": "rmdb13",
      "id": "rmdb13:37017",
      "port": 37017,
      "rsId": "tgtShard_0",
      "state": "FAILING",
      "stateUpdateTime": 1790969349
    },
    {
      "error": "<tgtCluster_tgtShard_0_42> [15:29:05.042] Plan execution failed on step MakeBackupDataAvailable as part of move RestoreRsMemberFromBackupPhase1 : <tgtCluster_tgtShard_0_42> [15:29:05.042] Failed to apply action. Result = <nil> : <tgtCluster_tgtShard_0_42> [15:29:05.042] Failed to download the snapshot : <tgtCluster_tgtShard_0_42> [15:29:05.042] Error while waiting for third party to copy backup to /fimongo1/data : <tgtCluster_tgtShard_0_42> [15:29:05.042] Observed error when trying to mark node as ready for copy files. : <tgtCluster_tgtShard_0_42> [15:29:05.042] Got return status 404 Not Found when trying to mark node ready for copy files.",
      "hostname": "rmdb1",
      "id": "rmdb1:37017",
      "port": 37017,
      "rsId": "tgtShard_0",
      "state": "FAILING",
      "stateUpdateTime": 1790969349
    },
    {
      "error": null,
      "hostname": "rmdb3",
      "id": "rmdb3:37017",
      "port": 37017,
      "rsId": "tgtShard_0",
      "state": "FAILING",
      "stateUpdateTime": 1790969349
    },
    {
      "error": null,
      "hostname": "rmdb11",
      "id": "rmdb11:37017",
      "port": 37017,
      "rsId": "tgtShard_0",
      "state": "FAILING",
      "stateUpdateTime": 1790969349
    },
    {
      "error": null,
      "hostname": "rmdb7",
      "id": "rmdb7:37017",
      "port": 37017,
      "rsId": "tgtconfigRS",
      "state": "FAILING",
      "stateUpdateTime": 1790969349
    },
    {
      "error": null,
      "hostname": "rmdb-config1",
      "id": "rmdb-config1:37017",
      "port": 37017,
      "rsId": "tgtconfigRS",
      "state": "FAILING",
      "stateUpdateTime": 1790969349
    },
    {
      "error": null,
      "hostname": "rmdb-config2",
      "id": "rmdb-config2:37017",
      "port": 37017,
      "rsId": "tgtconfigRS",
      "state": "FAILING",
      "stateUpdateTime": 1790969349
    }
  ],
  "state": "FAILING"
}
2026-10-02 14:31:22,740 [INFO] Restore state: FAILING
2026-10-02 14:31:32,741 [DEBUG] API GET http://129.40.36.100:8080/api/public/v1.0/backup/third_party/group/6a386221ee19a6537cc68a97/restore/6abf3847457a6b80701899fb
2026-10-02 14:31:32,938 [DEBUG] STATUS 200
2026-10-02 14:31:32,938 [DEBUG] {
  "clusterMapping": [
    {
      "rsId": "sgcShard_0",
      "targetRsId": "tgtShard_0"
    },
    {
      "rsId": "sgcShard_1",
      "targetRsId": "tgtShard_1"
    },
    {
      "rsId": "configRS",
      "targetRsId": "tgtconfigRS"
    }
  ],
  "nodes": [
    {
      "error": null,
      "hostname": "rmdb12",
      "id": "rmdb12:37017",
      "port": 37017,
      "rsId": "tgtShard_1",
      "state": "FAILING",
      "stateUpdateTime": 1790969349
    },
    {
      "error": null,
      "hostname": "rmdb14",
      "id": "rmdb14:37017",
      "port": 37017,
      "rsId": "tgtShard_1",
      "state": "FAILING",
      "stateUpdateTime": 1790969349
    },
    {
      "error": null,
      "hostname": "rmdb9",
      "id": "rmdb9:37017",
      "port": 37017,
      "rsId": "tgtShard_1",
      "state": "FAILING",
      "stateUpdateTime": 1790969349
    },
    {
      "error": null,
      "hostname": "rmdb4",
      "id": "rmdb4:37017",
      "port": 37017,
      "rsId": "tgtShard_1",
      "state": "FAILING",
      "stateUpdateTime": 1790969349
    },
    {
      "error": null,
      "hostname": "rmdb2",
      "id": "rmdb2:37017",
      "port": 37017,
      "rsId": "tgtShard_1",
      "state": "FAILING",
      "stateUpdateTime": 1790969349
    },
    {
      "error": null,
      "hostname": "rmdb8",
      "id": "rmdb8:37017",
      "port": 37017,
      "rsId": "tgtShard_0",
      "state": "FAILING",
      "stateUpdateTime": 1790969349
    },
    {
      "error": null,
      "hostname": "rmdb13",
      "id": "rmdb13:37017",
      "port": 37017,
      "rsId": "tgtShard_0",
      "state": "FAILING",
      "stateUpdateTime": 1790969349
    },
    {
      "error": "<tgtCluster_tgtShard_0_42> [15:29:05.042] Plan execution failed on step MakeBackupDataAvailable as part of move RestoreRsMemberFromBackupPhase1 : <tgtCluster_tgtShard_0_42> [15:29:05.042] Failed to apply action. Result = <nil> : <tgtCluster_tgtShard_0_42> [15:29:05.042] Failed to download the snapshot : <tgtCluster_tgtShard_0_42> [15:29:05.042] Error while waiting for third party to copy backup to /fimongo1/data : <tgtCluster_tgtShard_0_42> [15:29:05.042] Observed error when trying to mark node as ready for copy files. : <tgtCluster_tgtShard_0_42> [15:29:05.042] Got return status 404 Not Found when trying to mark node ready for copy files.",
      "hostname": "rmdb1",
      "id": "rmdb1:37017",
      "port": 37017,
      "rsId": "tgtShard_0",
      "state": "FAILING",
      "stateUpdateTime": 1790969349
    },
    {
      "error": null,
      "hostname": "rmdb3",
      "id": "rmdb3:37017",
      "port": 37017,
      "rsId": "tgtShard_0",
      "state": "FAILING",
      "stateUpdateTime": 1790969349
    },
    {
      "error": null,
      "hostname": "rmdb11",
      "id": "rmdb11:37017",
      "port": 37017,
      "rsId": "tgtShard_0",
      "state": "FAILING",
      "stateUpdateTime": 1790969349
    },
    {
      "error": null,
      "hostname": "rmdb7",
      "id": "rmdb7:37017",
      "port": 37017,
      "rsId": "tgtconfigRS",
      "state": "FAILING",
      "stateUpdateTime": 1790969349
    },
    {
      "error": null,
      "hostname": "rmdb-config1",
      "id": "rmdb-config1:37017",
      "port": 37017,
      "rsId": "tgtconfigRS",
      "state": "FAILING",
      "stateUpdateTime": 1790969349
    },
    {
      "error": null,
      "hostname": "rmdb-config2",
      "id": "rmdb-config2:37017",
      "port": 37017,
      "rsId": "tgtconfigRS",
      "state": "FAILING",
      "stateUpdateTime": 1790969349
    }
  ],
  "state": "FAILING"
}
2026-10-02 14:31:32,938 [INFO] Restore state: FAILING
2026-10-02 14:31:42,939 [DEBUG] API GET http://129.40.36.100:8080/api/public/v1.0/backup/third_party/group/6a386221ee19a6537cc68a97/restore/6abf3847457a6b80701899fb
2026-10-02 14:31:43,079 [DEBUG] STATUS 200
2026-10-02 14:31:43,079 [DEBUG] {
  "clusterMapping": [
    {
      "rsId": "sgcShard_0",
      "targetRsId": "tgtShard_0"
    },
    {
      "rsId": "sgcShard_1",
      "targetRsId": "tgtShard_1"
    },
    {
      "rsId": "configRS",
      "targetRsId": "tgtconfigRS"
    }
  ],
  "nodes": [
    {
      "error": null,
      "hostname": "rmdb12",
      "id": "rmdb12:37017",
      "port": 37017,
      "rsId": "tgtShard_1",
      "state": "FAILING",
      "stateUpdateTime": 1790969349
    },
    {
      "error": null,
      "hostname": "rmdb14",
      "id": "rmdb14:37017",
      "port": 37017,
      "rsId": "tgtShard_1",
      "state": "FAILING",
      "stateUpdateTime": 1790969349
    },
    {
      "error": null,
      "hostname": "rmdb9",
      "id": "rmdb9:37017",
      "port": 37017,
      "rsId": "tgtShard_1",
      "state": "FAILING",
      "stateUpdateTime": 1790969349
    },
    {
      "error": null,
      "hostname": "rmdb4",
      "id": "rmdb4:37017",
      "port": 37017,
      "rsId": "tgtShard_1",
      "state": "FAILING",
      "stateUpdateTime": 1790969349
    },
    {
      "error": null,
      "hostname": "rmdb2",
      "id": "rmdb2:37017",
      "port": 37017,
      "rsId": "tgtShard_1",
      "state": "FAILING",
      "stateUpdateTime": 1790969349
    },
    {
      "error": null,
      "hostname": "rmdb8",
      "id": "rmdb8:37017",
      "port": 37017,
      "rsId": "tgtShard_0",
      "state": "FAILING",
      "stateUpdateTime": 1790969349
    },
    {
      "error": null,
      "hostname": "rmdb13",
      "id": "rmdb13:37017",
      "port": 37017,
      "rsId": "tgtShard_0",
      "state": "FAILING",
      "stateUpdateTime": 1790969349
    },
    {
      "error": "<tgtCluster_tgtShard_0_42> [15:29:05.042] Plan execution failed on step MakeBackupDataAvailable as part of move RestoreRsMemberFromBackupPhase1 : <tgtCluster_tgtShard_0_42> [15:29:05.042] Failed to apply action. Result = <nil> : <tgtCluster_tgtShard_0_42> [15:29:05.042] Failed to download the snapshot : <tgtCluster_tgtShard_0_42> [15:29:05.042] Error while waiting for third party to copy backup to /fimongo1/data : <tgtCluster_tgtShard_0_42> [15:29:05.042] Observed error when trying to mark node as ready for copy files. : <tgtCluster_tgtShard_0_42> [15:29:05.042] Got return status 404 Not Found when trying to mark node ready for copy files.",
      "hostname": "rmdb1",
      "id": "rmdb1:37017",
      "port": 37017,
      "rsId": "tgtShard_0",
      "state": "FAILING",
      "stateUpdateTime": 1790969349
    },
    {
      "error": null,
      "hostname": "rmdb3",
      "id": "rmdb3:37017",
      "port": 37017,
      "rsId": "tgtShard_0",
      "state": "FAILING",
      "stateUpdateTime": 1790969349
    },
    {
      "error": null,
      "hostname": "rmdb11",
      "id": "rmdb11:37017",
      "port": 37017,
      "rsId": "tgtShard_0",
      "state": "FAILING",
      "stateUpdateTime": 1790969349
    },
    {
      "error": null,
      "hostname": "rmdb7",
      "id": "rmdb7:37017",
      "port": 37017,
      "rsId": "tgtconfigRS",
      "state": "FAILING",
      "stateUpdateTime": 1790969349
    },
    {
      "error": null,
      "hostname": "rmdb-config1",
      "id": "rmdb-config1:37017",
      "port": 37017,
      "rsId": "tgtconfigRS",
      "state": "FAILING",
      "stateUpdateTime": 1790969349
    },
    {
      "error": null,
      "hostname": "rmdb-config2",
      "id": "rmdb-config2:37017",
      "port": 37017,
      "rsId": "tgtconfigRS",
      "state": "FAILING",
      "stateUpdateTime": 1790969349
    }
  ],
  "state": "FAILING"
}
2026-10-02 14:31:43,080 [INFO] Restore state: FAILING
2026-10-02 14:31:53,080 [DEBUG] API GET http://129.40.36.100:8080/api/public/v1.0/backup/third_party/group/6a386221ee19a6537cc68a97/restore/6abf3847457a6b80701899fb
2026-10-02 14:31:53,237 [DEBUG] STATUS 200
2026-10-02 14:31:53,237 [DEBUG] {
  "clusterMapping": [
    {
      "rsId": "sgcShard_0",
      "targetRsId": "tgtShard_0"
    },
    {
      "rsId": "sgcShard_1",
      "targetRsId": "tgtShard_1"
    },
    {
      "rsId": "configRS",
      "targetRsId": "tgtconfigRS"
    }
  ],
  "nodes": [
    {
      "error": null,
      "hostname": "rmdb12",
      "id": "rmdb12:37017",
      "port": 37017,
      "rsId": "tgtShard_1",
      "state": "FAILING",
      "stateUpdateTime": 1790969349
    },
    {
      "error": null,
      "hostname": "rmdb14",
      "id": "rmdb14:37017",
      "port": 37017,
      "rsId": "tgtShard_1",
      "state": "FAILING",
      "stateUpdateTime": 1790969349
    },
    {
      "error": null,
      "hostname": "rmdb9",
      "id": "rmdb9:37017",
      "port": 37017,
      "rsId": "tgtShard_1",
      "state": "FAILING",
      "stateUpdateTime": 1790969349
    },
    {
      "error": null,
      "hostname": "rmdb4",
      "id": "rmdb4:37017",
      "port": 37017,
      "rsId": "tgtShard_1",
      "state": "FAILING",
      "stateUpdateTime": 1790969349
    },
    {
      "error": null,
      "hostname": "rmdb2",
      "id": "rmdb2:37017",
      "port": 37017,
      "rsId": "tgtShard_1",
      "state": "FAILING",
      "stateUpdateTime": 1790969349
    },
    {
      "error": null,
      "hostname": "rmdb8",
      "id": "rmdb8:37017",
      "port": 37017,
      "rsId": "tgtShard_0",
      "state": "FAILING",
      "stateUpdateTime": 1790969349
    },
    {
      "error": null,
      "hostname": "rmdb13",
      "id": "rmdb13:37017",
      "port": 37017,
      "rsId": "tgtShard_0",
      "state": "FAILING",
      "stateUpdateTime": 1790969349
    },
    {
      "error": "<tgtCluster_tgtShard_0_42> [15:29:05.042] Plan execution failed on step MakeBackupDataAvailable as part of move RestoreRsMemberFromBackupPhase1 : <tgtCluster_tgtShard_0_42> [15:29:05.042] Failed to apply action. Result = <nil> : <tgtCluster_tgtShard_0_42> [15:29:05.042] Failed to download the snapshot : <tgtCluster_tgtShard_0_42> [15:29:05.042] Error while waiting for third party to copy backup to /fimongo1/data : <tgtCluster_tgtShard_0_42> [15:29:05.042] Observed error when trying to mark node as ready for copy files. : <tgtCluster_tgtShard_0_42> [15:29:05.042] Got return status 404 Not Found when trying to mark node ready for copy files.",
      "hostname": "rmdb1",
      "id": "rmdb1:37017",
      "port": 37017,
      "rsId": "tgtShard_0",
      "state": "FAILING",
      "stateUpdateTime": 1790969349
    },
    {
      "error": null,
      "hostname": "rmdb3",
      "id": "rmdb3:37017",
      "port": 37017,
      "rsId": "tgtShard_0",
      "state": "FAILING",
      "stateUpdateTime": 1790969349
    },
    {
      "error": null,
      "hostname": "rmdb11",
      "id": "rmdb11:37017",
      "port": 37017,
      "rsId": "tgtShard_0",
      "state": "FAILING",
      "stateUpdateTime": 1790969349
    },
    {
      "error": null,
      "hostname": "rmdb7",
      "id": "rmdb7:37017",
      "port": 37017,
      "rsId": "tgtconfigRS",
      "state": "FAILING",
      "stateUpdateTime": 1790969349
    },
    {
      "error": null,
      "hostname": "rmdb-config1",
      "id": "rmdb-config1:37017",
      "port": 37017,
      "rsId": "tgtconfigRS",
      "state": "FAILING",
      "stateUpdateTime": 1790969349
    },
    {
      "error": null,
      "hostname": "rmdb-config2",
      "id": "rmdb-config2:37017",
      "port": 37017,
      "rsId": "tgtconfigRS",
      "state": "FAILING",
      "stateUpdateTime": 1790969349
    }
  ],
  "state": "FAILING"
}
2026-10-02 14:31:53,237 [INFO] Restore state: FAILING
2026-10-02 14:32:03,238 [DEBUG] API GET http://129.40.36.100:8080/api/public/v1.0/backup/third_party/group/6a386221ee19a6537cc68a97/restore/6abf3847457a6b80701899fb
2026-10-02 14:32:03,384 [DEBUG] STATUS 200
2026-10-02 14:32:03,385 [DEBUG] {
  "clusterMapping": [
    {
      "rsId": "sgcShard_0",
      "targetRsId": "tgtShard_0"
    },
    {
      "rsId": "sgcShard_1",
      "targetRsId": "tgtShard_1"
    },
    {
      "rsId": "configRS",
      "targetRsId": "tgtconfigRS"
    }
  ],
  "nodes": [
    {
      "error": null,
      "hostname": "rmdb12",
      "id": "rmdb12:37017",
      "port": 37017,
      "rsId": "tgtShard_1",
      "state": "FAILED",
      "stateUpdateTime": 1790969516
    },
    {
      "error": null,
      "hostname": "rmdb14",
      "id": "rmdb14:37017",
      "port": 37017,
      "rsId": "tgtShard_1",
      "state": "FAILED",
      "stateUpdateTime": 1790969516
    },
    {
      "error": null,
      "hostname": "rmdb9",
      "id": "rmdb9:37017",
      "port": 37017,
      "rsId": "tgtShard_1",
      "state": "FAILED",
      "stateUpdateTime": 1790969516
    },
    {
      "error": null,
      "hostname": "rmdb4",
      "id": "rmdb4:37017",
      "port": 37017,
      "rsId": "tgtShard_1",
      "state": "FAILED",
      "stateUpdateTime": 1790969516
    },
    {
      "error": null,
      "hostname": "rmdb2",
      "id": "rmdb2:37017",
      "port": 37017,
      "rsId": "tgtShard_1",
      "state": "FAILED",
      "stateUpdateTime": 1790969516
    },
    {
      "error": null,
      "hostname": "rmdb8",
      "id": "rmdb8:37017",
      "port": 37017,
      "rsId": "tgtShard_0",
      "state": "FAILED",
      "stateUpdateTime": 1790969516
    },
    {
      "error": null,
      "hostname": "rmdb13",
      "id": "rmdb13:37017",
      "port": 37017,
      "rsId": "tgtShard_0",
      "state": "FAILED",
      "stateUpdateTime": 1790969516
    },
    {
      "error": "<tgtCluster_tgtShard_0_42> [15:29:05.042] Plan execution failed on step MakeBackupDataAvailable as part of move RestoreRsMemberFromBackupPhase1 : <tgtCluster_tgtShard_0_42> [15:29:05.042] Failed to apply action. Result = <nil> : <tgtCluster_tgtShard_0_42> [15:29:05.042] Failed to download the snapshot : <tgtCluster_tgtShard_0_42> [15:29:05.042] Error while waiting for third party to copy backup to /fimongo1/data : <tgtCluster_tgtShard_0_42> [15:29:05.042] Observed error when trying to mark node as ready for copy files. : <tgtCluster_tgtShard_0_42> [15:29:05.042] Got return status 404 Not Found when trying to mark node ready for copy files.",
      "hostname": "rmdb1",
      "id": "rmdb1:37017",
      "port": 37017,
      "rsId": "tgtShard_0",
      "state": "FAILED",
      "stateUpdateTime": 1790969516
    },
    {
      "error": null,
      "hostname": "rmdb3",
      "id": "rmdb3:37017",
      "port": 37017,
      "rsId": "tgtShard_0",
      "state": "FAILED",
      "stateUpdateTime": 1790969516
    },
    {
      "error": null,
      "hostname": "rmdb11",
      "id": "rmdb11:37017",
      "port": 37017,
      "rsId": "tgtShard_0",
      "state": "FAILED",
      "stateUpdateTime": 1790969516
    },
    {
      "error": null,
      "hostname": "rmdb7",
      "id": "rmdb7:37017",
      "port": 37017,
      "rsId": "tgtconfigRS",
      "state": "FAILED",
      "stateUpdateTime": 1790969516
    },
    {
      "error": null,
      "hostname": "rmdb-config1",
      "id": "rmdb-config1:37017",
      "port": 37017,
      "rsId": "tgtconfigRS",
      "state": "FAILED",
      "stateUpdateTime": 1790969516
    },
    {
      "error": null,
      "hostname": "rmdb-config2",
      "id": "rmdb-config2:37017",
      "port": 37017,
      "rsId": "tgtconfigRS",
      "state": "FAILED",
      "stateUpdateTime": 1790969516
    }
  ],
  "state": "FAILED"
}
2026-10-02 14:32:03,385 [INFO] Restore state: FAILED
2026-10-02 14:32:13,385 [DEBUG] API GET http://129.40.36.100:8080/api/public/v1.0/backup/third_party/group/6a386221ee19a6537cc68a97/restore/6abf3847457a6b80701899fb
2026-10-02 14:32:13,530 [DEBUG] STATUS 200
2026-10-02 14:32:13,530 [DEBUG] {
  "clusterMapping": [
    {
      "rsId": "sgcShard_0",
      "targetRsId": "tgtShard_0"
    },
    {
      "rsId": "sgcShard_1",
      "targetRsId": "tgtShard_1"
    },
    {
      "rsId": "configRS",
      "targetRsId": "tgtconfigRS"
    }
  ],
  "nodes": [
    {
      "error": null,
      "hostname": "rmdb12",
      "id": "rmdb12:37017",
      "port": 37017,
      "rsId": "tgtShard_1",
      "state": "FAILED",
      "stateUpdateTime": 1790969516
    },
    {
      "error": null,
      "hostname": "rmdb14",
      "id": "rmdb14:37017",
      "port": 37017,
      "rsId": "tgtShard_1",
      "state": "FAILED",
      "stateUpdateTime": 1790969516
    },
    {
      "error": null,
      "hostname": "rmdb9",
      "id": "rmdb9:37017",
      "port": 37017,
      "rsId": "tgtShard_1",
      "state": "FAILED",
      "stateUpdateTime": 1790969516
    },
    {
      "error": null,
      "hostname": "rmdb4",
      "id": "rmdb4:37017",
      "port": 37017,
      "rsId": "tgtShard_1",
      "state": "FAILED",
      "stateUpdateTime": 1790969516
    },
    {
      "error": null,
      "hostname": "rmdb2",
      "id": "rmdb2:37017",
      "port": 37017,
      "rsId": "tgtShard_1",
      "state": "FAILED",
      "stateUpdateTime": 1790969516
    },
    {
      "error": null,
      "hostname": "rmdb8",
      "id": "rmdb8:37017",
      "port": 37017,
      "rsId": "tgtShard_0",
      "state": "FAILED",
      "stateUpdateTime": 1790969516
    },
    {
      "error": null,
      "hostname": "rmdb13",
      "id": "rmdb13:37017",
      "port": 37017,
      "rsId": "tgtShard_0",
      "state": "FAILED",
      "stateUpdateTime": 1790969516
    },
    {
      "error": "<tgtCluster_tgtShard_0_42> [15:29:05.042] Plan execution failed on step MakeBackupDataAvailable as part of move RestoreRsMemberFromBackupPhase1 : <tgtCluster_tgtShard_0_42> [15:29:05.042] Failed to apply action. Result = <nil> : <tgtCluster_tgtShard_0_42> [15:29:05.042] Failed to download the snapshot : <tgtCluster_tgtShard_0_42> [15:29:05.042] Error while waiting for third party to copy backup to /fimongo1/data : <tgtCluster_tgtShard_0_42> [15:29:05.042] Observed error when trying to mark node as ready for copy files. : <tgtCluster_tgtShard_0_42> [15:29:05.042] Got return status 404 Not Found when trying to mark node ready for copy files.",
      "hostname": "rmdb1",
      "id": "rmdb1:37017",
      "port": 37017,
      "rsId": "tgtShard_0",
      "state": "FAILED",
      "stateUpdateTime": 1790969516
    },
    {
      "error": null,
      "hostname": "rmdb3",
      "id": "rmdb3:37017",
      "port": 37017,
      "rsId": "tgtShard_0",
      "state": "FAILED",
      "stateUpdateTime": 1790969516
    },
    {
      "error": null,
      "hostname": "rmdb11",
      "id": "rmdb11:37017",
      "port": 37017,
      "rsId": "tgtShard_0",
      "state": "FAILED",
      "stateUpdateTime": 1790969516
    },
    {
      "error": null,
      "hostname": "rmdb7",
      "id": "rmdb7:37017",
      "port": 37017,
      "rsId": "tgtconfigRS",
      "state": "FAILED",
      "stateUpdateTime": 1790969516
    },
    {
      "error": null,
      "hostname": "rmdb-config1",
      "id": "rmdb-config1:37017",
      "port": 37017,
      "rsId": "tgtconfigRS",
      "state": "FAILED",
      "stateUpdateTime": 1790969516
    },
    {
      "error": null,
      "hostname": "rmdb-config2",
      "id": "rmdb-config2:37017",
      "port": 37017,
      "rsId": "tgtconfigRS",
      "state": "FAILED",
      "stateUpdateTime": 1790969516
    }
  ],
  "state": "FAILED"
}
2026-10-02 14:32:13,530 [INFO] Restore state: FAILED
2026-10-02 14:32:23,531 [DEBUG] API GET http://129.40.36.100:8080/api/public/v1.0/backup/third_party/group/6a386221ee19a6537cc68a97/restore/6abf3847457a6b80701899fb
2026-10-02 14:32:23,695 [DEBUG] STATUS 200
2026-10-02 14:32:23,696 [DEBUG] {
  "clusterMapping": [
    {
      "rsId": "sgcShard_0",
      "targetRsId": "tgtShard_0"
    },
    {
      "rsId": "sgcShard_1",
      "targetRsId": "tgtShard_1"
    },
    {
      "rsId": "configRS",
      "targetRsId": "tgtconfigRS"
    }
  ],
  "nodes": [
    {
      "error": null,
      "hostname": "rmdb12",
      "id": "rmdb12:37017",
      "port": 37017,
      "rsId": "tgtShard_1",
      "state": "FAILED",
      "stateUpdateTime": 1790969516
    },
    {
      "error": null,
      "hostname": "rmdb14",
      "id": "rmdb14:37017",
      "port": 37017,
      "rsId": "tgtShard_1",
      "state": "FAILED",
      "stateUpdateTime": 1790969516
    },
    {
      "error": null,
      "hostname": "rmdb9",
      "id": "rmdb9:37017",
      "port": 37017,
      "rsId": "tgtShard_1",
      "state": "FAILED",
      "stateUpdateTime": 1790969516
    },
    {
      "error": null,
      "hostname": "rmdb4",
      "id": "rmdb4:37017",
      "port": 37017,
      "rsId": "tgtShard_1",
      "state": "FAILED",
      "stateUpdateTime": 1790969516
    },
    {
      "error": null,
      "hostname": "rmdb2",
      "id": "rmdb2:37017",
      "port": 37017,
      "rsId": "tgtShard_1",
      "state": "FAILED",
      "stateUpdateTime": 1790969516
    },
    {
      "error": null,
      "hostname": "rmdb8",
      "id": "rmdb8:37017",
      "port": 37017,
      "rsId": "tgtShard_0",
      "state": "FAILED",
      "stateUpdateTime": 1790969516
    },
    {
      "error": null,
      "hostname": "rmdb13",
      "id": "rmdb13:37017",
      "port": 37017,
      "rsId": "tgtShard_0",
      "state": "FAILED",
      "stateUpdateTime": 1790969516
    },
    {
      "error": "<tgtCluster_tgtShard_0_42> [15:29:05.042] Plan execution failed on step MakeBackupDataAvailable as part of move RestoreRsMemberFromBackupPhase1 : <tgtCluster_tgtShard_0_42> [15:29:05.042] Failed to apply action. Result = <nil> : <tgtCluster_tgtShard_0_42> [15:29:05.042] Failed to download the snapshot : <tgtCluster_tgtShard_0_42> [15:29:05.042] Error while waiting for third party to copy backup to /fimongo1/data : <tgtCluster_tgtShard_0_42> [15:29:05.042] Observed error when trying to mark node as ready for copy files. : <tgtCluster_tgtShard_0_42> [15:29:05.042] Got return status 404 Not Found when trying to mark node ready for copy files.",
      "hostname": "rmdb1",
      "id": "rmdb1:37017",
      "port": 37017,
      "rsId": "tgtShard_0",
      "state": "FAILED",
      "stateUpdateTime": 1790969516
    },
    {
      "error": null,
      "hostname": "rmdb3",
      "id": "rmdb3:37017",
      "port": 37017,
      "rsId": "tgtShard_0",
      "state": "FAILED",
      "stateUpdateTime": 1790969516
    },
    {
      "error": null,
      "hostname": "rmdb11",
      "id": "rmdb11:37017",
      "port": 37017,
      "rsId": "tgtShard_0",
      "state": "FAILED",
      "stateUpdateTime": 1790969516
    },
    {
      "error": null,
      "hostname": "rmdb7",
      "id": "rmdb7:37017",
      "port": 37017,
      "rsId": "tgtconfigRS",
      "state": "FAILED",
      "stateUpdateTime": 1790969516
    },
    {
      "error": null,
      "hostname": "rmdb-config1",
      "id": "rmdb-config1:37017",
      "port": 37017,
      "rsId": "tgtconfigRS",
      "state": "FAILED",
      "stateUpdateTime": 1790969516
    },
    {
      "error": null,
      "hostname": "rmdb-config2",
      "id": "rmdb-config2:37017",
      "port": 37017,
      "rsId": "tgtconfigRS",
      "state": "FAILED",
      "stateUpdateTime": 1790969516
    }
  ],
  "state": "FAILED"
}
2026-10-02 14:32:23,696 [INFO] Restore state: FAILED
2026-10-02 14:32:33,696 [DEBUG] API GET http://129.40.36.100:8080/api/public/v1.0/backup/third_party/group/6a386221ee19a6537cc68a97/restore/6abf3847457a6b80701899fb
2026-10-02 14:32:33,893 [DEBUG] STATUS 200
2026-10-02 14:32:33,894 [DEBUG] {
  "clusterMapping": [
    {
      "rsId": "sgcShard_0",
      "targetRsId": "tgtShard_0"
    },
    {
      "rsId": "sgcShard_1",
      "targetRsId": "tgtShard_1"
    },
    {
      "rsId": "configRS",
      "targetRsId": "tgtconfigRS"
    }
  ],
  "nodes": [
    {
      "error": null,
      "hostname": "rmdb12",
      "id": "rmdb12:37017",
      "port": 37017,
      "rsId": "tgtShard_1",
      "state": "FAILED",
      "stateUpdateTime": 1790969516
    },
    {
      "error": null,
      "hostname": "rmdb14",
      "id": "rmdb14:37017",
      "port": 37017,
      "rsId": "tgtShard_1",
      "state": "FAILED",
      "stateUpdateTime": 1790969516
    },
    {
      "error": null,
      "hostname": "rmdb9",
      "id": "rmdb9:37017",
      "port": 37017,
      "rsId": "tgtShard_1",
      "state": "FAILED",
      "stateUpdateTime": 1790969516
    },
    {
      "error": null,
      "hostname": "rmdb4",
      "id": "rmdb4:37017",
      "port": 37017,
      "rsId": "tgtShard_1",
      "state": "FAILED",
      "stateUpdateTime": 1790969516
    },
    {
      "error": null,
      "hostname": "rmdb2",
      "id": "rmdb2:37017",
      "port": 37017,
      "rsId": "tgtShard_1",
      "state": "FAILED",
      "stateUpdateTime": 1790969516
    },
    {
      "error": null,
      "hostname": "rmdb8",
      "id": "rmdb8:37017",
      "port": 37017,
      "rsId": "tgtShard_0",
      "state": "FAILED",
      "stateUpdateTime": 1790969516
    },
    {
      "error": null,
      "hostname": "rmdb13",
      "id": "rmdb13:37017",
      "port": 37017,
      "rsId": "tgtShard_0",
      "state": "FAILED",
      "stateUpdateTime": 1790969516
    },
    {
      "error": "<tgtCluster_tgtShard_0_42> [15:29:05.042] Plan execution failed on step MakeBackupDataAvailable as part of move RestoreRsMemberFromBackupPhase1 : <tgtCluster_tgtShard_0_42> [15:29:05.042] Failed to apply action. Result = <nil> : <tgtCluster_tgtShard_0_42> [15:29:05.042] Failed to download the snapshot : <tgtCluster_tgtShard_0_42> [15:29:05.042] Error while waiting for third party to copy backup to /fimongo1/data : <tgtCluster_tgtShard_0_42> [15:29:05.042] Observed error when trying to mark node as ready for copy files. : <tgtCluster_tgtShard_0_42> [15:29:05.042] Got return status 404 Not Found when trying to mark node ready for copy files.",
      "hostname": "rmdb1",
      "id": "rmdb1:37017",
      "port": 37017,
      "rsId": "tgtShard_0",
      "state": "FAILED",
      "stateUpdateTime": 1790969516
    },
    {
      "error": null,
      "hostname": "rmdb3",
      "id": "rmdb3:37017",
      "port": 37017,
      "rsId": "tgtShard_0",
      "state": "FAILED",
      "stateUpdateTime": 1790969516
    },
    {
      "error": null,
      "hostname": "rmdb11",
      "id": "rmdb11:37017",
      "port": 37017,
      "rsId": "tgtShard_0",
      "state": "FAILED",
      "stateUpdateTime": 1790969516
    },
    {
      "error": null,
      "hostname": "rmdb7",
      "id": "rmdb7:37017",
      "port": 37017,
      "rsId": "tgtconfigRS",
      "state": "FAILED",
      "stateUpdateTime": 1790969516
    },
    {
      "error": null,
      "hostname": "rmdb-config1",
      "id": "rmdb-config1:37017",
      "port": 37017,
      "rsId": "tgtconfigRS",
      "state": "FAILED",
      "stateUpdateTime": 1790969516
    },
    {
      "error": null,
      "hostname": "rmdb-config2",
      "id": "rmdb-config2:37017",
      "port": 37017,
      "rsId": "tgtconfigRS",
      "state": "FAILED",
      "stateUpdateTime": 1790969516
    }
  ],
  "state": "FAILED"
}
2026-10-02 14:32:33,894 [INFO] Restore state: FAILED
2026-10-02 14:32:43,895 [DEBUG] API GET http://129.40.36.100:8080/api/public/v1.0/backup/third_party/group/6a386221ee19a6537cc68a97/restore/6abf3847457a6b80701899fb
2026-10-02 14:32:44,036 [DEBUG] STATUS 200
2026-10-02 14:32:44,037 [DEBUG] {
  "clusterMapping": [
    {
      "rsId": "sgcShard_0",
      "targetRsId": "tgtShard_0"
    },
    {
      "rsId": "sgcShard_1",
      "targetRsId": "tgtShard_1"
    },
    {
      "rsId": "configRS",
      "targetRsId": "tgtconfigRS"
    }
  ],
  "nodes": [
    {
      "error": null,
      "hostname": "rmdb12",
      "id": "rmdb12:37017",
      "port": 37017,
      "rsId": "tgtShard_1",
      "state": "FAILED",
      "stateUpdateTime": 1790969516
    },
    {
      "error": null,
      "hostname": "rmdb14",
      "id": "rmdb14:37017",
      "port": 37017,
      "rsId": "tgtShard_1",
      "state": "FAILED",
      "stateUpdateTime": 1790969516
    },
    {
      "error": null,
      "hostname": "rmdb9",
      "id": "rmdb9:37017",
      "port": 37017,
      "rsId": "tgtShard_1",
      "state": "FAILED",
      "stateUpdateTime": 1790969516
    },
    {
      "error": null,
      "hostname": "rmdb4",
      "id": "rmdb4:37017",
      "port": 37017,
      "rsId": "tgtShard_1",
      "state": "FAILED",
      "stateUpdateTime": 1790969516
    },
    {
      "error": null,
      "hostname": "rmdb2",
      "id": "rmdb2:37017",
      "port": 37017,
      "rsId": "tgtShard_1",
      "state": "FAILED",
      "stateUpdateTime": 1790969516
    },
    {
      "error": null,
      "hostname": "rmdb8",
      "id": "rmdb8:37017",
      "port": 37017,
      "rsId": "tgtShard_0",
      "state": "FAILED",
      "stateUpdateTime": 1790969516
    },
    {
      "error": null,
      "hostname": "rmdb13",
      "id": "rmdb13:37017",
      "port": 37017,
      "rsId": "tgtShard_0",
      "state": "FAILED",
      "stateUpdateTime": 1790969516
    },
    {
      "error": "<tgtCluster_tgtShard_0_42> [15:29:05.042] Plan execution failed on step MakeBackupDataAvailable as part of move RestoreRsMemberFromBackupPhase1 : <tgtCluster_tgtShard_0_42> [15:29:05.042] Failed to apply action. Result = <nil> : <tgtCluster_tgtShard_0_42> [15:29:05.042] Failed to download the snapshot : <tgtCluster_tgtShard_0_42> [15:29:05.042] Error while waiting for third party to copy backup to /fimongo1/data : <tgtCluster_tgtShard_0_42> [15:29:05.042] Observed error when trying to mark node as ready for copy files. : <tgtCluster_tgtShard_0_42> [15:29:05.042] Got return status 404 Not Found when trying to mark node ready for copy files.",
      "hostname": "rmdb1",
      "id": "rmdb1:37017",
      "port": 37017,
      "rsId": "tgtShard_0",
      "state": "FAILED",
      "stateUpdateTime": 1790969516
    },
    {
      "error": null,
      "hostname": "rmdb3",
      "id": "rmdb3:37017",
      "port": 37017,
      "rsId": "tgtShard_0",
      "state": "FAILED",
      "stateUpdateTime": 1790969516
    },
    {
      "error": null,
      "hostname": "rmdb11",
      "id": "rmdb11:37017",
      "port": 37017,
      "rsId": "tgtShard_0",
      "state": "FAILED",
      "stateUpdateTime": 1790969516
    },
    {
      "error": null,
      "hostname": "rmdb7",
      "id": "rmdb7:37017",
      "port": 37017,
      "rsId": "tgtconfigRS",
      "state": "FAILED",
      "stateUpdateTime": 1790969516
    },
    {
      "error": null,
      "hostname": "rmdb-config1",
      "id": "rmdb-config1:37017",
      "port": 37017,
      "rsId": "tgtconfigRS",
      "state": "FAILED",
      "stateUpdateTime": 1790969516
    },
    {
      "error": null,
      "hostname": "rmdb-config2",
      "id": "rmdb-config2:37017",
      "port": 37017,
      "rsId": "tgtconfigRS",
      "state": "FAILED",
      "stateUpdateTime": 1790969516
    }
  ],
  "state": "FAILED"
}
2026-10-02 14:32:44,037 [INFO] Restore state: FAILED
2026-10-02 14:32:54,038 [DEBUG] API GET http://129.40.36.100:8080/api/public/v1.0/backup/third_party/group/6a386221ee19a6537cc68a97/restore/6abf3847457a6b80701899fb
2026-10-02 14:32:54,183 [DEBUG] STATUS 200
2026-10-02 14:32:54,183 [DEBUG] {
  "clusterMapping": [
    {
      "rsId": "sgcShard_0",
      "targetRsId": "tgtShard_0"
    },
    {
      "rsId": "sgcShard_1",
      "targetRsId": "tgtShard_1"
    },
    {
      "rsId": "configRS",
      "targetRsId": "tgtconfigRS"
    }
  ],
  "nodes": [
    {
      "error": null,
      "hostname": "rmdb12",
      "id": "rmdb12:37017",
      "port": 37017,
      "rsId": "tgtShard_1",
      "state": "FAILED",
      "stateUpdateTime": 1790969516
    },
    {
      "error": null,
      "hostname": "rmdb14",
      "id": "rmdb14:37017",
      "port": 37017,
      "rsId": "tgtShard_1",
      "state": "FAILED",
      "stateUpdateTime": 1790969516
    },
    {
      "error": null,
      "hostname": "rmdb9",
      "id": "rmdb9:37017",
      "port": 37017,
      "rsId": "tgtShard_1",
      "state": "FAILED",
      "stateUpdateTime": 1790969516
    },
    {
      "error": null,
      "hostname": "rmdb4",
      "id": "rmdb4:37017",
      "port": 37017,
      "rsId": "tgtShard_1",
      "state": "FAILED",
      "stateUpdateTime": 1790969516
    },
    {
      "error": null,
      "hostname": "rmdb2",
      "id": "rmdb2:37017",
      "port": 37017,
      "rsId": "tgtShard_1",
      "state": "FAILED",
      "stateUpdateTime": 1790969516
    },
    {
      "error": null,
      "hostname": "rmdb8",
      "id": "rmdb8:37017",
      "port": 37017,
      "rsId": "tgtShard_0",
      "state": "FAILED",
      "stateUpdateTime": 1790969516
    },
    {
      "error": null,
      "hostname": "rmdb13",
      "id": "rmdb13:37017",
      "port": 37017,
      "rsId": "tgtShard_0",
      "state": "FAILED",
      "stateUpdateTime": 1790969516
    },
    {
      "error": "<tgtCluster_tgtShard_0_42> [15:29:05.042] Plan execution failed on step MakeBackupDataAvailable as part of move RestoreRsMemberFromBackupPhase1 : <tgtCluster_tgtShard_0_42> [15:29:05.042] Failed to apply action. Result = <nil> : <tgtCluster_tgtShard_0_42> [15:29:05.042] Failed to download the snapshot : <tgtCluster_tgtShard_0_42> [15:29:05.042] Error while waiting for third party to copy backup to /fimongo1/data : <tgtCluster_tgtShard_0_42> [15:29:05.042] Observed error when trying to mark node as ready for copy files. : <tgtCluster_tgtShard_0_42> [15:29:05.042] Got return status 404 Not Found when trying to mark node ready for copy files.",
      "hostname": "rmdb1",
      "id": "rmdb1:37017",
      "port": 37017,
      "rsId": "tgtShard_0",
      "state": "FAILED",
      "stateUpdateTime": 1790969516
    },
    {
      "error": null,
      "hostname": "rmdb3",
      "id": "rmdb3:37017",
      "port": 37017,
      "rsId": "tgtShard_0",
      "state": "FAILED",
      "stateUpdateTime": 1790969516
    },
    {
      "error": null,
      "hostname": "rmdb11",
      "id": "rmdb11:37017",
      "port": 37017,
      "rsId": "tgtShard_0",
      "state": "FAILED",
      "stateUpdateTime": 1790969516
    },
    {
      "error": null,
      "hostname": "rmdb7",
      "id": "rmdb7:37017",
      "port": 37017,
      "rsId": "tgtconfigRS",
      "state": "FAILED",
      "stateUpdateTime": 1790969516
    },
    {
      "error": null,
      "hostname": "rmdb-config1",
      "id": "rmdb-config1:37017",
      "port": 37017,
      "rsId": "tgtconfigRS",
      "state": "FAILED",
      "stateUpdateTime": 1790969516
    },
    {
      "error": null,
      "hostname": "rmdb-config2",
      "id": "rmdb-config2:37017",
      "port": 37017,
      "rsId": "tgtconfigRS",
      "state": "FAILED",
      "stateUpdateTime": 1790969516
    }
  ],
  "state": "FAILED"
}
2026-10-02 14:32:54,183 [INFO] Restore state: FAILED
2026-10-02 14:33:04,184 [DEBUG] API GET http://129.40.36.100:8080/api/public/v1.0/backup/third_party/group/6a386221ee19a6537cc68a97/restore/6abf3847457a6b80701899fb
2026-10-02 14:33:04,326 [DEBUG] STATUS 200
2026-10-02 14:33:04,326 [DEBUG] {
  "clusterMapping": [
    {
      "rsId": "sgcShard_0",
      "targetRsId": "tgtShard_0"
    },
    {
      "rsId": "sgcShard_1",
      "targetRsId": "tgtShard_1"
    },
    {
      "rsId": "configRS",
      "targetRsId": "tgtconfigRS"
    }
  ],
  "nodes": [
    {
      "error": null,
      "hostname": "rmdb12",
      "id": "rmdb12:37017",
      "port": 37017,
      "rsId": "tgtShard_1",
      "state": "FAILED",
      "stateUpdateTime": 1790969516
    },
    {
      "error": null,
      "hostname": "rmdb14",
      "id": "rmdb14:37017",
      "port": 37017,
      "rsId": "tgtShard_1",
      "state": "FAILED",
      "stateUpdateTime": 1790969516
    },
    {
      "error": null,
      "hostname": "rmdb9",
      "id": "rmdb9:37017",
      "port": 37017,
      "rsId": "tgtShard_1",
      "state": "FAILED",
      "stateUpdateTime": 1790969516
    },
    {
      "error": null,
      "hostname": "rmdb4",
      "id": "rmdb4:37017",
      "port": 37017,
      "rsId": "tgtShard_1",
      "state": "FAILED",
      "stateUpdateTime": 1790969516
    },
    {
      "error": null,
      "hostname": "rmdb2",
      "id": "rmdb2:37017",
      "port": 37017,
      "rsId": "tgtShard_1",
      "state": "FAILED",
      "stateUpdateTime": 1790969516
    },
    {
      "error": null,
      "hostname": "rmdb8",
      "id": "rmdb8:37017",
      "port": 37017,
      "rsId": "tgtShard_0",
      "state": "FAILED",
      "stateUpdateTime": 1790969516
    },
    {
      "error": null,
      "hostname": "rmdb13",
      "id": "rmdb13:37017",
      "port": 37017,
      "rsId": "tgtShard_0",
      "state": "FAILED",
      "stateUpdateTime": 1790969516
    },
    {
      "error": "<tgtCluster_tgtShard_0_42> [15:29:05.042] Plan execution failed on step MakeBackupDataAvailable as part of move RestoreRsMemberFromBackupPhase1 : <tgtCluster_tgtShard_0_42> [15:29:05.042] Failed to apply action. Result = <nil> : <tgtCluster_tgtShard_0_42> [15:29:05.042] Failed to download the snapshot : <tgtCluster_tgtShard_0_42> [15:29:05.042] Error while waiting for third party to copy backup to /fimongo1/data : <tgtCluster_tgtShard_0_42> [15:29:05.042] Observed error when trying to mark node as ready for copy files. : <tgtCluster_tgtShard_0_42> [15:29:05.042] Got return status 404 Not Found when trying to mark node ready for copy files.",
      "hostname": "rmdb1",
      "id": "rmdb1:37017",
      "port": 37017,
      "rsId": "tgtShard_0",
      "state": "FAILED",
      "stateUpdateTime": 1790969516
    },
    {
      "error": null,
      "hostname": "rmdb3",
      "id": "rmdb3:37017",
      "port": 37017,
      "rsId": "tgtShard_0",
      "state": "FAILED",
      "stateUpdateTime": 1790969516
    },
    {
      "error": null,
      "hostname": "rmdb11",
      "id": "rmdb11:37017",
      "port": 37017,
      "rsId": "tgtShard_0",
      "state": "FAILED",
      "stateUpdateTime": 1790969516
    },
    {
      "error": null,
      "hostname": "rmdb7",
      "id": "rmdb7:37017",
      "port": 37017,
      "rsId": "tgtconfigRS",
      "state": "FAILED",
      "stateUpdateTime": 1790969516
    },
    {
      "error": null,
      "hostname": "rmdb-config1",
      "id": "rmdb-config1:37017",
      "port": 37017,
      "rsId": "tgtconfigRS",
      "state": "FAILED",
      "stateUpdateTime": 1790969516
    },
    {
      "error": null,
      "hostname": "rmdb-config2",
      "id": "rmdb-config2:37017",
      "port": 37017,
      "rsId": "tgtconfigRS",
      "state": "FAILED",
      "stateUpdateTime": 1790969516
    }
  ],
  "state": "FAILED"
}
2026-10-02 14:33:04,327 [INFO] Restore state: FAILED
2026-10-02 14:33:14,327 [DEBUG] API GET http://129.40.36.100:8080/api/public/v1.0/backup/third_party/group/6a386221ee19a6537cc68a97/restore/6abf3847457a6b80701899fb
2026-10-02 14:33:14,471 [DEBUG] STATUS 200
2026-10-02 14:33:14,471 [DEBUG] {
  "clusterMapping": [
    {
      "rsId": "sgcShard_0",
      "targetRsId": "tgtShard_0"
    },
    {
      "rsId": "sgcShard_1",
      "targetRsId": "tgtShard_1"
    },
    {
      "rsId": "configRS",
      "targetRsId": "tgtconfigRS"
    }
  ],
  "nodes": [
    {
      "error": null,
      "hostname": "rmdb12",
      "id": "rmdb12:37017",
      "port": 37017,
      "rsId": "tgtShard_1",
      "state": "FAILED",
      "stateUpdateTime": 1790969516
    },
    {
      "error": null,
      "hostname": "rmdb14",
      "id": "rmdb14:37017",
      "port": 37017,
      "rsId": "tgtShard_1",
      "state": "FAILED",
      "stateUpdateTime": 1790969516
    },
    {
      "error": null,
      "hostname": "rmdb9",
      "id": "rmdb9:37017",
      "port": 37017,
      "rsId": "tgtShard_1",
      "state": "FAILED",
      "stateUpdateTime": 1790969516
    },
    {
      "error": null,
      "hostname": "rmdb4",
      "id": "rmdb4:37017",
      "port": 37017,
      "rsId": "tgtShard_1",
      "state": "FAILED",
      "stateUpdateTime": 1790969516
    },
    {
      "error": null,
      "hostname": "rmdb2",
      "id": "rmdb2:37017",
      "port": 37017,
      "rsId": "tgtShard_1",
      "state": "FAILED",
      "stateUpdateTime": 1790969516
    },
    {
      "error": null,
      "hostname": "rmdb8",
      "id": "rmdb8:37017",
      "port": 37017,
      "rsId": "tgtShard_0",
      "state": "FAILED",
      "stateUpdateTime": 1790969516
    },
    {
      "error": null,
      "hostname": "rmdb13",
      "id": "rmdb13:37017",
      "port": 37017,
      "rsId": "tgtShard_0",
      "state": "FAILED",
      "stateUpdateTime": 1790969516
    },
    {
      "error": "<tgtCluster_tgtShard_0_42> [15:29:05.042] Plan execution failed on step MakeBackupDataAvailable as part of move RestoreRsMemberFromBackupPhase1 : <tgtCluster_tgtShard_0_42> [15:29:05.042] Failed to apply action. Result = <nil> : <tgtCluster_tgtShard_0_42> [15:29:05.042] Failed to download the snapshot : <tgtCluster_tgtShard_0_42> [15:29:05.042] Error while waiting for third party to copy backup to /fimongo1/data : <tgtCluster_tgtShard_0_42> [15:29:05.042] Observed error when trying to mark node as ready for copy files. : <tgtCluster_tgtShard_0_42> [15:29:05.042] Got return status 404 Not Found when trying to mark node ready for copy files.",
      "hostname": "rmdb1",
      "id": "rmdb1:37017",
      "port": 37017,
      "rsId": "tgtShard_0",
      "state": "FAILED",
      "stateUpdateTime": 1790969516
    },
    {
      "error": null,
      "hostname": "rmdb3",
      "id": "rmdb3:37017",
      "port": 37017,
      "rsId": "tgtShard_0",
      "state": "FAILED",
      "stateUpdateTime": 1790969516
    },
    {
      "error": null,
      "hostname": "rmdb11",
      "id": "rmdb11:37017",
      "port": 37017,
      "rsId": "tgtShard_0",
      "state": "FAILED",
      "stateUpdateTime": 1790969516
    },
    {
      "error": null,
      "hostname": "rmdb7",
      "id": "rmdb7:37017",
      "port": 37017,
      "rsId": "tgtconfigRS",
      "state": "FAILED",
      "stateUpdateTime": 1790969516
    },
    {
      "error": null,
      "hostname": "rmdb-config1",
      "id": "rmdb-config1:37017",
      "port": 37017,
      "rsId": "tgtconfigRS",
      "state": "FAILED",
      "stateUpdateTime": 1790969516
    },
    {
      "error": null,
      "hostname": "rmdb-config2",
      "id": "rmdb-config2:37017",
      "port": 37017,
      "rsId": "tgtconfigRS",
      "state": "FAILED",
      "stateUpdateTime": 1790969516
    }
  ],
  "state": "FAILED"
}
2026-10-02 14:33:14,471 [INFO] Restore state: FAILED
2026-10-02 14:33:24,471 [DEBUG] API GET http://129.40.36.100:8080/api/public/v1.0/backup/third_party/group/6a386221ee19a6537cc68a97/restore/6abf3847457a6b80701899fb
2026-10-02 14:33:24,626 [DEBUG] STATUS 200
2026-10-02 14:33:24,626 [DEBUG] {
  "clusterMapping": [
    {
      "rsId": "sgcShard_0",
      "targetRsId": "tgtShard_0"
    },
    {
      "rsId": "sgcShard_1",
      "targetRsId": "tgtShard_1"
    },
    {
      "rsId": "configRS",
      "targetRsId": "tgtconfigRS"
    }
  ],
  "nodes": [
    {
      "error": null,
      "hostname": "rmdb12",
      "id": "rmdb12:37017",
      "port": 37017,
      "rsId": "tgtShard_1",
      "state": "FAILED",
      "stateUpdateTime": 1790969516
    },
    {
      "error": null,
      "hostname": "rmdb14",
      "id": "rmdb14:37017",
      "port": 37017,
      "rsId": "tgtShard_1",
      "state": "FAILED",
      "stateUpdateTime": 1790969516
    },
    {
      "error": null,
      "hostname": "rmdb9",
      "id": "rmdb9:37017",
      "port": 37017,
      "rsId": "tgtShard_1",
      "state": "FAILED",
      "stateUpdateTime": 1790969516
    },
    {
      "error": null,
      "hostname": "rmdb4",
      "id": "rmdb4:37017",
      "port": 37017,
      "rsId": "tgtShard_1",
      "state": "FAILED",
      "stateUpdateTime": 1790969516
    },
    {
      "error": null,
      "hostname": "rmdb2",
      "id": "rmdb2:37017",
      "port": 37017,
      "rsId": "tgtShard_1",
      "state": "FAILED",
      "stateUpdateTime": 1790969516
    },
    {
      "error": null,
      "hostname": "rmdb8",
      "id": "rmdb8:37017",
      "port": 37017,
      "rsId": "tgtShard_0",
      "state": "FAILED",
      "stateUpdateTime": 1790969516
    },
    {
      "error": null,
      "hostname": "rmdb13",
      "id": "rmdb13:37017",
      "port": 37017,
      "rsId": "tgtShard_0",
      "state": "FAILED",
      "stateUpdateTime": 1790969516
    },
    {
      "error": "<tgtCluster_tgtShard_0_42> [15:29:05.042] Plan execution failed on step MakeBackupDataAvailable as part of move RestoreRsMemberFromBackupPhase1 : <tgtCluster_tgtShard_0_42> [15:29:05.042] Failed to apply action. Result = <nil> : <tgtCluster_tgtShard_0_42> [15:29:05.042] Failed to download the snapshot : <tgtCluster_tgtShard_0_42> [15:29:05.042] Error while waiting for third party to copy backup to /fimongo1/data : <tgtCluster_tgtShard_0_42> [15:29:05.042] Observed error when trying to mark node as ready for copy files. : <tgtCluster_tgtShard_0_42> [15:29:05.042] Got return status 404 Not Found when trying to mark node ready for copy files.",
      "hostname": "rmdb1",
      "id": "rmdb1:37017",
      "port": 37017,
      "rsId": "tgtShard_0",
      "state": "FAILED",
      "stateUpdateTime": 1790969516
    },
    {
      "error": null,
      "hostname": "rmdb3",
      "id": "rmdb3:37017",
      "port": 37017,
      "rsId": "tgtShard_0",
      "state": "FAILED",
      "stateUpdateTime": 1790969516
    },
    {
      "error": null,
      "hostname": "rmdb11",
      "id": "rmdb11:37017",
      "port": 37017,
      "rsId": "tgtShard_0",
      "state": "FAILED",
      "stateUpdateTime": 1790969516
    },
    {
      "error": null,
      "hostname": "rmdb7",
      "id": "rmdb7:37017",
      "port": 37017,
      "rsId": "tgtconfigRS",
      "state": "FAILED",
      "stateUpdateTime": 1790969516
    },
    {
      "error": null,
      "hostname": "rmdb-config1",
      "id": "rmdb-config1:37017",
      "port": 37017,
      "rsId": "tgtconfigRS",
      "state": "FAILED",
      "stateUpdateTime": 1790969516
    },
    {
      "error": null,
      "hostname": "rmdb-config2",
      "id": "rmdb-config2:37017",
      "port": 37017,
      "rsId": "tgtconfigRS",
      "state": "FAILED",
      "stateUpdateTime": 1790969516
    }
  ],
  "state": "FAILED"
}
2026-10-02 14:33:24,626 [INFO] Restore state: FAILED
2026-10-02 14:33:34,627 [DEBUG] API GET http://129.40.36.100:8080/api/public/v1.0/backup/third_party/group/6a386221ee19a6537cc68a97/restore/6abf3847457a6b80701899fb
2026-10-02 14:33:34,822 [DEBUG] STATUS 200
2026-10-02 14:33:34,823 [DEBUG] {
  "clusterMapping": [
    {
      "rsId": "sgcShard_0",
      "targetRsId": "tgtShard_0"
    },
    {
      "rsId": "sgcShard_1",
      "targetRsId": "tgtShard_1"
    },
    {
      "rsId": "configRS",
      "targetRsId": "tgtconfigRS"
    }
  ],
  "nodes": [
    {
      "error": null,
      "hostname": "rmdb12",
      "id": "rmdb12:37017",
      "port": 37017,
      "rsId": "tgtShard_1",
      "state": "FAILED",
      "stateUpdateTime": 1790969516
    },
    {
      "error": null,
      "hostname": "rmdb14",
      "id": "rmdb14:37017",
      "port": 37017,
      "rsId": "tgtShard_1",
      "state": "FAILED",
      "stateUpdateTime": 1790969516
    },
    {
      "error": null,
      "hostname": "rmdb9",
      "id": "rmdb9:37017",
      "port": 37017,
      "rsId": "tgtShard_1",
      "state": "FAILED",
      "stateUpdateTime": 1790969516
    },
    {
      "error": null,
      "hostname": "rmdb4",
      "id": "rmdb4:37017",
      "port": 37017,
      "rsId": "tgtShard_1",
      "state": "FAILED",
      "stateUpdateTime": 1790969516
    },
    {
      "error": null,
      "hostname": "rmdb2",
      "id": "rmdb2:37017",
      "port": 37017,
      "rsId": "tgtShard_1",
      "state": "FAILED",
      "stateUpdateTime": 1790969516
    },
    {
      "error": null,
      "hostname": "rmdb8",
      "id": "rmdb8:37017",
      "port": 37017,
      "rsId": "tgtShard_0",
      "state": "FAILED",
      "stateUpdateTime": 1790969516
    },
    {
      "error": null,
      "hostname": "rmdb13",
      "id": "rmdb13:37017",
      "port": 37017,
      "rsId": "tgtShard_0",
      "state": "FAILED",
      "stateUpdateTime": 1790969516
    },
    {
      "error": "<tgtCluster_tgtShard_0_42> [15:29:05.042] Plan execution failed on step MakeBackupDataAvailable as part of move RestoreRsMemberFromBackupPhase1 : <tgtCluster_tgtShard_0_42> [15:29:05.042] Failed to apply action. Result = <nil> : <tgtCluster_tgtShard_0_42> [15:29:05.042] Failed to download the snapshot : <tgtCluster_tgtShard_0_42> [15:29:05.042] Error while waiting for third party to copy backup to /fimongo1/data : <tgtCluster_tgtShard_0_42> [15:29:05.042] Observed error when trying to mark node as ready for copy files. : <tgtCluster_tgtShard_0_42> [15:29:05.042] Got return status 404 Not Found when trying to mark node ready for copy files.",
      "hostname": "rmdb1",
      "id": "rmdb1:37017",
      "port": 37017,
      "rsId": "tgtShard_0",
      "state": "FAILED",
      "stateUpdateTime": 1790969516
    },
    {
      "error": null,
      "hostname": "rmdb3",
      "id": "rmdb3:37017",
      "port": 37017,
      "rsId": "tgtShard_0",
      "state": "FAILED",
      "stateUpdateTime": 1790969516
    },
    {
      "error": null,
      "hostname": "rmdb11",
      "id": "rmdb11:37017",
      "port": 37017,
      "rsId": "tgtShard_0",
      "state": "FAILED",
      "stateUpdateTime": 1790969516
    },
    {
      "error": null,
      "hostname": "rmdb7",
      "id": "rmdb7:37017",
      "port": 37017,
      "rsId": "tgtconfigRS",
      "state": "FAILED",
      "stateUpdateTime": 1790969516
    },
    {
      "error": null,
      "hostname": "rmdb-config1",
      "id": "rmdb-config1:37017",
      "port": 37017,
      "rsId": "tgtconfigRS",
      "state": "FAILED",
      "stateUpdateTime": 1790969516
    },
    {
      "error": null,
      "hostname": "rmdb-config2",
      "id": "rmdb-config2:37017",
      "port": 37017,
      "rsId": "tgtconfigRS",
      "state": "FAILED",
      "stateUpdateTime": 1790969516
    }
  ],
  "state": "FAILED"
}
2026-10-02 14:33:34,823 [INFO] Restore state: FAILED
2026-10-02 14:33:44,824 [DEBUG] API GET http://129.40.36.100:8080/api/public/v1.0/backup/third_party/group/6a386221ee19a6537cc68a97/restore/6abf3847457a6b80701899fb
2026-10-02 14:33:44,964 [DEBUG] STATUS 200
2026-10-02 14:33:44,965 [DEBUG] {
  "clusterMapping": [
    {
      "rsId": "sgcShard_0",
      "targetRsId": "tgtShard_0"
    },
    {
      "rsId": "sgcShard_1",
      "targetRsId": "tgtShard_1"
    },
    {
      "rsId": "configRS",
      "targetRsId": "tgtconfigRS"
    }
  ],
  "nodes": [
    {
      "error": null,
      "hostname": "rmdb12",
      "id": "rmdb12:37017",
      "port": 37017,
      "rsId": "tgtShard_1",
      "state": "FAILED",
      "stateUpdateTime": 1790969516
    },
    {
      "error": null,
      "hostname": "rmdb14",
      "id": "rmdb14:37017",
      "port": 37017,
      "rsId": "tgtShard_1",
      "state": "FAILED",
      "stateUpdateTime": 1790969516
    },
    {
      "error": null,
      "hostname": "rmdb9",
      "id": "rmdb9:37017",
      "port": 37017,
      "rsId": "tgtShard_1",
      "state": "FAILED",
      "stateUpdateTime": 1790969516
    },
    {
      "error": null,
      "hostname": "rmdb4",
      "id": "rmdb4:37017",
      "port": 37017,
      "rsId": "tgtShard_1",
      "state": "FAILED",
      "stateUpdateTime": 1790969516
    },
    {
      "error": null,
      "hostname": "rmdb2",
      "id": "rmdb2:37017",
      "port": 37017,
      "rsId": "tgtShard_1",
      "state": "FAILED",
      "stateUpdateTime": 1790969516
    },
    {
      "error": null,
      "hostname": "rmdb8",
      "id": "rmdb8:37017",
      "port": 37017,
      "rsId": "tgtShard_0",
      "state": "FAILED",
      "stateUpdateTime": 1790969516
    },
    {
      "error": null,
      "hostname": "rmdb13",
      "id": "rmdb13:37017",
      "port": 37017,
      "rsId": "tgtShard_0",
      "state": "FAILED",
      "stateUpdateTime": 1790969516
    },
    {
      "error": "<tgtCluster_tgtShard_0_42> [15:29:05.042] Plan execution failed on step MakeBackupDataAvailable as part of move RestoreRsMemberFromBackupPhase1 : <tgtCluster_tgtShard_0_42> [15:29:05.042] Failed to apply action. Result = <nil> : <tgtCluster_tgtShard_0_42> [15:29:05.042] Failed to download the snapshot : <tgtCluster_tgtShard_0_42> [15:29:05.042] Error while waiting for third party to copy backup to /fimongo1/data : <tgtCluster_tgtShard_0_42> [15:29:05.042] Observed error when trying to mark node as ready for copy files. : <tgtCluster_tgtShard_0_42> [15:29:05.042] Got return status 404 Not Found when trying to mark node ready for copy files.",
      "hostname": "rmdb1",
      "id": "rmdb1:37017",
      "port": 37017,
      "rsId": "tgtShard_0",
      "state": "FAILED",
      "stateUpdateTime": 1790969516
    },
    {
      "error": null,
      "hostname": "rmdb3",
      "id": "rmdb3:37017",
      "port": 37017,
      "rsId": "tgtShard_0",
      "state": "FAILED",
      "stateUpdateTime": 1790969516
    },
    {
      "error": null,
      "hostname": "rmdb11",
      "id": "rmdb11:37017",
      "port": 37017,
      "rsId": "tgtShard_0",
      "state": "FAILED",
      "stateUpdateTime": 1790969516
    },
    {
      "error": null,
      "hostname": "rmdb7",
      "id": "rmdb7:37017",
      "port": 37017,
      "rsId": "tgtconfigRS",
      "state": "FAILED",
      "stateUpdateTime": 1790969516
    },
    {
      "error": null,
      "hostname": "rmdb-config1",
      "id": "rmdb-config1:37017",
      "port": 37017,
      "rsId": "tgtconfigRS",
      "state": "FAILED",
      "stateUpdateTime": 1790969516
    },
    {
      "error": null,
      "hostname": "rmdb-config2",
      "id": "rmdb-config2:37017",
      "port": 37017,
      "rsId": "tgtconfigRS",
      "state": "FAILED",
      "stateUpdateTime": 1790969516
    }
  ],
  "state": "FAILED"
}
2026-10-02 14:33:44,965 [INFO] Restore state: FAILED
2026-10-02 14:33:54,965 [DEBUG] API GET http://129.40.36.100:8080/api/public/v1.0/backup/third_party/group/6a386221ee19a6537cc68a97/restore/6abf3847457a6b80701899fb
2026-10-02 14:33:55,108 [DEBUG] STATUS 200
2026-10-02 14:33:55,108 [DEBUG] {
  "clusterMapping": [
    {
      "rsId": "sgcShard_0",
      "targetRsId": "tgtShard_0"
    },
    {
      "rsId": "sgcShard_1",
      "targetRsId": "tgtShard_1"
    },
    {
      "rsId": "configRS",
      "targetRsId": "tgtconfigRS"
    }
  ],
  "nodes": [
    {
      "error": null,
      "hostname": "rmdb12",
      "id": "rmdb12:37017",
      "port": 37017,
      "rsId": "tgtShard_1",
      "state": "FAILED",
      "stateUpdateTime": 1790969516
    },
    {
      "error": null,
      "hostname": "rmdb14",
      "id": "rmdb14:37017",
      "port": 37017,
      "rsId": "tgtShard_1",
      "state": "FAILED",
      "stateUpdateTime": 1790969516
    },
    {
      "error": null,
      "hostname": "rmdb9",
      "id": "rmdb9:37017",
      "port": 37017,
      "rsId": "tgtShard_1",
      "state": "FAILED",
      "stateUpdateTime": 1790969516
    },
    {
      "error": null,
      "hostname": "rmdb4",
      "id": "rmdb4:37017",
      "port": 37017,
      "rsId": "tgtShard_1",
      "state": "FAILED",
      "stateUpdateTime": 1790969516
    },
    {
      "error": null,
      "hostname": "rmdb2",
      "id": "rmdb2:37017",
      "port": 37017,
      "rsId": "tgtShard_1",
      "state": "FAILED",
      "stateUpdateTime": 1790969516
    },
    {
      "error": null,
      "hostname": "rmdb8",
      "id": "rmdb8:37017",
      "port": 37017,
      "rsId": "tgtShard_0",
      "state": "FAILED",
      "stateUpdateTime": 1790969516
    },
    {
      "error": null,
      "hostname": "rmdb13",
      "id": "rmdb13:37017",
      "port": 37017,
      "rsId": "tgtShard_0",
      "state": "FAILED",
      "stateUpdateTime": 1790969516
    },
    {
      "error": "<tgtCluster_tgtShard_0_42> [15:29:05.042] Plan execution failed on step MakeBackupDataAvailable as part of move RestoreRsMemberFromBackupPhase1 : <tgtCluster_tgtShard_0_42> [15:29:05.042] Failed to apply action. Result = <nil> : <tgtCluster_tgtShard_0_42> [15:29:05.042] Failed to download the snapshot : <tgtCluster_tgtShard_0_42> [15:29:05.042] Error while waiting for third party to copy backup to /fimongo1/data : <tgtCluster_tgtShard_0_42> [15:29:05.042] Observed error when trying to mark node as ready for copy files. : <tgtCluster_tgtShard_0_42> [15:29:05.042] Got return status 404 Not Found when trying to mark node ready for copy files.",
      "hostname": "rmdb1",
      "id": "rmdb1:37017",
      "port": 37017,
      "rsId": "tgtShard_0",
      "state": "FAILED",
      "stateUpdateTime": 1790969516
    },
    {
      "error": null,
      "hostname": "rmdb3",
      "id": "rmdb3:37017",
      "port": 37017,
      "rsId": "tgtShard_0",
      "state": "FAILED",
      "stateUpdateTime": 1790969516
    },
    {
      "error": null,
      "hostname": "rmdb11",
      "id": "rmdb11:37017",
      "port": 37017,
      "rsId": "tgtShard_0",
      "state": "FAILED",
      "stateUpdateTime": 1790969516
    },
    {
      "error": null,
      "hostname": "rmdb7",
      "id": "rmdb7:37017",
      "port": 37017,
      "rsId": "tgtconfigRS",
      "state": "FAILED",
      "stateUpdateTime": 1790969516
    },
    {
      "error": null,
      "hostname": "rmdb-config1",
      "id": "rmdb-config1:37017",
      "port": 37017,
      "rsId": "tgtconfigRS",
      "state": "FAILED",
      "stateUpdateTime": 1790969516
    },
    {
      "error": null,
      "hostname": "rmdb-config2",
      "id": "rmdb-config2:37017",
      "port": 37017,
      "rsId": "tgtconfigRS",
      "state": "FAILED",
      "stateUpdateTime": 1790969516
    }
  ],
  "state": "FAILED"
}
2026-10-02 14:33:55,108 [INFO] Restore state: FAILED
2026-10-02 14:34:05,108 [DEBUG] API GET http://129.40.36.100:8080/api/public/v1.0/backup/third_party/group/6a386221ee19a6537cc68a97/restore/6abf3847457a6b80701899fb
2026-10-02 14:34:05,249 [DEBUG] STATUS 200
2026-10-02 14:34:05,249 [DEBUG] {
  "clusterMapping": [
    {
      "rsId": "sgcShard_0",
      "targetRsId": "tgtShard_0"
    },
    {
      "rsId": "sgcShard_1",
      "targetRsId": "tgtShard_1"
    },
    {
      "rsId": "configRS",
      "targetRsId": "tgtconfigRS"
    }
  ],
  "nodes": [
    {
      "error": null,
      "hostname": "rmdb12",
      "id": "rmdb12:37017",
      "port": 37017,
      "rsId": "tgtShard_1",
      "state": "FAILED",
      "stateUpdateTime": 1790969516
    },
    {
      "error": null,
      "hostname": "rmdb14",
      "id": "rmdb14:37017",
      "port": 37017,
      "rsId": "tgtShard_1",
      "state": "FAILED",
      "stateUpdateTime": 1790969516
    },
    {
      "error": null,
      "hostname": "rmdb9",
      "id": "rmdb9:37017",
      "port": 37017,
      "rsId": "tgtShard_1",
      "state": "FAILED",
      "stateUpdateTime": 1790969516
    },
    {
      "error": null,
      "hostname": "rmdb4",
      "id": "rmdb4:37017",
      "port": 37017,
      "rsId": "tgtShard_1",
      "state": "FAILED",
      "stateUpdateTime": 1790969516
    },
    {
      "error": null,
      "hostname": "rmdb2",
      "id": "rmdb2:37017",
      "port": 37017,
      "rsId": "tgtShard_1",
      "state": "FAILED",
      "stateUpdateTime": 1790969516
    },
    {
      "error": null,
      "hostname": "rmdb8",
      "id": "rmdb8:37017",
      "port": 37017,
      "rsId": "tgtShard_0",
      "state": "FAILED",
      "stateUpdateTime": 1790969516
    },
    {
      "error": null,
      "hostname": "rmdb13",
      "id": "rmdb13:37017",
      "port": 37017,
      "rsId": "tgtShard_0",
      "state": "FAILED",
      "stateUpdateTime": 1790969516
    },
    {
      "error": "<tgtCluster_tgtShard_0_42> [15:29:05.042] Plan execution failed on step MakeBackupDataAvailable as part of move RestoreRsMemberFromBackupPhase1 : <tgtCluster_tgtShard_0_42> [15:29:05.042] Failed to apply action. Result = <nil> : <tgtCluster_tgtShard_0_42> [15:29:05.042] Failed to download the snapshot : <tgtCluster_tgtShard_0_42> [15:29:05.042] Error while waiting for third party to copy backup to /fimongo1/data : <tgtCluster_tgtShard_0_42> [15:29:05.042] Observed error when trying to mark node as ready for copy files. : <tgtCluster_tgtShard_0_42> [15:29:05.042] Got return status 404 Not Found when trying to mark node ready for copy files.",
      "hostname": "rmdb1",
      "id": "rmdb1:37017",
      "port": 37017,
      "rsId": "tgtShard_0",
      "state": "FAILED",
      "stateUpdateTime": 1790969516
    },
    {
      "error": null,
      "hostname": "rmdb3",
      "id": "rmdb3:37017",
      "port": 37017,
      "rsId": "tgtShard_0",
      "state": "FAILED",
      "stateUpdateTime": 1790969516
    },
    {
      "error": null,
      "hostname": "rmdb11",
      "id": "rmdb11:37017",
      "port": 37017,
      "rsId": "tgtShard_0",
      "state": "FAILED",
      "stateUpdateTime": 1790969516
    },
    {
      "error": null,
      "hostname": "rmdb7",
      "id": "rmdb7:37017",
      "port": 37017,
      "rsId": "tgtconfigRS",
      "state": "FAILED",
      "stateUpdateTime": 1790969516
    },
    {
      "error": null,
      "hostname": "rmdb-config1",
      "id": "rmdb-config1:37017",
      "port": 37017,
      "rsId": "tgtconfigRS",
      "state": "FAILED",
      "stateUpdateTime": 1790969516
    },
    {
      "error": null,
      "hostname": "rmdb-config2",
      "id": "rmdb-config2:37017",
      "port": 37017,
      "rsId": "tgtconfigRS",
      "state": "FAILED",
      "stateUpdateTime": 1790969516
    }
  ],
  "state": "FAILED"
}
2026-10-02 14:34:05,249 [INFO] Restore state: FAILED
2026-10-02 14:34:15,250 [DEBUG] API GET http://129.40.36.100:8080/api/public/v1.0/backup/third_party/group/6a386221ee19a6537cc68a97/restore/6abf3847457a6b80701899fb
2026-10-02 14:34:15,410 [DEBUG] STATUS 200
2026-10-02 14:34:15,410 [DEBUG] {
  "clusterMapping": [
    {
      "rsId": "sgcShard_0",
      "targetRsId": "tgtShard_0"
    },
    {
      "rsId": "sgcShard_1",
      "targetRsId": "tgtShard_1"
    },
    {
      "rsId": "configRS",
      "targetRsId": "tgtconfigRS"
    }
  ],
  "nodes": [
    {
      "error": null,
      "hostname": "rmdb12",
      "id": "rmdb12:37017",
      "port": 37017,
      "rsId": "tgtShard_1",
      "state": "FAILED",
      "stateUpdateTime": 1790969516
    },
    {
      "error": null,
      "hostname": "rmdb14",
      "id": "rmdb14:37017",
      "port": 37017,
      "rsId": "tgtShard_1",
      "state": "FAILED",
      "stateUpdateTime": 1790969516
    },
    {
      "error": null,
      "hostname": "rmdb9",
      "id": "rmdb9:37017",
      "port": 37017,
      "rsId": "tgtShard_1",
      "state": "FAILED",
      "stateUpdateTime": 1790969516
    },
    {
      "error": null,
      "hostname": "rmdb4",
      "id": "rmdb4:37017",
      "port": 37017,
      "rsId": "tgtShard_1",
      "state": "FAILED",
      "stateUpdateTime": 1790969516
    },
    {
      "error": null,
      "hostname": "rmdb2",
      "id": "rmdb2:37017",
      "port": 37017,
      "rsId": "tgtShard_1",
      "state": "FAILED",
      "stateUpdateTime": 1790969516
    },
    {
      "error": null,
      "hostname": "rmdb8",
      "id": "rmdb8:37017",
      "port": 37017,
      "rsId": "tgtShard_0",
      "state": "FAILED",
      "stateUpdateTime": 1790969516
    },
    {
      "error": null,
      "hostname": "rmdb13",
      "id": "rmdb13:37017",
      "port": 37017,
      "rsId": "tgtShard_0",
      "state": "FAILED",
      "stateUpdateTime": 1790969516
    },
    {
      "error": "<tgtCluster_tgtShard_0_42> [15:29:05.042] Plan execution failed on step MakeBackupDataAvailable as part of move RestoreRsMemberFromBackupPhase1 : <tgtCluster_tgtShard_0_42> [15:29:05.042] Failed to apply action. Result = <nil> : <tgtCluster_tgtShard_0_42> [15:29:05.042] Failed to download the snapshot : <tgtCluster_tgtShard_0_42> [15:29:05.042] Error while waiting for third party to copy backup to /fimongo1/data : <tgtCluster_tgtShard_0_42> [15:29:05.042] Observed error when trying to mark node as ready for copy files. : <tgtCluster_tgtShard_0_42> [15:29:05.042] Got return status 404 Not Found when trying to mark node ready for copy files.",
      "hostname": "rmdb1",
      "id": "rmdb1:37017",
      "port": 37017,
      "rsId": "tgtShard_0",
      "state": "FAILED",
      "stateUpdateTime": 1790969516
    },
    {
      "error": null,
      "hostname": "rmdb3",
      "id": "rmdb3:37017",
      "port": 37017,
      "rsId": "tgtShard_0",
      "state": "FAILED",
      "stateUpdateTime": 1790969516
    },
    {
      "error": null,
      "hostname": "rmdb11",
      "id": "rmdb11:37017",
      "port": 37017,
      "rsId": "tgtShard_0",
      "state": "FAILED",
      "stateUpdateTime": 1790969516
    },
    {
      "error": null,
      "hostname": "rmdb7",
      "id": "rmdb7:37017",
      "port": 37017,
      "rsId": "tgtconfigRS",
      "state": "FAILED",
      "stateUpdateTime": 1790969516
    },
    {
      "error": null,
      "hostname": "rmdb-config1",
      "id": "rmdb-config1:37017",
      "port": 37017,
      "rsId": "tgtconfigRS",
      "state": "FAILED",
      "stateUpdateTime": 1790969516
    },
    {
      "error": null,
      "hostname": "rmdb-config2",
      "id": "rmdb-config2:37017",
      "port": 37017,
      "rsId": "tgtconfigRS",
      "state": "FAILED",
      "stateUpdateTime": 1790969516
    }
  ],
  "state": "FAILED"
}
2026-10-02 14:34:15,410 [INFO] Restore state: FAILED
2026-10-02 14:34:25,411 [DEBUG] API GET http://129.40.36.100:8080/api/public/v1.0/backup/third_party/group/6a386221ee19a6537cc68a97/restore/6abf3847457a6b80701899fb
2026-10-02 14:34:25,549 [DEBUG] STATUS 200
2026-10-02 14:34:25,549 [DEBUG] {
  "clusterMapping": [
    {
      "rsId": "sgcShard_0",
      "targetRsId": "tgtShard_0"
    },
    {
      "rsId": "sgcShard_1",
      "targetRsId": "tgtShard_1"
    },
    {
      "rsId": "configRS",
      "targetRsId": "tgtconfigRS"
    }
  ],
  "nodes": [
    {
      "error": null,
      "hostname": "rmdb12",
      "id": "rmdb12:37017",
      "port": 37017,
      "rsId": "tgtShard_1",
      "state": "FAILED",
      "stateUpdateTime": 1790969516
    },
    {
      "error": null,
      "hostname": "rmdb14",
      "id": "rmdb14:37017",
      "port": 37017,
      "rsId": "tgtShard_1",
      "state": "FAILED",
      "stateUpdateTime": 1790969516
    },
    {
      "error": null,
      "hostname": "rmdb9",
      "id": "rmdb9:37017",
      "port": 37017,
      "rsId": "tgtShard_1",
      "state": "FAILED",
      "stateUpdateTime": 1790969516
    },
    {
      "error": null,
      "hostname": "rmdb4",
      "id": "rmdb4:37017",
      "port": 37017,
      "rsId": "tgtShard_1",
      "state": "FAILED",
      "stateUpdateTime": 1790969516
    },
    {
      "error": null,
      "hostname": "rmdb2",
      "id": "rmdb2:37017",
      "port": 37017,
      "rsId": "tgtShard_1",
      "state": "FAILED",
      "stateUpdateTime": 1790969516
    },
    {
      "error": null,
      "hostname": "rmdb8",
      "id": "rmdb8:37017",
      "port": 37017,
      "rsId": "tgtShard_0",
      "state": "FAILED",
      "stateUpdateTime": 1790969516
    },
    {
      "error": null,
      "hostname": "rmdb13",
      "id": "rmdb13:37017",
      "port": 37017,
      "rsId": "tgtShard_0",
      "state": "FAILED",
      "stateUpdateTime": 1790969516
    },
    {
      "error": "<tgtCluster_tgtShard_0_42> [15:29:05.042] Plan execution failed on step MakeBackupDataAvailable as part of move RestoreRsMemberFromBackupPhase1 : <tgtCluster_tgtShard_0_42> [15:29:05.042] Failed to apply action. Result = <nil> : <tgtCluster_tgtShard_0_42> [15:29:05.042] Failed to download the snapshot : <tgtCluster_tgtShard_0_42> [15:29:05.042] Error while waiting for third party to copy backup to /fimongo1/data : <tgtCluster_tgtShard_0_42> [15:29:05.042] Observed error when trying to mark node as ready for copy files. : <tgtCluster_tgtShard_0_42> [15:29:05.042] Got return status 404 Not Found when trying to mark node ready for copy files.",
      "hostname": "rmdb1",
      "id": "rmdb1:37017",
      "port": 37017,
      "rsId": "tgtShard_0",
      "state": "FAILED",
      "stateUpdateTime": 1790969516
    },
    {
      "error": null,
      "hostname": "rmdb3",
      "id": "rmdb3:37017",
      "port": 37017,
      "rsId": "tgtShard_0",
      "state": "FAILED",
      "stateUpdateTime": 1790969516
    },
    {
      "error": null,
      "hostname": "rmdb11",
      "id": "rmdb11:37017",
      "port": 37017,
      "rsId": "tgtShard_0",
      "state": "FAILED",
      "stateUpdateTime": 1790969516
    },
    {
      "error": null,
      "hostname": "rmdb7",
      "id": "rmdb7:37017",
      "port": 37017,
      "rsId": "tgtconfigRS",
      "state": "FAILED",
      "stateUpdateTime": 1790969516
    },
    {
      "error": null,
      "hostname": "rmdb-config1",
      "id": "rmdb-config1:37017",
      "port": 37017,
      "rsId": "tgtconfigRS",
      "state": "FAILED",
      "stateUpdateTime": 1790969516
    },
    {
      "error": null,
      "hostname": "rmdb-config2",
      "id": "rmdb-config2:37017",
      "port": 37017,
      "rsId": "tgtconfigRS",
      "state": "FAILED",
      "stateUpdateTime": 1790969516
    }
  ],
  "state": "FAILED"
}
2026-10-02 14:34:25,549 [INFO] Restore state: FAILED
2026-10-02 14:34:35,550 [DEBUG] API GET http://129.40.36.100:8080/api/public/v1.0/backup/third_party/group/6a386221ee19a6537cc68a97/restore/6abf3847457a6b80701899fb
2026-10-02 14:34:35,746 [DEBUG] STATUS 200
2026-10-02 14:34:35,747 [DEBUG] {
  "clusterMapping": [
    {
      "rsId": "sgcShard_0",
      "targetRsId": "tgtShard_0"
    },
    {
      "rsId": "sgcShard_1",
      "targetRsId": "tgtShard_1"
    },
    {
      "rsId": "configRS",
      "targetRsId": "tgtconfigRS"
    }
  ],
  "nodes": [
    {
      "error": null,
      "hostname": "rmdb12",
      "id": "rmdb12:37017",
      "port": 37017,
      "rsId": "tgtShard_1",
      "state": "FAILED",
      "stateUpdateTime": 1790969516
    },
    {
      "error": null,
      "hostname": "rmdb14",
      "id": "rmdb14:37017",
      "port": 37017,
      "rsId": "tgtShard_1",
      "state": "FAILED",
      "stateUpdateTime": 1790969516
    },
    {
      "error": null,
      "hostname": "rmdb9",
      "id": "rmdb9:37017",
      "port": 37017,
      "rsId": "tgtShard_1",
      "state": "FAILED",
      "stateUpdateTime": 1790969516
    },
    {
      "error": null,
      "hostname": "rmdb4",
      "id": "rmdb4:37017",
      "port": 37017,
      "rsId": "tgtShard_1",
      "state": "FAILED",
      "stateUpdateTime": 1790969516
    },
    {
      "error": null,
      "hostname": "rmdb2",
      "id": "rmdb2:37017",
      "port": 37017,
      "rsId": "tgtShard_1",
      "state": "FAILED",
      "stateUpdateTime": 1790969516
    },
    {
      "error": null,
      "hostname": "rmdb8",
      "id": "rmdb8:37017",
      "port": 37017,
      "rsId": "tgtShard_0",
      "state": "FAILED",
      "stateUpdateTime": 1790969516
    },
    {
      "error": null,
      "hostname": "rmdb13",
      "id": "rmdb13:37017",
      "port": 37017,
      "rsId": "tgtShard_0",
      "state": "FAILED",
      "stateUpdateTime": 1790969516
    },
    {
      "error": "<tgtCluster_tgtShard_0_42> [15:29:05.042] Plan execution failed on step MakeBackupDataAvailable as part of move RestoreRsMemberFromBackupPhase1 : <tgtCluster_tgtShard_0_42> [15:29:05.042] Failed to apply action. Result = <nil> : <tgtCluster_tgtShard_0_42> [15:29:05.042] Failed to download the snapshot : <tgtCluster_tgtShard_0_42> [15:29:05.042] Error while waiting for third party to copy backup to /fimongo1/data : <tgtCluster_tgtShard_0_42> [15:29:05.042] Observed error when trying to mark node as ready for copy files. : <tgtCluster_tgtShard_0_42> [15:29:05.042] Got return status 404 Not Found when trying to mark node ready for copy files.",
      "hostname": "rmdb1",
      "id": "rmdb1:37017",
      "port": 37017,
      "rsId": "tgtShard_0",
      "state": "FAILED",
      "stateUpdateTime": 1790969516
    },
    {
      "error": null,
      "hostname": "rmdb3",
      "id": "rmdb3:37017",
      "port": 37017,
      "rsId": "tgtShard_0",
      "state": "FAILED",
      "stateUpdateTime": 1790969516
    },
    {
      "error": null,
      "hostname": "rmdb11",
      "id": "rmdb11:37017",
      "port": 37017,
      "rsId": "tgtShard_0",
      "state": "FAILED",
      "stateUpdateTime": 1790969516
    },
    {
      "error": null,
      "hostname": "rmdb7",
      "id": "rmdb7:37017",
      "port": 37017,
      "rsId": "tgtconfigRS",
      "state": "FAILED",
      "stateUpdateTime": 1790969516
    },
    {
      "error": null,
      "hostname": "rmdb-config1",
      "id": "rmdb-config1:37017",
      "port": 37017,
      "rsId": "tgtconfigRS",
      "state": "FAILED",
      "stateUpdateTime": 1790969516
    },
    {
      "error": null,
      "hostname": "rmdb-config2",
      "id": "rmdb-config2:37017",
      "port": 37017,
      "rsId": "tgtconfigRS",
      "state": "FAILED",
      "stateUpdateTime": 1790969516
    }
  ],
  "state": "FAILED"
}
2026-10-02 14:34:35,747 [INFO] Restore state: FAILED
2026-10-02 14:34:45,748 [DEBUG] API GET http://129.40.36.100:8080/api/public/v1.0/backup/third_party/group/6a386221ee19a6537cc68a97/restore/6abf3847457a6b80701899fb
2026-10-02 14:34:45,890 [DEBUG] STATUS 200
2026-10-02 14:34:45,890 [DEBUG] {
  "clusterMapping": [
    {
      "rsId": "sgcShard_0",
      "targetRsId": "tgtShard_0"
    },
    {
      "rsId": "sgcShard_1",
      "targetRsId": "tgtShard_1"
    },
    {
      "rsId": "configRS",
      "targetRsId": "tgtconfigRS"
    }
  ],
  "nodes": [
    {
      "error": null,
      "hostname": "rmdb12",
      "id": "rmdb12:37017",
      "port": 37017,
      "rsId": "tgtShard_1",
      "state": "FAILED",
      "stateUpdateTime": 1790969516
    },
    {
      "error": null,
      "hostname": "rmdb14",
      "id": "rmdb14:37017",
      "port": 37017,
      "rsId": "tgtShard_1",
      "state": "FAILED",
      "stateUpdateTime": 1790969516
    },
    {
      "error": null,
      "hostname": "rmdb9",
      "id": "rmdb9:37017",
      "port": 37017,
      "rsId": "tgtShard_1",
      "state": "FAILED",
      "stateUpdateTime": 1790969516
    },
    {
      "error": null,
      "hostname": "rmdb4",
      "id": "rmdb4:37017",
      "port": 37017,
      "rsId": "tgtShard_1",
      "state": "FAILED",
      "stateUpdateTime": 1790969516
    },
    {
      "error": null,
      "hostname": "rmdb2",
      "id": "rmdb2:37017",
      "port": 37017,
      "rsId": "tgtShard_1",
      "state": "FAILED",
      "stateUpdateTime": 1790969516
    },
    {
      "error": null,
      "hostname": "rmdb8",
      "id": "rmdb8:37017",
      "port": 37017,
      "rsId": "tgtShard_0",
      "state": "FAILED",
      "stateUpdateTime": 1790969516
    },
    {
      "error": null,
      "hostname": "rmdb13",
      "id": "rmdb13:37017",
      "port": 37017,
      "rsId": "tgtShard_0",
      "state": "FAILED",
      "stateUpdateTime": 1790969516
    },
    {
      "error": "<tgtCluster_tgtShard_0_42> [15:29:05.042] Plan execution failed on step MakeBackupDataAvailable as part of move RestoreRsMemberFromBackupPhase1 : <tgtCluster_tgtShard_0_42> [15:29:05.042] Failed to apply action. Result = <nil> : <tgtCluster_tgtShard_0_42> [15:29:05.042] Failed to download the snapshot : <tgtCluster_tgtShard_0_42> [15:29:05.042] Error while waiting for third party to copy backup to /fimongo1/data : <tgtCluster_tgtShard_0_42> [15:29:05.042] Observed error when trying to mark node as ready for copy files. : <tgtCluster_tgtShard_0_42> [15:29:05.042] Got return status 404 Not Found when trying to mark node ready for copy files.",
      "hostname": "rmdb1",
      "id": "rmdb1:37017",
      "port": 37017,
      "rsId": "tgtShard_0",
      "state": "FAILED",
      "stateUpdateTime": 1790969516
    },
    {
      "error": null,
      "hostname": "rmdb3",
      "id": "rmdb3:37017",
      "port": 37017,
      "rsId": "tgtShard_0",
      "state": "FAILED",
      "stateUpdateTime": 1790969516
    },
    {
      "error": null,
      "hostname": "rmdb11",
      "id": "rmdb11:37017",
      "port": 37017,
      "rsId": "tgtShard_0",
      "state": "FAILED",
      "stateUpdateTime": 1790969516
    },
    {
      "error": null,
      "hostname": "rmdb7",
      "id": "rmdb7:37017",
      "port": 37017,
      "rsId": "tgtconfigRS",
      "state": "FAILED",
      "stateUpdateTime": 1790969516
    },
    {
      "error": null,
      "hostname": "rmdb-config1",
      "id": "rmdb-config1:37017",
      "port": 37017,
      "rsId": "tgtconfigRS",
      "state": "FAILED",
      "stateUpdateTime": 1790969516
    },
    {
      "error": null,
      "hostname": "rmdb-config2",
      "id": "rmdb-config2:37017",
      "port": 37017,
      "rsId": "tgtconfigRS",
      "state": "FAILED",
      "stateUpdateTime": 1790969516
    }
  ],
  "state": "FAILED"
}
2026-10-02 14:34:45,890 [INFO] Restore state: FAILED
2026-10-02 14:34:55,891 [DEBUG] API GET http://129.40.36.100:8080/api/public/v1.0/backup/third_party/group/6a386221ee19a6537cc68a97/restore/6abf3847457a6b80701899fb
2026-10-02 14:34:56,056 [DEBUG] STATUS 200
2026-10-02 14:34:56,056 [DEBUG] {
  "clusterMapping": [
    {
      "rsId": "sgcShard_0",
      "targetRsId": "tgtShard_0"
    },
    {
      "rsId": "sgcShard_1",
      "targetRsId": "tgtShard_1"
    },
    {
      "rsId": "configRS",
      "targetRsId": "tgtconfigRS"
    }
  ],
  "nodes": [
    {
      "error": null,
      "hostname": "rmdb12",
      "id": "rmdb12:37017",
      "port": 37017,
      "rsId": "tgtShard_1",
      "state": "FAILED",
      "stateUpdateTime": 1790969516
    },
    {
      "error": null,
      "hostname": "rmdb14",
      "id": "rmdb14:37017",
      "port": 37017,
      "rsId": "tgtShard_1",
      "state": "FAILED",
      "stateUpdateTime": 1790969516
    },
    {
      "error": null,
      "hostname": "rmdb9",
      "id": "rmdb9:37017",
      "port": 37017,
      "rsId": "tgtShard_1",
      "state": "FAILED",
      "stateUpdateTime": 1790969516
    },
    {
      "error": null,
      "hostname": "rmdb4",
      "id": "rmdb4:37017",
      "port": 37017,
      "rsId": "tgtShard_1",
      "state": "FAILED",
      "stateUpdateTime": 1790969516
    },
    {
      "error": null,
      "hostname": "rmdb2",
      "id": "rmdb2:37017",
      "port": 37017,
      "rsId": "tgtShard_1",
      "state": "FAILED",
      "stateUpdateTime": 1790969516
    },
    {
      "error": null,
      "hostname": "rmdb8",
      "id": "rmdb8:37017",
      "port": 37017,
      "rsId": "tgtShard_0",
      "state": "FAILED",
      "stateUpdateTime": 1790969516
    },
    {
      "error": null,
      "hostname": "rmdb13",
      "id": "rmdb13:37017",
      "port": 37017,
      "rsId": "tgtShard_0",
      "state": "FAILED",
      "stateUpdateTime": 1790969516
    },
    {
      "error": "<tgtCluster_tgtShard_0_42> [15:29:05.042] Plan execution failed on step MakeBackupDataAvailable as part of move RestoreRsMemberFromBackupPhase1 : <tgtCluster_tgtShard_0_42> [15:29:05.042] Failed to apply action. Result = <nil> : <tgtCluster_tgtShard_0_42> [15:29:05.042] Failed to download the snapshot : <tgtCluster_tgtShard_0_42> [15:29:05.042] Error while waiting for third party to copy backup to /fimongo1/data : <tgtCluster_tgtShard_0_42> [15:29:05.042] Observed error when trying to mark node as ready for copy files. : <tgtCluster_tgtShard_0_42> [15:29:05.042] Got return status 404 Not Found when trying to mark node ready for copy files.",
      "hostname": "rmdb1",
      "id": "rmdb1:37017",
      "port": 37017,
      "rsId": "tgtShard_0",
      "state": "FAILED",
      "stateUpdateTime": 1790969516
    },
    {
      "error": null,
      "hostname": "rmdb3",
      "id": "rmdb3:37017",
      "port": 37017,
      "rsId": "tgtShard_0",
      "state": "FAILED",
      "stateUpdateTime": 1790969516
    },
    {
      "error": null,
      "hostname": "rmdb11",
      "id": "rmdb11:37017",
      "port": 37017,
      "rsId": "tgtShard_0",
      "state": "FAILED",
      "stateUpdateTime": 1790969516
    },
    {
      "error": null,
      "hostname": "rmdb7",
      "id": "rmdb7:37017",
      "port": 37017,
      "rsId": "tgtconfigRS",
      "state": "FAILED",
      "stateUpdateTime": 1790969516
    },
    {
      "error": null,
      "hostname": "rmdb-config1",
      "id": "rmdb-config1:37017",
      "port": 37017,
      "rsId": "tgtconfigRS",
      "state": "FAILED",
      "stateUpdateTime": 1790969516
    },
    {
      "error": null,
      "hostname": "rmdb-config2",
      "id": "rmdb-config2:37017",
      "port": 37017,
      "rsId": "tgtconfigRS",
      "state": "FAILED",
      "stateUpdateTime": 1790969516
    }
  ],
  "state": "FAILED"
}
2026-10-02 14:34:56,057 [INFO] Restore state: FAILED
2026-10-02 14:35:06,057 [DEBUG] API GET http://129.40.36.100:8080/api/public/v1.0/backup/third_party/group/6a386221ee19a6537cc68a97/restore/6abf3847457a6b80701899fb
2026-10-02 14:35:06,202 [DEBUG] STATUS 200
2026-10-02 14:35:06,203 [DEBUG] {
  "clusterMapping": [
    {
      "rsId": "sgcShard_0",
      "targetRsId": "tgtShard_0"
    },
    {
      "rsId": "sgcShard_1",
      "targetRsId": "tgtShard_1"
    },
    {
      "rsId": "configRS",
      "targetRsId": "tgtconfigRS"
    }
  ],
  "nodes": [
    {
      "error": null,
      "hostname": "rmdb12",
      "id": "rmdb12:37017",
      "port": 37017,
      "rsId": "tgtShard_1",
      "state": "FAILED",
      "stateUpdateTime": 1790969516
    },
    {
      "error": null,
      "hostname": "rmdb14",
      "id": "rmdb14:37017",
      "port": 37017,
      "rsId": "tgtShard_1",
      "state": "FAILED",
      "stateUpdateTime": 1790969516
    },
    {
      "error": null,
      "hostname": "rmdb9",
      "id": "rmdb9:37017",
      "port": 37017,
      "rsId": "tgtShard_1",
      "state": "FAILED",
      "stateUpdateTime": 1790969516
    },
    {
      "error": null,
      "hostname": "rmdb4",
      "id": "rmdb4:37017",
      "port": 37017,
      "rsId": "tgtShard_1",
      "state": "FAILED",
      "stateUpdateTime": 1790969516
    },
    {
      "error": null,
      "hostname": "rmdb2",
      "id": "rmdb2:37017",
      "port": 37017,
      "rsId": "tgtShard_1",
      "state": "FAILED",
      "stateUpdateTime": 1790969516
    },
    {
      "error": null,
      "hostname": "rmdb8",
      "id": "rmdb8:37017",
      "port": 37017,
      "rsId": "tgtShard_0",
      "state": "FAILED",
      "stateUpdateTime": 1790969516
    },
    {
      "error": null,
      "hostname": "rmdb13",
      "id": "rmdb13:37017",
      "port": 37017,
      "rsId": "tgtShard_0",
      "state": "FAILED",
      "stateUpdateTime": 1790969516
    },
    {
      "error": "<tgtCluster_tgtShard_0_42> [15:29:05.042] Plan execution failed on step MakeBackupDataAvailable as part of move RestoreRsMemberFromBackupPhase1 : <tgtCluster_tgtShard_0_42> [15:29:05.042] Failed to apply action. Result = <nil> : <tgtCluster_tgtShard_0_42> [15:29:05.042] Failed to download the snapshot : <tgtCluster_tgtShard_0_42> [15:29:05.042] Error while waiting for third party to copy backup to /fimongo1/data : <tgtCluster_tgtShard_0_42> [15:29:05.042] Observed error when trying to mark node as ready for copy files. : <tgtCluster_tgtShard_0_42> [15:29:05.042] Got return status 404 Not Found when trying to mark node ready for copy files.",
      "hostname": "rmdb1",
      "id": "rmdb1:37017",
      "port": 37017,
      "rsId": "tgtShard_0",
      "state": "FAILED",
      "stateUpdateTime": 1790969516
    },
    {
      "error": null,
      "hostname": "rmdb3",
      "id": "rmdb3:37017",
      "port": 37017,
      "rsId": "tgtShard_0",
      "state": "FAILED",
      "stateUpdateTime": 1790969516
    },
    {
      "error": null,
      "hostname": "rmdb11",
      "id": "rmdb11:37017",
      "port": 37017,
      "rsId": "tgtShard_0",
      "state": "FAILED",
      "stateUpdateTime": 1790969516
    },
    {
      "error": null,
      "hostname": "rmdb7",
      "id": "rmdb7:37017",
      "port": 37017,
      "rsId": "tgtconfigRS",
      "state": "FAILED",
      "stateUpdateTime": 1790969516
    },
    {
      "error": null,
      "hostname": "rmdb-config1",
      "id": "rmdb-config1:37017",
      "port": 37017,
      "rsId": "tgtconfigRS",
      "state": "FAILED",
      "stateUpdateTime": 1790969516
    },
    {
      "error": null,
      "hostname": "rmdb-config2",
      "id": "rmdb-config2:37017",
      "port": 37017,
      "rsId": "tgtconfigRS",
      "state": "FAILED",
      "stateUpdateTime": 1790969516
    }
  ],
  "state": "FAILED"
}
2026-10-02 14:35:06,203 [INFO] Restore state: FAILED
2026-10-02 14:35:16,203 [DEBUG] API GET http://129.40.36.100:8080/api/public/v1.0/backup/third_party/group/6a386221ee19a6537cc68a97/restore/6abf3847457a6b80701899fb
2026-10-02 14:35:16,369 [DEBUG] STATUS 200
2026-10-02 14:35:16,370 [DEBUG] {
  "clusterMapping": [
    {
      "rsId": "sgcShard_0",
      "targetRsId": "tgtShard_0"
    },
    {
      "rsId": "sgcShard_1",
      "targetRsId": "tgtShard_1"
    },
    {
      "rsId": "configRS",
      "targetRsId": "tgtconfigRS"
    }
  ],
  "nodes": [
    {
      "error": null,
      "hostname": "rmdb12",
      "id": "rmdb12:37017",
      "port": 37017,
      "rsId": "tgtShard_1",
      "state": "FAILED",
      "stateUpdateTime": 1790969516
    },
    {
      "error": null,
      "hostname": "rmdb14",
      "id": "rmdb14:37017",
      "port": 37017,
      "rsId": "tgtShard_1",
      "state": "FAILED",
      "stateUpdateTime": 1790969516
    },
    {
      "error": null,
      "hostname": "rmdb9",
      "id": "rmdb9:37017",
      "port": 37017,
      "rsId": "tgtShard_1",
      "state": "FAILED",
      "stateUpdateTime": 1790969516
    },
    {
      "error": null,
      "hostname": "rmdb4",
      "id": "rmdb4:37017",
      "port": 37017,
      "rsId": "tgtShard_1",
      "state": "FAILED",
      "stateUpdateTime": 1790969516
    },
    {
      "error": null,
      "hostname": "rmdb2",
      "id": "rmdb2:37017",
      "port": 37017,
      "rsId": "tgtShard_1",
      "state": "FAILED",
      "stateUpdateTime": 1790969516
    },
    {
      "error": null,
      "hostname": "rmdb8",
      "id": "rmdb8:37017",
      "port": 37017,
      "rsId": "tgtShard_0",
      "state": "FAILED",
      "stateUpdateTime": 1790969516
    },
    {
      "error": null,
      "hostname": "rmdb13",
      "id": "rmdb13:37017",
      "port": 37017,
      "rsId": "tgtShard_0",
      "state": "FAILED",
      "stateUpdateTime": 1790969516
    },
    {
      "error": "<tgtCluster_tgtShard_0_42> [15:29:05.042] Plan execution failed on step MakeBackupDataAvailable as part of move RestoreRsMemberFromBackupPhase1 : <tgtCluster_tgtShard_0_42> [15:29:05.042] Failed to apply action. Result = <nil> : <tgtCluster_tgtShard_0_42> [15:29:05.042] Failed to download the snapshot : <tgtCluster_tgtShard_0_42> [15:29:05.042] Error while waiting for third party to copy backup to /fimongo1/data : <tgtCluster_tgtShard_0_42> [15:29:05.042] Observed error when trying to mark node as ready for copy files. : <tgtCluster_tgtShard_0_42> [15:29:05.042] Got return status 404 Not Found when trying to mark node ready for copy files.",
      "hostname": "rmdb1",
      "id": "rmdb1:37017",
      "port": 37017,
      "rsId": "tgtShard_0",
      "state": "FAILED",
      "stateUpdateTime": 1790969516
    },
    {
      "error": null,
      "hostname": "rmdb3",
      "id": "rmdb3:37017",
      "port": 37017,
      "rsId": "tgtShard_0",
      "state": "FAILED",
      "stateUpdateTime": 1790969516
    },
    {
      "error": null,
      "hostname": "rmdb11",
      "id": "rmdb11:37017",
      "port": 37017,
      "rsId": "tgtShard_0",
      "state": "FAILED",
      "stateUpdateTime": 1790969516
    },
    {
      "error": null,
      "hostname": "rmdb7",
      "id": "rmdb7:37017",
      "port": 37017,
      "rsId": "tgtconfigRS",
      "state": "FAILED",
      "stateUpdateTime": 1790969516
    },
    {
      "error": null,
      "hostname": "rmdb-config1",
      "id": "rmdb-config1:37017",
      "port": 37017,
      "rsId": "tgtconfigRS",
      "state": "FAILED",
      "stateUpdateTime": 1790969516
    },
    {
      "error": null,
      "hostname": "rmdb-config2",
      "id": "rmdb-config2:37017",
      "port": 37017,
      "rsId": "tgtconfigRS",
      "state": "FAILED",
      "stateUpdateTime": 1790969516
    }
  ],
  "state": "FAILED"
}
2026-10-02 14:35:16,370 [INFO] Restore state: FAILED
2026-10-02 14:35:26,370 [DEBUG] API GET http://129.40.36.100:8080/api/public/v1.0/backup/third_party/group/6a386221ee19a6537cc68a97/restore/6abf3847457a6b80701899fb
2026-10-02 14:35:26,522 [DEBUG] STATUS 200
2026-10-02 14:35:26,522 [DEBUG] {
  "clusterMapping": [
    {
      "rsId": "sgcShard_0",
      "targetRsId": "tgtShard_0"
    },
    {
      "rsId": "sgcShard_1",
      "targetRsId": "tgtShard_1"
    },
    {
      "rsId": "configRS",
      "targetRsId": "tgtconfigRS"
    }
  ],
  "nodes": [
    {
      "error": null,
      "hostname": "rmdb12",
      "id": "rmdb12:37017",
      "port": 37017,
      "rsId": "tgtShard_1",
      "state": "FAILED",
      "stateUpdateTime": 1790969516
    },
    {
      "error": null,
      "hostname": "rmdb14",
      "id": "rmdb14:37017",
      "port": 37017,
      "rsId": "tgtShard_1",
      "state": "FAILED",
      "stateUpdateTime": 1790969516
    },
    {
      "error": null,
      "hostname": "rmdb9",
      "id": "rmdb9:37017",
      "port": 37017,
      "rsId": "tgtShard_1",
      "state": "FAILED",
      "stateUpdateTime": 1790969516
    },
    {
      "error": null,
      "hostname": "rmdb4",
      "id": "rmdb4:37017",
      "port": 37017,
      "rsId": "tgtShard_1",
      "state": "FAILED",
      "stateUpdateTime": 1790969516
    },
    {
      "error": null,
      "hostname": "rmdb2",
      "id": "rmdb2:37017",
      "port": 37017,
      "rsId": "tgtShard_1",
      "state": "FAILED",
      "stateUpdateTime": 1790969516
    },
    {
      "error": null,
      "hostname": "rmdb8",
      "id": "rmdb8:37017",
      "port": 37017,
      "rsId": "tgtShard_0",
      "state": "FAILED",
      "stateUpdateTime": 1790969516
    },
    {
      "error": null,
      "hostname": "rmdb13",
      "id": "rmdb13:37017",
      "port": 37017,
      "rsId": "tgtShard_0",
      "state": "FAILED",
      "stateUpdateTime": 1790969516
    },
    {
      "error": "<tgtCluster_tgtShard_0_42> [15:29:05.042] Plan execution failed on step MakeBackupDataAvailable as part of move RestoreRsMemberFromBackupPhase1 : <tgtCluster_tgtShard_0_42> [15:29:05.042] Failed to apply action. Result = <nil> : <tgtCluster_tgtShard_0_42> [15:29:05.042] Failed to download the snapshot : <tgtCluster_tgtShard_0_42> [15:29:05.042] Error while waiting for third party to copy backup to /fimongo1/data : <tgtCluster_tgtShard_0_42> [15:29:05.042] Observed error when trying to mark node as ready for copy files. : <tgtCluster_tgtShard_0_42> [15:29:05.042] Got return status 404 Not Found when trying to mark node ready for copy files.",
      "hostname": "rmdb1",
      "id": "rmdb1:37017",
      "port": 37017,
      "rsId": "tgtShard_0",
      "state": "FAILED",
      "stateUpdateTime": 1790969516
    },
    {
      "error": null,
      "hostname": "rmdb3",
      "id": "rmdb3:37017",
      "port": 37017,
      "rsId": "tgtShard_0",
      "state": "FAILED",
      "stateUpdateTime": 1790969516
    },
    {
      "error": null,
      "hostname": "rmdb11",
      "id": "rmdb11:37017",
      "port": 37017,
      "rsId": "tgtShard_0",
      "state": "FAILED",
      "stateUpdateTime": 1790969516
    },
    {
      "error": null,
      "hostname": "rmdb7",
      "id": "rmdb7:37017",
      "port": 37017,
      "rsId": "tgtconfigRS",
      "state": "FAILED",
      "stateUpdateTime": 1790969516
    },
    {
      "error": null,
      "hostname": "rmdb-config1",
      "id": "rmdb-config1:37017",
      "port": 37017,
      "rsId": "tgtconfigRS",
      "state": "FAILED",
      "stateUpdateTime": 1790969516
    },
    {
      "error": null,
      "hostname": "rmdb-config2",
      "id": "rmdb-config2:37017",
      "port": 37017,
      "rsId": "tgtconfigRS",
      "state": "FAILED",
      "stateUpdateTime": 1790969516
    }
  ],
  "state": "FAILED"
}
2026-10-02 14:35:26,522 [INFO] Restore state: FAILED
2026-10-02 14:35:36,522 [DEBUG] API GET http://129.40.36.100:8080/api/public/v1.0/backup/third_party/group/6a386221ee19a6537cc68a97/restore/6abf3847457a6b80701899fb
2026-10-02 14:35:36,740 [DEBUG] STATUS 200
2026-10-02 14:35:36,740 [DEBUG] {
  "clusterMapping": [
    {
      "rsId": "sgcShard_0",
      "targetRsId": "tgtShard_0"
    },
    {
      "rsId": "sgcShard_1",
      "targetRsId": "tgtShard_1"
    },
    {
      "rsId": "configRS",
      "targetRsId": "tgtconfigRS"
    }
  ],
  "nodes": [
    {
      "error": null,
      "hostname": "rmdb12",
      "id": "rmdb12:37017",
      "port": 37017,
      "rsId": "tgtShard_1",
      "state": "FAILED",
      "stateUpdateTime": 1790969516
    },
    {
      "error": null,
      "hostname": "rmdb14",
      "id": "rmdb14:37017",
      "port": 37017,
      "rsId": "tgtShard_1",
      "state": "FAILED",
      "stateUpdateTime": 1790969516
    },
    {
      "error": null,
      "hostname": "rmdb9",
      "id": "rmdb9:37017",
      "port": 37017,
      "rsId": "tgtShard_1",
      "state": "FAILED",
      "stateUpdateTime": 1790969516
    },
    {
      "error": null,
      "hostname": "rmdb4",
      "id": "rmdb4:37017",
      "port": 37017,
      "rsId": "tgtShard_1",
      "state": "FAILED",
      "stateUpdateTime": 1790969516
    },
    {
      "error": null,
      "hostname": "rmdb2",
      "id": "rmdb2:37017",
      "port": 37017,
      "rsId": "tgtShard_1",
      "state": "FAILED",
      "stateUpdateTime": 1790969516
    },
    {
      "error": null,
      "hostname": "rmdb8",
      "id": "rmdb8:37017",
      "port": 37017,
      "rsId": "tgtShard_0",
      "state": "FAILED",
      "stateUpdateTime": 1790969516
    },
    {
      "error": null,
      "hostname": "rmdb13",
      "id": "rmdb13:37017",
      "port": 37017,
      "rsId": "tgtShard_0",
      "state": "FAILED",
      "stateUpdateTime": 1790969516
    },
    {
      "error": "<tgtCluster_tgtShard_0_42> [15:29:05.042] Plan execution failed on step MakeBackupDataAvailable as part of move RestoreRsMemberFromBackupPhase1 : <tgtCluster_tgtShard_0_42> [15:29:05.042] Failed to apply action. Result = <nil> : <tgtCluster_tgtShard_0_42> [15:29:05.042] Failed to download the snapshot : <tgtCluster_tgtShard_0_42> [15:29:05.042] Error while waiting for third party to copy backup to /fimongo1/data : <tgtCluster_tgtShard_0_42> [15:29:05.042] Observed error when trying to mark node as ready for copy files. : <tgtCluster_tgtShard_0_42> [15:29:05.042] Got return status 404 Not Found when trying to mark node ready for copy files.",
      "hostname": "rmdb1",
      "id": "rmdb1:37017",
      "port": 37017,
      "rsId": "tgtShard_0",
      "state": "FAILED",
      "stateUpdateTime": 1790969516
    },
    {
      "error": null,
      "hostname": "rmdb3",
      "id": "rmdb3:37017",
      "port": 37017,
      "rsId": "tgtShard_0",
      "state": "FAILED",
      "stateUpdateTime": 1790969516
    },
    {
      "error": null,
      "hostname": "rmdb11",
      "id": "rmdb11:37017",
      "port": 37017,
      "rsId": "tgtShard_0",
      "state": "FAILED",
      "stateUpdateTime": 1790969516
    },
    {
      "error": null,
      "hostname": "rmdb7",
      "id": "rmdb7:37017",
      "port": 37017,
      "rsId": "tgtconfigRS",
      "state": "FAILED",
      "stateUpdateTime": 1790969516
    },
    {
      "error": null,
      "hostname": "rmdb-config1",
      "id": "rmdb-config1:37017",
      "port": 37017,
      "rsId": "tgtconfigRS",
      "state": "FAILED",
      "stateUpdateTime": 1790969516
    },
    {
      "error": null,
      "hostname": "rmdb-config2",
      "id": "rmdb-config2:37017",
      "port": 37017,
      "rsId": "tgtconfigRS",
      "state": "FAILED",
      "stateUpdateTime": 1790969516
    }
  ],
  "state": "FAILED"
}
2026-10-02 14:35:36,740 [INFO] Restore state: FAILED
2026-10-02 14:35:46,741 [DEBUG] API GET http://129.40.36.100:8080/api/public/v1.0/backup/third_party/group/6a386221ee19a6537cc68a97/restore/6abf3847457a6b80701899fb
2026-10-02 14:35:46,882 [DEBUG] STATUS 200
2026-10-02 14:35:46,882 [DEBUG] {
  "clusterMapping": [
    {
      "rsId": "sgcShard_0",
      "targetRsId": "tgtShard_0"
    },
    {
      "rsId": "sgcShard_1",
      "targetRsId": "tgtShard_1"
    },
    {
      "rsId": "configRS",
      "targetRsId": "tgtconfigRS"
    }
  ],
  "nodes": [
    {
      "error": null,
      "hostname": "rmdb12",
      "id": "rmdb12:37017",
      "port": 37017,
      "rsId": "tgtShard_1",
      "state": "FAILED",
      "stateUpdateTime": 1790969516
    },
    {
      "error": null,
      "hostname": "rmdb14",
      "id": "rmdb14:37017",
      "port": 37017,
      "rsId": "tgtShard_1",
      "state": "FAILED",
      "stateUpdateTime": 1790969516
    },
    {
      "error": null,
      "hostname": "rmdb9",
      "id": "rmdb9:37017",
      "port": 37017,
      "rsId": "tgtShard_1",
      "state": "FAILED",
      "stateUpdateTime": 1790969516
    },
    {
      "error": null,
      "hostname": "rmdb4",
      "id": "rmdb4:37017",
      "port": 37017,
      "rsId": "tgtShard_1",
      "state": "FAILED",
      "stateUpdateTime": 1790969516
    },
    {
      "error": null,
      "hostname": "rmdb2",
      "id": "rmdb2:37017",
      "port": 37017,
      "rsId": "tgtShard_1",
      "state": "FAILED",
      "stateUpdateTime": 1790969516
    },
    {
      "error": null,
      "hostname": "rmdb8",
      "id": "rmdb8:37017",
      "port": 37017,
      "rsId": "tgtShard_0",
      "state": "FAILED",
      "stateUpdateTime": 1790969516
    },
    {
      "error": null,
      "hostname": "rmdb13",
      "id": "rmdb13:37017",
      "port": 37017,
      "rsId": "tgtShard_0",
      "state": "FAILED",
      "stateUpdateTime": 1790969516
    },
    {
      "error": "<tgtCluster_tgtShard_0_42> [15:29:05.042] Plan execution failed on step MakeBackupDataAvailable as part of move RestoreRsMemberFromBackupPhase1 : <tgtCluster_tgtShard_0_42> [15:29:05.042] Failed to apply action. Result = <nil> : <tgtCluster_tgtShard_0_42> [15:29:05.042] Failed to download the snapshot : <tgtCluster_tgtShard_0_42> [15:29:05.042] Error while waiting for third party to copy backup to /fimongo1/data : <tgtCluster_tgtShard_0_42> [15:29:05.042] Observed error when trying to mark node as ready for copy files. : <tgtCluster_tgtShard_0_42> [15:29:05.042] Got return status 404 Not Found when trying to mark node ready for copy files.",
      "hostname": "rmdb1",
      "id": "rmdb1:37017",
      "port": 37017,
      "rsId": "tgtShard_0",
      "state": "FAILED",
      "stateUpdateTime": 1790969516
    },
    {
      "error": null,
      "hostname": "rmdb3",
      "id": "rmdb3:37017",
      "port": 37017,
      "rsId": "tgtShard_0",
      "state": "FAILED",
      "stateUpdateTime": 1790969516
    },
    {
      "error": null,
      "hostname": "rmdb11",
      "id": "rmdb11:37017",
      "port": 37017,
      "rsId": "tgtShard_0",
      "state": "FAILED",
      "stateUpdateTime": 1790969516
    },
    {
      "error": null,
      "hostname": "rmdb7",
      "id": "rmdb7:37017",
      "port": 37017,
      "rsId": "tgtconfigRS",
      "state": "FAILED",
      "stateUpdateTime": 1790969516
    },
    {
      "error": null,
      "hostname": "rmdb-config1",
      "id": "rmdb-config1:37017",
      "port": 37017,
      "rsId": "tgtconfigRS",
      "state": "FAILED",
      "stateUpdateTime": 1790969516
    },
    {
      "error": null,
      "hostname": "rmdb-config2",
      "id": "rmdb-config2:37017",
      "port": 37017,
      "rsId": "tgtconfigRS",
      "state": "FAILED",
      "stateUpdateTime": 1790969516
    }
  ],
  "state": "FAILED"
}
2026-10-02 14:35:46,882 [INFO] Restore state: FAILED
2026-10-02 14:35:56,883 [DEBUG] API GET http://129.40.36.100:8080/api/public/v1.0/backup/third_party/group/6a386221ee19a6537cc68a97/restore/6abf3847457a6b80701899fb
2026-10-02 14:35:57,025 [DEBUG] STATUS 200
2026-10-02 14:35:57,026 [DEBUG] {
  "clusterMapping": [
    {
      "rsId": "sgcShard_0",
      "targetRsId": "tgtShard_0"
    },
    {
      "rsId": "sgcShard_1",
      "targetRsId": "tgtShard_1"
    },
    {
      "rsId": "configRS",
      "targetRsId": "tgtconfigRS"
    }
  ],
  "nodes": [
    {
      "error": null,
      "hostname": "rmdb12",
      "id": "rmdb12:37017",
      "port": 37017,
      "rsId": "tgtShard_1",
      "state": "FAILED",
      "stateUpdateTime": 1790969516
    },
    {
      "error": null,
      "hostname": "rmdb14",
      "id": "rmdb14:37017",
      "port": 37017,
      "rsId": "tgtShard_1",
      "state": "FAILED",
      "stateUpdateTime": 1790969516
    },
    {
      "error": null,
      "hostname": "rmdb9",
      "id": "rmdb9:37017",
      "port": 37017,
      "rsId": "tgtShard_1",
      "state": "FAILED",
      "stateUpdateTime": 1790969516
    },
    {
      "error": null,
      "hostname": "rmdb4",
      "id": "rmdb4:37017",
      "port": 37017,
      "rsId": "tgtShard_1",
      "state": "FAILED",
      "stateUpdateTime": 1790969516
    },
    {
      "error": null,
      "hostname": "rmdb2",
      "id": "rmdb2:37017",
      "port": 37017,
      "rsId": "tgtShard_1",
      "state": "FAILED",
      "stateUpdateTime": 1790969516
    },
    {
      "error": null,
      "hostname": "rmdb8",
      "id": "rmdb8:37017",
      "port": 37017,
      "rsId": "tgtShard_0",
      "state": "FAILED",
      "stateUpdateTime": 1790969516
    },
    {
      "error": null,
      "hostname": "rmdb13",
      "id": "rmdb13:37017",
      "port": 37017,
      "rsId": "tgtShard_0",
      "state": "FAILED",
      "stateUpdateTime": 1790969516
    },
    {
      "error": "<tgtCluster_tgtShard_0_42> [15:29:05.042] Plan execution failed on step MakeBackupDataAvailable as part of move RestoreRsMemberFromBackupPhase1 : <tgtCluster_tgtShard_0_42> [15:29:05.042] Failed to apply action. Result = <nil> : <tgtCluster_tgtShard_0_42> [15:29:05.042] Failed to download the snapshot : <tgtCluster_tgtShard_0_42> [15:29:05.042] Error while waiting for third party to copy backup to /fimongo1/data : <tgtCluster_tgtShard_0_42> [15:29:05.042] Observed error when trying to mark node as ready for copy files. : <tgtCluster_tgtShard_0_42> [15:29:05.042] Got return status 404 Not Found when trying to mark node ready for copy files.",
      "hostname": "rmdb1",
      "id": "rmdb1:37017",
      "port": 37017,
      "rsId": "tgtShard_0",
      "state": "FAILED",
      "stateUpdateTime": 1790969516
    },
    {
      "error": null,
      "hostname": "rmdb3",
      "id": "rmdb3:37017",
      "port": 37017,
      "rsId": "tgtShard_0",
      "state": "FAILED",
      "stateUpdateTime": 1790969516
    },
    {
      "error": null,
      "hostname": "rmdb11",
      "id": "rmdb11:37017",
      "port": 37017,
      "rsId": "tgtShard_0",
      "state": "FAILED",
      "stateUpdateTime": 1790969516
    },
    {
      "error": null,
      "hostname": "rmdb7",
      "id": "rmdb7:37017",
      "port": 37017,
      "rsId": "tgtconfigRS",
      "state": "FAILED",
      "stateUpdateTime": 1790969516
    },
    {
      "error": null,
      "hostname": "rmdb-config1",
      "id": "rmdb-config1:37017",
      "port": 37017,
      "rsId": "tgtconfigRS",
      "state": "FAILED",
      "stateUpdateTime": 1790969516
    },
    {
      "error": null,
      "hostname": "rmdb-config2",
      "id": "rmdb-config2:37017",
      "port": 37017,
      "rsId": "tgtconfigRS",
      "state": "FAILED",
      "stateUpdateTime": 1790969516
    }
  ],
  "state": "FAILED"
}
2026-10-02 14:35:57,027 [INFO] Restore state: FAILED
2026-10-02 14:36:07,027 [DEBUG] API GET http://129.40.36.100:8080/api/public/v1.0/backup/third_party/group/6a386221ee19a6537cc68a97/restore/6abf3847457a6b80701899fb
2026-10-02 14:36:07,170 [DEBUG] STATUS 200
2026-10-02 14:36:07,170 [DEBUG] {
  "clusterMapping": [
    {
      "rsId": "sgcShard_0",
      "targetRsId": "tgtShard_0"
    },
    {
      "rsId": "sgcShard_1",
      "targetRsId": "tgtShard_1"
    },
    {
      "rsId": "configRS",
      "targetRsId": "tgtconfigRS"
    }
  ],
  "nodes": [
    {
      "error": null,
      "hostname": "rmdb12",
      "id": "rmdb12:37017",
      "port": 37017,
      "rsId": "tgtShard_1",
      "state": "FAILED",
      "stateUpdateTime": 1790969516
    },
    {
      "error": null,
      "hostname": "rmdb14",
      "id": "rmdb14:37017",
      "port": 37017,
      "rsId": "tgtShard_1",
      "state": "FAILED",
      "stateUpdateTime": 1790969516
    },
    {
      "error": null,
      "hostname": "rmdb9",
      "id": "rmdb9:37017",
      "port": 37017,
      "rsId": "tgtShard_1",
      "state": "FAILED",
      "stateUpdateTime": 1790969516
    },
    {
      "error": null,
      "hostname": "rmdb4",
      "id": "rmdb4:37017",
      "port": 37017,
      "rsId": "tgtShard_1",
      "state": "FAILED",
      "stateUpdateTime": 1790969516
    },
    {
      "error": null,
      "hostname": "rmdb2",
      "id": "rmdb2:37017",
      "port": 37017,
      "rsId": "tgtShard_1",
      "state": "FAILED",
      "stateUpdateTime": 1790969516
    },
    {
      "error": null,
      "hostname": "rmdb8",
      "id": "rmdb8:37017",
      "port": 37017,
      "rsId": "tgtShard_0",
      "state": "FAILED",
      "stateUpdateTime": 1790969516
    },
    {
      "error": null,
      "hostname": "rmdb13",
      "id": "rmdb13:37017",
      "port": 37017,
      "rsId": "tgtShard_0",
      "state": "FAILED",
      "stateUpdateTime": 1790969516
    },
    {
      "error": "<tgtCluster_tgtShard_0_42> [15:29:05.042] Plan execution failed on step MakeBackupDataAvailable as part of move RestoreRsMemberFromBackupPhase1 : <tgtCluster_tgtShard_0_42> [15:29:05.042] Failed to apply action. Result = <nil> : <tgtCluster_tgtShard_0_42> [15:29:05.042] Failed to download the snapshot : <tgtCluster_tgtShard_0_42> [15:29:05.042] Error while waiting for third party to copy backup to /fimongo1/data : <tgtCluster_tgtShard_0_42> [15:29:05.042] Observed error when trying to mark node as ready for copy files. : <tgtCluster_tgtShard_0_42> [15:29:05.042] Got return status 404 Not Found when trying to mark node ready for copy files.",
      "hostname": "rmdb1",
      "id": "rmdb1:37017",
      "port": 37017,
      "rsId": "tgtShard_0",
      "state": "FAILED",
      "stateUpdateTime": 1790969516
    },
    {
      "error": null,
      "hostname": "rmdb3",
      "id": "rmdb3:37017",
      "port": 37017,
      "rsId": "tgtShard_0",
      "state": "FAILED",
      "stateUpdateTime": 1790969516
    },
    {
      "error": null,
      "hostname": "rmdb11",
      "id": "rmdb11:37017",
      "port": 37017,
      "rsId": "tgtShard_0",
      "state": "FAILED",
      "stateUpdateTime": 1790969516
    },
    {
      "error": null,
      "hostname": "rmdb7",
      "id": "rmdb7:37017",
      "port": 37017,
      "rsId": "tgtconfigRS",
      "state": "FAILED",
      "stateUpdateTime": 1790969516
    },
    {
      "error": null,
      "hostname": "rmdb-config1",
      "id": "rmdb-config1:37017",
      "port": 37017,
      "rsId": "tgtconfigRS",
      "state": "FAILED",
      "stateUpdateTime": 1790969516
    },
    {
      "error": null,
      "hostname": "rmdb-config2",
      "id": "rmdb-config2:37017",
      "port": 37017,
      "rsId": "tgtconfigRS",
      "state": "FAILED",
      "stateUpdateTime": 1790969516
    }
  ],
  "state": "FAILED"
}
2026-10-02 14:36:07,171 [INFO] Restore state: FAILED
2026-10-02 14:36:17,172 [DEBUG] API GET http://129.40.36.100:8080/api/public/v1.0/backup/third_party/group/6a386221ee19a6537cc68a97/restore/6abf3847457a6b80701899fb
2026-10-02 14:36:17,316 [DEBUG] STATUS 200
2026-10-02 14:36:17,316 [DEBUG] {
  "clusterMapping": [
    {
      "rsId": "sgcShard_0",
      "targetRsId": "tgtShard_0"
    },
    {
      "rsId": "sgcShard_1",
      "targetRsId": "tgtShard_1"
    },
    {
      "rsId": "configRS",
      "targetRsId": "tgtconfigRS"
    }
  ],
  "nodes": [
    {
      "error": null,
      "hostname": "rmdb12",
      "id": "rmdb12:37017",
      "port": 37017,
      "rsId": "tgtShard_1",
      "state": "FAILED",
      "stateUpdateTime": 1790969516
    },
    {
      "error": null,
      "hostname": "rmdb14",
      "id": "rmdb14:37017",
      "port": 37017,
      "rsId": "tgtShard_1",
      "state": "FAILED",
      "stateUpdateTime": 1790969516
    },
    {
      "error": null,
      "hostname": "rmdb9",
      "id": "rmdb9:37017",
      "port": 37017,
      "rsId": "tgtShard_1",
      "state": "FAILED",
      "stateUpdateTime": 1790969516
    },
    {
      "error": null,
      "hostname": "rmdb4",
      "id": "rmdb4:37017",
      "port": 37017,
      "rsId": "tgtShard_1",
      "state": "FAILED",
      "stateUpdateTime": 1790969516
    },
    {
      "error": null,
      "hostname": "rmdb2",
      "id": "rmdb2:37017",
      "port": 37017,
      "rsId": "tgtShard_1",
      "state": "FAILED",
      "stateUpdateTime": 1790969516
    },
    {
      "error": null,
      "hostname": "rmdb8",
      "id": "rmdb8:37017",
      "port": 37017,
      "rsId": "tgtShard_0",
      "state": "FAILED",
      "stateUpdateTime": 1790969516
    },
    {
      "error": null,
      "hostname": "rmdb13",
      "id": "rmdb13:37017",
      "port": 37017,
      "rsId": "tgtShard_0",
      "state": "FAILED",
      "stateUpdateTime": 1790969516
    },
    {
      "error": "<tgtCluster_tgtShard_0_42> [15:29:05.042] Plan execution failed on step MakeBackupDataAvailable as part of move RestoreRsMemberFromBackupPhase1 : <tgtCluster_tgtShard_0_42> [15:29:05.042] Failed to apply action. Result = <nil> : <tgtCluster_tgtShard_0_42> [15:29:05.042] Failed to download the snapshot : <tgtCluster_tgtShard_0_42> [15:29:05.042] Error while waiting for third party to copy backup to /fimongo1/data : <tgtCluster_tgtShard_0_42> [15:29:05.042] Observed error when trying to mark node as ready for copy files. : <tgtCluster_tgtShard_0_42> [15:29:05.042] Got return status 404 Not Found when trying to mark node ready for copy files.",
      "hostname": "rmdb1",
      "id": "rmdb1:37017",
      "port": 37017,
      "rsId": "tgtShard_0",
      "state": "FAILED",
      "stateUpdateTime": 1790969516
    },
    {
      "error": null,
      "hostname": "rmdb3",
      "id": "rmdb3:37017",
      "port": 37017,
      "rsId": "tgtShard_0",
      "state": "FAILED",
      "stateUpdateTime": 1790969516
    },
    {
      "error": null,
      "hostname": "rmdb11",
      "id": "rmdb11:37017",
      "port": 37017,
      "rsId": "tgtShard_0",
      "state": "FAILED",
      "stateUpdateTime": 1790969516
    },
    {
      "error": null,
      "hostname": "rmdb7",
      "id": "rmdb7:37017",
      "port": 37017,
      "rsId": "tgtconfigRS",
      "state": "FAILED",
      "stateUpdateTime": 1790969516
    },
    {
      "error": null,
      "hostname": "rmdb-config1",
      "id": "rmdb-config1:37017",
      "port": 37017,
      "rsId": "tgtconfigRS",
      "state": "FAILED",
      "stateUpdateTime": 1790969516
    },
    {
      "error": null,
      "hostname": "rmdb-config2",
      "id": "rmdb-config2:37017",
      "port": 37017,
      "rsId": "tgtconfigRS",
      "state": "FAILED",
      "stateUpdateTime": 1790969516
    }
  ],
  "state": "FAILED"
}
2026-10-02 14:36:17,316 [INFO] Restore state: FAILED
2026-10-02 14:36:27,316 [DEBUG] API GET http://129.40.36.100:8080/api/public/v1.0/backup/third_party/group/6a386221ee19a6537cc68a97/restore/6abf3847457a6b80701899fb
2026-10-02 14:36:27,461 [DEBUG] STATUS 200
2026-10-02 14:36:27,461 [DEBUG] {
  "clusterMapping": [
    {
      "rsId": "sgcShard_0",
      "targetRsId": "tgtShard_0"
    },
    {
      "rsId": "sgcShard_1",
      "targetRsId": "tgtShard_1"
    },
    {
      "rsId": "configRS",
      "targetRsId": "tgtconfigRS"
    }
  ],
  "nodes": [
    {
      "error": null,
      "hostname": "rmdb12",
      "id": "rmdb12:37017",
      "port": 37017,
      "rsId": "tgtShard_1",
      "state": "FAILED",
      "stateUpdateTime": 1790969516
    },
    {
      "error": null,
      "hostname": "rmdb14",
      "id": "rmdb14:37017",
      "port": 37017,
      "rsId": "tgtShard_1",
      "state": "FAILED",
      "stateUpdateTime": 1790969516
    },
    {
      "error": null,
      "hostname": "rmdb9",
      "id": "rmdb9:37017",
      "port": 37017,
      "rsId": "tgtShard_1",
      "state": "FAILED",
      "stateUpdateTime": 1790969516
    },
    {
      "error": null,
      "hostname": "rmdb4",
      "id": "rmdb4:37017",
      "port": 37017,
      "rsId": "tgtShard_1",
      "state": "FAILED",
      "stateUpdateTime": 1790969516
    },
    {
      "error": null,
      "hostname": "rmdb2",
      "id": "rmdb2:37017",
      "port": 37017,
      "rsId": "tgtShard_1",
      "state": "FAILED",
      "stateUpdateTime": 1790969516
    },
    {
      "error": null,
      "hostname": "rmdb8",
      "id": "rmdb8:37017",
      "port": 37017,
      "rsId": "tgtShard_0",
      "state": "FAILED",
      "stateUpdateTime": 1790969516
    },
    {
      "error": null,
      "hostname": "rmdb13",
      "id": "rmdb13:37017",
      "port": 37017,
      "rsId": "tgtShard_0",
      "state": "FAILED",
      "stateUpdateTime": 1790969516
    },
    {
      "error": "<tgtCluster_tgtShard_0_42> [15:29:05.042] Plan execution failed on step MakeBackupDataAvailable as part of move RestoreRsMemberFromBackupPhase1 : <tgtCluster_tgtShard_0_42> [15:29:05.042] Failed to apply action. Result = <nil> : <tgtCluster_tgtShard_0_42> [15:29:05.042] Failed to download the snapshot : <tgtCluster_tgtShard_0_42> [15:29:05.042] Error while waiting for third party to copy backup to /fimongo1/data : <tgtCluster_tgtShard_0_42> [15:29:05.042] Observed error when trying to mark node as ready for copy files. : <tgtCluster_tgtShard_0_42> [15:29:05.042] Got return status 404 Not Found when trying to mark node ready for copy files.",
      "hostname": "rmdb1",
      "id": "rmdb1:37017",
      "port": 37017,
      "rsId": "tgtShard_0",
      "state": "FAILED",
      "stateUpdateTime": 1790969516
    },
    {
      "error": null,
      "hostname": "rmdb3",
      "id": "rmdb3:37017",
      "port": 37017,
      "rsId": "tgtShard_0",
      "state": "FAILED",
      "stateUpdateTime": 1790969516
    },
    {
      "error": null,
      "hostname": "rmdb11",
      "id": "rmdb11:37017",
      "port": 37017,
      "rsId": "tgtShard_0",
      "state": "FAILED",
      "stateUpdateTime": 1790969516
    },
    {
      "error": null,
      "hostname": "rmdb7",
      "id": "rmdb7:37017",
      "port": 37017,
      "rsId": "tgtconfigRS",
      "state": "FAILED",
      "stateUpdateTime": 1790969516
    },
    {
      "error": null,
      "hostname": "rmdb-config1",
      "id": "rmdb-config1:37017",
      "port": 37017,
      "rsId": "tgtconfigRS",
      "state": "FAILED",
      "stateUpdateTime": 1790969516
    },
    {
      "error": null,
      "hostname": "rmdb-config2",
      "id": "rmdb-config2:37017",
      "port": 37017,
      "rsId": "tgtconfigRS",
      "state": "FAILED",
      "stateUpdateTime": 1790969516
    }
  ],
  "state": "FAILED"
}
2026-10-02 14:36:27,461 [INFO] Restore state: FAILED
2026-10-02 14:36:37,461 [DEBUG] API GET http://129.40.36.100:8080/api/public/v1.0/backup/third_party/group/6a386221ee19a6537cc68a97/restore/6abf3847457a6b80701899fb
2026-10-02 14:36:37,673 [DEBUG] STATUS 200
2026-10-02 14:36:37,673 [DEBUG] {
  "clusterMapping": [
    {
      "rsId": "sgcShard_0",
      "targetRsId": "tgtShard_0"
    },
    {
      "rsId": "sgcShard_1",
      "targetRsId": "tgtShard_1"
    },
    {
      "rsId": "configRS",
      "targetRsId": "tgtconfigRS"
    }
  ],
  "nodes": [
    {
      "error": null,
      "hostname": "rmdb12",
      "id": "rmdb12:37017",
      "port": 37017,
      "rsId": "tgtShard_1",
      "state": "FAILED",
      "stateUpdateTime": 1790969516
    },
    {
      "error": null,
      "hostname": "rmdb14",
      "id": "rmdb14:37017",
      "port": 37017,
      "rsId": "tgtShard_1",
      "state": "FAILED",
      "stateUpdateTime": 1790969516
    },
    {
      "error": null,
      "hostname": "rmdb9",
      "id": "rmdb9:37017",
      "port": 37017,
      "rsId": "tgtShard_1",
      "state": "FAILED",
      "stateUpdateTime": 1790969516
    },
    {
      "error": null,
      "hostname": "rmdb4",
      "id": "rmdb4:37017",
      "port": 37017,
      "rsId": "tgtShard_1",
      "state": "FAILED",
      "stateUpdateTime": 1790969516
    },
    {
      "error": null,
      "hostname": "rmdb2",
      "id": "rmdb2:37017",
      "port": 37017,
      "rsId": "tgtShard_1",
      "state": "FAILED",
      "stateUpdateTime": 1790969516
    },
    {
      "error": null,
      "hostname": "rmdb8",
      "id": "rmdb8:37017",
      "port": 37017,
      "rsId": "tgtShard_0",
      "state": "FAILED",
      "stateUpdateTime": 1790969516
    },
    {
      "error": null,
      "hostname": "rmdb13",
      "id": "rmdb13:37017",
      "port": 37017,
      "rsId": "tgtShard_0",
      "state": "FAILED",
      "stateUpdateTime": 1790969516
    },
    {
      "error": "<tgtCluster_tgtShard_0_42> [15:29:05.042] Plan execution failed on step MakeBackupDataAvailable as part of move RestoreRsMemberFromBackupPhase1 : <tgtCluster_tgtShard_0_42> [15:29:05.042] Failed to apply action. Result = <nil> : <tgtCluster_tgtShard_0_42> [15:29:05.042] Failed to download the snapshot : <tgtCluster_tgtShard_0_42> [15:29:05.042] Error while waiting for third party to copy backup to /fimongo1/data : <tgtCluster_tgtShard_0_42> [15:29:05.042] Observed error when trying to mark node as ready for copy files. : <tgtCluster_tgtShard_0_42> [15:29:05.042] Got return status 404 Not Found when trying to mark node ready for copy files.",
      "hostname": "rmdb1",
      "id": "rmdb1:37017",
      "port": 37017,
      "rsId": "tgtShard_0",
      "state": "FAILED",
      "stateUpdateTime": 1790969516
    },
    {
      "error": null,
      "hostname": "rmdb3",
      "id": "rmdb3:37017",
      "port": 37017,
      "rsId": "tgtShard_0",
      "state": "FAILED",
      "stateUpdateTime": 1790969516
    },
    {
      "error": null,
      "hostname": "rmdb11",
      "id": "rmdb11:37017",
      "port": 37017,
      "rsId": "tgtShard_0",
      "state": "FAILED",
      "stateUpdateTime": 1790969516
    },
    {
      "error": null,
      "hostname": "rmdb7",
      "id": "rmdb7:37017",
      "port": 37017,
      "rsId": "tgtconfigRS",
      "state": "FAILED",
      "stateUpdateTime": 1790969516
    },
    {
      "error": null,
      "hostname": "rmdb-config1",
      "id": "rmdb-config1:37017",
      "port": 37017,
      "rsId": "tgtconfigRS",
      "state": "FAILED",
      "stateUpdateTime": 1790969516
    },
    {
      "error": null,
      "hostname": "rmdb-config2",
      "id": "rmdb-config2:37017",
      "port": 37017,
      "rsId": "tgtconfigRS",
      "state": "FAILED",
      "stateUpdateTime": 1790969516
    }
  ],
  "state": "FAILED"
}
2026-10-02 14:36:37,674 [INFO] Restore state: FAILED
2026-10-02 14:36:47,674 [DEBUG] API GET http://129.40.36.100:8080/api/public/v1.0/backup/third_party/group/6a386221ee19a6537cc68a97/restore/6abf3847457a6b80701899fb
2026-10-02 14:36:47,820 [DEBUG] STATUS 200
2026-10-02 14:36:47,820 [DEBUG] {
  "clusterMapping": [
    {
      "rsId": "sgcShard_0",
      "targetRsId": "tgtShard_0"
    },
    {
      "rsId": "sgcShard_1",
      "targetRsId": "tgtShard_1"
    },
    {
      "rsId": "configRS",
      "targetRsId": "tgtconfigRS"
    }
  ],
  "nodes": [
    {
      "error": null,
      "hostname": "rmdb12",
      "id": "rmdb12:37017",
      "port": 37017,
      "rsId": "tgtShard_1",
      "state": "FAILED",
      "stateUpdateTime": 1790969516
    },
    {
      "error": null,
      "hostname": "rmdb14",
      "id": "rmdb14:37017",
      "port": 37017,
      "rsId": "tgtShard_1",
      "state": "FAILED",
      "stateUpdateTime": 1790969516
    },
    {
      "error": null,
      "hostname": "rmdb9",
      "id": "rmdb9:37017",
      "port": 37017,
      "rsId": "tgtShard_1",
      "state": "FAILED",
      "stateUpdateTime": 1790969516
    },
    {
      "error": null,
      "hostname": "rmdb4",
      "id": "rmdb4:37017",
      "port": 37017,
      "rsId": "tgtShard_1",
      "state": "FAILED",
      "stateUpdateTime": 1790969516
    },
    {
      "error": null,
      "hostname": "rmdb2",
      "id": "rmdb2:37017",
      "port": 37017,
      "rsId": "tgtShard_1",
      "state": "FAILED",
      "stateUpdateTime": 1790969516
    },
    {
      "error": null,
      "hostname": "rmdb8",
      "id": "rmdb8:37017",
      "port": 37017,
      "rsId": "tgtShard_0",
      "state": "FAILED",
      "stateUpdateTime": 1790969516
    },
    {
      "error": null,
      "hostname": "rmdb13",
      "id": "rmdb13:37017",
      "port": 37017,
      "rsId": "tgtShard_0",
      "state": "FAILED",
      "stateUpdateTime": 1790969516
    },
    {
      "error": "<tgtCluster_tgtShard_0_42> [15:29:05.042] Plan execution failed on step MakeBackupDataAvailable as part of move RestoreRsMemberFromBackupPhase1 : <tgtCluster_tgtShard_0_42> [15:29:05.042] Failed to apply action. Result = <nil> : <tgtCluster_tgtShard_0_42> [15:29:05.042] Failed to download the snapshot : <tgtCluster_tgtShard_0_42> [15:29:05.042] Error while waiting for third party to copy backup to /fimongo1/data : <tgtCluster_tgtShard_0_42> [15:29:05.042] Observed error when trying to mark node as ready for copy files. : <tgtCluster_tgtShard_0_42> [15:29:05.042] Got return status 404 Not Found when trying to mark node ready for copy files.",
      "hostname": "rmdb1",
      "id": "rmdb1:37017",
      "port": 37017,
      "rsId": "tgtShard_0",
      "state": "FAILED",
      "stateUpdateTime": 1790969516
    },
    {
      "error": null,
      "hostname": "rmdb3",
      "id": "rmdb3:37017",
      "port": 37017,
      "rsId": "tgtShard_0",
      "state": "FAILED",
      "stateUpdateTime": 1790969516
    },
    {
      "error": null,
      "hostname": "rmdb11",
      "id": "rmdb11:37017",
      "port": 37017,
      "rsId": "tgtShard_0",
      "state": "FAILED",
      "stateUpdateTime": 1790969516
    },
    {
      "error": null,
      "hostname": "rmdb7",
      "id": "rmdb7:37017",
      "port": 37017,
      "rsId": "tgtconfigRS",
      "state": "FAILED",
      "stateUpdateTime": 1790969516
    },
    {
      "error": null,
      "hostname": "rmdb-config1",
      "id": "rmdb-config1:37017",
      "port": 37017,
      "rsId": "tgtconfigRS",
      "state": "FAILED",
      "stateUpdateTime": 1790969516
    },
    {
      "error": null,
      "hostname": "rmdb-config2",
      "id": "rmdb-config2:37017",
      "port": 37017,
      "rsId": "tgtconfigRS",
      "state": "FAILED",
      "stateUpdateTime": 1790969516
    }
  ],
  "state": "FAILED"
}
2026-10-02 14:36:47,821 [INFO] Restore state: FAILED
2026-10-02 14:36:57,821 [DEBUG] API GET http://129.40.36.100:8080/api/public/v1.0/backup/third_party/group/6a386221ee19a6537cc68a97/restore/6abf3847457a6b80701899fb
2026-10-02 14:36:57,963 [DEBUG] STATUS 200
2026-10-02 14:36:57,964 [DEBUG] {
  "clusterMapping": [
    {
      "rsId": "sgcShard_0",
      "targetRsId": "tgtShard_0"
    },
    {
      "rsId": "sgcShard_1",
      "targetRsId": "tgtShard_1"
    },
    {
      "rsId": "configRS",
      "targetRsId": "tgtconfigRS"
    }
  ],
  "nodes": [
    {
      "error": null,
      "hostname": "rmdb12",
      "id": "rmdb12:37017",
      "port": 37017,
      "rsId": "tgtShard_1",
      "state": "FAILED",
      "stateUpdateTime": 1790969516
    },
    {
      "error": null,
      "hostname": "rmdb14",
      "id": "rmdb14:37017",
      "port": 37017,
      "rsId": "tgtShard_1",
      "state": "FAILED",
      "stateUpdateTime": 1790969516
    },
    {
      "error": null,
      "hostname": "rmdb9",
      "id": "rmdb9:37017",
      "port": 37017,
      "rsId": "tgtShard_1",
      "state": "FAILED",
      "stateUpdateTime": 1790969516
    },
    {
      "error": null,
      "hostname": "rmdb4",
      "id": "rmdb4:37017",
      "port": 37017,
      "rsId": "tgtShard_1",
      "state": "FAILED",
      "stateUpdateTime": 1790969516
    },
    {
      "error": null,
      "hostname": "rmdb2",
      "id": "rmdb2:37017",
      "port": 37017,
      "rsId": "tgtShard_1",
      "state": "FAILED",
      "stateUpdateTime": 1790969516
    },
    {
      "error": null,
      "hostname": "rmdb8",
      "id": "rmdb8:37017",
      "port": 37017,
      "rsId": "tgtShard_0",
      "state": "FAILED",
      "stateUpdateTime": 1790969516
    },
    {
      "error": null,
      "hostname": "rmdb13",
      "id": "rmdb13:37017",
      "port": 37017,
      "rsId": "tgtShard_0",
      "state": "FAILED",
      "stateUpdateTime": 1790969516
    },
    {
      "error": "<tgtCluster_tgtShard_0_42> [15:29:05.042] Plan execution failed on step MakeBackupDataAvailable as part of move RestoreRsMemberFromBackupPhase1 : <tgtCluster_tgtShard_0_42> [15:29:05.042] Failed to apply action. Result = <nil> : <tgtCluster_tgtShard_0_42> [15:29:05.042] Failed to download the snapshot : <tgtCluster_tgtShard_0_42> [15:29:05.042] Error while waiting for third party to copy backup to /fimongo1/data : <tgtCluster_tgtShard_0_42> [15:29:05.042] Observed error when trying to mark node as ready for copy files. : <tgtCluster_tgtShard_0_42> [15:29:05.042] Got return status 404 Not Found when trying to mark node ready for copy files.",
      "hostname": "rmdb1",
      "id": "rmdb1:37017",
      "port": 37017,
      "rsId": "tgtShard_0",
      "state": "FAILED",
      "stateUpdateTime": 1790969516
    },
    {
      "error": null,
      "hostname": "rmdb3",
      "id": "rmdb3:37017",
      "port": 37017,
      "rsId": "tgtShard_0",
      "state": "FAILED",
      "stateUpdateTime": 1790969516
    },
    {
      "error": null,
      "hostname": "rmdb11",
      "id": "rmdb11:37017",
      "port": 37017,
      "rsId": "tgtShard_0",
      "state": "FAILED",
      "stateUpdateTime": 1790969516
    },
    {
      "error": null,
      "hostname": "rmdb7",
      "id": "rmdb7:37017",
      "port": 37017,
      "rsId": "tgtconfigRS",
      "state": "FAILED",
      "stateUpdateTime": 1790969516
    },
    {
      "error": null,
      "hostname": "rmdb-config1",
      "id": "rmdb-config1:37017",
      "port": 37017,
      "rsId": "tgtconfigRS",
      "state": "FAILED",
      "stateUpdateTime": 1790969516
    },
    {
      "error": null,
      "hostname": "rmdb-config2",
      "id": "rmdb-config2:37017",
      "port": 37017,
      "rsId": "tgtconfigRS",
      "state": "FAILED",
      "stateUpdateTime": 1790969516
    }
  ],
  "state": "FAILED"
}
2026-10-02 14:36:57,965 [INFO] Restore state: FAILED
2026-10-02 14:37:07,966 [DEBUG] API GET http://129.40.36.100:8080/api/public/v1.0/backup/third_party/group/6a386221ee19a6537cc68a97/restore/6abf3847457a6b80701899fb
2026-10-02 14:37:08,107 [DEBUG] STATUS 200
2026-10-02 14:37:08,107 [DEBUG] {
  "clusterMapping": [
    {
      "rsId": "sgcShard_0",
      "targetRsId": "tgtShard_0"
    },
    {
      "rsId": "sgcShard_1",
      "targetRsId": "tgtShard_1"
    },
    {
      "rsId": "configRS",
      "targetRsId": "tgtconfigRS"
    }
  ],
  "nodes": [
    {
      "error": null,
      "hostname": "rmdb12",
      "id": "rmdb12:37017",
      "port": 37017,
      "rsId": "tgtShard_1",
      "state": "FAILED",
      "stateUpdateTime": 1790969516
    },
    {
      "error": null,
      "hostname": "rmdb14",
      "id": "rmdb14:37017",
      "port": 37017,
      "rsId": "tgtShard_1",
      "state": "FAILED",
      "stateUpdateTime": 1790969516
    },
    {
      "error": null,
      "hostname": "rmdb9",
      "id": "rmdb9:37017",
      "port": 37017,
      "rsId": "tgtShard_1",
      "state": "FAILED",
      "stateUpdateTime": 1790969516
    },
    {
      "error": null,
      "hostname": "rmdb4",
      "id": "rmdb4:37017",
      "port": 37017,
      "rsId": "tgtShard_1",
      "state": "FAILED",
      "stateUpdateTime": 1790969516
    },
    {
      "error": null,
      "hostname": "rmdb2",
      "id": "rmdb2:37017",
      "port": 37017,
      "rsId": "tgtShard_1",
      "state": "FAILED",
      "stateUpdateTime": 1790969516
    },
    {
      "error": null,
      "hostname": "rmdb8",
      "id": "rmdb8:37017",
      "port": 37017,
      "rsId": "tgtShard_0",
      "state": "FAILED",
      "stateUpdateTime": 1790969516
    },
    {
      "error": null,
      "hostname": "rmdb13",
      "id": "rmdb13:37017",
      "port": 37017,
      "rsId": "tgtShard_0",
      "state": "FAILED",
      "stateUpdateTime": 1790969516
    },
    {
      "error": "<tgtCluster_tgtShard_0_42> [15:29:05.042] Plan execution failed on step MakeBackupDataAvailable as part of move RestoreRsMemberFromBackupPhase1 : <tgtCluster_tgtShard_0_42> [15:29:05.042] Failed to apply action. Result = <nil> : <tgtCluster_tgtShard_0_42> [15:29:05.042] Failed to download the snapshot : <tgtCluster_tgtShard_0_42> [15:29:05.042] Error while waiting for third party to copy backup to /fimongo1/data : <tgtCluster_tgtShard_0_42> [15:29:05.042] Observed error when trying to mark node as ready for copy files. : <tgtCluster_tgtShard_0_42> [15:29:05.042] Got return status 404 Not Found when trying to mark node ready for copy files.",
      "hostname": "rmdb1",
      "id": "rmdb1:37017",
      "port": 37017,
      "rsId": "tgtShard_0",
      "state": "FAILED",
      "stateUpdateTime": 1790969516
    },
    {
      "error": null,
      "hostname": "rmdb3",
      "id": "rmdb3:37017",
      "port": 37017,
      "rsId": "tgtShard_0",
      "state": "FAILED",
      "stateUpdateTime": 1790969516
    },
    {
      "error": null,
      "hostname": "rmdb11",
      "id": "rmdb11:37017",
      "port": 37017,
      "rsId": "tgtShard_0",
      "state": "FAILED",
      "stateUpdateTime": 1790969516
    },
    {
      "error": null,
      "hostname": "rmdb7",
      "id": "rmdb7:37017",
      "port": 37017,
      "rsId": "tgtconfigRS",
      "state": "FAILED",
      "stateUpdateTime": 1790969516
    },
    {
      "error": null,
      "hostname": "rmdb-config1",
      "id": "rmdb-config1:37017",
      "port": 37017,
      "rsId": "tgtconfigRS",
      "state": "FAILED",
      "stateUpdateTime": 1790969516
    },
    {
      "error": null,
      "hostname": "rmdb-config2",
      "id": "rmdb-config2:37017",
      "port": 37017,
      "rsId": "tgtconfigRS",
      "state": "FAILED",
      "stateUpdateTime": 1790969516
    }
  ],
  "state": "FAILED"
}
2026-10-02 14:37:08,108 [INFO] Restore state: FAILED
2026-10-02 14:37:18,108 [DEBUG] API GET http://129.40.36.100:8080/api/public/v1.0/backup/third_party/group/6a386221ee19a6537cc68a97/restore/6abf3847457a6b80701899fb
2026-10-02 14:37:18,248 [DEBUG] STATUS 200
2026-10-02 14:37:18,249 [DEBUG] {
  "clusterMapping": [
    {
      "rsId": "sgcShard_0",
      "targetRsId": "tgtShard_0"
    },
    {
      "rsId": "sgcShard_1",
      "targetRsId": "tgtShard_1"
    },
    {
      "rsId": "configRS",
      "targetRsId": "tgtconfigRS"
    }
  ],
  "nodes": [
    {
      "error": null,
      "hostname": "rmdb12",
      "id": "rmdb12:37017",
      "port": 37017,
      "rsId": "tgtShard_1",
      "state": "FAILED",
      "stateUpdateTime": 1790969516
    },
    {
      "error": null,
      "hostname": "rmdb14",
      "id": "rmdb14:37017",
      "port": 37017,
      "rsId": "tgtShard_1",
      "state": "FAILED",
      "stateUpdateTime": 1790969516
    },
    {
      "error": null,
      "hostname": "rmdb9",
      "id": "rmdb9:37017",
      "port": 37017,
      "rsId": "tgtShard_1",
      "state": "FAILED",
      "stateUpdateTime": 1790969516
    },
    {
      "error": null,
      "hostname": "rmdb4",
      "id": "rmdb4:37017",
      "port": 37017,
      "rsId": "tgtShard_1",
      "state": "FAILED",
      "stateUpdateTime": 1790969516
    },
    {
      "error": null,
      "hostname": "rmdb2",
      "id": "rmdb2:37017",
      "port": 37017,
      "rsId": "tgtShard_1",
      "state": "FAILED",
      "stateUpdateTime": 1790969516
    },
    {
      "error": null,
      "hostname": "rmdb8",
      "id": "rmdb8:37017",
      "port": 37017,
      "rsId": "tgtShard_0",
      "state": "FAILED",
      "stateUpdateTime": 1790969516
    },
    {
      "error": null,
      "hostname": "rmdb13",
      "id": "rmdb13:37017",
      "port": 37017,
      "rsId": "tgtShard_0",
      "state": "FAILED",
      "stateUpdateTime": 1790969516
    },
    {
      "error": "<tgtCluster_tgtShard_0_42> [15:29:05.042] Plan execution failed on step MakeBackupDataAvailable as part of move RestoreRsMemberFromBackupPhase1 : <tgtCluster_tgtShard_0_42> [15:29:05.042] Failed to apply action. Result = <nil> : <tgtCluster_tgtShard_0_42> [15:29:05.042] Failed to download the snapshot : <tgtCluster_tgtShard_0_42> [15:29:05.042] Error while waiting for third party to copy backup to /fimongo1/data : <tgtCluster_tgtShard_0_42> [15:29:05.042] Observed error when trying to mark node as ready for copy files. : <tgtCluster_tgtShard_0_42> [15:29:05.042] Got return status 404 Not Found when trying to mark node ready for copy files.",
      "hostname": "rmdb1",
      "id": "rmdb1:37017",
      "port": 37017,
      "rsId": "tgtShard_0",
      "state": "FAILED",
      "stateUpdateTime": 1790969516
    },
    {
      "error": null,
      "hostname": "rmdb3",
      "id": "rmdb3:37017",
      "port": 37017,
      "rsId": "tgtShard_0",
      "state": "FAILED",
      "stateUpdateTime": 1790969516
    },
    {
      "error": null,
      "hostname": "rmdb11",
      "id": "rmdb11:37017",
      "port": 37017,
      "rsId": "tgtShard_0",
      "state": "FAILED",
      "stateUpdateTime": 1790969516
    },
    {
      "error": null,
      "hostname": "rmdb7",
      "id": "rmdb7:37017",
      "port": 37017,
      "rsId": "tgtconfigRS",
      "state": "FAILED",
      "stateUpdateTime": 1790969516
    },
    {
      "error": null,
      "hostname": "rmdb-config1",
      "id": "rmdb-config1:37017",
      "port": 37017,
      "rsId": "tgtconfigRS",
      "state": "FAILED",
      "stateUpdateTime": 1790969516
    },
    {
      "error": null,
      "hostname": "rmdb-config2",
      "id": "rmdb-config2:37017",
      "port": 37017,
      "rsId": "tgtconfigRS",
      "state": "FAILED",
      "stateUpdateTime": 1790969516
    }
  ],
  "state": "FAILED"
}
2026-10-02 14:37:18,249 [INFO] Restore state: FAILED
2026-10-02 14:37:28,250 [DEBUG] API GET http://129.40.36.100:8080/api/public/v1.0/backup/third_party/group/6a386221ee19a6537cc68a97/restore/6abf3847457a6b80701899fb
2026-10-02 14:37:28,392 [DEBUG] STATUS 200
2026-10-02 14:37:28,392 [DEBUG] {
  "clusterMapping": [
    {
      "rsId": "sgcShard_0",
      "targetRsId": "tgtShard_0"
    },
    {
      "rsId": "sgcShard_1",
      "targetRsId": "tgtShard_1"
    },
    {
      "rsId": "configRS",
      "targetRsId": "tgtconfigRS"
    }
  ],
  "nodes": [
    {
      "error": null,
      "hostname": "rmdb12",
      "id": "rmdb12:37017",
      "port": 37017,
      "rsId": "tgtShard_1",
      "state": "FAILED",
      "stateUpdateTime": 1790969516
    },
    {
      "error": null,
      "hostname": "rmdb14",
      "id": "rmdb14:37017",
      "port": 37017,
      "rsId": "tgtShard_1",
      "state": "FAILED",
      "stateUpdateTime": 1790969516
    },
    {
      "error": null,
      "hostname": "rmdb9",
      "id": "rmdb9:37017",
      "port": 37017,
      "rsId": "tgtShard_1",
      "state": "FAILED",
      "stateUpdateTime": 1790969516
    },
    {
      "error": null,
      "hostname": "rmdb4",
      "id": "rmdb4:37017",
      "port": 37017,
      "rsId": "tgtShard_1",
      "state": "FAILED",
      "stateUpdateTime": 1790969516
    },
    {
      "error": null,
      "hostname": "rmdb2",
      "id": "rmdb2:37017",
      "port": 37017,
      "rsId": "tgtShard_1",
      "state": "FAILED",
      "stateUpdateTime": 1790969516
    },
    {
      "error": null,
      "hostname": "rmdb8",
      "id": "rmdb8:37017",
      "port": 37017,
      "rsId": "tgtShard_0",
      "state": "FAILED",
      "stateUpdateTime": 1790969516
    },
    {
      "error": null,
      "hostname": "rmdb13",
      "id": "rmdb13:37017",
      "port": 37017,
      "rsId": "tgtShard_0",
      "state": "FAILED",
      "stateUpdateTime": 1790969516
    },
    {
      "error": "<tgtCluster_tgtShard_0_42> [15:29:05.042] Plan execution failed on step MakeBackupDataAvailable as part of move RestoreRsMemberFromBackupPhase1 : <tgtCluster_tgtShard_0_42> [15:29:05.042] Failed to apply action. Result = <nil> : <tgtCluster_tgtShard_0_42> [15:29:05.042] Failed to download the snapshot : <tgtCluster_tgtShard_0_42> [15:29:05.042] Error while waiting for third party to copy backup to /fimongo1/data : <tgtCluster_tgtShard_0_42> [15:29:05.042] Observed error when trying to mark node as ready for copy files. : <tgtCluster_tgtShard_0_42> [15:29:05.042] Got return status 404 Not Found when trying to mark node ready for copy files.",
      "hostname": "rmdb1",
      "id": "rmdb1:37017",
      "port": 37017,
      "rsId": "tgtShard_0",
      "state": "FAILED",
      "stateUpdateTime": 1790969516
    },
    {
      "error": null,
      "hostname": "rmdb3",
      "id": "rmdb3:37017",
      "port": 37017,
      "rsId": "tgtShard_0",
      "state": "FAILED",
      "stateUpdateTime": 1790969516
    },
    {
      "error": null,
      "hostname": "rmdb11",
      "id": "rmdb11:37017",
      "port": 37017,
      "rsId": "tgtShard_0",
      "state": "FAILED",
      "stateUpdateTime": 1790969516
    },
    {
      "error": null,
      "hostname": "rmdb7",
      "id": "rmdb7:37017",
      "port": 37017,
      "rsId": "tgtconfigRS",
      "state": "FAILED",
      "stateUpdateTime": 1790969516
    },
    {
      "error": null,
      "hostname": "rmdb-config1",
      "id": "rmdb-config1:37017",
      "port": 37017,
      "rsId": "tgtconfigRS",
      "state": "FAILED",
      "stateUpdateTime": 1790969516
    },
    {
      "error": null,
      "hostname": "rmdb-config2",
      "id": "rmdb-config2:37017",
      "port": 37017,
      "rsId": "tgtconfigRS",
      "state": "FAILED",
      "stateUpdateTime": 1790969516
    }
  ],
  "state": "FAILED"
}
2026-10-02 14:37:28,392 [INFO] Restore state: FAILED
2026-10-02 14:37:38,393 [DEBUG] API GET http://129.40.36.100:8080/api/public/v1.0/backup/third_party/group/6a386221ee19a6537cc68a97/restore/6abf3847457a6b80701899fb
2026-10-02 14:37:38,593 [DEBUG] STATUS 200
2026-10-02 14:37:38,594 [DEBUG] {
  "clusterMapping": [
    {
      "rsId": "sgcShard_0",
      "targetRsId": "tgtShard_0"
    },
    {
      "rsId": "sgcShard_1",
      "targetRsId": "tgtShard_1"
    },
    {
      "rsId": "configRS",
      "targetRsId": "tgtconfigRS"
    }
  ],
  "nodes": [
    {
      "error": null,
      "hostname": "rmdb12",
      "id": "rmdb12:37017",
      "port": 37017,
      "rsId": "tgtShard_1",
      "state": "FAILED",
      "stateUpdateTime": 1790969516
    },
    {
      "error": null,
      "hostname": "rmdb14",
      "id": "rmdb14:37017",
      "port": 37017,
      "rsId": "tgtShard_1",
      "state": "FAILED",
      "stateUpdateTime": 1790969516
    },
    {
      "error": null,
      "hostname": "rmdb9",
      "id": "rmdb9:37017",
      "port": 37017,
      "rsId": "tgtShard_1",
      "state": "FAILED",
      "stateUpdateTime": 1790969516
    },
    {
      "error": null,
      "hostname": "rmdb4",
      "id": "rmdb4:37017",
      "port": 37017,
      "rsId": "tgtShard_1",
      "state": "FAILED",
      "stateUpdateTime": 1790969516
    },
    {
      "error": null,
      "hostname": "rmdb2",
      "id": "rmdb2:37017",
      "port": 37017,
      "rsId": "tgtShard_1",
      "state": "FAILED",
      "stateUpdateTime": 1790969516
    },
    {
      "error": null,
      "hostname": "rmdb8",
      "id": "rmdb8:37017",
      "port": 37017,
      "rsId": "tgtShard_0",
      "state": "FAILED",
      "stateUpdateTime": 1790969516
    },
    {
      "error": null,
      "hostname": "rmdb13",
      "id": "rmdb13:37017",
      "port": 37017,
      "rsId": "tgtShard_0",
      "state": "FAILED",
      "stateUpdateTime": 1790969516
    },
    {
      "error": "<tgtCluster_tgtShard_0_42> [15:29:05.042] Plan execution failed on step MakeBackupDataAvailable as part of move RestoreRsMemberFromBackupPhase1 : <tgtCluster_tgtShard_0_42> [15:29:05.042] Failed to apply action. Result = <nil> : <tgtCluster_tgtShard_0_42> [15:29:05.042] Failed to download the snapshot : <tgtCluster_tgtShard_0_42> [15:29:05.042] Error while waiting for third party to copy backup to /fimongo1/data : <tgtCluster_tgtShard_0_42> [15:29:05.042] Observed error when trying to mark node as ready for copy files. : <tgtCluster_tgtShard_0_42> [15:29:05.042] Got return status 404 Not Found when trying to mark node ready for copy files.",
      "hostname": "rmdb1",
      "id": "rmdb1:37017",
      "port": 37017,
      "rsId": "tgtShard_0",
      "state": "FAILED",
      "stateUpdateTime": 1790969516
    },
    {
      "error": null,
      "hostname": "rmdb3",
      "id": "rmdb3:37017",
      "port": 37017,
      "rsId": "tgtShard_0",
      "state": "FAILED",
      "stateUpdateTime": 1790969516
    },
    {
      "error": null,
      "hostname": "rmdb11",
      "id": "rmdb11:37017",
      "port": 37017,
      "rsId": "tgtShard_0",
      "state": "FAILED",
      "stateUpdateTime": 1790969516
    },
    {
      "error": null,
      "hostname": "rmdb7",
      "id": "rmdb7:37017",
      "port": 37017,
      "rsId": "tgtconfigRS",
      "state": "FAILED",
      "stateUpdateTime": 1790969516
    },
    {
      "error": null,
      "hostname": "rmdb-config1",
      "id": "rmdb-config1:37017",
      "port": 37017,
      "rsId": "tgtconfigRS",
      "state": "FAILED",
      "stateUpdateTime": 1790969516
    },
    {
      "error": null,
      "hostname": "rmdb-config2",
      "id": "rmdb-config2:37017",
      "port": 37017,
      "rsId": "tgtconfigRS",
      "state": "FAILED",
      "stateUpdateTime": 1790969516
    }
  ],
  "state": "FAILED"
}
2026-10-02 14:37:38,594 [INFO] Restore state: FAILED
2026-10-02 14:37:48,595 [DEBUG] API GET http://129.40.36.100:8080/api/public/v1.0/backup/third_party/group/6a386221ee19a6537cc68a97/restore/6abf3847457a6b80701899fb
2026-10-02 14:37:48,746 [DEBUG] STATUS 200
2026-10-02 14:37:48,746 [DEBUG] {
  "clusterMapping": [
    {
      "rsId": "sgcShard_0",
      "targetRsId": "tgtShard_0"
    },
    {
      "rsId": "sgcShard_1",
      "targetRsId": "tgtShard_1"
    },
    {
      "rsId": "configRS",
      "targetRsId": "tgtconfigRS"
    }
  ],
  "nodes": [
    {
      "error": null,
      "hostname": "rmdb12",
      "id": "rmdb12:37017",
      "port": 37017,
      "rsId": "tgtShard_1",
      "state": "FAILED",
      "stateUpdateTime": 1790969516
    },
    {
      "error": null,
      "hostname": "rmdb14",
      "id": "rmdb14:37017",
      "port": 37017,
      "rsId": "tgtShard_1",
      "state": "FAILED",
      "stateUpdateTime": 1790969516
    },
    {
      "error": null,
      "hostname": "rmdb9",
      "id": "rmdb9:37017",
      "port": 37017,
      "rsId": "tgtShard_1",
      "state": "FAILED",
      "stateUpdateTime": 1790969516
    },
    {
      "error": null,
      "hostname": "rmdb4",
      "id": "rmdb4:37017",
      "port": 37017,
      "rsId": "tgtShard_1",
      "state": "FAILED",
      "stateUpdateTime": 1790969516
    },
    {
      "error": null,
      "hostname": "rmdb2",
      "id": "rmdb2:37017",
      "port": 37017,
      "rsId": "tgtShard_1",
      "state": "FAILED",
      "stateUpdateTime": 1790969516
    },
    {
      "error": null,
      "hostname": "rmdb8",
      "id": "rmdb8:37017",
      "port": 37017,
      "rsId": "tgtShard_0",
      "state": "FAILED",
      "stateUpdateTime": 1790969516
    },
    {
      "error": null,
      "hostname": "rmdb13",
      "id": "rmdb13:37017",
      "port": 37017,
      "rsId": "tgtShard_0",
      "state": "FAILED",
      "stateUpdateTime": 1790969516
    },
    {
      "error": "<tgtCluster_tgtShard_0_42> [15:29:05.042] Plan execution failed on step MakeBackupDataAvailable as part of move RestoreRsMemberFromBackupPhase1 : <tgtCluster_tgtShard_0_42> [15:29:05.042] Failed to apply action. Result = <nil> : <tgtCluster_tgtShard_0_42> [15:29:05.042] Failed to download the snapshot : <tgtCluster_tgtShard_0_42> [15:29:05.042] Error while waiting for third party to copy backup to /fimongo1/data : <tgtCluster_tgtShard_0_42> [15:29:05.042] Observed error when trying to mark node as ready for copy files. : <tgtCluster_tgtShard_0_42> [15:29:05.042] Got return status 404 Not Found when trying to mark node ready for copy files.",
      "hostname": "rmdb1",
      "id": "rmdb1:37017",
      "port": 37017,
      "rsId": "tgtShard_0",
      "state": "FAILED",
      "stateUpdateTime": 1790969516
    },
    {
      "error": null,
      "hostname": "rmdb3",
      "id": "rmdb3:37017",
      "port": 37017,
      "rsId": "tgtShard_0",
      "state": "FAILED",
      "stateUpdateTime": 1790969516
    },
    {
      "error": null,
      "hostname": "rmdb11",
      "id": "rmdb11:37017",
      "port": 37017,
      "rsId": "tgtShard_0",
      "state": "FAILED",
      "stateUpdateTime": 1790969516
    },
    {
      "error": null,
      "hostname": "rmdb7",
      "id": "rmdb7:37017",
      "port": 37017,
      "rsId": "tgtconfigRS",
      "state": "FAILED",
      "stateUpdateTime": 1790969516
    },
    {
      "error": null,
      "hostname": "rmdb-config1",
      "id": "rmdb-config1:37017",
      "port": 37017,
      "rsId": "tgtconfigRS",
      "state": "FAILED",
      "stateUpdateTime": 1790969516
    },
    {
      "error": null,
      "hostname": "rmdb-config2",
      "id": "rmdb-config2:37017",
      "port": 37017,
      "rsId": "tgtconfigRS",
      "state": "FAILED",
      "stateUpdateTime": 1790969516
    }
  ],
  "state": "FAILED"
}
2026-10-02 14:37:48,747 [INFO] Restore state: FAILED
2026-10-02 14:37:58,747 [DEBUG] API GET http://129.40.36.100:8080/api/public/v1.0/backup/third_party/group/6a386221ee19a6537cc68a97/restore/6abf3847457a6b80701899fb
2026-10-02 14:37:58,887 [DEBUG] STATUS 200
2026-10-02 14:37:58,887 [DEBUG] {
  "clusterMapping": [
    {
      "rsId": "sgcShard_0",
      "targetRsId": "tgtShard_0"
    },
    {
      "rsId": "sgcShard_1",
      "targetRsId": "tgtShard_1"
    },
    {
      "rsId": "configRS",
      "targetRsId": "tgtconfigRS"
    }
  ],
  "nodes": [
    {
      "error": null,
      "hostname": "rmdb12",
      "id": "rmdb12:37017",
      "port": 37017,
      "rsId": "tgtShard_1",
      "state": "FAILED",
      "stateUpdateTime": 1790969516
    },
    {
      "error": null,
      "hostname": "rmdb14",
      "id": "rmdb14:37017",
      "port": 37017,
      "rsId": "tgtShard_1",
      "state": "FAILED",
      "stateUpdateTime": 1790969516
    },
    {
      "error": null,
      "hostname": "rmdb9",
      "id": "rmdb9:37017",
      "port": 37017,
      "rsId": "tgtShard_1",
      "state": "FAILED",
      "stateUpdateTime": 1790969516
    },
    {
      "error": null,
      "hostname": "rmdb4",
      "id": "rmdb4:37017",
      "port": 37017,
      "rsId": "tgtShard_1",
      "state": "FAILED",
      "stateUpdateTime": 1790969516
    },
    {
      "error": null,
      "hostname": "rmdb2",
      "id": "rmdb2:37017",
      "port": 37017,
      "rsId": "tgtShard_1",
      "state": "FAILED",
      "stateUpdateTime": 1790969516
    },
    {
      "error": null,
      "hostname": "rmdb8",
      "id": "rmdb8:37017",
      "port": 37017,
      "rsId": "tgtShard_0",
      "state": "FAILED",
      "stateUpdateTime": 1790969516
    },
    {
      "error": null,
      "hostname": "rmdb13",
      "id": "rmdb13:37017",
      "port": 37017,
      "rsId": "tgtShard_0",
      "state": "FAILED",
      "stateUpdateTime": 1790969516
    },
    {
      "error": "<tgtCluster_tgtShard_0_42> [15:29:05.042] Plan execution failed on step MakeBackupDataAvailable as part of move RestoreRsMemberFromBackupPhase1 : <tgtCluster_tgtShard_0_42> [15:29:05.042] Failed to apply action. Result = <nil> : <tgtCluster_tgtShard_0_42> [15:29:05.042] Failed to download the snapshot : <tgtCluster_tgtShard_0_42> [15:29:05.042] Error while waiting for third party to copy backup to /fimongo1/data : <tgtCluster_tgtShard_0_42> [15:29:05.042] Observed error when trying to mark node as ready for copy files. : <tgtCluster_tgtShard_0_42> [15:29:05.042] Got return status 404 Not Found when trying to mark node ready for copy files.",
      "hostname": "rmdb1",
      "id": "rmdb1:37017",
      "port": 37017,
      "rsId": "tgtShard_0",
      "state": "FAILED",
      "stateUpdateTime": 1790969516
    },
    {
      "error": null,
      "hostname": "rmdb3",
      "id": "rmdb3:37017",
      "port": 37017,
      "rsId": "tgtShard_0",
      "state": "FAILED",
      "stateUpdateTime": 1790969516
    },
    {
      "error": null,
      "hostname": "rmdb11",
      "id": "rmdb11:37017",
      "port": 37017,
      "rsId": "tgtShard_0",
      "state": "FAILED",
      "stateUpdateTime": 1790969516
    },
    {
      "error": null,
      "hostname": "rmdb7",
      "id": "rmdb7:37017",
      "port": 37017,
      "rsId": "tgtconfigRS",
      "state": "FAILED",
      "stateUpdateTime": 1790969516
    },
    {
      "error": null,
      "hostname": "rmdb-config1",
      "id": "rmdb-config1:37017",
      "port": 37017,
      "rsId": "tgtconfigRS",
      "state": "FAILED",
      "stateUpdateTime": 1790969516
    },
    {
      "error": null,
      "hostname": "rmdb-config2",
      "id": "rmdb-config2:37017",
      "port": 37017,
      "rsId": "tgtconfigRS",
      "state": "FAILED",
      "stateUpdateTime": 1790969516
    }
  ],
  "state": "FAILED"
}
2026-10-02 14:37:58,887 [INFO] Restore state: FAILED
2026-10-02 14:38:08,888 [DEBUG] API GET http://129.40.36.100:8080/api/public/v1.0/backup/third_party/group/6a386221ee19a6537cc68a97/restore/6abf3847457a6b80701899fb
2026-10-02 14:38:09,031 [DEBUG] STATUS 200
2026-10-02 14:38:09,032 [DEBUG] {
  "clusterMapping": [
    {
      "rsId": "sgcShard_0",
      "targetRsId": "tgtShard_0"
    },
    {
      "rsId": "sgcShard_1",
      "targetRsId": "tgtShard_1"
    },
    {
      "rsId": "configRS",
      "targetRsId": "tgtconfigRS"
    }
  ],
  "nodes": [
    {
      "error": null,
      "hostname": "rmdb12",
      "id": "rmdb12:37017",
      "port": 37017,
      "rsId": "tgtShard_1",
      "state": "FAILED",
      "stateUpdateTime": 1790969516
    },
    {
      "error": null,
      "hostname": "rmdb14",
      "id": "rmdb14:37017",
      "port": 37017,
      "rsId": "tgtShard_1",
      "state": "FAILED",
      "stateUpdateTime": 1790969516
    },
    {
      "error": null,
      "hostname": "rmdb9",
      "id": "rmdb9:37017",
      "port": 37017,
      "rsId": "tgtShard_1",
      "state": "FAILED",
      "stateUpdateTime": 1790969516
    },
    {
      "error": null,
      "hostname": "rmdb4",
      "id": "rmdb4:37017",
      "port": 37017,
      "rsId": "tgtShard_1",
      "state": "FAILED",
      "stateUpdateTime": 1790969516
    },
    {
      "error": null,
      "hostname": "rmdb2",
      "id": "rmdb2:37017",
      "port": 37017,
      "rsId": "tgtShard_1",
      "state": "FAILED",
      "stateUpdateTime": 1790969516
    },
    {
      "error": null,
      "hostname": "rmdb8",
      "id": "rmdb8:37017",
      "port": 37017,
      "rsId": "tgtShard_0",
      "state": "FAILED",
      "stateUpdateTime": 1790969516
    },
    {
      "error": null,
      "hostname": "rmdb13",
      "id": "rmdb13:37017",
      "port": 37017,
      "rsId": "tgtShard_0",
      "state": "FAILED",
      "stateUpdateTime": 1790969516
    },
    {
      "error": "<tgtCluster_tgtShard_0_42> [15:29:05.042] Plan execution failed on step MakeBackupDataAvailable as part of move RestoreRsMemberFromBackupPhase1 : <tgtCluster_tgtShard_0_42> [15:29:05.042] Failed to apply action. Result = <nil> : <tgtCluster_tgtShard_0_42> [15:29:05.042] Failed to download the snapshot : <tgtCluster_tgtShard_0_42> [15:29:05.042] Error while waiting for third party to copy backup to /fimongo1/data : <tgtCluster_tgtShard_0_42> [15:29:05.042] Observed error when trying to mark node as ready for copy files. : <tgtCluster_tgtShard_0_42> [15:29:05.042] Got return status 404 Not Found when trying to mark node ready for copy files.",
      "hostname": "rmdb1",
      "id": "rmdb1:37017",
      "port": 37017,
      "rsId": "tgtShard_0",
      "state": "FAILED",
      "stateUpdateTime": 1790969516
    },
    {
      "error": null,
      "hostname": "rmdb3",
      "id": "rmdb3:37017",
      "port": 37017,
      "rsId": "tgtShard_0",
      "state": "FAILED",
      "stateUpdateTime": 1790969516
    },
    {
      "error": null,
      "hostname": "rmdb11",
      "id": "rmdb11:37017",
      "port": 37017,
      "rsId": "tgtShard_0",
      "state": "FAILED",
      "stateUpdateTime": 1790969516
    },
    {
      "error": null,
      "hostname": "rmdb7",
      "id": "rmdb7:37017",
      "port": 37017,
      "rsId": "tgtconfigRS",
      "state": "FAILED",
      "stateUpdateTime": 1790969516
    },
    {
      "error": null,
      "hostname": "rmdb-config1",
      "id": "rmdb-config1:37017",
      "port": 37017,
      "rsId": "tgtconfigRS",
      "state": "FAILED",
      "stateUpdateTime": 1790969516
    },
    {
      "error": null,
      "hostname": "rmdb-config2",
      "id": "rmdb-config2:37017",
      "port": 37017,
      "rsId": "tgtconfigRS",
      "state": "FAILED",
      "stateUpdateTime": 1790969516
    }
  ],
  "state": "FAILED"
}
2026-10-02 14:38:09,032 [INFO] Restore state: FAILED
2026-10-02 14:38:19,032 [DEBUG] API GET http://129.40.36.100:8080/api/public/v1.0/backup/third_party/group/6a386221ee19a6537cc68a97/restore/6abf3847457a6b80701899fb
2026-10-02 14:38:19,174 [DEBUG] STATUS 200
2026-10-02 14:38:19,175 [DEBUG] {
  "clusterMapping": [
    {
      "rsId": "sgcShard_0",
      "targetRsId": "tgtShard_0"
    },
    {
      "rsId": "sgcShard_1",
      "targetRsId": "tgtShard_1"
    },
    {
      "rsId": "configRS",
      "targetRsId": "tgtconfigRS"
    }
  ],
  "nodes": [
    {
      "error": null,
      "hostname": "rmdb12",
      "id": "rmdb12:37017",
      "port": 37017,
      "rsId": "tgtShard_1",
      "state": "FAILED",
      "stateUpdateTime": 1790969516
    },
    {
      "error": null,
      "hostname": "rmdb14",
      "id": "rmdb14:37017",
      "port": 37017,
      "rsId": "tgtShard_1",
      "state": "FAILED",
      "stateUpdateTime": 1790969516
    },
    {
      "error": null,
      "hostname": "rmdb9",
      "id": "rmdb9:37017",
      "port": 37017,
      "rsId": "tgtShard_1",
      "state": "FAILED",
      "stateUpdateTime": 1790969516
    },
    {
      "error": null,
      "hostname": "rmdb4",
      "id": "rmdb4:37017",
      "port": 37017,
      "rsId": "tgtShard_1",
      "state": "FAILED",
      "stateUpdateTime": 1790969516
    },
    {
      "error": null,
      "hostname": "rmdb2",
      "id": "rmdb2:37017",
      "port": 37017,
      "rsId": "tgtShard_1",
      "state": "FAILED",
      "stateUpdateTime": 1790969516
    },
    {
      "error": null,
      "hostname": "rmdb8",
      "id": "rmdb8:37017",
      "port": 37017,
      "rsId": "tgtShard_0",
      "state": "FAILED",
      "stateUpdateTime": 1790969516
    },
    {
      "error": null,
      "hostname": "rmdb13",
      "id": "rmdb13:37017",
      "port": 37017,
      "rsId": "tgtShard_0",
      "state": "FAILED",
      "stateUpdateTime": 1790969516
    },
    {
      "error": "<tgtCluster_tgtShard_0_42> [15:29:05.042] Plan execution failed on step MakeBackupDataAvailable as part of move RestoreRsMemberFromBackupPhase1 : <tgtCluster_tgtShard_0_42> [15:29:05.042] Failed to apply action. Result = <nil> : <tgtCluster_tgtShard_0_42> [15:29:05.042] Failed to download the snapshot : <tgtCluster_tgtShard_0_42> [15:29:05.042] Error while waiting for third party to copy backup to /fimongo1/data : <tgtCluster_tgtShard_0_42> [15:29:05.042] Observed error when trying to mark node as ready for copy files. : <tgtCluster_tgtShard_0_42> [15:29:05.042] Got return status 404 Not Found when trying to mark node ready for copy files.",
      "hostname": "rmdb1",
      "id": "rmdb1:37017",
      "port": 37017,
      "rsId": "tgtShard_0",
      "state": "FAILED",
      "stateUpdateTime": 1790969516
    },
    {
      "error": null,
      "hostname": "rmdb3",
      "id": "rmdb3:37017",
      "port": 37017,
      "rsId": "tgtShard_0",
      "state": "FAILED",
      "stateUpdateTime": 1790969516
    },
    {
      "error": null,
      "hostname": "rmdb11",
      "id": "rmdb11:37017",
      "port": 37017,
      "rsId": "tgtShard_0",
      "state": "FAILED",
      "stateUpdateTime": 1790969516
    },
    {
      "error": null,
      "hostname": "rmdb7",
      "id": "rmdb7:37017",
      "port": 37017,
      "rsId": "tgtconfigRS",
      "state": "FAILED",
      "stateUpdateTime": 1790969516
    },
    {
      "error": null,
      "hostname": "rmdb-config1",
      "id": "rmdb-config1:37017",
      "port": 37017,
      "rsId": "tgtconfigRS",
      "state": "FAILED",
      "stateUpdateTime": 1790969516
    },
    {
      "error": null,
      "hostname": "rmdb-config2",
      "id": "rmdb-config2:37017",
      "port": 37017,
      "rsId": "tgtconfigRS",
      "state": "FAILED",
      "stateUpdateTime": 1790969516
    }
  ],
  "state": "FAILED"
}
2026-10-02 14:38:19,175 [INFO] Restore state: FAILED
2026-10-02 14:38:29,175 [DEBUG] API GET http://129.40.36.100:8080/api/public/v1.0/backup/third_party/group/6a386221ee19a6537cc68a97/restore/6abf3847457a6b80701899fb
2026-10-02 14:38:29,338 [DEBUG] STATUS 200
2026-10-02 14:38:29,339 [DEBUG] {
  "clusterMapping": [
    {
      "rsId": "sgcShard_0",
      "targetRsId": "tgtShard_0"
    },
    {
      "rsId": "sgcShard_1",
      "targetRsId": "tgtShard_1"
    },
    {
      "rsId": "configRS",
      "targetRsId": "tgtconfigRS"
    }
  ],
  "nodes": [
    {
      "error": null,
      "hostname": "rmdb12",
      "id": "rmdb12:37017",
      "port": 37017,
      "rsId": "tgtShard_1",
      "state": "FAILED",
      "stateUpdateTime": 1790969516
    },
    {
      "error": null,
      "hostname": "rmdb14",
      "id": "rmdb14:37017",
      "port": 37017,
      "rsId": "tgtShard_1",
      "state": "FAILED",
      "stateUpdateTime": 1790969516
    },
    {
      "error": null,
      "hostname": "rmdb9",
      "id": "rmdb9:37017",
      "port": 37017,
      "rsId": "tgtShard_1",
      "state": "FAILED",
      "stateUpdateTime": 1790969516
    },
    {
      "error": null,
      "hostname": "rmdb4",
      "id": "rmdb4:37017",
      "port": 37017,
      "rsId": "tgtShard_1",
      "state": "FAILED",
      "stateUpdateTime": 1790969516
    },
    {
      "error": null,
      "hostname": "rmdb2",
      "id": "rmdb2:37017",
      "port": 37017,
      "rsId": "tgtShard_1",
      "state": "FAILED",
      "stateUpdateTime": 1790969516
    },
    {
      "error": null,
      "hostname": "rmdb8",
      "id": "rmdb8:37017",
      "port": 37017,
      "rsId": "tgtShard_0",
      "state": "FAILED",
      "stateUpdateTime": 1790969516
    },
    {
      "error": null,
      "hostname": "rmdb13",
      "id": "rmdb13:37017",
      "port": 37017,
      "rsId": "tgtShard_0",
      "state": "FAILED",
      "stateUpdateTime": 1790969516
    },
    {
      "error": "<tgtCluster_tgtShard_0_42> [15:29:05.042] Plan execution failed on step MakeBackupDataAvailable as part of move RestoreRsMemberFromBackupPhase1 : <tgtCluster_tgtShard_0_42> [15:29:05.042] Failed to apply action. Result = <nil> : <tgtCluster_tgtShard_0_42> [15:29:05.042] Failed to download the snapshot : <tgtCluster_tgtShard_0_42> [15:29:05.042] Error while waiting for third party to copy backup to /fimongo1/data : <tgtCluster_tgtShard_0_42> [15:29:05.042] Observed error when trying to mark node as ready for copy files. : <tgtCluster_tgtShard_0_42> [15:29:05.042] Got return status 404 Not Found when trying to mark node ready for copy files.",
      "hostname": "rmdb1",
      "id": "rmdb1:37017",
      "port": 37017,
      "rsId": "tgtShard_0",
      "state": "FAILED",
      "stateUpdateTime": 1790969516
    },
    {
      "error": null,
      "hostname": "rmdb3",
      "id": "rmdb3:37017",
      "port": 37017,
      "rsId": "tgtShard_0",
      "state": "FAILED",
      "stateUpdateTime": 1790969516
    },
    {
      "error": null,
      "hostname": "rmdb11",
      "id": "rmdb11:37017",
      "port": 37017,
      "rsId": "tgtShard_0",
      "state": "FAILED",
      "stateUpdateTime": 1790969516
    },
    {
      "error": null,
      "hostname": "rmdb7",
      "id": "rmdb7:37017",
      "port": 37017,
      "rsId": "tgtconfigRS",
      "state": "FAILED",
      "stateUpdateTime": 1790969516
    },
    {
      "error": null,
      "hostname": "rmdb-config1",
      "id": "rmdb-config1:37017",
      "port": 37017,
      "rsId": "tgtconfigRS",
      "state": "FAILED",
      "stateUpdateTime": 1790969516
    },
    {
      "error": null,
      "hostname": "rmdb-config2",
      "id": "rmdb-config2:37017",
      "port": 37017,
      "rsId": "tgtconfigRS",
      "state": "FAILED",
      "stateUpdateTime": 1790969516
    }
  ],
  "state": "FAILED"
}
2026-10-02 14:38:29,339 [INFO] Restore state: FAILED
2026-10-02 14:38:39,340 [DEBUG] API GET http://129.40.36.100:8080/api/public/v1.0/backup/third_party/group/6a386221ee19a6537cc68a97/restore/6abf3847457a6b80701899fb
2026-10-02 14:38:39,554 [DEBUG] STATUS 200
2026-10-02 14:38:39,555 [DEBUG] {
  "clusterMapping": [
    {
      "rsId": "sgcShard_0",
      "targetRsId": "tgtShard_0"
    },
    {
      "rsId": "sgcShard_1",
      "targetRsId": "tgtShard_1"
    },
    {
      "rsId": "configRS",
      "targetRsId": "tgtconfigRS"
    }
  ],
  "nodes": [
    {
      "error": null,
      "hostname": "rmdb12",
      "id": "rmdb12:37017",
      "port": 37017,
      "rsId": "tgtShard_1",
      "state": "FAILED",
      "stateUpdateTime": 1790969516
    },
    {
      "error": null,
      "hostname": "rmdb14",
      "id": "rmdb14:37017",
      "port": 37017,
      "rsId": "tgtShard_1",
      "state": "FAILED",
      "stateUpdateTime": 1790969516
    },
    {
      "error": null,
      "hostname": "rmdb9",
      "id": "rmdb9:37017",
      "port": 37017,
      "rsId": "tgtShard_1",
      "state": "FAILED",
      "stateUpdateTime": 1790969516
    },
    {
      "error": null,
      "hostname": "rmdb4",
      "id": "rmdb4:37017",
      "port": 37017,
      "rsId": "tgtShard_1",
      "state": "FAILED",
      "stateUpdateTime": 1790969516
    },
    {
      "error": null,
      "hostname": "rmdb2",
      "id": "rmdb2:37017",
      "port": 37017,
      "rsId": "tgtShard_1",
      "state": "FAILED",
      "stateUpdateTime": 1790969516
    },
    {
      "error": null,
      "hostname": "rmdb8",
      "id": "rmdb8:37017",
      "port": 37017,
      "rsId": "tgtShard_0",
      "state": "FAILED",
      "stateUpdateTime": 1790969516
    },
    {
      "error": null,
      "hostname": "rmdb13",
      "id": "rmdb13:37017",
      "port": 37017,
      "rsId": "tgtShard_0",
      "state": "FAILED",
      "stateUpdateTime": 1790969516
    },
    {
      "error": "<tgtCluster_tgtShard_0_42> [15:29:05.042] Plan execution failed on step MakeBackupDataAvailable as part of move RestoreRsMemberFromBackupPhase1 : <tgtCluster_tgtShard_0_42> [15:29:05.042] Failed to apply action. Result = <nil> : <tgtCluster_tgtShard_0_42> [15:29:05.042] Failed to download the snapshot : <tgtCluster_tgtShard_0_42> [15:29:05.042] Error while waiting for third party to copy backup to /fimongo1/data : <tgtCluster_tgtShard_0_42> [15:29:05.042] Observed error when trying to mark node as ready for copy files. : <tgtCluster_tgtShard_0_42> [15:29:05.042] Got return status 404 Not Found when trying to mark node ready for copy files.",
      "hostname": "rmdb1",
      "id": "rmdb1:37017",
      "port": 37017,
      "rsId": "tgtShard_0",
      "state": "FAILED",
      "stateUpdateTime": 1790969516
    },
    {
      "error": null,
      "hostname": "rmdb3",
      "id": "rmdb3:37017",
      "port": 37017,
      "rsId": "tgtShard_0",
      "state": "FAILED",
      "stateUpdateTime": 1790969516
    },
    {
      "error": null,
      "hostname": "rmdb11",
      "id": "rmdb11:37017",
      "port": 37017,
      "rsId": "tgtShard_0",
      "state": "FAILED",
      "stateUpdateTime": 1790969516
    },
    {
      "error": null,
      "hostname": "rmdb7",
      "id": "rmdb7:37017",
      "port": 37017,
      "rsId": "tgtconfigRS",
      "state": "FAILED",
      "stateUpdateTime": 1790969516
    },
    {
      "error": null,
      "hostname": "rmdb-config1",
      "id": "rmdb-config1:37017",
      "port": 37017,
      "rsId": "tgtconfigRS",
      "state": "FAILED",
      "stateUpdateTime": 1790969516
    },
    {
      "error": null,
      "hostname": "rmdb-config2",
      "id": "rmdb-config2:37017",
      "port": 37017,
      "rsId": "tgtconfigRS",
      "state": "FAILED",
      "stateUpdateTime": 1790969516
    }
  ],
  "state": "FAILED"
}
2026-10-02 14:38:39,555 [INFO] Restore state: FAILED
2026-10-02 14:38:49,556 [DEBUG] API GET http://129.40.36.100:8080/api/public/v1.0/backup/third_party/group/6a386221ee19a6537cc68a97/restore/6abf3847457a6b80701899fb
2026-10-02 14:38:49,695 [DEBUG] STATUS 200
2026-10-02 14:38:49,696 [DEBUG] {
  "clusterMapping": [
    {
      "rsId": "sgcShard_0",
      "targetRsId": "tgtShard_0"
    },
    {
      "rsId": "sgcShard_1",
      "targetRsId": "tgtShard_1"
    },
    {
      "rsId": "configRS",
      "targetRsId": "tgtconfigRS"
    }
  ],
  "nodes": [
    {
      "error": null,
      "hostname": "rmdb12",
      "id": "rmdb12:37017",
      "port": 37017,
      "rsId": "tgtShard_1",
      "state": "FAILED",
      "stateUpdateTime": 1790969516
    },
    {
      "error": null,
      "hostname": "rmdb14",
      "id": "rmdb14:37017",
      "port": 37017,
      "rsId": "tgtShard_1",
      "state": "FAILED",
      "stateUpdateTime": 1790969516
    },
    {
      "error": null,
      "hostname": "rmdb9",
      "id": "rmdb9:37017",
      "port": 37017,
      "rsId": "tgtShard_1",
      "state": "FAILED",
      "stateUpdateTime": 1790969516
    },
    {
      "error": null,
      "hostname": "rmdb4",
      "id": "rmdb4:37017",
      "port": 37017,
      "rsId": "tgtShard_1",
      "state": "FAILED",
      "stateUpdateTime": 1790969516
    },
    {
      "error": null,
      "hostname": "rmdb2",
      "id": "rmdb2:37017",
      "port": 37017,
      "rsId": "tgtShard_1",
      "state": "FAILED",
      "stateUpdateTime": 1790969516
    },
    {
      "error": null,
      "hostname": "rmdb8",
      "id": "rmdb8:37017",
      "port": 37017,
      "rsId": "tgtShard_0",
      "state": "FAILED",
      "stateUpdateTime": 1790969516
    },
    {
      "error": null,
      "hostname": "rmdb13",
      "id": "rmdb13:37017",
      "port": 37017,
      "rsId": "tgtShard_0",
      "state": "FAILED",
      "stateUpdateTime": 1790969516
    },
    {
      "error": "<tgtCluster_tgtShard_0_42> [15:29:05.042] Plan execution failed on step MakeBackupDataAvailable as part of move RestoreRsMemberFromBackupPhase1 : <tgtCluster_tgtShard_0_42> [15:29:05.042] Failed to apply action. Result = <nil> : <tgtCluster_tgtShard_0_42> [15:29:05.042] Failed to download the snapshot : <tgtCluster_tgtShard_0_42> [15:29:05.042] Error while waiting for third party to copy backup to /fimongo1/data : <tgtCluster_tgtShard_0_42> [15:29:05.042] Observed error when trying to mark node as ready for copy files. : <tgtCluster_tgtShard_0_42> [15:29:05.042] Got return status 404 Not Found when trying to mark node ready for copy files.",
      "hostname": "rmdb1",
      "id": "rmdb1:37017",
      "port": 37017,
      "rsId": "tgtShard_0",
      "state": "FAILED",
      "stateUpdateTime": 1790969516
    },
    {
      "error": null,
      "hostname": "rmdb3",
      "id": "rmdb3:37017",
      "port": 37017,
      "rsId": "tgtShard_0",
      "state": "FAILED",
      "stateUpdateTime": 1790969516
    },
    {
      "error": null,
      "hostname": "rmdb11",
      "id": "rmdb11:37017",
      "port": 37017,
      "rsId": "tgtShard_0",
      "state": "FAILED",
      "stateUpdateTime": 1790969516
    },
    {
      "error": null,
      "hostname": "rmdb7",
      "id": "rmdb7:37017",
      "port": 37017,
      "rsId": "tgtconfigRS",
      "state": "FAILED",
      "stateUpdateTime": 1790969516
    },
    {
      "error": null,
      "hostname": "rmdb-config1",
      "id": "rmdb-config1:37017",
      "port": 37017,
      "rsId": "tgtconfigRS",
      "state": "FAILED",
      "stateUpdateTime": 1790969516
    },
    {
      "error": null,
      "hostname": "rmdb-config2",
      "id": "rmdb-config2:37017",
      "port": 37017,
      "rsId": "tgtconfigRS",
      "state": "FAILED",
      "stateUpdateTime": 1790969516
    }
  ],
  "state": "FAILED"
}
2026-10-02 14:38:49,696 [INFO] Restore state: FAILED
2026-10-02 14:38:59,696 [DEBUG] API GET http://129.40.36.100:8080/api/public/v1.0/backup/third_party/group/6a386221ee19a6537cc68a97/restore/6abf3847457a6b80701899fb
2026-10-02 14:38:59,837 [DEBUG] STATUS 200
2026-10-02 14:38:59,838 [DEBUG] {
  "clusterMapping": [
    {
      "rsId": "sgcShard_0",
      "targetRsId": "tgtShard_0"
    },
    {
      "rsId": "sgcShard_1",
      "targetRsId": "tgtShard_1"
    },
    {
      "rsId": "configRS",
      "targetRsId": "tgtconfigRS"
    }
  ],
  "nodes": [
    {
      "error": null,
      "hostname": "rmdb12",
      "id": "rmdb12:37017",
      "port": 37017,
      "rsId": "tgtShard_1",
      "state": "FAILED",
      "stateUpdateTime": 1790969516
    },
    {
      "error": null,
      "hostname": "rmdb14",
      "id": "rmdb14:37017",
      "port": 37017,
      "rsId": "tgtShard_1",
      "state": "FAILED",
      "stateUpdateTime": 1790969516
    },
    {
      "error": null,
      "hostname": "rmdb9",
      "id": "rmdb9:37017",
      "port": 37017,
      "rsId": "tgtShard_1",
      "state": "FAILED",
      "stateUpdateTime": 1790969516
    },
    {
      "error": null,
      "hostname": "rmdb4",
      "id": "rmdb4:37017",
      "port": 37017,
      "rsId": "tgtShard_1",
      "state": "FAILED",
      "stateUpdateTime": 1790969516
    },
    {
      "error": null,
      "hostname": "rmdb2",
      "id": "rmdb2:37017",
      "port": 37017,
      "rsId": "tgtShard_1",
      "state": "FAILED",
      "stateUpdateTime": 1790969516
    },
    {
      "error": null,
      "hostname": "rmdb8",
      "id": "rmdb8:37017",
      "port": 37017,
      "rsId": "tgtShard_0",
      "state": "FAILED",
      "stateUpdateTime": 1790969516
    },
    {
      "error": null,
      "hostname": "rmdb13",
      "id": "rmdb13:37017",
      "port": 37017,
      "rsId": "tgtShard_0",
      "state": "FAILED",
      "stateUpdateTime": 1790969516
    },
    {
      "error": "<tgtCluster_tgtShard_0_42> [15:29:05.042] Plan execution failed on step MakeBackupDataAvailable as part of move RestoreRsMemberFromBackupPhase1 : <tgtCluster_tgtShard_0_42> [15:29:05.042] Failed to apply action. Result = <nil> : <tgtCluster_tgtShard_0_42> [15:29:05.042] Failed to download the snapshot : <tgtCluster_tgtShard_0_42> [15:29:05.042] Error while waiting for third party to copy backup to /fimongo1/data : <tgtCluster_tgtShard_0_42> [15:29:05.042] Observed error when trying to mark node as ready for copy files. : <tgtCluster_tgtShard_0_42> [15:29:05.042] Got return status 404 Not Found when trying to mark node ready for copy files.",
      "hostname": "rmdb1",
      "id": "rmdb1:37017",
      "port": 37017,
      "rsId": "tgtShard_0",
      "state": "FAILED",
      "stateUpdateTime": 1790969516
    },
    {
      "error": null,
      "hostname": "rmdb3",
      "id": "rmdb3:37017",
      "port": 37017,
      "rsId": "tgtShard_0",
      "state": "FAILED",
      "stateUpdateTime": 1790969516
    },
    {
      "error": null,
      "hostname": "rmdb11",
      "id": "rmdb11:37017",
      "port": 37017,
      "rsId": "tgtShard_0",
      "state": "FAILED",
      "stateUpdateTime": 1790969516
    },
    {
      "error": null,
      "hostname": "rmdb7",
      "id": "rmdb7:37017",
      "port": 37017,
      "rsId": "tgtconfigRS",
      "state": "FAILED",
      "stateUpdateTime": 1790969516
    },
    {
      "error": null,
      "hostname": "rmdb-config1",
      "id": "rmdb-config1:37017",
      "port": 37017,
      "rsId": "tgtconfigRS",
      "state": "FAILED",
      "stateUpdateTime": 1790969516
    },
    {
      "error": null,
      "hostname": "rmdb-config2",
      "id": "rmdb-config2:37017",
      "port": 37017,
      "rsId": "tgtconfigRS",
      "state": "FAILED",
      "stateUpdateTime": 1790969516
    }
  ],
  "state": "FAILED"
}
2026-10-02 14:38:59,838 [INFO] Restore state: FAILED
2026-10-02 14:39:09,839 [DEBUG] API GET http://129.40.36.100:8080/api/public/v1.0/backup/third_party/group/6a386221ee19a6537cc68a97/restore/6abf3847457a6b80701899fb
2026-10-02 14:39:09,981 [DEBUG] STATUS 200
2026-10-02 14:39:09,982 [DEBUG] {
  "clusterMapping": [
    {
      "rsId": "sgcShard_0",
      "targetRsId": "tgtShard_0"
    },
    {
      "rsId": "sgcShard_1",
      "targetRsId": "tgtShard_1"
    },
    {
      "rsId": "configRS",
      "targetRsId": "tgtconfigRS"
    }
  ],
  "nodes": [
    {
      "error": null,
      "hostname": "rmdb12",
      "id": "rmdb12:37017",
      "port": 37017,
      "rsId": "tgtShard_1",
      "state": "FAILED",
      "stateUpdateTime": 1790969516
    },
    {
      "error": null,
      "hostname": "rmdb14",
      "id": "rmdb14:37017",
      "port": 37017,
      "rsId": "tgtShard_1",
      "state": "FAILED",
      "stateUpdateTime": 1790969516
    },
    {
      "error": null,
      "hostname": "rmdb9",
      "id": "rmdb9:37017",
      "port": 37017,
      "rsId": "tgtShard_1",
      "state": "FAILED",
      "stateUpdateTime": 1790969516
    },
    {
      "error": null,
      "hostname": "rmdb4",
      "id": "rmdb4:37017",
      "port": 37017,
      "rsId": "tgtShard_1",
      "state": "FAILED",
      "stateUpdateTime": 1790969516
    },
    {
      "error": null,
      "hostname": "rmdb2",
      "id": "rmdb2:37017",
      "port": 37017,
      "rsId": "tgtShard_1",
      "state": "FAILED",
      "stateUpdateTime": 1790969516
    },
    {
      "error": null,
      "hostname": "rmdb8",
      "id": "rmdb8:37017",
      "port": 37017,
      "rsId": "tgtShard_0",
      "state": "FAILED",
      "stateUpdateTime": 1790969516
    },
    {
      "error": null,
      "hostname": "rmdb13",
      "id": "rmdb13:37017",
      "port": 37017,
      "rsId": "tgtShard_0",
      "state": "FAILED",
      "stateUpdateTime": 1790969516
    },
    {
      "error": "<tgtCluster_tgtShard_0_42> [15:29:05.042] Plan execution failed on step MakeBackupDataAvailable as part of move RestoreRsMemberFromBackupPhase1 : <tgtCluster_tgtShard_0_42> [15:29:05.042] Failed to apply action. Result = <nil> : <tgtCluster_tgtShard_0_42> [15:29:05.042] Failed to download the snapshot : <tgtCluster_tgtShard_0_42> [15:29:05.042] Error while waiting for third party to copy backup to /fimongo1/data : <tgtCluster_tgtShard_0_42> [15:29:05.042] Observed error when trying to mark node as ready for copy files. : <tgtCluster_tgtShard_0_42> [15:29:05.042] Got return status 404 Not Found when trying to mark node ready for copy files.",
      "hostname": "rmdb1",
      "id": "rmdb1:37017",
      "port": 37017,
      "rsId": "tgtShard_0",
      "state": "FAILED",
      "stateUpdateTime": 1790969516
    },
    {
      "error": null,
      "hostname": "rmdb3",
      "id": "rmdb3:37017",
      "port": 37017,
      "rsId": "tgtShard_0",
      "state": "FAILED",
      "stateUpdateTime": 1790969516
    },
    {
      "error": null,
      "hostname": "rmdb11",
      "id": "rmdb11:37017",
      "port": 37017,
      "rsId": "tgtShard_0",
      "state": "FAILED",
      "stateUpdateTime": 1790969516
    },
    {
      "error": null,
      "hostname": "rmdb7",
      "id": "rmdb7:37017",
      "port": 37017,
      "rsId": "tgtconfigRS",
      "state": "FAILED",
      "stateUpdateTime": 1790969516
    },
    {
      "error": null,
      "hostname": "rmdb-config1",
      "id": "rmdb-config1:37017",
      "port": 37017,
      "rsId": "tgtconfigRS",
      "state": "FAILED",
      "stateUpdateTime": 1790969516
    },
    {
      "error": null,
      "hostname": "rmdb-config2",
      "id": "rmdb-config2:37017",
      "port": 37017,
      "rsId": "tgtconfigRS",
      "state": "FAILED",
      "stateUpdateTime": 1790969516
    }
  ],
  "state": "FAILED"
}
2026-10-02 14:39:09,982 [INFO] Restore state: FAILED
2026-10-02 14:39:19,982 [DEBUG] API GET http://129.40.36.100:8080/api/public/v1.0/backup/third_party/group/6a386221ee19a6537cc68a97/restore/6abf3847457a6b80701899fb
2026-10-02 14:39:20,125 [DEBUG] STATUS 200
2026-10-02 14:39:20,125 [DEBUG] {
  "clusterMapping": [
    {
      "rsId": "sgcShard_0",
      "targetRsId": "tgtShard_0"
    },
    {
      "rsId": "sgcShard_1",
      "targetRsId": "tgtShard_1"
    },
    {
      "rsId": "configRS",
      "targetRsId": "tgtconfigRS"
    }
  ],
  "nodes": [
    {
      "error": null,
      "hostname": "rmdb12",
      "id": "rmdb12:37017",
      "port": 37017,
      "rsId": "tgtShard_1",
      "state": "FAILED",
      "stateUpdateTime": 1790969516
    },
    {
      "error": null,
      "hostname": "rmdb14",
      "id": "rmdb14:37017",
      "port": 37017,
      "rsId": "tgtShard_1",
      "state": "FAILED",
      "stateUpdateTime": 1790969516
    },
    {
      "error": null,
      "hostname": "rmdb9",
      "id": "rmdb9:37017",
      "port": 37017,
      "rsId": "tgtShard_1",
      "state": "FAILED",
      "stateUpdateTime": 1790969516
    },
    {
      "error": null,
      "hostname": "rmdb4",
      "id": "rmdb4:37017",
      "port": 37017,
      "rsId": "tgtShard_1",
      "state": "FAILED",
      "stateUpdateTime": 1790969516
    },
    {
      "error": null,
      "hostname": "rmdb2",
      "id": "rmdb2:37017",
      "port": 37017,
      "rsId": "tgtShard_1",
      "state": "FAILED",
      "stateUpdateTime": 1790969516
    },
    {
      "error": null,
      "hostname": "rmdb8",
      "id": "rmdb8:37017",
      "port": 37017,
      "rsId": "tgtShard_0",
      "state": "FAILED",
      "stateUpdateTime": 1790969516
    },
    {
      "error": null,
      "hostname": "rmdb13",
      "id": "rmdb13:37017",
      "port": 37017,
      "rsId": "tgtShard_0",
      "state": "FAILED",
      "stateUpdateTime": 1790969516
    },
    {
      "error": "<tgtCluster_tgtShard_0_42> [15:29:05.042] Plan execution failed on step MakeBackupDataAvailable as part of move RestoreRsMemberFromBackupPhase1 : <tgtCluster_tgtShard_0_42> [15:29:05.042] Failed to apply action. Result = <nil> : <tgtCluster_tgtShard_0_42> [15:29:05.042] Failed to download the snapshot : <tgtCluster_tgtShard_0_42> [15:29:05.042] Error while waiting for third party to copy backup to /fimongo1/data : <tgtCluster_tgtShard_0_42> [15:29:05.042] Observed error when trying to mark node as ready for copy files. : <tgtCluster_tgtShard_0_42> [15:29:05.042] Got return status 404 Not Found when trying to mark node ready for copy files.",
      "hostname": "rmdb1",
      "id": "rmdb1:37017",
      "port": 37017,
      "rsId": "tgtShard_0",
      "state": "FAILED",
      "stateUpdateTime": 1790969516
    },
    {
      "error": null,
      "hostname": "rmdb3",
      "id": "rmdb3:37017",
      "port": 37017,
      "rsId": "tgtShard_0",
      "state": "FAILED",
      "stateUpdateTime": 1790969516
    },
    {
      "error": null,
      "hostname": "rmdb11",
      "id": "rmdb11:37017",
      "port": 37017,
      "rsId": "tgtShard_0",
      "state": "FAILED",
      "stateUpdateTime": 1790969516
    },
    {
      "error": null,
      "hostname": "rmdb7",
      "id": "rmdb7:37017",
      "port": 37017,
      "rsId": "tgtconfigRS",
      "state": "FAILED",
      "stateUpdateTime": 1790969516
    },
    {
      "error": null,
      "hostname": "rmdb-config1",
      "id": "rmdb-config1:37017",
      "port": 37017,
      "rsId": "tgtconfigRS",
      "state": "FAILED",
      "stateUpdateTime": 1790969516
    },
    {
      "error": null,
      "hostname": "rmdb-config2",
      "id": "rmdb-config2:37017",
      "port": 37017,
      "rsId": "tgtconfigRS",
      "state": "FAILED",
      "stateUpdateTime": 1790969516
    }
  ],
  "state": "FAILED"
}
2026-10-02 14:39:20,125 [INFO] Restore state: FAILED
2026-10-02 14:39:30,126 [DEBUG] API GET http://129.40.36.100:8080/api/public/v1.0/backup/third_party/group/6a386221ee19a6537cc68a97/restore/6abf3847457a6b80701899fb
2026-10-02 14:39:30,267 [DEBUG] STATUS 200
2026-10-02 14:39:30,268 [DEBUG] {
  "clusterMapping": [
    {
      "rsId": "sgcShard_0",
      "targetRsId": "tgtShard_0"
    },
    {
      "rsId": "sgcShard_1",
      "targetRsId": "tgtShard_1"
    },
    {
      "rsId": "configRS",
      "targetRsId": "tgtconfigRS"
    }
  ],
  "nodes": [
    {
      "error": null,
      "hostname": "rmdb12",
      "id": "rmdb12:37017",
      "port": 37017,
      "rsId": "tgtShard_1",
      "state": "FAILED",
      "stateUpdateTime": 1790969516
    },
    {
      "error": null,
      "hostname": "rmdb14",
      "id": "rmdb14:37017",
      "port": 37017,
      "rsId": "tgtShard_1",
      "state": "FAILED",
      "stateUpdateTime": 1790969516
    },
    {
      "error": null,
      "hostname": "rmdb9",
      "id": "rmdb9:37017",
      "port": 37017,
      "rsId": "tgtShard_1",
      "state": "FAILED",
      "stateUpdateTime": 1790969516
    },
    {
      "error": null,
      "hostname": "rmdb4",
      "id": "rmdb4:37017",
      "port": 37017,
      "rsId": "tgtShard_1",
      "state": "FAILED",
      "stateUpdateTime": 1790969516
    },
    {
      "error": null,
      "hostname": "rmdb2",
      "id": "rmdb2:37017",
      "port": 37017,
      "rsId": "tgtShard_1",
      "state": "FAILED",
      "stateUpdateTime": 1790969516
    },
    {
      "error": null,
      "hostname": "rmdb8",
      "id": "rmdb8:37017",
      "port": 37017,
      "rsId": "tgtShard_0",
      "state": "FAILED",
      "stateUpdateTime": 1790969516
    },
    {
      "error": null,
      "hostname": "rmdb13",
      "id": "rmdb13:37017",
      "port": 37017,
      "rsId": "tgtShard_0",
      "state": "FAILED",
      "stateUpdateTime": 1790969516
    },
    {
      "error": "<tgtCluster_tgtShard_0_42> [15:29:05.042] Plan execution failed on step MakeBackupDataAvailable as part of move RestoreRsMemberFromBackupPhase1 : <tgtCluster_tgtShard_0_42> [15:29:05.042] Failed to apply action. Result = <nil> : <tgtCluster_tgtShard_0_42> [15:29:05.042] Failed to download the snapshot : <tgtCluster_tgtShard_0_42> [15:29:05.042] Error while waiting for third party to copy backup to /fimongo1/data : <tgtCluster_tgtShard_0_42> [15:29:05.042] Observed error when trying to mark node as ready for copy files. : <tgtCluster_tgtShard_0_42> [15:29:05.042] Got return status 404 Not Found when trying to mark node ready for copy files.",
      "hostname": "rmdb1",
      "id": "rmdb1:37017",
      "port": 37017,
      "rsId": "tgtShard_0",
      "state": "FAILED",
      "stateUpdateTime": 1790969516
    },
    {
      "error": null,
      "hostname": "rmdb3",
      "id": "rmdb3:37017",
      "port": 37017,
      "rsId": "tgtShard_0",
      "state": "FAILED",
      "stateUpdateTime": 1790969516
    },
    {
      "error": null,
      "hostname": "rmdb11",
      "id": "rmdb11:37017",
      "port": 37017,
      "rsId": "tgtShard_0",
      "state": "FAILED",
      "stateUpdateTime": 1790969516
    },
    {
      "error": null,
      "hostname": "rmdb7",
      "id": "rmdb7:37017",
      "port": 37017,
      "rsId": "tgtconfigRS",
      "state": "FAILED",
      "stateUpdateTime": 1790969516
    },
    {
      "error": null,
      "hostname": "rmdb-config1",
      "id": "rmdb-config1:37017",
      "port": 37017,
      "rsId": "tgtconfigRS",
      "state": "FAILED",
      "stateUpdateTime": 1790969516
    },
    {
      "error": null,
      "hostname": "rmdb-config2",
      "id": "rmdb-config2:37017",
      "port": 37017,
      "rsId": "tgtconfigRS",
      "state": "FAILED",
      "stateUpdateTime": 1790969516
    }
  ],
  "state": "FAILED"
}
2026-10-02 14:39:30,268 [INFO] Restore state: FAILED
2026-10-02 14:39:40,269 [DEBUG] API GET http://129.40.36.100:8080/api/public/v1.0/backup/third_party/group/6a386221ee19a6537cc68a97/restore/6abf3847457a6b80701899fb
2026-10-02 14:39:40,488 [DEBUG] STATUS 200
2026-10-02 14:39:40,488 [DEBUG] {
  "clusterMapping": [
    {
      "rsId": "sgcShard_0",
      "targetRsId": "tgtShard_0"
    },
    {
      "rsId": "sgcShard_1",
      "targetRsId": "tgtShard_1"
    },
    {
      "rsId": "configRS",
      "targetRsId": "tgtconfigRS"
    }
  ],
  "nodes": [
    {
      "error": null,
      "hostname": "rmdb12",
      "id": "rmdb12:37017",
      "port": 37017,
      "rsId": "tgtShard_1",
      "state": "FAILED",
      "stateUpdateTime": 1790969516
    },
    {
      "error": null,
      "hostname": "rmdb14",
      "id": "rmdb14:37017",
      "port": 37017,
      "rsId": "tgtShard_1",
      "state": "FAILED",
      "stateUpdateTime": 1790969516
    },
    {
      "error": null,
      "hostname": "rmdb9",
      "id": "rmdb9:37017",
      "port": 37017,
      "rsId": "tgtShard_1",
      "state": "FAILED",
      "stateUpdateTime": 1790969516
    },
    {
      "error": null,
      "hostname": "rmdb4",
      "id": "rmdb4:37017",
      "port": 37017,
      "rsId": "tgtShard_1",
      "state": "FAILED",
      "stateUpdateTime": 1790969516
    },
    {
      "error": null,
      "hostname": "rmdb2",
      "id": "rmdb2:37017",
      "port": 37017,
      "rsId": "tgtShard_1",
      "state": "FAILED",
      "stateUpdateTime": 1790969516
    },
    {
      "error": null,
      "hostname": "rmdb8",
      "id": "rmdb8:37017",
      "port": 37017,
      "rsId": "tgtShard_0",
      "state": "FAILED",
      "stateUpdateTime": 1790969516
    },
    {
      "error": null,
      "hostname": "rmdb13",
      "id": "rmdb13:37017",
      "port": 37017,
      "rsId": "tgtShard_0",
      "state": "FAILED",
      "stateUpdateTime": 1790969516
    },
    {
      "error": "<tgtCluster_tgtShard_0_42> [15:29:05.042] Plan execution failed on step MakeBackupDataAvailable as part of move RestoreRsMemberFromBackupPhase1 : <tgtCluster_tgtShard_0_42> [15:29:05.042] Failed to apply action. Result = <nil> : <tgtCluster_tgtShard_0_42> [15:29:05.042] Failed to download the snapshot : <tgtCluster_tgtShard_0_42> [15:29:05.042] Error while waiting for third party to copy backup to /fimongo1/data : <tgtCluster_tgtShard_0_42> [15:29:05.042] Observed error when trying to mark node as ready for copy files. : <tgtCluster_tgtShard_0_42> [15:29:05.042] Got return status 404 Not Found when trying to mark node ready for copy files.",
      "hostname": "rmdb1",
      "id": "rmdb1:37017",
      "port": 37017,
      "rsId": "tgtShard_0",
      "state": "FAILED",
      "stateUpdateTime": 1790969516
    },
    {
      "error": null,
      "hostname": "rmdb3",
      "id": "rmdb3:37017",
      "port": 37017,
      "rsId": "tgtShard_0",
      "state": "FAILED",
      "stateUpdateTime": 1790969516
    },
    {
      "error": null,
      "hostname": "rmdb11",
      "id": "rmdb11:37017",
      "port": 37017,
      "rsId": "tgtShard_0",
      "state": "FAILED",
      "stateUpdateTime": 1790969516
    },
    {
      "error": null,
      "hostname": "rmdb7",
      "id": "rmdb7:37017",
      "port": 37017,
      "rsId": "tgtconfigRS",
      "state": "FAILED",
      "stateUpdateTime": 1790969516
    },
    {
      "error": null,
      "hostname": "rmdb-config1",
      "id": "rmdb-config1:37017",
      "port": 37017,
      "rsId": "tgtconfigRS",
      "state": "FAILED",
      "stateUpdateTime": 1790969516
    },
    {
      "error": null,
      "hostname": "rmdb-config2",
      "id": "rmdb-config2:37017",
      "port": 37017,
      "rsId": "tgtconfigRS",
      "state": "FAILED",
      "stateUpdateTime": 1790969516
    }
  ],
  "state": "FAILED"
}
2026-10-02 14:39:40,488 [INFO] Restore state: FAILED
2026-10-02 14:39:50,489 [DEBUG] API GET http://129.40.36.100:8080/api/public/v1.0/backup/third_party/group/6a386221ee19a6537cc68a97/restore/6abf3847457a6b80701899fb
2026-10-02 14:39:50,630 [DEBUG] STATUS 200
2026-10-02 14:39:50,630 [DEBUG] {
  "clusterMapping": [
    {
      "rsId": "sgcShard_0",
      "targetRsId": "tgtShard_0"
    },
    {
      "rsId": "sgcShard_1",
      "targetRsId": "tgtShard_1"
    },
    {
      "rsId": "configRS",
      "targetRsId": "tgtconfigRS"
    }
  ],
  "nodes": [
    {
      "error": null,
      "hostname": "rmdb12",
      "id": "rmdb12:37017",
      "port": 37017,
      "rsId": "tgtShard_1",
      "state": "FAILED",
      "stateUpdateTime": 1790969516
    },
    {
      "error": null,
      "hostname": "rmdb14",
      "id": "rmdb14:37017",
      "port": 37017,
      "rsId": "tgtShard_1",
      "state": "FAILED",
      "stateUpdateTime": 1790969516
    },
    {
      "error": null,
      "hostname": "rmdb9",
      "id": "rmdb9:37017",
      "port": 37017,
      "rsId": "tgtShard_1",
      "state": "FAILED",
      "stateUpdateTime": 1790969516
    },
    {
      "error": null,
      "hostname": "rmdb4",
      "id": "rmdb4:37017",
      "port": 37017,
      "rsId": "tgtShard_1",
      "state": "FAILED",
      "stateUpdateTime": 1790969516
    },
    {
      "error": null,
      "hostname": "rmdb2",
      "id": "rmdb2:37017",
      "port": 37017,
      "rsId": "tgtShard_1",
      "state": "FAILED",
      "stateUpdateTime": 1790969516
    },
    {
      "error": null,
      "hostname": "rmdb8",
      "id": "rmdb8:37017",
      "port": 37017,
      "rsId": "tgtShard_0",
      "state": "FAILED",
      "stateUpdateTime": 1790969516
    },
    {
      "error": null,
      "hostname": "rmdb13",
      "id": "rmdb13:37017",
      "port": 37017,
      "rsId": "tgtShard_0",
      "state": "FAILED",
      "stateUpdateTime": 1790969516
    },
    {
      "error": "<tgtCluster_tgtShard_0_42> [15:29:05.042] Plan execution failed on step MakeBackupDataAvailable as part of move RestoreRsMemberFromBackupPhase1 : <tgtCluster_tgtShard_0_42> [15:29:05.042] Failed to apply action. Result = <nil> : <tgtCluster_tgtShard_0_42> [15:29:05.042] Failed to download the snapshot : <tgtCluster_tgtShard_0_42> [15:29:05.042] Error while waiting for third party to copy backup to /fimongo1/data : <tgtCluster_tgtShard_0_42> [15:29:05.042] Observed error when trying to mark node as ready for copy files. : <tgtCluster_tgtShard_0_42> [15:29:05.042] Got return status 404 Not Found when trying to mark node ready for copy files.",
      "hostname": "rmdb1",
      "id": "rmdb1:37017",
      "port": 37017,
      "rsId": "tgtShard_0",
      "state": "FAILED",
      "stateUpdateTime": 1790969516
    },
    {
      "error": null,
      "hostname": "rmdb3",
      "id": "rmdb3:37017",
      "port": 37017,
      "rsId": "tgtShard_0",
      "state": "FAILED",
      "stateUpdateTime": 1790969516
    },
    {
      "error": null,
      "hostname": "rmdb11",
      "id": "rmdb11:37017",
      "port": 37017,
      "rsId": "tgtShard_0",
      "state": "FAILED",
      "stateUpdateTime": 1790969516
    },
    {
      "error": null,
      "hostname": "rmdb7",
      "id": "rmdb7:37017",
      "port": 37017,
      "rsId": "tgtconfigRS",
      "state": "FAILED",
      "stateUpdateTime": 1790969516
    },
    {
      "error": null,
      "hostname": "rmdb-config1",
      "id": "rmdb-config1:37017",
      "port": 37017,
      "rsId": "tgtconfigRS",
      "state": "FAILED",
      "stateUpdateTime": 1790969516
    },
    {
      "error": null,
      "hostname": "rmdb-config2",
      "id": "rmdb-config2:37017",
      "port": 37017,
      "rsId": "tgtconfigRS",
      "state": "FAILED",
      "stateUpdateTime": 1790969516
    }
  ],
  "state": "FAILED"
}
2026-10-02 14:39:50,630 [INFO] Restore state: FAILED
2026-10-02 14:40:00,631 [DEBUG] API GET http://129.40.36.100:8080/api/public/v1.0/backup/third_party/group/6a386221ee19a6537cc68a97/restore/6abf3847457a6b80701899fb
2026-10-02 14:40:00,775 [DEBUG] STATUS 200
2026-10-02 14:40:00,775 [DEBUG] {
  "clusterMapping": [
    {
      "rsId": "sgcShard_0",
      "targetRsId": "tgtShard_0"
    },
    {
      "rsId": "sgcShard_1",
      "targetRsId": "tgtShard_1"
    },
    {
      "rsId": "configRS",
      "targetRsId": "tgtconfigRS"
    }
  ],
  "nodes": [
    {
      "error": null,
      "hostname": "rmdb12",
      "id": "rmdb12:37017",
      "port": 37017,
      "rsId": "tgtShard_1",
      "state": "FAILED",
      "stateUpdateTime": 1790969516
    },
    {
      "error": null,
      "hostname": "rmdb14",
      "id": "rmdb14:37017",
      "port": 37017,
      "rsId": "tgtShard_1",
      "state": "FAILED",
      "stateUpdateTime": 1790969516
    },
    {
      "error": null,
      "hostname": "rmdb9",
      "id": "rmdb9:37017",
      "port": 37017,
      "rsId": "tgtShard_1",
      "state": "FAILED",
      "stateUpdateTime": 1790969516
    },
    {
      "error": null,
      "hostname": "rmdb4",
      "id": "rmdb4:37017",
      "port": 37017,
      "rsId": "tgtShard_1",
      "state": "FAILED",
      "stateUpdateTime": 1790969516
    },
    {
      "error": null,
      "hostname": "rmdb2",
      "id": "rmdb2:37017",
      "port": 37017,
      "rsId": "tgtShard_1",
      "state": "FAILED",
      "stateUpdateTime": 1790969516
    },
    {
      "error": null,
      "hostname": "rmdb8",
      "id": "rmdb8:37017",
      "port": 37017,
      "rsId": "tgtShard_0",
      "state": "FAILED",
      "stateUpdateTime": 1790969516
    },
    {
      "error": null,
      "hostname": "rmdb13",
      "id": "rmdb13:37017",
      "port": 37017,
      "rsId": "tgtShard_0",
      "state": "FAILED",
      "stateUpdateTime": 1790969516
    },
    {
      "error": "<tgtCluster_tgtShard_0_42> [15:29:05.042] Plan execution failed on step MakeBackupDataAvailable as part of move RestoreRsMemberFromBackupPhase1 : <tgtCluster_tgtShard_0_42> [15:29:05.042] Failed to apply action. Result = <nil> : <tgtCluster_tgtShard_0_42> [15:29:05.042] Failed to download the snapshot : <tgtCluster_tgtShard_0_42> [15:29:05.042] Error while waiting for third party to copy backup to /fimongo1/data : <tgtCluster_tgtShard_0_42> [15:29:05.042] Observed error when trying to mark node as ready for copy files. : <tgtCluster_tgtShard_0_42> [15:29:05.042] Got return status 404 Not Found when trying to mark node ready for copy files.",
      "hostname": "rmdb1",
      "id": "rmdb1:37017",
      "port": 37017,
      "rsId": "tgtShard_0",
      "state": "FAILED",
      "stateUpdateTime": 1790969516
    },
    {
      "error": null,
      "hostname": "rmdb3",
      "id": "rmdb3:37017",
      "port": 37017,
      "rsId": "tgtShard_0",
      "state": "FAILED",
      "stateUpdateTime": 1790969516
    },
    {
      "error": null,
      "hostname": "rmdb11",
      "id": "rmdb11:37017",
      "port": 37017,
      "rsId": "tgtShard_0",
      "state": "FAILED",
      "stateUpdateTime": 1790969516
    },
    {
      "error": null,
      "hostname": "rmdb7",
      "id": "rmdb7:37017",
      "port": 37017,
      "rsId": "tgtconfigRS",
      "state": "FAILED",
      "stateUpdateTime": 1790969516
    },
    {
      "error": null,
      "hostname": "rmdb-config1",
      "id": "rmdb-config1:37017",
      "port": 37017,
      "rsId": "tgtconfigRS",
      "state": "FAILED",
      "stateUpdateTime": 1790969516
    },
    {
      "error": null,
      "hostname": "rmdb-config2",
      "id": "rmdb-config2:37017",
      "port": 37017,
      "rsId": "tgtconfigRS",
      "state": "FAILED",
      "stateUpdateTime": 1790969516
    }
  ],
  "state": "FAILED"
}
2026-10-02 14:40:00,776 [INFO] Restore state: FAILED
2026-10-02 14:40:10,776 [DEBUG] API GET http://129.40.36.100:8080/api/public/v1.0/backup/third_party/group/6a386221ee19a6537cc68a97/restore/6abf3847457a6b80701899fb
2026-10-02 14:40:10,940 [DEBUG] STATUS 200
2026-10-02 14:40:10,940 [DEBUG] {
  "clusterMapping": [
    {
      "rsId": "sgcShard_0",
      "targetRsId": "tgtShard_0"
    },
    {
      "rsId": "sgcShard_1",
      "targetRsId": "tgtShard_1"
    },
    {
      "rsId": "configRS",
      "targetRsId": "tgtconfigRS"
    }
  ],
  "nodes": [
    {
      "error": null,
      "hostname": "rmdb12",
      "id": "rmdb12:37017",
      "port": 37017,
      "rsId": "tgtShard_1",
      "state": "FAILED",
      "stateUpdateTime": 1790969516
    },
    {
      "error": null,
      "hostname": "rmdb14",
      "id": "rmdb14:37017",
      "port": 37017,
      "rsId": "tgtShard_1",
      "state": "FAILED",
      "stateUpdateTime": 1790969516
    },
    {
      "error": null,
      "hostname": "rmdb9",
      "id": "rmdb9:37017",
      "port": 37017,
      "rsId": "tgtShard_1",
      "state": "FAILED",
      "stateUpdateTime": 1790969516
    },
    {
      "error": null,
      "hostname": "rmdb4",
      "id": "rmdb4:37017",
      "port": 37017,
      "rsId": "tgtShard_1",
      "state": "FAILED",
      "stateUpdateTime": 1790969516
    },
    {
      "error": null,
      "hostname": "rmdb2",
      "id": "rmdb2:37017",
      "port": 37017,
      "rsId": "tgtShard_1",
      "state": "FAILED",
      "stateUpdateTime": 1790969516
    },
    {
      "error": null,
      "hostname": "rmdb8",
      "id": "rmdb8:37017",
      "port": 37017,
      "rsId": "tgtShard_0",
      "state": "FAILED",
      "stateUpdateTime": 1790969516
    },
    {
      "error": null,
      "hostname": "rmdb13",
      "id": "rmdb13:37017",
      "port": 37017,
      "rsId": "tgtShard_0",
      "state": "FAILED",
      "stateUpdateTime": 1790969516
    },
    {
      "error": "<tgtCluster_tgtShard_0_42> [15:29:05.042] Plan execution failed on step MakeBackupDataAvailable as part of move RestoreRsMemberFromBackupPhase1 : <tgtCluster_tgtShard_0_42> [15:29:05.042] Failed to apply action. Result = <nil> : <tgtCluster_tgtShard_0_42> [15:29:05.042] Failed to download the snapshot : <tgtCluster_tgtShard_0_42> [15:29:05.042] Error while waiting for third party to copy backup to /fimongo1/data : <tgtCluster_tgtShard_0_42> [15:29:05.042] Observed error when trying to mark node as ready for copy files. : <tgtCluster_tgtShard_0_42> [15:29:05.042] Got return status 404 Not Found when trying to mark node ready for copy files.",
      "hostname": "rmdb1",
      "id": "rmdb1:37017",
      "port": 37017,
      "rsId": "tgtShard_0",
      "state": "FAILED",
      "stateUpdateTime": 1790969516
    },
    {
      "error": null,
      "hostname": "rmdb3",
      "id": "rmdb3:37017",
      "port": 37017,
      "rsId": "tgtShard_0",
      "state": "FAILED",
      "stateUpdateTime": 1790969516
    },
    {
      "error": null,
      "hostname": "rmdb11",
      "id": "rmdb11:37017",
      "port": 37017,
      "rsId": "tgtShard_0",
      "state": "FAILED",
      "stateUpdateTime": 1790969516
    },
    {
      "error": null,
      "hostname": "rmdb7",
      "id": "rmdb7:37017",
      "port": 37017,
      "rsId": "tgtconfigRS",
      "state": "FAILED",
      "stateUpdateTime": 1790969516
    },
    {
      "error": null,
      "hostname": "rmdb-config1",
      "id": "rmdb-config1:37017",
      "port": 37017,
      "rsId": "tgtconfigRS",
      "state": "FAILED",
      "stateUpdateTime": 1790969516
    },
    {
      "error": null,
      "hostname": "rmdb-config2",
      "id": "rmdb-config2:37017",
      "port": 37017,
      "rsId": "tgtconfigRS",
      "state": "FAILED",
      "stateUpdateTime": 1790969516
    }
  ],
  "state": "FAILED"
}
2026-10-02 14:40:10,940 [INFO] Restore state: FAILED
2026-10-02 14:40:20,941 [DEBUG] API GET http://129.40.36.100:8080/api/public/v1.0/backup/third_party/group/6a386221ee19a6537cc68a97/restore/6abf3847457a6b80701899fb
2026-10-02 14:40:21,097 [DEBUG] STATUS 200
2026-10-02 14:40:21,097 [DEBUG] {
  "clusterMapping": [
    {
      "rsId": "sgcShard_0",
      "targetRsId": "tgtShard_0"
    },
    {
      "rsId": "sgcShard_1",
      "targetRsId": "tgtShard_1"
    },
    {
      "rsId": "configRS",
      "targetRsId": "tgtconfigRS"
    }
  ],
  "nodes": [
    {
      "error": null,
      "hostname": "rmdb12",
      "id": "rmdb12:37017",
      "port": 37017,
      "rsId": "tgtShard_1",
      "state": "FAILED",
      "stateUpdateTime": 1790969516
    },
    {
      "error": null,
      "hostname": "rmdb14",
      "id": "rmdb14:37017",
      "port": 37017,
      "rsId": "tgtShard_1",
      "state": "FAILED",
      "stateUpdateTime": 1790969516
    },
    {
      "error": null,
      "hostname": "rmdb9",
      "id": "rmdb9:37017",
      "port": 37017,
      "rsId": "tgtShard_1",
      "state": "FAILED",
      "stateUpdateTime": 1790969516
    },
    {
      "error": null,
      "hostname": "rmdb4",
      "id": "rmdb4:37017",
      "port": 37017,
      "rsId": "tgtShard_1",
      "state": "FAILED",
      "stateUpdateTime": 1790969516
    },
    {
      "error": null,
      "hostname": "rmdb2",
      "id": "rmdb2:37017",
      "port": 37017,
      "rsId": "tgtShard_1",
      "state": "FAILED",
      "stateUpdateTime": 1790969516
    },
    {
      "error": null,
      "hostname": "rmdb8",
      "id": "rmdb8:37017",
      "port": 37017,
      "rsId": "tgtShard_0",
      "state": "FAILED",
      "stateUpdateTime": 1790969516
    },
    {
      "error": null,
      "hostname": "rmdb13",
      "id": "rmdb13:37017",
      "port": 37017,
      "rsId": "tgtShard_0",
      "state": "FAILED",
      "stateUpdateTime": 1790969516
    },
    {
      "error": "<tgtCluster_tgtShard_0_42> [15:29:05.042] Plan execution failed on step MakeBackupDataAvailable as part of move RestoreRsMemberFromBackupPhase1 : <tgtCluster_tgtShard_0_42> [15:29:05.042] Failed to apply action. Result = <nil> : <tgtCluster_tgtShard_0_42> [15:29:05.042] Failed to download the snapshot : <tgtCluster_tgtShard_0_42> [15:29:05.042] Error while waiting for third party to copy backup to /fimongo1/data : <tgtCluster_tgtShard_0_42> [15:29:05.042] Observed error when trying to mark node as ready for copy files. : <tgtCluster_tgtShard_0_42> [15:29:05.042] Got return status 404 Not Found when trying to mark node ready for copy files.",
      "hostname": "rmdb1",
      "id": "rmdb1:37017",
      "port": 37017,
      "rsId": "tgtShard_0",
      "state": "FAILED",
      "stateUpdateTime": 1790969516
    },
    {
      "error": null,
      "hostname": "rmdb3",
      "id": "rmdb3:37017",
      "port": 37017,
      "rsId": "tgtShard_0",
      "state": "FAILED",
      "stateUpdateTime": 1790969516
    },
    {
      "error": null,
      "hostname": "rmdb11",
      "id": "rmdb11:37017",
      "port": 37017,
      "rsId": "tgtShard_0",
      "state": "FAILED",
      "stateUpdateTime": 1790969516
    },
    {
      "error": null,
      "hostname": "rmdb7",
      "id": "rmdb7:37017",
      "port": 37017,
      "rsId": "tgtconfigRS",
      "state": "FAILED",
      "stateUpdateTime": 1790969516
    },
    {
      "error": null,
      "hostname": "rmdb-config1",
      "id": "rmdb-config1:37017",
      "port": 37017,
      "rsId": "tgtconfigRS",
      "state": "FAILED",
      "stateUpdateTime": 1790969516
    },
    {
      "error": null,
      "hostname": "rmdb-config2",
      "id": "rmdb-config2:37017",
      "port": 37017,
      "rsId": "tgtconfigRS",
      "state": "FAILED",
      "stateUpdateTime": 1790969516
    }
  ],
  "state": "FAILED"
}
2026-10-02 14:40:21,098 [INFO] Restore state: FAILED
2026-10-02 14:40:31,098 [DEBUG] API GET http://129.40.36.100:8080/api/public/v1.0/backup/third_party/group/6a386221ee19a6537cc68a97/restore/6abf3847457a6b80701899fb
2026-10-02 14:40:31,238 [DEBUG] STATUS 200
2026-10-02 14:40:31,239 [DEBUG] {
  "clusterMapping": [
    {
      "rsId": "sgcShard_0",
      "targetRsId": "tgtShard_0"
    },
    {
      "rsId": "sgcShard_1",
      "targetRsId": "tgtShard_1"
    },
    {
      "rsId": "configRS",
      "targetRsId": "tgtconfigRS"
    }
  ],
  "nodes": [
    {
      "error": null,
      "hostname": "rmdb12",
      "id": "rmdb12:37017",
      "port": 37017,
      "rsId": "tgtShard_1",
      "state": "FAILED",
      "stateUpdateTime": 1790969516
    },
    {
      "error": null,
      "hostname": "rmdb14",
      "id": "rmdb14:37017",
      "port": 37017,
      "rsId": "tgtShard_1",
      "state": "FAILED",
      "stateUpdateTime": 1790969516
    },
    {
      "error": null,
      "hostname": "rmdb9",
      "id": "rmdb9:37017",
      "port": 37017,
      "rsId": "tgtShard_1",
      "state": "FAILED",
      "stateUpdateTime": 1790969516
    },
    {
      "error": null,
      "hostname": "rmdb4",
      "id": "rmdb4:37017",
      "port": 37017,
      "rsId": "tgtShard_1",
      "state": "FAILED",
      "stateUpdateTime": 1790969516
    },
    {
      "error": null,
      "hostname": "rmdb2",
      "id": "rmdb2:37017",
      "port": 37017,
      "rsId": "tgtShard_1",
      "state": "FAILED",
      "stateUpdateTime": 1790969516
    },
    {
      "error": null,
      "hostname": "rmdb8",
      "id": "rmdb8:37017",
      "port": 37017,
      "rsId": "tgtShard_0",
      "state": "FAILED",
      "stateUpdateTime": 1790969516
    },
    {
      "error": null,
      "hostname": "rmdb13",
      "id": "rmdb13:37017",
      "port": 37017,
      "rsId": "tgtShard_0",
      "state": "FAILED",
      "stateUpdateTime": 1790969516
    },
    {
      "error": "<tgtCluster_tgtShard_0_42> [15:29:05.042] Plan execution failed on step MakeBackupDataAvailable as part of move RestoreRsMemberFromBackupPhase1 : <tgtCluster_tgtShard_0_42> [15:29:05.042] Failed to apply action. Result = <nil> : <tgtCluster_tgtShard_0_42> [15:29:05.042] Failed to download the snapshot : <tgtCluster_tgtShard_0_42> [15:29:05.042] Error while waiting for third party to copy backup to /fimongo1/data : <tgtCluster_tgtShard_0_42> [15:29:05.042] Observed error when trying to mark node as ready for copy files. : <tgtCluster_tgtShard_0_42> [15:29:05.042] Got return status 404 Not Found when trying to mark node ready for copy files.",
      "hostname": "rmdb1",
      "id": "rmdb1:37017",
      "port": 37017,
      "rsId": "tgtShard_0",
      "state": "FAILED",
      "stateUpdateTime": 1790969516
    },
    {
      "error": null,
      "hostname": "rmdb3",
      "id": "rmdb3:37017",
      "port": 37017,
      "rsId": "tgtShard_0",
      "state": "FAILED",
      "stateUpdateTime": 1790969516
    },
    {
      "error": null,
      "hostname": "rmdb11",
      "id": "rmdb11:37017",
      "port": 37017,
      "rsId": "tgtShard_0",
      "state": "FAILED",
      "stateUpdateTime": 1790969516
    },
    {
      "error": null,
      "hostname": "rmdb7",
      "id": "rmdb7:37017",
      "port": 37017,
      "rsId": "tgtconfigRS",
      "state": "FAILED",
      "stateUpdateTime": 1790969516
    },
    {
      "error": null,
      "hostname": "rmdb-config1",
      "id": "rmdb-config1:37017",
      "port": 37017,
      "rsId": "tgtconfigRS",
      "state": "FAILED",
      "stateUpdateTime": 1790969516
    },
    {
      "error": null,
      "hostname": "rmdb-config2",
      "id": "rmdb-config2:37017",
      "port": 37017,
      "rsId": "tgtconfigRS",
      "state": "FAILED",
      "stateUpdateTime": 1790969516
    }
  ],
  "state": "FAILED"
}
2026-10-02 14:40:31,239 [INFO] Restore state: FAILED
2026-10-02 14:40:41,240 [DEBUG] API GET http://129.40.36.100:8080/api/public/v1.0/backup/third_party/group/6a386221ee19a6537cc68a97/restore/6abf3847457a6b80701899fb
2026-10-02 14:40:41,439 [DEBUG] STATUS 200
2026-10-02 14:40:41,439 [DEBUG] {
  "clusterMapping": [
    {
      "rsId": "sgcShard_0",
      "targetRsId": "tgtShard_0"
    },
    {
      "rsId": "sgcShard_1",
      "targetRsId": "tgtShard_1"
    },
    {
      "rsId": "configRS",
      "targetRsId": "tgtconfigRS"
    }
  ],
  "nodes": [
    {
      "error": null,
      "hostname": "rmdb12",
      "id": "rmdb12:37017",
      "port": 37017,
      "rsId": "tgtShard_1",
      "state": "FAILED",
      "stateUpdateTime": 1790969516
    },
    {
      "error": null,
      "hostname": "rmdb14",
      "id": "rmdb14:37017",
      "port": 37017,
      "rsId": "tgtShard_1",
      "state": "FAILED",
      "stateUpdateTime": 1790969516
    },
    {
      "error": null,
      "hostname": "rmdb9",
      "id": "rmdb9:37017",
      "port": 37017,
      "rsId": "tgtShard_1",
      "state": "FAILED",
      "stateUpdateTime": 1790969516
    },
    {
      "error": null,
      "hostname": "rmdb4",
      "id": "rmdb4:37017",
      "port": 37017,
      "rsId": "tgtShard_1",
      "state": "FAILED",
      "stateUpdateTime": 1790969516
    },
    {
      "error": null,
      "hostname": "rmdb2",
      "id": "rmdb2:37017",
      "port": 37017,
      "rsId": "tgtShard_1",
      "state": "FAILED",
      "stateUpdateTime": 1790969516
    },
    {
      "error": null,
      "hostname": "rmdb8",
      "id": "rmdb8:37017",
      "port": 37017,
      "rsId": "tgtShard_0",
      "state": "FAILED",
      "stateUpdateTime": 1790969516
    },
    {
      "error": null,
      "hostname": "rmdb13",
      "id": "rmdb13:37017",
      "port": 37017,
      "rsId": "tgtShard_0",
      "state": "FAILED",
      "stateUpdateTime": 1790969516
    },
    {
      "error": "<tgtCluster_tgtShard_0_42> [15:29:05.042] Plan execution failed on step MakeBackupDataAvailable as part of move RestoreRsMemberFromBackupPhase1 : <tgtCluster_tgtShard_0_42> [15:29:05.042] Failed to apply action. Result = <nil> : <tgtCluster_tgtShard_0_42> [15:29:05.042] Failed to download the snapshot : <tgtCluster_tgtShard_0_42> [15:29:05.042] Error while waiting for third party to copy backup to /fimongo1/data : <tgtCluster_tgtShard_0_42> [15:29:05.042] Observed error when trying to mark node as ready for copy files. : <tgtCluster_tgtShard_0_42> [15:29:05.042] Got return status 404 Not Found when trying to mark node ready for copy files.",
      "hostname": "rmdb1",
      "id": "rmdb1:37017",
      "port": 37017,
      "rsId": "tgtShard_0",
      "state": "FAILED",
      "stateUpdateTime": 1790969516
    },
    {
      "error": null,
      "hostname": "rmdb3",
      "id": "rmdb3:37017",
      "port": 37017,
      "rsId": "tgtShard_0",
      "state": "FAILED",
      "stateUpdateTime": 1790969516
    },
    {
      "error": null,
      "hostname": "rmdb11",
      "id": "rmdb11:37017",
      "port": 37017,
      "rsId": "tgtShard_0",
      "state": "FAILED",
      "stateUpdateTime": 1790969516
    },
    {
      "error": null,
      "hostname": "rmdb7",
      "id": "rmdb7:37017",
      "port": 37017,
      "rsId": "tgtconfigRS",
      "state": "FAILED",
      "stateUpdateTime": 1790969516
    },
    {
      "error": null,
      "hostname": "rmdb-config1",
      "id": "rmdb-config1:37017",
      "port": 37017,
      "rsId": "tgtconfigRS",
      "state": "FAILED",
      "stateUpdateTime": 1790969516
    },
    {
      "error": null,
      "hostname": "rmdb-config2",
      "id": "rmdb-config2:37017",
      "port": 37017,
      "rsId": "tgtconfigRS",
      "state": "FAILED",
      "stateUpdateTime": 1790969516
    }
  ],
  "state": "FAILED"
}
2026-10-02 14:40:41,439 [INFO] Restore state: FAILED
2026-10-02 14:40:51,440 [DEBUG] API GET http://129.40.36.100:8080/api/public/v1.0/backup/third_party/group/6a386221ee19a6537cc68a97/restore/6abf3847457a6b80701899fb
2026-10-02 14:40:51,584 [DEBUG] STATUS 200
2026-10-02 14:40:51,584 [DEBUG] {
  "clusterMapping": [
    {
      "rsId": "sgcShard_0",
      "targetRsId": "tgtShard_0"
    },
    {
      "rsId": "sgcShard_1",
      "targetRsId": "tgtShard_1"
    },
    {
      "rsId": "configRS",
      "targetRsId": "tgtconfigRS"
    }
  ],
  "nodes": [
    {
      "error": null,
      "hostname": "rmdb12",
      "id": "rmdb12:37017",
      "port": 37017,
      "rsId": "tgtShard_1",
      "state": "FAILED",
      "stateUpdateTime": 1790969516
    },
    {
      "error": null,
      "hostname": "rmdb14",
      "id": "rmdb14:37017",
      "port": 37017,
      "rsId": "tgtShard_1",
      "state": "FAILED",
      "stateUpdateTime": 1790969516
    },
    {
      "error": null,
      "hostname": "rmdb9",
      "id": "rmdb9:37017",
      "port": 37017,
      "rsId": "tgtShard_1",
      "state": "FAILED",
      "stateUpdateTime": 1790969516
    },
    {
      "error": null,
      "hostname": "rmdb4",
      "id": "rmdb4:37017",
      "port": 37017,
      "rsId": "tgtShard_1",
      "state": "FAILED",
      "stateUpdateTime": 1790969516
    },
    {
      "error": null,
      "hostname": "rmdb2",
      "id": "rmdb2:37017",
      "port": 37017,
      "rsId": "tgtShard_1",
      "state": "FAILED",
      "stateUpdateTime": 1790969516
    },
    {
      "error": null,
      "hostname": "rmdb8",
      "id": "rmdb8:37017",
      "port": 37017,
      "rsId": "tgtShard_0",
      "state": "FAILED",
      "stateUpdateTime": 1790969516
    },
    {
      "error": null,
      "hostname": "rmdb13",
      "id": "rmdb13:37017",
      "port": 37017,
      "rsId": "tgtShard_0",
      "state": "FAILED",
      "stateUpdateTime": 1790969516
    },
    {
      "error": "<tgtCluster_tgtShard_0_42> [15:29:05.042] Plan execution failed on step MakeBackupDataAvailable as part of move RestoreRsMemberFromBackupPhase1 : <tgtCluster_tgtShard_0_42> [15:29:05.042] Failed to apply action. Result = <nil> : <tgtCluster_tgtShard_0_42> [15:29:05.042] Failed to download the snapshot : <tgtCluster_tgtShard_0_42> [15:29:05.042] Error while waiting for third party to copy backup to /fimongo1/data : <tgtCluster_tgtShard_0_42> [15:29:05.042] Observed error when trying to mark node as ready for copy files. : <tgtCluster_tgtShard_0_42> [15:29:05.042] Got return status 404 Not Found when trying to mark node ready for copy files.",
      "hostname": "rmdb1",
      "id": "rmdb1:37017",
      "port": 37017,
      "rsId": "tgtShard_0",
      "state": "FAILED",
      "stateUpdateTime": 1790969516
    },
    {
      "error": null,
      "hostname": "rmdb3",
      "id": "rmdb3:37017",
      "port": 37017,
      "rsId": "tgtShard_0",
      "state": "FAILED",
      "stateUpdateTime": 1790969516
    },
    {
      "error": null,
      "hostname": "rmdb11",
      "id": "rmdb11:37017",
      "port": 37017,
      "rsId": "tgtShard_0",
      "state": "FAILED",
      "stateUpdateTime": 1790969516
    },
    {
      "error": null,
      "hostname": "rmdb7",
      "id": "rmdb7:37017",
      "port": 37017,
      "rsId": "tgtconfigRS",
      "state": "FAILED",
      "stateUpdateTime": 1790969516
    },
    {
      "error": null,
      "hostname": "rmdb-config1",
      "id": "rmdb-config1:37017",
      "port": 37017,
      "rsId": "tgtconfigRS",
      "state": "FAILED",
      "stateUpdateTime": 1790969516
    },
    {
      "error": null,
      "hostname": "rmdb-config2",
      "id": "rmdb-config2:37017",
      "port": 37017,
      "rsId": "tgtconfigRS",
      "state": "FAILED",
      "stateUpdateTime": 1790969516
    }
  ],
  "state": "FAILED"
}
2026-10-02 14:40:51,584 [INFO] Restore state: FAILED
2026-10-02 14:41:01,585 [DEBUG] API GET http://129.40.36.100:8080/api/public/v1.0/backup/third_party/group/6a386221ee19a6537cc68a97/restore/6abf3847457a6b80701899fb
2026-10-02 14:41:01,728 [DEBUG] STATUS 200
2026-10-02 14:41:01,728 [DEBUG] {
  "clusterMapping": [
    {
      "rsId": "sgcShard_0",
      "targetRsId": "tgtShard_0"
    },
    {
      "rsId": "sgcShard_1",
      "targetRsId": "tgtShard_1"
    },
    {
      "rsId": "configRS",
      "targetRsId": "tgtconfigRS"
    }
  ],
  "nodes": [
    {
      "error": null,
      "hostname": "rmdb12",
      "id": "rmdb12:37017",
      "port": 37017,
      "rsId": "tgtShard_1",
      "state": "FAILED",
      "stateUpdateTime": 1790969516
    },
    {
      "error": null,
      "hostname": "rmdb14",
      "id": "rmdb14:37017",
      "port": 37017,
      "rsId": "tgtShard_1",
      "state": "FAILED",
      "stateUpdateTime": 1790969516
    },
    {
      "error": null,
      "hostname": "rmdb9",
      "id": "rmdb9:37017",
      "port": 37017,
      "rsId": "tgtShard_1",
      "state": "FAILED",
      "stateUpdateTime": 1790969516
    },
    {
      "error": null,
      "hostname": "rmdb4",
      "id": "rmdb4:37017",
      "port": 37017,
      "rsId": "tgtShard_1",
      "state": "FAILED",
      "stateUpdateTime": 1790969516
    },
    {
      "error": null,
      "hostname": "rmdb2",
      "id": "rmdb2:37017",
      "port": 37017,
      "rsId": "tgtShard_1",
      "state": "FAILED",
      "stateUpdateTime": 1790969516
    },
    {
      "error": null,
      "hostname": "rmdb8",
      "id": "rmdb8:37017",
      "port": 37017,
      "rsId": "tgtShard_0",
      "state": "FAILED",
      "stateUpdateTime": 1790969516
    },
    {
      "error": null,
      "hostname": "rmdb13",
      "id": "rmdb13:37017",
      "port": 37017,
      "rsId": "tgtShard_0",
      "state": "FAILED",
      "stateUpdateTime": 1790969516
    },
    {
      "error": "<tgtCluster_tgtShard_0_42> [15:29:05.042] Plan execution failed on step MakeBackupDataAvailable as part of move RestoreRsMemberFromBackupPhase1 : <tgtCluster_tgtShard_0_42> [15:29:05.042] Failed to apply action. Result = <nil> : <tgtCluster_tgtShard_0_42> [15:29:05.042] Failed to download the snapshot : <tgtCluster_tgtShard_0_42> [15:29:05.042] Error while waiting for third party to copy backup to /fimongo1/data : <tgtCluster_tgtShard_0_42> [15:29:05.042] Observed error when trying to mark node as ready for copy files. : <tgtCluster_tgtShard_0_42> [15:29:05.042] Got return status 404 Not Found when trying to mark node ready for copy files.",
      "hostname": "rmdb1",
      "id": "rmdb1:37017",
      "port": 37017,
      "rsId": "tgtShard_0",
      "state": "FAILED",
      "stateUpdateTime": 1790969516
    },
    {
      "error": null,
      "hostname": "rmdb3",
      "id": "rmdb3:37017",
      "port": 37017,
      "rsId": "tgtShard_0",
      "state": "FAILED",
      "stateUpdateTime": 1790969516
    },
    {
      "error": null,
      "hostname": "rmdb11",
      "id": "rmdb11:37017",
      "port": 37017,
      "rsId": "tgtShard_0",
      "state": "FAILED",
      "stateUpdateTime": 1790969516
    },
    {
      "error": null,
      "hostname": "rmdb7",
      "id": "rmdb7:37017",
      "port": 37017,
      "rsId": "tgtconfigRS",
      "state": "FAILED",
      "stateUpdateTime": 1790969516
    },
    {
      "error": null,
      "hostname": "rmdb-config1",
      "id": "rmdb-config1:37017",
      "port": 37017,
      "rsId": "tgtconfigRS",
      "state": "FAILED",
      "stateUpdateTime": 1790969516
    },
    {
      "error": null,
      "hostname": "rmdb-config2",
      "id": "rmdb-config2:37017",
      "port": 37017,
      "rsId": "tgtconfigRS",
      "state": "FAILED",
      "stateUpdateTime": 1790969516
    }
  ],
  "state": "FAILED"
}
2026-10-02 14:41:01,728 [INFO] Restore state: FAILED
2026-10-02 14:41:11,729 [DEBUG] API GET http://129.40.36.100:8080/api/public/v1.0/backup/third_party/group/6a386221ee19a6537cc68a97/restore/6abf3847457a6b80701899fb
2026-10-02 14:41:11,873 [DEBUG] STATUS 200
2026-10-02 14:41:11,873 [DEBUG] {
  "clusterMapping": [
    {
      "rsId": "sgcShard_0",
      "targetRsId": "tgtShard_0"
    },
    {
      "rsId": "sgcShard_1",
      "targetRsId": "tgtShard_1"
    },
    {
      "rsId": "configRS",
      "targetRsId": "tgtconfigRS"
    }
  ],
  "nodes": [
    {
      "error": null,
      "hostname": "rmdb12",
      "id": "rmdb12:37017",
      "port": 37017,
      "rsId": "tgtShard_1",
      "state": "FAILED",
      "stateUpdateTime": 1790969516
    },
    {
      "error": null,
      "hostname": "rmdb14",
      "id": "rmdb14:37017",
      "port": 37017,
      "rsId": "tgtShard_1",
      "state": "FAILED",
      "stateUpdateTime": 1790969516
    },
    {
      "error": null,
      "hostname": "rmdb9",
      "id": "rmdb9:37017",
      "port": 37017,
      "rsId": "tgtShard_1",
      "state": "FAILED",
      "stateUpdateTime": 1790969516
    },
    {
      "error": null,
      "hostname": "rmdb4",
      "id": "rmdb4:37017",
      "port": 37017,
      "rsId": "tgtShard_1",
      "state": "FAILED",
      "stateUpdateTime": 1790969516
    },
    {
      "error": null,
      "hostname": "rmdb2",
      "id": "rmdb2:37017",
      "port": 37017,
      "rsId": "tgtShard_1",
      "state": "FAILED",
      "stateUpdateTime": 1790969516
    },
    {
      "error": null,
      "hostname": "rmdb8",
      "id": "rmdb8:37017",
      "port": 37017,
      "rsId": "tgtShard_0",
      "state": "FAILED",
      "stateUpdateTime": 1790969516
    },
    {
      "error": null,
      "hostname": "rmdb13",
      "id": "rmdb13:37017",
      "port": 37017,
      "rsId": "tgtShard_0",
      "state": "FAILED",
      "stateUpdateTime": 1790969516
    },
    {
      "error": "<tgtCluster_tgtShard_0_42> [15:29:05.042] Plan execution failed on step MakeBackupDataAvailable as part of move RestoreRsMemberFromBackupPhase1 : <tgtCluster_tgtShard_0_42> [15:29:05.042] Failed to apply action. Result = <nil> : <tgtCluster_tgtShard_0_42> [15:29:05.042] Failed to download the snapshot : <tgtCluster_tgtShard_0_42> [15:29:05.042] Error while waiting for third party to copy backup to /fimongo1/data : <tgtCluster_tgtShard_0_42> [15:29:05.042] Observed error when trying to mark node as ready for copy files. : <tgtCluster_tgtShard_0_42> [15:29:05.042] Got return status 404 Not Found when trying to mark node ready for copy files.",
      "hostname": "rmdb1",
      "id": "rmdb1:37017",
      "port": 37017,
      "rsId": "tgtShard_0",
      "state": "FAILED",
      "stateUpdateTime": 1790969516
    },
    {
      "error": null,
      "hostname": "rmdb3",
      "id": "rmdb3:37017",
      "port": 37017,
      "rsId": "tgtShard_0",
      "state": "FAILED",
      "stateUpdateTime": 1790969516
    },
    {
      "error": null,
      "hostname": "rmdb11",
      "id": "rmdb11:37017",
      "port": 37017,
      "rsId": "tgtShard_0",
      "state": "FAILED",
      "stateUpdateTime": 1790969516
    },
    {
      "error": null,
      "hostname": "rmdb7",
      "id": "rmdb7:37017",
      "port": 37017,
      "rsId": "tgtconfigRS",
      "state": "FAILED",
      "stateUpdateTime": 1790969516
    },
    {
      "error": null,
      "hostname": "rmdb-config1",
      "id": "rmdb-config1:37017",
      "port": 37017,
      "rsId": "tgtconfigRS",
      "state": "FAILED",
      "stateUpdateTime": 1790969516
    },
    {
      "error": null,
      "hostname": "rmdb-config2",
      "id": "rmdb-config2:37017",
      "port": 37017,
      "rsId": "tgtconfigRS",
      "state": "FAILED",
      "stateUpdateTime": 1790969516
    }
  ],
  "state": "FAILED"
}
2026-10-02 14:41:11,873 [INFO] Restore state: FAILED
2026-10-02 14:41:21,874 [DEBUG] API GET http://129.40.36.100:8080/api/public/v1.0/backup/third_party/group/6a386221ee19a6537cc68a97/restore/6abf3847457a6b80701899fb
2026-10-02 14:41:22,040 [DEBUG] STATUS 200
2026-10-02 14:41:22,040 [DEBUG] {
  "clusterMapping": [
    {
      "rsId": "sgcShard_0",
      "targetRsId": "tgtShard_0"
    },
    {
      "rsId": "sgcShard_1",
      "targetRsId": "tgtShard_1"
    },
    {
      "rsId": "configRS",
      "targetRsId": "tgtconfigRS"
    }
  ],
  "nodes": [
    {
      "error": null,
      "hostname": "rmdb12",
      "id": "rmdb12:37017",
      "port": 37017,
      "rsId": "tgtShard_1",
      "state": "FAILED",
      "stateUpdateTime": 1790969516
    },
    {
      "error": null,
      "hostname": "rmdb14",
      "id": "rmdb14:37017",
      "port": 37017,
      "rsId": "tgtShard_1",
      "state": "FAILED",
      "stateUpdateTime": 1790969516
    },
    {
      "error": null,
      "hostname": "rmdb9",
      "id": "rmdb9:37017",
      "port": 37017,
      "rsId": "tgtShard_1",
      "state": "FAILED",
      "stateUpdateTime": 1790969516
    },
    {
      "error": null,
      "hostname": "rmdb4",
      "id": "rmdb4:37017",
      "port": 37017,
      "rsId": "tgtShard_1",
      "state": "FAILED",
      "stateUpdateTime": 1790969516
    },
    {
      "error": null,
      "hostname": "rmdb2",
      "id": "rmdb2:37017",
      "port": 37017,
      "rsId": "tgtShard_1",
      "state": "FAILED",
      "stateUpdateTime": 1790969516
    },
    {
      "error": null,
      "hostname": "rmdb8",
      "id": "rmdb8:37017",
      "port": 37017,
      "rsId": "tgtShard_0",
      "state": "FAILED",
      "stateUpdateTime": 1790969516
    },
    {
      "error": null,
      "hostname": "rmdb13",
      "id": "rmdb13:37017",
      "port": 37017,
      "rsId": "tgtShard_0",
      "state": "FAILED",
      "stateUpdateTime": 1790969516
    },
    {
      "error": "<tgtCluster_tgtShard_0_42> [15:29:05.042] Plan execution failed on step MakeBackupDataAvailable as part of move RestoreRsMemberFromBackupPhase1 : <tgtCluster_tgtShard_0_42> [15:29:05.042] Failed to apply action. Result = <nil> : <tgtCluster_tgtShard_0_42> [15:29:05.042] Failed to download the snapshot : <tgtCluster_tgtShard_0_42> [15:29:05.042] Error while waiting for third party to copy backup to /fimongo1/data : <tgtCluster_tgtShard_0_42> [15:29:05.042] Observed error when trying to mark node as ready for copy files. : <tgtCluster_tgtShard_0_42> [15:29:05.042] Got return status 404 Not Found when trying to mark node ready for copy files.",
      "hostname": "rmdb1",
      "id": "rmdb1:37017",
      "port": 37017,
      "rsId": "tgtShard_0",
      "state": "FAILED",
      "stateUpdateTime": 1790969516
    },
    {
      "error": null,
      "hostname": "rmdb3",
      "id": "rmdb3:37017",
      "port": 37017,
      "rsId": "tgtShard_0",
      "state": "FAILED",
      "stateUpdateTime": 1790969516
    },
    {
      "error": null,
      "hostname": "rmdb11",
      "id": "rmdb11:37017",
      "port": 37017,
      "rsId": "tgtShard_0",
      "state": "FAILED",
      "stateUpdateTime": 1790969516
    },
    {
      "error": null,
      "hostname": "rmdb7",
      "id": "rmdb7:37017",
      "port": 37017,
      "rsId": "tgtconfigRS",
      "state": "FAILED",
      "stateUpdateTime": 1790969516
    },
    {
      "error": null,
      "hostname": "rmdb-config1",
      "id": "rmdb-config1:37017",
      "port": 37017,
      "rsId": "tgtconfigRS",
      "state": "FAILED",
      "stateUpdateTime": 1790969516
    },
    {
      "error": null,
      "hostname": "rmdb-config2",
      "id": "rmdb-config2:37017",
      "port": 37017,
      "rsId": "tgtconfigRS",
      "state": "FAILED",
      "stateUpdateTime": 1790969516
    }
  ],
  "state": "FAILED"
}
2026-10-02 14:41:22,040 [INFO] Restore state: FAILED
2026-10-02 14:41:32,041 [DEBUG] API GET http://129.40.36.100:8080/api/public/v1.0/backup/third_party/group/6a386221ee19a6537cc68a97/restore/6abf3847457a6b80701899fb
2026-10-02 14:41:32,196 [DEBUG] STATUS 200
2026-10-02 14:41:32,196 [DEBUG] {
  "clusterMapping": [
    {
      "rsId": "sgcShard_0",
      "targetRsId": "tgtShard_0"
    },
    {
      "rsId": "sgcShard_1",
      "targetRsId": "tgtShard_1"
    },
    {
      "rsId": "configRS",
      "targetRsId": "tgtconfigRS"
    }
  ],
  "nodes": [
    {
      "error": null,
      "hostname": "rmdb12",
      "id": "rmdb12:37017",
      "port": 37017,
      "rsId": "tgtShard_1",
      "state": "FAILED",
      "stateUpdateTime": 1790969516
    },
    {
      "error": null,
      "hostname": "rmdb14",
      "id": "rmdb14:37017",
      "port": 37017,
      "rsId": "tgtShard_1",
      "state": "FAILED",
      "stateUpdateTime": 1790969516
    },
    {
      "error": null,
      "hostname": "rmdb9",
      "id": "rmdb9:37017",
      "port": 37017,
      "rsId": "tgtShard_1",
      "state": "FAILED",
      "stateUpdateTime": 1790969516
    },
    {
      "error": null,
      "hostname": "rmdb4",
      "id": "rmdb4:37017",
      "port": 37017,
      "rsId": "tgtShard_1",
      "state": "FAILED",
      "stateUpdateTime": 1790969516
    },
    {
      "error": null,
      "hostname": "rmdb2",
      "id": "rmdb2:37017",
      "port": 37017,
      "rsId": "tgtShard_1",
      "state": "FAILED",
      "stateUpdateTime": 1790969516
    },
    {
      "error": null,
      "hostname": "rmdb8",
      "id": "rmdb8:37017",
      "port": 37017,
      "rsId": "tgtShard_0",
      "state": "FAILED",
      "stateUpdateTime": 1790969516
    },
    {
      "error": null,
      "hostname": "rmdb13",
      "id": "rmdb13:37017",
      "port": 37017,
      "rsId": "tgtShard_0",
      "state": "FAILED",
      "stateUpdateTime": 1790969516
    },
    {
      "error": "<tgtCluster_tgtShard_0_42> [15:29:05.042] Plan execution failed on step MakeBackupDataAvailable as part of move RestoreRsMemberFromBackupPhase1 : <tgtCluster_tgtShard_0_42> [15:29:05.042] Failed to apply action. Result = <nil> : <tgtCluster_tgtShard_0_42> [15:29:05.042] Failed to download the snapshot : <tgtCluster_tgtShard_0_42> [15:29:05.042] Error while waiting for third party to copy backup to /fimongo1/data : <tgtCluster_tgtShard_0_42> [15:29:05.042] Observed error when trying to mark node as ready for copy files. : <tgtCluster_tgtShard_0_42> [15:29:05.042] Got return status 404 Not Found when trying to mark node ready for copy files.",
      "hostname": "rmdb1",
      "id": "rmdb1:37017",
      "port": 37017,
      "rsId": "tgtShard_0",
      "state": "FAILED",
      "stateUpdateTime": 1790969516
    },
    {
      "error": null,
      "hostname": "rmdb3",
      "id": "rmdb3:37017",
      "port": 37017,
      "rsId": "tgtShard_0",
      "state": "FAILED",
      "stateUpdateTime": 1790969516
    },
    {
      "error": null,
      "hostname": "rmdb11",
      "id": "rmdb11:37017",
      "port": 37017,
      "rsId": "tgtShard_0",
      "state": "FAILED",
      "stateUpdateTime": 1790969516
    },
    {
      "error": null,
      "hostname": "rmdb7",
      "id": "rmdb7:37017",
      "port": 37017,
      "rsId": "tgtconfigRS",
      "state": "FAILED",
      "stateUpdateTime": 1790969516
    },
    {
      "error": null,
      "hostname": "rmdb-config1",
      "id": "rmdb-config1:37017",
      "port": 37017,
      "rsId": "tgtconfigRS",
      "state": "FAILED",
      "stateUpdateTime": 1790969516
    },
    {
      "error": null,
      "hostname": "rmdb-config2",
      "id": "rmdb-config2:37017",
      "port": 37017,
      "rsId": "tgtconfigRS",
      "state": "FAILED",
      "stateUpdateTime": 1790969516
    }
  ],
  "state": "FAILED"
}
2026-10-02 14:41:32,196 [INFO] Restore state: FAILED
2026-10-02 14:41:42,197 [DEBUG] API GET http://129.40.36.100:8080/api/public/v1.0/backup/third_party/group/6a386221ee19a6537cc68a97/restore/6abf3847457a6b80701899fb
2026-10-02 14:41:42,393 [DEBUG] STATUS 200
2026-10-02 14:41:42,393 [DEBUG] {
  "clusterMapping": [
    {
      "rsId": "sgcShard_0",
      "targetRsId": "tgtShard_0"
    },
    {
      "rsId": "sgcShard_1",
      "targetRsId": "tgtShard_1"
    },
    {
      "rsId": "configRS",
      "targetRsId": "tgtconfigRS"
    }
  ],
  "nodes": [
    {
      "error": null,
      "hostname": "rmdb12",
      "id": "rmdb12:37017",
      "port": 37017,
      "rsId": "tgtShard_1",
      "state": "FAILED",
      "stateUpdateTime": 1790969516
    },
    {
      "error": null,
      "hostname": "rmdb14",
      "id": "rmdb14:37017",
      "port": 37017,
      "rsId": "tgtShard_1",
      "state": "FAILED",
      "stateUpdateTime": 1790969516
    },
    {
      "error": null,
      "hostname": "rmdb9",
      "id": "rmdb9:37017",
      "port": 37017,
      "rsId": "tgtShard_1",
      "state": "FAILED",
      "stateUpdateTime": 1790969516
    },
    {
      "error": null,
      "hostname": "rmdb4",
      "id": "rmdb4:37017",
      "port": 37017,
      "rsId": "tgtShard_1",
      "state": "FAILED",
      "stateUpdateTime": 1790969516
    },
    {
      "error": null,
      "hostname": "rmdb2",
      "id": "rmdb2:37017",
      "port": 37017,
      "rsId": "tgtShard_1",
      "state": "FAILED",
      "stateUpdateTime": 1790969516
    },
    {
      "error": null,
      "hostname": "rmdb8",
      "id": "rmdb8:37017",
      "port": 37017,
      "rsId": "tgtShard_0",
      "state": "FAILED",
      "stateUpdateTime": 1790969516
    },
    {
      "error": null,
      "hostname": "rmdb13",
      "id": "rmdb13:37017",
      "port": 37017,
      "rsId": "tgtShard_0",
      "state": "FAILED",
      "stateUpdateTime": 1790969516
    },
    {
      "error": "<tgtCluster_tgtShard_0_42> [15:29:05.042] Plan execution failed on step MakeBackupDataAvailable as part of move RestoreRsMemberFromBackupPhase1 : <tgtCluster_tgtShard_0_42> [15:29:05.042] Failed to apply action. Result = <nil> : <tgtCluster_tgtShard_0_42> [15:29:05.042] Failed to download the snapshot : <tgtCluster_tgtShard_0_42> [15:29:05.042] Error while waiting for third party to copy backup to /fimongo1/data : <tgtCluster_tgtShard_0_42> [15:29:05.042] Observed error when trying to mark node as ready for copy files. : <tgtCluster_tgtShard_0_42> [15:29:05.042] Got return status 404 Not Found when trying to mark node ready for copy files.",
      "hostname": "rmdb1",
      "id": "rmdb1:37017",
      "port": 37017,
      "rsId": "tgtShard_0",
      "state": "FAILED",
      "stateUpdateTime": 1790969516
    },
    {
      "error": null,
      "hostname": "rmdb3",
      "id": "rmdb3:37017",
      "port": 37017,
      "rsId": "tgtShard_0",
      "state": "FAILED",
      "stateUpdateTime": 1790969516
    },
    {
      "error": null,
      "hostname": "rmdb11",
      "id": "rmdb11:37017",
      "port": 37017,
      "rsId": "tgtShard_0",
      "state": "FAILED",
      "stateUpdateTime": 1790969516
    },
    {
      "error": null,
      "hostname": "rmdb7",
      "id": "rmdb7:37017",
      "port": 37017,
      "rsId": "tgtconfigRS",
      "state": "FAILED",
      "stateUpdateTime": 1790969516
    },
    {
      "error": null,
      "hostname": "rmdb-config1",
      "id": "rmdb-config1:37017",
      "port": 37017,
      "rsId": "tgtconfigRS",
      "state": "FAILED",
      "stateUpdateTime": 1790969516
    },
    {
      "error": null,
      "hostname": "rmdb-config2",
      "id": "rmdb-config2:37017",
      "port": 37017,
      "rsId": "tgtconfigRS",
      "state": "FAILED",
      "stateUpdateTime": 1790969516
    }
  ],
  "state": "FAILED"
}
2026-10-02 14:41:42,394 [INFO] Restore state: FAILED
2026-10-02 14:41:52,394 [DEBUG] API GET http://129.40.36.100:8080/api/public/v1.0/backup/third_party/group/6a386221ee19a6537cc68a97/restore/6abf3847457a6b80701899fb
2026-10-02 14:41:52,537 [DEBUG] STATUS 200
2026-10-02 14:41:52,538 [DEBUG] {
  "clusterMapping": [
    {
      "rsId": "sgcShard_0",
      "targetRsId": "tgtShard_0"
    },
    {
      "rsId": "sgcShard_1",
      "targetRsId": "tgtShard_1"
    },
    {
      "rsId": "configRS",
      "targetRsId": "tgtconfigRS"
    }
  ],
  "nodes": [
    {
      "error": null,
      "hostname": "rmdb12",
      "id": "rmdb12:37017",
      "port": 37017,
      "rsId": "tgtShard_1",
      "state": "FAILED",
      "stateUpdateTime": 1790969516
    },
    {
      "error": null,
      "hostname": "rmdb14",
      "id": "rmdb14:37017",
      "port": 37017,
      "rsId": "tgtShard_1",
      "state": "FAILED",
      "stateUpdateTime": 1790969516
    },
    {
      "error": null,
      "hostname": "rmdb9",
      "id": "rmdb9:37017",
      "port": 37017,
      "rsId": "tgtShard_1",
      "state": "FAILED",
      "stateUpdateTime": 1790969516
    },
    {
      "error": null,
      "hostname": "rmdb4",
      "id": "rmdb4:37017",
      "port": 37017,
      "rsId": "tgtShard_1",
      "state": "FAILED",
      "stateUpdateTime": 1790969516
    },
    {
      "error": null,
      "hostname": "rmdb2",
      "id": "rmdb2:37017",
      "port": 37017,
      "rsId": "tgtShard_1",
      "state": "FAILED",
      "stateUpdateTime": 1790969516
    },
    {
      "error": null,
      "hostname": "rmdb8",
      "id": "rmdb8:37017",
      "port": 37017,
      "rsId": "tgtShard_0",
      "state": "FAILED",
      "stateUpdateTime": 1790969516
    },
    {
      "error": null,
      "hostname": "rmdb13",
      "id": "rmdb13:37017",
      "port": 37017,
      "rsId": "tgtShard_0",
      "state": "FAILED",
      "stateUpdateTime": 1790969516
    },
    {
      "error": "<tgtCluster_tgtShard_0_42> [15:29:05.042] Plan execution failed on step MakeBackupDataAvailable as part of move RestoreRsMemberFromBackupPhase1 : <tgtCluster_tgtShard_0_42> [15:29:05.042] Failed to apply action. Result = <nil> : <tgtCluster_tgtShard_0_42> [15:29:05.042] Failed to download the snapshot : <tgtCluster_tgtShard_0_42> [15:29:05.042] Error while waiting for third party to copy backup to /fimongo1/data : <tgtCluster_tgtShard_0_42> [15:29:05.042] Observed error when trying to mark node as ready for copy files. : <tgtCluster_tgtShard_0_42> [15:29:05.042] Got return status 404 Not Found when trying to mark node ready for copy files.",
      "hostname": "rmdb1",
      "id": "rmdb1:37017",
      "port": 37017,
      "rsId": "tgtShard_0",
      "state": "FAILED",
      "stateUpdateTime": 1790969516
    },
    {
      "error": null,
      "hostname": "rmdb3",
      "id": "rmdb3:37017",
      "port": 37017,
      "rsId": "tgtShard_0",
      "state": "FAILED",
      "stateUpdateTime": 1790969516
    },
    {
      "error": null,
      "hostname": "rmdb11",
      "id": "rmdb11:37017",
      "port": 37017,
      "rsId": "tgtShard_0",
      "state": "FAILED",
      "stateUpdateTime": 1790969516
    },
    {
      "error": null,
      "hostname": "rmdb7",
      "id": "rmdb7:37017",
      "port": 37017,
      "rsId": "tgtconfigRS",
      "state": "FAILED",
      "stateUpdateTime": 1790969516
    },
    {
      "error": null,
      "hostname": "rmdb-config1",
      "id": "rmdb-config1:37017",
      "port": 37017,
      "rsId": "tgtconfigRS",
      "state": "FAILED",
      "stateUpdateTime": 1790969516
    },
    {
      "error": null,
      "hostname": "rmdb-config2",
      "id": "rmdb-config2:37017",
      "port": 37017,
      "rsId": "tgtconfigRS",
      "state": "FAILED",
      "stateUpdateTime": 1790969516
    }
  ],
  "state": "FAILED"
}
2026-10-02 14:41:52,538 [INFO] Restore state: FAILED
2026-10-02 14:42:02,538 [DEBUG] API GET http://129.40.36.100:8080/api/public/v1.0/backup/third_party/group/6a386221ee19a6537cc68a97/restore/6abf3847457a6b80701899fb
2026-10-02 14:42:02,679 [DEBUG] STATUS 200
2026-10-02 14:42:02,679 [DEBUG] {
  "clusterMapping": [
    {
      "rsId": "sgcShard_0",
      "targetRsId": "tgtShard_0"
    },
    {
      "rsId": "sgcShard_1",
      "targetRsId": "tgtShard_1"
    },
    {
      "rsId": "configRS",
      "targetRsId": "tgtconfigRS"
    }
  ],
  "nodes": [
    {
      "error": null,
      "hostname": "rmdb12",
      "id": "rmdb12:37017",
      "port": 37017,
      "rsId": "tgtShard_1",
      "state": "FAILED",
      "stateUpdateTime": 1790969516
    },
    {
      "error": null,
      "hostname": "rmdb14",
      "id": "rmdb14:37017",
      "port": 37017,
      "rsId": "tgtShard_1",
      "state": "FAILED",
      "stateUpdateTime": 1790969516
    },
    {
      "error": null,
      "hostname": "rmdb9",
      "id": "rmdb9:37017",
      "port": 37017,
      "rsId": "tgtShard_1",
      "state": "FAILED",
      "stateUpdateTime": 1790969516
    },
    {
      "error": null,
      "hostname": "rmdb4",
      "id": "rmdb4:37017",
      "port": 37017,
      "rsId": "tgtShard_1",
      "state": "FAILED",
      "stateUpdateTime": 1790969516
    },
    {
      "error": null,
      "hostname": "rmdb2",
      "id": "rmdb2:37017",
      "port": 37017,
      "rsId": "tgtShard_1",
      "state": "FAILED",
      "stateUpdateTime": 1790969516
    },
    {
      "error": null,
      "hostname": "rmdb8",
      "id": "rmdb8:37017",
      "port": 37017,
      "rsId": "tgtShard_0",
      "state": "FAILED",
      "stateUpdateTime": 1790969516
    },
    {
      "error": null,
      "hostname": "rmdb13",
      "id": "rmdb13:37017",
      "port": 37017,
      "rsId": "tgtShard_0",
      "state": "FAILED",
      "stateUpdateTime": 1790969516
    },
    {
      "error": "<tgtCluster_tgtShard_0_42> [15:29:05.042] Plan execution failed on step MakeBackupDataAvailable as part of move RestoreRsMemberFromBackupPhase1 : <tgtCluster_tgtShard_0_42> [15:29:05.042] Failed to apply action. Result = <nil> : <tgtCluster_tgtShard_0_42> [15:29:05.042] Failed to download the snapshot : <tgtCluster_tgtShard_0_42> [15:29:05.042] Error while waiting for third party to copy backup to /fimongo1/data : <tgtCluster_tgtShard_0_42> [15:29:05.042] Observed error when trying to mark node as ready for copy files. : <tgtCluster_tgtShard_0_42> [15:29:05.042] Got return status 404 Not Found when trying to mark node ready for copy files.",
      "hostname": "rmdb1",
      "id": "rmdb1:37017",
      "port": 37017,
      "rsId": "tgtShard_0",
      "state": "FAILED",
      "stateUpdateTime": 1790969516
    },
    {
      "error": null,
      "hostname": "rmdb3",
      "id": "rmdb3:37017",
      "port": 37017,
      "rsId": "tgtShard_0",
      "state": "FAILED",
      "stateUpdateTime": 1790969516
    },
    {
      "error": null,
      "hostname": "rmdb11",
      "id": "rmdb11:37017",
      "port": 37017,
      "rsId": "tgtShard_0",
      "state": "FAILED",
      "stateUpdateTime": 1790969516
    },
    {
      "error": null,
      "hostname": "rmdb7",
      "id": "rmdb7:37017",
      "port": 37017,
      "rsId": "tgtconfigRS",
      "state": "FAILED",
      "stateUpdateTime": 1790969516
    },
    {
      "error": null,
      "hostname": "rmdb-config1",
      "id": "rmdb-config1:37017",
      "port": 37017,
      "rsId": "tgtconfigRS",
      "state": "FAILED",
      "stateUpdateTime": 1790969516
    },
    {
      "error": null,
      "hostname": "rmdb-config2",
      "id": "rmdb-config2:37017",
      "port": 37017,
      "rsId": "tgtconfigRS",
      "state": "FAILED",
      "stateUpdateTime": 1790969516
    }
  ],
  "state": "FAILED"
}
2026-10-02 14:42:02,680 [INFO] Restore state: FAILED
2026-10-02 14:42:12,680 [DEBUG] API GET http://129.40.36.100:8080/api/public/v1.0/backup/third_party/group/6a386221ee19a6537cc68a97/restore/6abf3847457a6b80701899fb
2026-10-02 14:42:12,838 [DEBUG] STATUS 200
2026-10-02 14:42:12,838 [DEBUG] {
  "clusterMapping": [
    {
      "rsId": "sgcShard_0",
      "targetRsId": "tgtShard_0"
    },
    {
      "rsId": "sgcShard_1",
      "targetRsId": "tgtShard_1"
    },
    {
      "rsId": "configRS",
      "targetRsId": "tgtconfigRS"
    }
  ],
  "nodes": [
    {
      "error": null,
      "hostname": "rmdb12",
      "id": "rmdb12:37017",
      "port": 37017,
      "rsId": "tgtShard_1",
      "state": "FAILED",
      "stateUpdateTime": 1790969516
    },
    {
      "error": null,
      "hostname": "rmdb14",
      "id": "rmdb14:37017",
      "port": 37017,
      "rsId": "tgtShard_1",
      "state": "FAILED",
      "stateUpdateTime": 1790969516
    },
    {
      "error": null,
      "hostname": "rmdb9",
      "id": "rmdb9:37017",
      "port": 37017,
      "rsId": "tgtShard_1",
      "state": "FAILED",
      "stateUpdateTime": 1790969516
    },
    {
      "error": null,
      "hostname": "rmdb4",
      "id": "rmdb4:37017",
      "port": 37017,
      "rsId": "tgtShard_1",
      "state": "FAILED",
      "stateUpdateTime": 1790969516
    },
    {
      "error": null,
      "hostname": "rmdb2",
      "id": "rmdb2:37017",
      "port": 37017,
      "rsId": "tgtShard_1",
      "state": "FAILED",
      "stateUpdateTime": 1790969516
    },
    {
      "error": null,
      "hostname": "rmdb8",
      "id": "rmdb8:37017",
      "port": 37017,
      "rsId": "tgtShard_0",
      "state": "FAILED",
      "stateUpdateTime": 1790969516
    },
    {
      "error": null,
      "hostname": "rmdb13",
      "id": "rmdb13:37017",
      "port": 37017,
      "rsId": "tgtShard_0",
      "state": "FAILED",
      "stateUpdateTime": 1790969516
    },
    {
      "error": "<tgtCluster_tgtShard_0_42> [15:29:05.042] Plan execution failed on step MakeBackupDataAvailable as part of move RestoreRsMemberFromBackupPhase1 : <tgtCluster_tgtShard_0_42> [15:29:05.042] Failed to apply action. Result = <nil> : <tgtCluster_tgtShard_0_42> [15:29:05.042] Failed to download the snapshot : <tgtCluster_tgtShard_0_42> [15:29:05.042] Error while waiting for third party to copy backup to /fimongo1/data : <tgtCluster_tgtShard_0_42> [15:29:05.042] Observed error when trying to mark node as ready for copy files. : <tgtCluster_tgtShard_0_42> [15:29:05.042] Got return status 404 Not Found when trying to mark node ready for copy files.",
      "hostname": "rmdb1",
      "id": "rmdb1:37017",
      "port": 37017,
      "rsId": "tgtShard_0",
      "state": "FAILED",
      "stateUpdateTime": 1790969516
    },
    {
      "error": null,
      "hostname": "rmdb3",
      "id": "rmdb3:37017",
      "port": 37017,
      "rsId": "tgtShard_0",
      "state": "FAILED",
      "stateUpdateTime": 1790969516
    },
    {
      "error": null,
      "hostname": "rmdb11",
      "id": "rmdb11:37017",
      "port": 37017,
      "rsId": "tgtShard_0",
      "state": "FAILED",
      "stateUpdateTime": 1790969516
    },
    {
      "error": null,
      "hostname": "rmdb7",
      "id": "rmdb7:37017",
      "port": 37017,
      "rsId": "tgtconfigRS",
      "state": "FAILED",
      "stateUpdateTime": 1790969516
    },
    {
      "error": null,
      "hostname": "rmdb-config1",
      "id": "rmdb-config1:37017",
      "port": 37017,
      "rsId": "tgtconfigRS",
      "state": "FAILED",
      "stateUpdateTime": 1790969516
    },
    {
      "error": null,
      "hostname": "rmdb-config2",
      "id": "rmdb-config2:37017",
      "port": 37017,
      "rsId": "tgtconfigRS",
      "state": "FAILED",
      "stateUpdateTime": 1790969516
    }
  ],
  "state": "FAILED"
}
2026-10-02 14:42:12,838 [INFO] Restore state: FAILED
2026-10-02 14:42:22,839 [DEBUG] API GET http://129.40.36.100:8080/api/public/v1.0/backup/third_party/group/6a386221ee19a6537cc68a97/restore/6abf3847457a6b80701899fb
2026-10-02 14:42:22,982 [DEBUG] STATUS 200
2026-10-02 14:42:22,982 [DEBUG] {
  "clusterMapping": [
    {
      "rsId": "sgcShard_0",
      "targetRsId": "tgtShard_0"
    },
    {
      "rsId": "sgcShard_1",
      "targetRsId": "tgtShard_1"
    },
    {
      "rsId": "configRS",
      "targetRsId": "tgtconfigRS"
    }
  ],
  "nodes": [
    {
      "error": null,
      "hostname": "rmdb12",
      "id": "rmdb12:37017",
      "port": 37017,
      "rsId": "tgtShard_1",
      "state": "FAILED",
      "stateUpdateTime": 1790969516
    },
    {
      "error": null,
      "hostname": "rmdb14",
      "id": "rmdb14:37017",
      "port": 37017,
      "rsId": "tgtShard_1",
      "state": "FAILED",
      "stateUpdateTime": 1790969516
    },
    {
      "error": null,
      "hostname": "rmdb9",
      "id": "rmdb9:37017",
      "port": 37017,
      "rsId": "tgtShard_1",
      "state": "FAILED",
      "stateUpdateTime": 1790969516
    },
    {
      "error": null,
      "hostname": "rmdb4",
      "id": "rmdb4:37017",
      "port": 37017,
      "rsId": "tgtShard_1",
      "state": "FAILED",
      "stateUpdateTime": 1790969516
    },
    {
      "error": null,
      "hostname": "rmdb2",
      "id": "rmdb2:37017",
      "port": 37017,
      "rsId": "tgtShard_1",
      "state": "FAILED",
      "stateUpdateTime": 1790969516
    },
    {
      "error": null,
      "hostname": "rmdb8",
      "id": "rmdb8:37017",
      "port": 37017,
      "rsId": "tgtShard_0",
      "state": "FAILED",
      "stateUpdateTime": 1790969516
    },
    {
      "error": null,
      "hostname": "rmdb13",
      "id": "rmdb13:37017",
      "port": 37017,
      "rsId": "tgtShard_0",
      "state": "FAILED",
      "stateUpdateTime": 1790969516
    },
    {
      "error": "<tgtCluster_tgtShard_0_42> [15:29:05.042] Plan execution failed on step MakeBackupDataAvailable as part of move RestoreRsMemberFromBackupPhase1 : <tgtCluster_tgtShard_0_42> [15:29:05.042] Failed to apply action. Result = <nil> : <tgtCluster_tgtShard_0_42> [15:29:05.042] Failed to download the snapshot : <tgtCluster_tgtShard_0_42> [15:29:05.042] Error while waiting for third party to copy backup to /fimongo1/data : <tgtCluster_tgtShard_0_42> [15:29:05.042] Observed error when trying to mark node as ready for copy files. : <tgtCluster_tgtShard_0_42> [15:29:05.042] Got return status 404 Not Found when trying to mark node ready for copy files.",
      "hostname": "rmdb1",
      "id": "rmdb1:37017",
      "port": 37017,
      "rsId": "tgtShard_0",
      "state": "FAILED",
      "stateUpdateTime": 1790969516
    },
    {
      "error": null,
      "hostname": "rmdb3",
      "id": "rmdb3:37017",
      "port": 37017,
      "rsId": "tgtShard_0",
      "state": "FAILED",
      "stateUpdateTime": 1790969516
    },
    {
      "error": null,
      "hostname": "rmdb11",
      "id": "rmdb11:37017",
      "port": 37017,
      "rsId": "tgtShard_0",
      "state": "FAILED",
      "stateUpdateTime": 1790969516
    },
    {
      "error": null,
      "hostname": "rmdb7",
      "id": "rmdb7:37017",
      "port": 37017,
      "rsId": "tgtconfigRS",
      "state": "FAILED",
      "stateUpdateTime": 1790969516
    },
    {
      "error": null,
      "hostname": "rmdb-config1",
      "id": "rmdb-config1:37017",
      "port": 37017,
      "rsId": "tgtconfigRS",
      "state": "FAILED",
      "stateUpdateTime": 1790969516
    },
    {
      "error": null,
      "hostname": "rmdb-config2",
      "id": "rmdb-config2:37017",
      "port": 37017,
      "rsId": "tgtconfigRS",
      "state": "FAILED",
      "stateUpdateTime": 1790969516
    }
  ],
  "state": "FAILED"
}
2026-10-02 14:42:22,982 [INFO] Restore state: FAILED
2026-10-02 14:42:32,983 [DEBUG] API GET http://129.40.36.100:8080/api/public/v1.0/backup/third_party/group/6a386221ee19a6537cc68a97/restore/6abf3847457a6b80701899fb
2026-10-02 14:42:33,125 [DEBUG] STATUS 200
2026-10-02 14:42:33,125 [DEBUG] {
  "clusterMapping": [
    {
      "rsId": "sgcShard_0",
      "targetRsId": "tgtShard_0"
    },
    {
      "rsId": "sgcShard_1",
      "targetRsId": "tgtShard_1"
    },
    {
      "rsId": "configRS",
      "targetRsId": "tgtconfigRS"
    }
  ],
  "nodes": [
    {
      "error": null,
      "hostname": "rmdb12",
      "id": "rmdb12:37017",
      "port": 37017,
      "rsId": "tgtShard_1",
      "state": "FAILED",
      "stateUpdateTime": 1790969516
    },
    {
      "error": null,
      "hostname": "rmdb14",
      "id": "rmdb14:37017",
      "port": 37017,
      "rsId": "tgtShard_1",
      "state": "FAILED",
      "stateUpdateTime": 1790969516
    },
    {
      "error": null,
      "hostname": "rmdb9",
      "id": "rmdb9:37017",
      "port": 37017,
      "rsId": "tgtShard_1",
      "state": "FAILED",
      "stateUpdateTime": 1790969516
    },
    {
      "error": null,
      "hostname": "rmdb4",
      "id": "rmdb4:37017",
      "port": 37017,
      "rsId": "tgtShard_1",
      "state": "FAILED",
      "stateUpdateTime": 1790969516
    },
    {
      "error": null,
      "hostname": "rmdb2",
      "id": "rmdb2:37017",
      "port": 37017,
      "rsId": "tgtShard_1",
      "state": "FAILED",
      "stateUpdateTime": 1790969516
    },
    {
      "error": null,
      "hostname": "rmdb8",
      "id": "rmdb8:37017",
      "port": 37017,
      "rsId": "tgtShard_0",
      "state": "FAILED",
      "stateUpdateTime": 1790969516
    },
    {
      "error": null,
      "hostname": "rmdb13",
      "id": "rmdb13:37017",
      "port": 37017,
      "rsId": "tgtShard_0",
      "state": "FAILED",
      "stateUpdateTime": 1790969516
    },
    {
      "error": "<tgtCluster_tgtShard_0_42> [15:29:05.042] Plan execution failed on step MakeBackupDataAvailable as part of move RestoreRsMemberFromBackupPhase1 : <tgtCluster_tgtShard_0_42> [15:29:05.042] Failed to apply action. Result = <nil> : <tgtCluster_tgtShard_0_42> [15:29:05.042] Failed to download the snapshot : <tgtCluster_tgtShard_0_42> [15:29:05.042] Error while waiting for third party to copy backup to /fimongo1/data : <tgtCluster_tgtShard_0_42> [15:29:05.042] Observed error when trying to mark node as ready for copy files. : <tgtCluster_tgtShard_0_42> [15:29:05.042] Got return status 404 Not Found when trying to mark node ready for copy files.",
      "hostname": "rmdb1",
      "id": "rmdb1:37017",
      "port": 37017,
      "rsId": "tgtShard_0",
      "state": "FAILED",
      "stateUpdateTime": 1790969516
    },
    {
      "error": null,
      "hostname": "rmdb3",
      "id": "rmdb3:37017",
      "port": 37017,
      "rsId": "tgtShard_0",
      "state": "FAILED",
      "stateUpdateTime": 1790969516
    },
    {
      "error": null,
      "hostname": "rmdb11",
      "id": "rmdb11:37017",
      "port": 37017,
      "rsId": "tgtShard_0",
      "state": "FAILED",
      "stateUpdateTime": 1790969516
    },
    {
      "error": null,
      "hostname": "rmdb7",
      "id": "rmdb7:37017",
      "port": 37017,
      "rsId": "tgtconfigRS",
      "state": "FAILED",
      "stateUpdateTime": 1790969516
    },
    {
      "error": null,
      "hostname": "rmdb-config1",
      "id": "rmdb-config1:37017",
      "port": 37017,
      "rsId": "tgtconfigRS",
      "state": "FAILED",
      "stateUpdateTime": 1790969516
    },
    {
      "error": null,
      "hostname": "rmdb-config2",
      "id": "rmdb-config2:37017",
      "port": 37017,
      "rsId": "tgtconfigRS",
      "state": "FAILED",
      "stateUpdateTime": 1790969516
    }
  ],
  "state": "FAILED"
}
2026-10-02 14:42:33,126 [INFO] Restore state: FAILED
2026-10-02 14:42:43,126 [DEBUG] API GET http://129.40.36.100:8080/api/public/v1.0/backup/third_party/group/6a386221ee19a6537cc68a97/restore/6abf3847457a6b80701899fb
2026-10-02 14:42:43,326 [DEBUG] STATUS 200
2026-10-02 14:42:43,327 [DEBUG] {
  "clusterMapping": [
    {
      "rsId": "sgcShard_0",
      "targetRsId": "tgtShard_0"
    },
    {
      "rsId": "sgcShard_1",
      "targetRsId": "tgtShard_1"
    },
    {
      "rsId": "configRS",
      "targetRsId": "tgtconfigRS"
    }
  ],
  "nodes": [
    {
      "error": null,
      "hostname": "rmdb12",
      "id": "rmdb12:37017",
      "port": 37017,
      "rsId": "tgtShard_1",
      "state": "FAILED",
      "stateUpdateTime": 1790969516
    },
    {
      "error": null,
      "hostname": "rmdb14",
      "id": "rmdb14:37017",
      "port": 37017,
      "rsId": "tgtShard_1",
      "state": "FAILED",
      "stateUpdateTime": 1790969516
    },
    {
      "error": null,
      "hostname": "rmdb9",
      "id": "rmdb9:37017",
      "port": 37017,
      "rsId": "tgtShard_1",
      "state": "FAILED",
      "stateUpdateTime": 1790969516
    },
    {
      "error": null,
      "hostname": "rmdb4",
      "id": "rmdb4:37017",
      "port": 37017,
      "rsId": "tgtShard_1",
      "state": "FAILED",
      "stateUpdateTime": 1790969516
    },
    {
      "error": null,
      "hostname": "rmdb2",
      "id": "rmdb2:37017",
      "port": 37017,
      "rsId": "tgtShard_1",
      "state": "FAILED",
      "stateUpdateTime": 1790969516
    },
    {
      "error": null,
      "hostname": "rmdb8",
      "id": "rmdb8:37017",
      "port": 37017,
      "rsId": "tgtShard_0",
      "state": "FAILED",
      "stateUpdateTime": 1790969516
    },
    {
      "error": null,
      "hostname": "rmdb13",
      "id": "rmdb13:37017",
      "port": 37017,
      "rsId": "tgtShard_0",
      "state": "FAILED",
      "stateUpdateTime": 1790969516
    },
    {
      "error": "<tgtCluster_tgtShard_0_42> [15:29:05.042] Plan execution failed on step MakeBackupDataAvailable as part of move RestoreRsMemberFromBackupPhase1 : <tgtCluster_tgtShard_0_42> [15:29:05.042] Failed to apply action. Result = <nil> : <tgtCluster_tgtShard_0_42> [15:29:05.042] Failed to download the snapshot : <tgtCluster_tgtShard_0_42> [15:29:05.042] Error while waiting for third party to copy backup to /fimongo1/data : <tgtCluster_tgtShard_0_42> [15:29:05.042] Observed error when trying to mark node as ready for copy files. : <tgtCluster_tgtShard_0_42> [15:29:05.042] Got return status 404 Not Found when trying to mark node ready for copy files.",
      "hostname": "rmdb1",
      "id": "rmdb1:37017",
      "port": 37017,
      "rsId": "tgtShard_0",
      "state": "FAILED",
      "stateUpdateTime": 1790969516
    },
    {
      "error": null,
      "hostname": "rmdb3",
      "id": "rmdb3:37017",
      "port": 37017,
      "rsId": "tgtShard_0",
      "state": "FAILED",
      "stateUpdateTime": 1790969516
    },
    {
      "error": null,
      "hostname": "rmdb11",
      "id": "rmdb11:37017",
      "port": 37017,
      "rsId": "tgtShard_0",
      "state": "FAILED",
      "stateUpdateTime": 1790969516
    },
    {
      "error": null,
      "hostname": "rmdb7",
      "id": "rmdb7:37017",
      "port": 37017,
      "rsId": "tgtconfigRS",
      "state": "FAILED",
      "stateUpdateTime": 1790969516
    },
    {
      "error": null,
      "hostname": "rmdb-config1",
      "id": "rmdb-config1:37017",
      "port": 37017,
      "rsId": "tgtconfigRS",
      "state": "FAILED",
      "stateUpdateTime": 1790969516
    },
    {
      "error": null,
      "hostname": "rmdb-config2",
      "id": "rmdb-config2:37017",
      "port": 37017,
      "rsId": "tgtconfigRS",
      "state": "FAILED",
      "stateUpdateTime": 1790969516
    }
  ],
  "state": "FAILED"
}
2026-10-02 14:42:43,327 [INFO] Restore state: FAILED
2026-10-02 14:42:53,327 [DEBUG] API GET http://129.40.36.100:8080/api/public/v1.0/backup/third_party/group/6a386221ee19a6537cc68a97/restore/6abf3847457a6b80701899fb
2026-10-02 14:42:53,467 [DEBUG] STATUS 200
2026-10-02 14:42:53,467 [DEBUG] {
  "clusterMapping": [
    {
      "rsId": "sgcShard_0",
      "targetRsId": "tgtShard_0"
    },
    {
      "rsId": "sgcShard_1",
      "targetRsId": "tgtShard_1"
    },
    {
      "rsId": "configRS",
      "targetRsId": "tgtconfigRS"
    }
  ],
  "nodes": [
    {
      "error": null,
      "hostname": "rmdb12",
      "id": "rmdb12:37017",
      "port": 37017,
      "rsId": "tgtShard_1",
      "state": "FAILED",
      "stateUpdateTime": 1790969516
    },
    {
      "error": null,
      "hostname": "rmdb14",
      "id": "rmdb14:37017",
      "port": 37017,
      "rsId": "tgtShard_1",
      "state": "FAILED",
      "stateUpdateTime": 1790969516
    },
    {
      "error": null,
      "hostname": "rmdb9",
      "id": "rmdb9:37017",
      "port": 37017,
      "rsId": "tgtShard_1",
      "state": "FAILED",
      "stateUpdateTime": 1790969516
    },
    {
      "error": null,
      "hostname": "rmdb4",
      "id": "rmdb4:37017",
      "port": 37017,
      "rsId": "tgtShard_1",
      "state": "FAILED",
      "stateUpdateTime": 1790969516
    },
    {
      "error": null,
      "hostname": "rmdb2",
      "id": "rmdb2:37017",
      "port": 37017,
      "rsId": "tgtShard_1",
      "state": "FAILED",
      "stateUpdateTime": 1790969516
    },
    {
      "error": null,
      "hostname": "rmdb8",
      "id": "rmdb8:37017",
      "port": 37017,
      "rsId": "tgtShard_0",
      "state": "FAILED",
      "stateUpdateTime": 1790969516
    },
    {
      "error": null,
      "hostname": "rmdb13",
      "id": "rmdb13:37017",
      "port": 37017,
      "rsId": "tgtShard_0",
      "state": "FAILED",
      "stateUpdateTime": 1790969516
    },
    {
      "error": "<tgtCluster_tgtShard_0_42> [15:29:05.042] Plan execution failed on step MakeBackupDataAvailable as part of move RestoreRsMemberFromBackupPhase1 : <tgtCluster_tgtShard_0_42> [15:29:05.042] Failed to apply action. Result = <nil> : <tgtCluster_tgtShard_0_42> [15:29:05.042] Failed to download the snapshot : <tgtCluster_tgtShard_0_42> [15:29:05.042] Error while waiting for third party to copy backup to /fimongo1/data : <tgtCluster_tgtShard_0_42> [15:29:05.042] Observed error when trying to mark node as ready for copy files. : <tgtCluster_tgtShard_0_42> [15:29:05.042] Got return status 404 Not Found when trying to mark node ready for copy files.",
      "hostname": "rmdb1",
      "id": "rmdb1:37017",
      "port": 37017,
      "rsId": "tgtShard_0",
      "state": "FAILED",
      "stateUpdateTime": 1790969516
    },
    {
      "error": null,
      "hostname": "rmdb3",
      "id": "rmdb3:37017",
      "port": 37017,
      "rsId": "tgtShard_0",
      "state": "FAILED",
      "stateUpdateTime": 1790969516
    },
    {
      "error": null,
      "hostname": "rmdb11",
      "id": "rmdb11:37017",
      "port": 37017,
      "rsId": "tgtShard_0",
      "state": "FAILED",
      "stateUpdateTime": 1790969516
    },
    {
      "error": null,
      "hostname": "rmdb7",
      "id": "rmdb7:37017",
      "port": 37017,
      "rsId": "tgtconfigRS",
      "state": "FAILED",
      "stateUpdateTime": 1790969516
    },
    {
      "error": null,
      "hostname": "rmdb-config1",
      "id": "rmdb-config1:37017",
      "port": 37017,
      "rsId": "tgtconfigRS",
      "state": "FAILED",
      "stateUpdateTime": 1790969516
    },
    {
      "error": null,
      "hostname": "rmdb-config2",
      "id": "rmdb-config2:37017",
      "port": 37017,
      "rsId": "tgtconfigRS",
      "state": "FAILED",
      "stateUpdateTime": 1790969516
    }
  ],
  "state": "FAILED"
}
2026-10-02 14:42:53,468 [INFO] Restore state: FAILED
2026-10-02 14:43:03,468 [DEBUG] API GET http://129.40.36.100:8080/api/public/v1.0/backup/third_party/group/6a386221ee19a6537cc68a97/restore/6abf3847457a6b80701899fb
2026-10-02 14:43:03,642 [DEBUG] STATUS 200
2026-10-02 14:43:03,642 [DEBUG] {
  "clusterMapping": [
    {
      "rsId": "sgcShard_0",
      "targetRsId": "tgtShard_0"
    },
    {
      "rsId": "sgcShard_1",
      "targetRsId": "tgtShard_1"
    },
    {
      "rsId": "configRS",
      "targetRsId": "tgtconfigRS"
    }
  ],
  "nodes": [
    {
      "error": null,
      "hostname": "rmdb12",
      "id": "rmdb12:37017",
      "port": 37017,
      "rsId": "tgtShard_1",
      "state": "FAILED",
      "stateUpdateTime": 1790969516
    },
    {
      "error": null,
      "hostname": "rmdb14",
      "id": "rmdb14:37017",
      "port": 37017,
      "rsId": "tgtShard_1",
      "state": "FAILED",
      "stateUpdateTime": 1790969516
    },
    {
      "error": null,
      "hostname": "rmdb9",
      "id": "rmdb9:37017",
      "port": 37017,
      "rsId": "tgtShard_1",
      "state": "FAILED",
      "stateUpdateTime": 1790969516
    },
    {
      "error": null,
      "hostname": "rmdb4",
      "id": "rmdb4:37017",
      "port": 37017,
      "rsId": "tgtShard_1",
      "state": "FAILED",
      "stateUpdateTime": 1790969516
    },
    {
      "error": null,
      "hostname": "rmdb2",
      "id": "rmdb2:37017",
      "port": 37017,
      "rsId": "tgtShard_1",
      "state": "FAILED",
      "stateUpdateTime": 1790969516
    },
    {
      "error": null,
      "hostname": "rmdb8",
      "id": "rmdb8:37017",
      "port": 37017,
      "rsId": "tgtShard_0",
      "state": "FAILED",
      "stateUpdateTime": 1790969516
    },
    {
      "error": null,
      "hostname": "rmdb13",
      "id": "rmdb13:37017",
      "port": 37017,
      "rsId": "tgtShard_0",
      "state": "FAILED",
      "stateUpdateTime": 1790969516
    },
    {
      "error": "<tgtCluster_tgtShard_0_42> [15:29:05.042] Plan execution failed on step MakeBackupDataAvailable as part of move RestoreRsMemberFromBackupPhase1 : <tgtCluster_tgtShard_0_42> [15:29:05.042] Failed to apply action. Result = <nil> : <tgtCluster_tgtShard_0_42> [15:29:05.042] Failed to download the snapshot : <tgtCluster_tgtShard_0_42> [15:29:05.042] Error while waiting for third party to copy backup to /fimongo1/data : <tgtCluster_tgtShard_0_42> [15:29:05.042] Observed error when trying to mark node as ready for copy files. : <tgtCluster_tgtShard_0_42> [15:29:05.042] Got return status 404 Not Found when trying to mark node ready for copy files.",
      "hostname": "rmdb1",
      "id": "rmdb1:37017",
      "port": 37017,
      "rsId": "tgtShard_0",
      "state": "FAILED",
      "stateUpdateTime": 1790969516
    },
    {
      "error": null,
      "hostname": "rmdb3",
      "id": "rmdb3:37017",
      "port": 37017,
      "rsId": "tgtShard_0",
      "state": "FAILED",
      "stateUpdateTime": 1790969516
    },
    {
      "error": null,
      "hostname": "rmdb11",
      "id": "rmdb11:37017",
      "port": 37017,
      "rsId": "tgtShard_0",
      "state": "FAILED",
      "stateUpdateTime": 1790969516
    },
    {
      "error": null,
      "hostname": "rmdb7",
      "id": "rmdb7:37017",
      "port": 37017,
      "rsId": "tgtconfigRS",
      "state": "FAILED",
      "stateUpdateTime": 1790969516
    },
    {
      "error": null,
      "hostname": "rmdb-config1",
      "id": "rmdb-config1:37017",
      "port": 37017,
      "rsId": "tgtconfigRS",
      "state": "FAILED",
      "stateUpdateTime": 1790969516
    },
    {
      "error": null,
      "hostname": "rmdb-config2",
      "id": "rmdb-config2:37017",
      "port": 37017,
      "rsId": "tgtconfigRS",
      "state": "FAILED",
      "stateUpdateTime": 1790969516
    }
  ],
  "state": "FAILED"
}
2026-10-02 14:43:03,643 [INFO] Restore state: FAILED
2026-10-02 14:43:13,643 [DEBUG] API GET http://129.40.36.100:8080/api/public/v1.0/backup/third_party/group/6a386221ee19a6537cc68a97/restore/6abf3847457a6b80701899fb
2026-10-02 14:43:13,798 [DEBUG] STATUS 200
2026-10-02 14:43:13,799 [DEBUG] {
  "clusterMapping": [
    {
      "rsId": "sgcShard_0",
      "targetRsId": "tgtShard_0"
    },
    {
      "rsId": "sgcShard_1",
      "targetRsId": "tgtShard_1"
    },
    {
      "rsId": "configRS",
      "targetRsId": "tgtconfigRS"
    }
  ],
  "nodes": [
    {
      "error": null,
      "hostname": "rmdb12",
      "id": "rmdb12:37017",
      "port": 37017,
      "rsId": "tgtShard_1",
      "state": "FAILED",
      "stateUpdateTime": 1790969516
    },
    {
      "error": null,
      "hostname": "rmdb14",
      "id": "rmdb14:37017",
      "port": 37017,
      "rsId": "tgtShard_1",
      "state": "FAILED",
      "stateUpdateTime": 1790969516
    },
    {
      "error": null,
      "hostname": "rmdb9",
      "id": "rmdb9:37017",
      "port": 37017,
      "rsId": "tgtShard_1",
      "state": "FAILED",
      "stateUpdateTime": 1790969516
    },
    {
      "error": null,
      "hostname": "rmdb4",
      "id": "rmdb4:37017",
      "port": 37017,
      "rsId": "tgtShard_1",
      "state": "FAILED",
      "stateUpdateTime": 1790969516
    },
    {
      "error": null,
      "hostname": "rmdb2",
      "id": "rmdb2:37017",
      "port": 37017,
      "rsId": "tgtShard_1",
      "state": "FAILED",
      "stateUpdateTime": 1790969516
    },
    {
      "error": null,
      "hostname": "rmdb8",
      "id": "rmdb8:37017",
      "port": 37017,
      "rsId": "tgtShard_0",
      "state": "FAILED",
      "stateUpdateTime": 1790969516
    },
    {
      "error": null,
      "hostname": "rmdb13",
      "id": "rmdb13:37017",
      "port": 37017,
      "rsId": "tgtShard_0",
      "state": "FAILED",
      "stateUpdateTime": 1790969516
    },
    {
      "error": "<tgtCluster_tgtShard_0_42> [15:29:05.042] Plan execution failed on step MakeBackupDataAvailable as part of move RestoreRsMemberFromBackupPhase1 : <tgtCluster_tgtShard_0_42> [15:29:05.042] Failed to apply action. Result = <nil> : <tgtCluster_tgtShard_0_42> [15:29:05.042] Failed to download the snapshot : <tgtCluster_tgtShard_0_42> [15:29:05.042] Error while waiting for third party to copy backup to /fimongo1/data : <tgtCluster_tgtShard_0_42> [15:29:05.042] Observed error when trying to mark node as ready for copy files. : <tgtCluster_tgtShard_0_42> [15:29:05.042] Got return status 404 Not Found when trying to mark node ready for copy files.",
      "hostname": "rmdb1",
      "id": "rmdb1:37017",
      "port": 37017,
      "rsId": "tgtShard_0",
      "state": "FAILED",
      "stateUpdateTime": 1790969516
    },
    {
      "error": null,
      "hostname": "rmdb3",
      "id": "rmdb3:37017",
      "port": 37017,
      "rsId": "tgtShard_0",
      "state": "FAILED",
      "stateUpdateTime": 1790969516
    },
    {
      "error": null,
      "hostname": "rmdb11",
      "id": "rmdb11:37017",
      "port": 37017,
      "rsId": "tgtShard_0",
      "state": "FAILED",
      "stateUpdateTime": 1790969516
    },
    {
      "error": null,
      "hostname": "rmdb7",
      "id": "rmdb7:37017",
      "port": 37017,
      "rsId": "tgtconfigRS",
      "state": "FAILED",
      "stateUpdateTime": 1790969516
    },
    {
      "error": null,
      "hostname": "rmdb-config1",
      "id": "rmdb-config1:37017",
      "port": 37017,
      "rsId": "tgtconfigRS",
      "state": "FAILED",
      "stateUpdateTime": 1790969516
    },
    {
      "error": null,
      "hostname": "rmdb-config2",
      "id": "rmdb-config2:37017",
      "port": 37017,
      "rsId": "tgtconfigRS",
      "state": "FAILED",
      "stateUpdateTime": 1790969516
    }
  ],
  "state": "FAILED"
}
2026-10-02 14:43:13,799 [INFO] Restore state: FAILED
2026-10-02 14:43:23,799 [DEBUG] API GET http://129.40.36.100:8080/api/public/v1.0/backup/third_party/group/6a386221ee19a6537cc68a97/restore/6abf3847457a6b80701899fb
2026-10-02 14:43:23,940 [DEBUG] STATUS 200
2026-10-02 14:43:23,941 [DEBUG] {
  "clusterMapping": [
    {
      "rsId": "sgcShard_0",
      "targetRsId": "tgtShard_0"
    },
    {
      "rsId": "sgcShard_1",
      "targetRsId": "tgtShard_1"
    },
    {
      "rsId": "configRS",
      "targetRsId": "tgtconfigRS"
    }
  ],
  "nodes": [
    {
      "error": null,
      "hostname": "rmdb12",
      "id": "rmdb12:37017",
      "port": 37017,
      "rsId": "tgtShard_1",
      "state": "FAILED",
      "stateUpdateTime": 1790969516
    },
    {
      "error": null,
      "hostname": "rmdb14",
      "id": "rmdb14:37017",
      "port": 37017,
      "rsId": "tgtShard_1",
      "state": "FAILED",
      "stateUpdateTime": 1790969516
    },
    {
      "error": null,
      "hostname": "rmdb9",
      "id": "rmdb9:37017",
      "port": 37017,
      "rsId": "tgtShard_1",
      "state": "FAILED",
      "stateUpdateTime": 1790969516
    },
    {
      "error": null,
      "hostname": "rmdb4",
      "id": "rmdb4:37017",
      "port": 37017,
      "rsId": "tgtShard_1",
      "state": "FAILED",
      "stateUpdateTime": 1790969516
    },
    {
      "error": null,
      "hostname": "rmdb2",
      "id": "rmdb2:37017",
      "port": 37017,
      "rsId": "tgtShard_1",
      "state": "FAILED",
      "stateUpdateTime": 1790969516
    },
    {
      "error": null,
      "hostname": "rmdb8",
      "id": "rmdb8:37017",
      "port": 37017,
      "rsId": "tgtShard_0",
      "state": "FAILED",
      "stateUpdateTime": 1790969516
    },
    {
      "error": null,
      "hostname": "rmdb13",
      "id": "rmdb13:37017",
      "port": 37017,
      "rsId": "tgtShard_0",
      "state": "FAILED",
      "stateUpdateTime": 1790969516
    },
    {
      "error": "<tgtCluster_tgtShard_0_42> [15:29:05.042] Plan execution failed on step MakeBackupDataAvailable as part of move RestoreRsMemberFromBackupPhase1 : <tgtCluster_tgtShard_0_42> [15:29:05.042] Failed to apply action. Result = <nil> : <tgtCluster_tgtShard_0_42> [15:29:05.042] Failed to download the snapshot : <tgtCluster_tgtShard_0_42> [15:29:05.042] Error while waiting for third party to copy backup to /fimongo1/data : <tgtCluster_tgtShard_0_42> [15:29:05.042] Observed error when trying to mark node as ready for copy files. : <tgtCluster_tgtShard_0_42> [15:29:05.042] Got return status 404 Not Found when trying to mark node ready for copy files.",
      "hostname": "rmdb1",
      "id": "rmdb1:37017",
      "port": 37017,
      "rsId": "tgtShard_0",
      "state": "FAILED",
      "stateUpdateTime": 1790969516
    },
    {
      "error": null,
      "hostname": "rmdb3",
      "id": "rmdb3:37017",
      "port": 37017,
      "rsId": "tgtShard_0",
      "state": "FAILED",
      "stateUpdateTime": 1790969516
    },
    {
      "error": null,
      "hostname": "rmdb11",
      "id": "rmdb11:37017",
      "port": 37017,
      "rsId": "tgtShard_0",
      "state": "FAILED",
      "stateUpdateTime": 1790969516
    },
    {
      "error": null,
      "hostname": "rmdb7",
      "id": "rmdb7:37017",
      "port": 37017,
      "rsId": "tgtconfigRS",
      "state": "FAILED",
      "stateUpdateTime": 1790969516
    },
    {
      "error": null,
      "hostname": "rmdb-config1",
      "id": "rmdb-config1:37017",
      "port": 37017,
      "rsId": "tgtconfigRS",
      "state": "FAILED",
      "stateUpdateTime": 1790969516
    },
    {
      "error": null,
      "hostname": "rmdb-config2",
      "id": "rmdb-config2:37017",
      "port": 37017,
      "rsId": "tgtconfigRS",
      "state": "FAILED",
      "stateUpdateTime": 1790969516
    }
  ],
  "state": "FAILED"
}
2026-10-02 14:43:23,941 [INFO] Restore state: FAILED
2026-10-02 14:43:33,941 [DEBUG] API GET http://129.40.36.100:8080/api/public/v1.0/backup/third_party/group/6a386221ee19a6537cc68a97/restore/6abf3847457a6b80701899fb
2026-10-02 14:43:34,082 [DEBUG] STATUS 200
2026-10-02 14:43:34,083 [DEBUG] {
  "clusterMapping": [
    {
      "rsId": "sgcShard_0",
      "targetRsId": "tgtShard_0"
    },
    {
      "rsId": "sgcShard_1",
      "targetRsId": "tgtShard_1"
    },
    {
      "rsId": "configRS",
      "targetRsId": "tgtconfigRS"
    }
  ],
  "nodes": [
    {
      "error": null,
      "hostname": "rmdb12",
      "id": "rmdb12:37017",
      "port": 37017,
      "rsId": "tgtShard_1",
      "state": "FAILED",
      "stateUpdateTime": 1790969516
    },
    {
      "error": null,
      "hostname": "rmdb14",
      "id": "rmdb14:37017",
      "port": 37017,
      "rsId": "tgtShard_1",
      "state": "FAILED",
      "stateUpdateTime": 1790969516
    },
    {
      "error": null,
      "hostname": "rmdb9",
      "id": "rmdb9:37017",
      "port": 37017,
      "rsId": "tgtShard_1",
      "state": "FAILED",
      "stateUpdateTime": 1790969516
    },
    {
      "error": null,
      "hostname": "rmdb4",
      "id": "rmdb4:37017",
      "port": 37017,
      "rsId": "tgtShard_1",
      "state": "FAILED",
      "stateUpdateTime": 1790969516
    },
    {
      "error": null,
      "hostname": "rmdb2",
      "id": "rmdb2:37017",
      "port": 37017,
      "rsId": "tgtShard_1",
      "state": "FAILED",
      "stateUpdateTime": 1790969516
    },
    {
      "error": null,
      "hostname": "rmdb8",
      "id": "rmdb8:37017",
      "port": 37017,
      "rsId": "tgtShard_0",
      "state": "FAILED",
      "stateUpdateTime": 1790969516
    },
    {
      "error": null,
      "hostname": "rmdb13",
      "id": "rmdb13:37017",
      "port": 37017,
      "rsId": "tgtShard_0",
      "state": "FAILED",
      "stateUpdateTime": 1790969516
    },
    {
      "error": "<tgtCluster_tgtShard_0_42> [15:29:05.042] Plan execution failed on step MakeBackupDataAvailable as part of move RestoreRsMemberFromBackupPhase1 : <tgtCluster_tgtShard_0_42> [15:29:05.042] Failed to apply action. Result = <nil> : <tgtCluster_tgtShard_0_42> [15:29:05.042] Failed to download the snapshot : <tgtCluster_tgtShard_0_42> [15:29:05.042] Error while waiting for third party to copy backup to /fimongo1/data : <tgtCluster_tgtShard_0_42> [15:29:05.042] Observed error when trying to mark node as ready for copy files. : <tgtCluster_tgtShard_0_42> [15:29:05.042] Got return status 404 Not Found when trying to mark node ready for copy files.",
      "hostname": "rmdb1",
      "id": "rmdb1:37017",
      "port": 37017,
      "rsId": "tgtShard_0",
      "state": "FAILED",
      "stateUpdateTime": 1790969516
    },
    {
      "error": null,
      "hostname": "rmdb3",
      "id": "rmdb3:37017",
      "port": 37017,
      "rsId": "tgtShard_0",
      "state": "FAILED",
      "stateUpdateTime": 1790969516
    },
    {
      "error": null,
      "hostname": "rmdb11",
      "id": "rmdb11:37017",
      "port": 37017,
      "rsId": "tgtShard_0",
      "state": "FAILED",
      "stateUpdateTime": 1790969516
    },
    {
      "error": null,
      "hostname": "rmdb7",
      "id": "rmdb7:37017",
      "port": 37017,
      "rsId": "tgtconfigRS",
      "state": "FAILED",
      "stateUpdateTime": 1790969516
    },
    {
      "error": null,
      "hostname": "rmdb-config1",
      "id": "rmdb-config1:37017",
      "port": 37017,
      "rsId": "tgtconfigRS",
      "state": "FAILED",
      "stateUpdateTime": 1790969516
    },
    {
      "error": null,
      "hostname": "rmdb-config2",
      "id": "rmdb-config2:37017",
      "port": 37017,
      "rsId": "tgtconfigRS",
      "state": "FAILED",
      "stateUpdateTime": 1790969516
    }
  ],
  "state": "FAILED"
}
2026-10-02 14:43:34,083 [INFO] Restore state: FAILED
2026-10-02 14:43:44,083 [DEBUG] API GET http://129.40.36.100:8080/api/public/v1.0/backup/third_party/group/6a386221ee19a6537cc68a97/restore/6abf3847457a6b80701899fb
2026-10-02 14:43:44,275 [DEBUG] STATUS 200
2026-10-02 14:43:44,276 [DEBUG] {
  "clusterMapping": [
    {
      "rsId": "sgcShard_0",
      "targetRsId": "tgtShard_0"
    },
    {
      "rsId": "sgcShard_1",
      "targetRsId": "tgtShard_1"
    },
    {
      "rsId": "configRS",
      "targetRsId": "tgtconfigRS"
    }
  ],
  "nodes": [
    {
      "error": null,
      "hostname": "rmdb12",
      "id": "rmdb12:37017",
      "port": 37017,
      "rsId": "tgtShard_1",
      "state": "FAILED",
      "stateUpdateTime": 1790969516
    },
    {
      "error": null,
      "hostname": "rmdb14",
      "id": "rmdb14:37017",
      "port": 37017,
      "rsId": "tgtShard_1",
      "state": "FAILED",
      "stateUpdateTime": 1790969516
    },
    {
      "error": null,
      "hostname": "rmdb9",
      "id": "rmdb9:37017",
      "port": 37017,
      "rsId": "tgtShard_1",
      "state": "FAILED",
      "stateUpdateTime": 1790969516
    },
    {
      "error": null,
      "hostname": "rmdb4",
      "id": "rmdb4:37017",
      "port": 37017,
      "rsId": "tgtShard_1",
      "state": "FAILED",
      "stateUpdateTime": 1790969516
    },
    {
      "error": null,
      "hostname": "rmdb2",
      "id": "rmdb2:37017",
      "port": 37017,
      "rsId": "tgtShard_1",
      "state": "FAILED",
      "stateUpdateTime": 1790969516
    },
    {
      "error": null,
      "hostname": "rmdb8",
      "id": "rmdb8:37017",
      "port": 37017,
      "rsId": "tgtShard_0",
      "state": "FAILED",
      "stateUpdateTime": 1790969516
    },
    {
      "error": null,
      "hostname": "rmdb13",
      "id": "rmdb13:37017",
      "port": 37017,
      "rsId": "tgtShard_0",
      "state": "FAILED",
      "stateUpdateTime": 1790969516
    },
    {
      "error": "<tgtCluster_tgtShard_0_42> [15:29:05.042] Plan execution failed on step MakeBackupDataAvailable as part of move RestoreRsMemberFromBackupPhase1 : <tgtCluster_tgtShard_0_42> [15:29:05.042] Failed to apply action. Result = <nil> : <tgtCluster_tgtShard_0_42> [15:29:05.042] Failed to download the snapshot : <tgtCluster_tgtShard_0_42> [15:29:05.042] Error while waiting for third party to copy backup to /fimongo1/data : <tgtCluster_tgtShard_0_42> [15:29:05.042] Observed error when trying to mark node as ready for copy files. : <tgtCluster_tgtShard_0_42> [15:29:05.042] Got return status 404 Not Found when trying to mark node ready for copy files.",
      "hostname": "rmdb1",
      "id": "rmdb1:37017",
      "port": 37017,
      "rsId": "tgtShard_0",
      "state": "FAILED",
      "stateUpdateTime": 1790969516
    },
    {
      "error": null,
      "hostname": "rmdb3",
      "id": "rmdb3:37017",
      "port": 37017,
      "rsId": "tgtShard_0",
      "state": "FAILED",
      "stateUpdateTime": 1790969516
    },
    {
      "error": null,
      "hostname": "rmdb11",
      "id": "rmdb11:37017",
      "port": 37017,
      "rsId": "tgtShard_0",
      "state": "FAILED",
      "stateUpdateTime": 1790969516
    },
    {
      "error": null,
      "hostname": "rmdb7",
      "id": "rmdb7:37017",
      "port": 37017,
      "rsId": "tgtconfigRS",
      "state": "FAILED",
      "stateUpdateTime": 1790969516
    },
    {
      "error": null,
      "hostname": "rmdb-config1",
      "id": "rmdb-config1:37017",
      "port": 37017,
      "rsId": "tgtconfigRS",
      "state": "FAILED",
      "stateUpdateTime": 1790969516
    },
    {
      "error": null,
      "hostname": "rmdb-config2",
      "id": "rmdb-config2:37017",
      "port": 37017,
      "rsId": "tgtconfigRS",
      "state": "FAILED",
      "stateUpdateTime": 1790969516
    }
  ],
  "state": "FAILED"
}
2026-10-02 14:43:44,276 [INFO] Restore state: FAILED
2026-10-02 14:43:54,276 [DEBUG] API GET http://129.40.36.100:8080/api/public/v1.0/backup/third_party/group/6a386221ee19a6537cc68a97/restore/6abf3847457a6b80701899fb
2026-10-02 14:43:54,417 [DEBUG] STATUS 200
2026-10-02 14:43:54,417 [DEBUG] {
  "clusterMapping": [
    {
      "rsId": "sgcShard_0",
      "targetRsId": "tgtShard_0"
    },
    {
      "rsId": "sgcShard_1",
      "targetRsId": "tgtShard_1"
    },
    {
      "rsId": "configRS",
      "targetRsId": "tgtconfigRS"
    }
  ],
  "nodes": [
    {
      "error": null,
      "hostname": "rmdb12",
      "id": "rmdb12:37017",
      "port": 37017,
      "rsId": "tgtShard_1",
      "state": "FAILED",
      "stateUpdateTime": 1790969516
    },
    {
      "error": null,
      "hostname": "rmdb14",
      "id": "rmdb14:37017",
      "port": 37017,
      "rsId": "tgtShard_1",
      "state": "FAILED",
      "stateUpdateTime": 1790969516
    },
    {
      "error": null,
      "hostname": "rmdb9",
      "id": "rmdb9:37017",
      "port": 37017,
      "rsId": "tgtShard_1",
      "state": "FAILED",
      "stateUpdateTime": 1790969516
    },
    {
      "error": null,
      "hostname": "rmdb4",
      "id": "rmdb4:37017",
      "port": 37017,
      "rsId": "tgtShard_1",
      "state": "FAILED",
      "stateUpdateTime": 1790969516
    },
    {
      "error": null,
      "hostname": "rmdb2",
      "id": "rmdb2:37017",
      "port": 37017,
      "rsId": "tgtShard_1",
      "state": "FAILED",
      "stateUpdateTime": 1790969516
    },
    {
      "error": null,
      "hostname": "rmdb8",
      "id": "rmdb8:37017",
      "port": 37017,
      "rsId": "tgtShard_0",
      "state": "FAILED",
      "stateUpdateTime": 1790969516
    },
    {
      "error": null,
      "hostname": "rmdb13",
      "id": "rmdb13:37017",
      "port": 37017,
      "rsId": "tgtShard_0",
      "state": "FAILED",
      "stateUpdateTime": 1790969516
    },
    {
      "error": "<tgtCluster_tgtShard_0_42> [15:29:05.042] Plan execution failed on step MakeBackupDataAvailable as part of move RestoreRsMemberFromBackupPhase1 : <tgtCluster_tgtShard_0_42> [15:29:05.042] Failed to apply action. Result = <nil> : <tgtCluster_tgtShard_0_42> [15:29:05.042] Failed to download the snapshot : <tgtCluster_tgtShard_0_42> [15:29:05.042] Error while waiting for third party to copy backup to /fimongo1/data : <tgtCluster_tgtShard_0_42> [15:29:05.042] Observed error when trying to mark node as ready for copy files. : <tgtCluster_tgtShard_0_42> [15:29:05.042] Got return status 404 Not Found when trying to mark node ready for copy files.",
      "hostname": "rmdb1",
      "id": "rmdb1:37017",
      "port": 37017,
      "rsId": "tgtShard_0",
      "state": "FAILED",
      "stateUpdateTime": 1790969516
    },
    {
      "error": null,
      "hostname": "rmdb3",
      "id": "rmdb3:37017",
      "port": 37017,
      "rsId": "tgtShard_0",
      "state": "FAILED",
      "stateUpdateTime": 1790969516
    },
    {
      "error": null,
      "hostname": "rmdb11",
      "id": "rmdb11:37017",
      "port": 37017,
      "rsId": "tgtShard_0",
      "state": "FAILED",
      "stateUpdateTime": 1790969516
    },
    {
      "error": null,
      "hostname": "rmdb7",
      "id": "rmdb7:37017",
      "port": 37017,
      "rsId": "tgtconfigRS",
      "state": "FAILED",
      "stateUpdateTime": 1790969516
    },
    {
      "error": null,
      "hostname": "rmdb-config1",
      "id": "rmdb-config1:37017",
      "port": 37017,
      "rsId": "tgtconfigRS",
      "state": "FAILED",
      "stateUpdateTime": 1790969516
    },
    {
      "error": null,
      "hostname": "rmdb-config2",
      "id": "rmdb-config2:37017",
      "port": 37017,
      "rsId": "tgtconfigRS",
      "state": "FAILED",
      "stateUpdateTime": 1790969516
    }
  ],
  "state": "FAILED"
}
2026-10-02 14:43:54,417 [INFO] Restore state: FAILED
2026-10-02 14:44:04,418 [DEBUG] API GET http://129.40.36.100:8080/api/public/v1.0/backup/third_party/group/6a386221ee19a6537cc68a97/restore/6abf3847457a6b80701899fb
2026-10-02 14:44:04,558 [DEBUG] STATUS 200
2026-10-02 14:44:04,559 [DEBUG] {
  "clusterMapping": [
    {
      "rsId": "sgcShard_0",
      "targetRsId": "tgtShard_0"
    },
    {
      "rsId": "sgcShard_1",
      "targetRsId": "tgtShard_1"
    },
    {
      "rsId": "configRS",
      "targetRsId": "tgtconfigRS"
    }
  ],
  "nodes": [
    {
      "error": null,
      "hostname": "rmdb12",
      "id": "rmdb12:37017",
      "port": 37017,
      "rsId": "tgtShard_1",
      "state": "FAILED",
      "stateUpdateTime": 1790969516
    },
    {
      "error": null,
      "hostname": "rmdb14",
      "id": "rmdb14:37017",
      "port": 37017,
      "rsId": "tgtShard_1",
      "state": "FAILED",
      "stateUpdateTime": 1790969516
    },
    {
      "error": null,
      "hostname": "rmdb9",
      "id": "rmdb9:37017",
      "port": 37017,
      "rsId": "tgtShard_1",
      "state": "FAILED",
      "stateUpdateTime": 1790969516
    },
    {
      "error": null,
      "hostname": "rmdb4",
      "id": "rmdb4:37017",
      "port": 37017,
      "rsId": "tgtShard_1",
      "state": "FAILED",
      "stateUpdateTime": 1790969516
    },
    {
      "error": null,
      "hostname": "rmdb2",
      "id": "rmdb2:37017",
      "port": 37017,
      "rsId": "tgtShard_1",
      "state": "FAILED",
      "stateUpdateTime": 1790969516
    },
    {
      "error": null,
      "hostname": "rmdb8",
      "id": "rmdb8:37017",
      "port": 37017,
      "rsId": "tgtShard_0",
      "state": "FAILED",
      "stateUpdateTime": 1790969516
    },
    {
      "error": null,
      "hostname": "rmdb13",
      "id": "rmdb13:37017",
      "port": 37017,
      "rsId": "tgtShard_0",
      "state": "FAILED",
      "stateUpdateTime": 1790969516
    },
    {
      "error": "<tgtCluster_tgtShard_0_42> [15:29:05.042] Plan execution failed on step MakeBackupDataAvailable as part of move RestoreRsMemberFromBackupPhase1 : <tgtCluster_tgtShard_0_42> [15:29:05.042] Failed to apply action. Result = <nil> : <tgtCluster_tgtShard_0_42> [15:29:05.042] Failed to download the snapshot : <tgtCluster_tgtShard_0_42> [15:29:05.042] Error while waiting for third party to copy backup to /fimongo1/data : <tgtCluster_tgtShard_0_42> [15:29:05.042] Observed error when trying to mark node as ready for copy files. : <tgtCluster_tgtShard_0_42> [15:29:05.042] Got return status 404 Not Found when trying to mark node ready for copy files.",
      "hostname": "rmdb1",
      "id": "rmdb1:37017",
      "port": 37017,
      "rsId": "tgtShard_0",
      "state": "FAILED",
      "stateUpdateTime": 1790969516
    },
    {
      "error": null,
      "hostname": "rmdb3",
      "id": "rmdb3:37017",
      "port": 37017,
      "rsId": "tgtShard_0",
      "state": "FAILED",
      "stateUpdateTime": 1790969516
    },
    {
      "error": null,
      "hostname": "rmdb11",
      "id": "rmdb11:37017",
      "port": 37017,
      "rsId": "tgtShard_0",
      "state": "FAILED",
      "stateUpdateTime": 1790969516
    },
    {
      "error": null,
      "hostname": "rmdb7",
      "id": "rmdb7:37017",
      "port": 37017,
      "rsId": "tgtconfigRS",
      "state": "FAILED",
      "stateUpdateTime": 1790969516
    },
    {
      "error": null,
      "hostname": "rmdb-config1",
      "id": "rmdb-config1:37017",
      "port": 37017,
      "rsId": "tgtconfigRS",
      "state": "FAILED",
      "stateUpdateTime": 1790969516
    },
    {
      "error": null,
      "hostname": "rmdb-config2",
      "id": "rmdb-config2:37017",
      "port": 37017,
      "rsId": "tgtconfigRS",
      "state": "FAILED",
      "stateUpdateTime": 1790969516
    }
  ],
  "state": "FAILED"
}
2026-10-02 14:44:04,559 [INFO] Restore state: FAILED
2026-10-02 14:44:14,559 [DEBUG] API GET http://129.40.36.100:8080/api/public/v1.0/backup/third_party/group/6a386221ee19a6537cc68a97/restore/6abf3847457a6b80701899fb
2026-10-02 14:44:14,721 [DEBUG] STATUS 200
2026-10-02 14:44:14,721 [DEBUG] {
  "clusterMapping": [
    {
      "rsId": "sgcShard_0",
      "targetRsId": "tgtShard_0"
    },
    {
      "rsId": "sgcShard_1",
      "targetRsId": "tgtShard_1"
    },
    {
      "rsId": "configRS",
      "targetRsId": "tgtconfigRS"
    }
  ],
  "nodes": [
    {
      "error": null,
      "hostname": "rmdb12",
      "id": "rmdb12:37017",
      "port": 37017,
      "rsId": "tgtShard_1",
      "state": "FAILED",
      "stateUpdateTime": 1790969516
    },
    {
      "error": null,
      "hostname": "rmdb14",
      "id": "rmdb14:37017",
      "port": 37017,
      "rsId": "tgtShard_1",
      "state": "FAILED",
      "stateUpdateTime": 1790969516
    },
    {
      "error": null,
      "hostname": "rmdb9",
      "id": "rmdb9:37017",
      "port": 37017,
      "rsId": "tgtShard_1",
      "state": "FAILED",
      "stateUpdateTime": 1790969516
    },
    {
      "error": null,
      "hostname": "rmdb4",
      "id": "rmdb4:37017",
      "port": 37017,
      "rsId": "tgtShard_1",
      "state": "FAILED",
      "stateUpdateTime": 1790969516
    },
    {
      "error": null,
      "hostname": "rmdb2",
      "id": "rmdb2:37017",
      "port": 37017,
      "rsId": "tgtShard_1",
      "state": "FAILED",
      "stateUpdateTime": 1790969516
    },
    {
      "error": null,
      "hostname": "rmdb8",
      "id": "rmdb8:37017",
      "port": 37017,
      "rsId": "tgtShard_0",
      "state": "FAILED",
      "stateUpdateTime": 1790969516
    },
    {
      "error": null,
      "hostname": "rmdb13",
      "id": "rmdb13:37017",
      "port": 37017,
      "rsId": "tgtShard_0",
      "state": "FAILED",
      "stateUpdateTime": 1790969516
    },
    {
      "error": "<tgtCluster_tgtShard_0_42> [15:29:05.042] Plan execution failed on step MakeBackupDataAvailable as part of move RestoreRsMemberFromBackupPhase1 : <tgtCluster_tgtShard_0_42> [15:29:05.042] Failed to apply action. Result = <nil> : <tgtCluster_tgtShard_0_42> [15:29:05.042] Failed to download the snapshot : <tgtCluster_tgtShard_0_42> [15:29:05.042] Error while waiting for third party to copy backup to /fimongo1/data : <tgtCluster_tgtShard_0_42> [15:29:05.042] Observed error when trying to mark node as ready for copy files. : <tgtCluster_tgtShard_0_42> [15:29:05.042] Got return status 404 Not Found when trying to mark node ready for copy files.",
      "hostname": "rmdb1",
      "id": "rmdb1:37017",
      "port": 37017,
      "rsId": "tgtShard_0",
      "state": "FAILED",
      "stateUpdateTime": 1790969516
    },
    {
      "error": null,
      "hostname": "rmdb3",
      "id": "rmdb3:37017",
      "port": 37017,
      "rsId": "tgtShard_0",
      "state": "FAILED",
      "stateUpdateTime": 1790969516
    },
    {
      "error": null,
      "hostname": "rmdb11",
      "id": "rmdb11:37017",
      "port": 37017,
      "rsId": "tgtShard_0",
      "state": "FAILED",
      "stateUpdateTime": 1790969516
    },
    {
      "error": null,
      "hostname": "rmdb7",
      "id": "rmdb7:37017",
      "port": 37017,
      "rsId": "tgtconfigRS",
      "state": "FAILED",
      "stateUpdateTime": 1790969516
    },
    {
      "error": null,
      "hostname": "rmdb-config1",
      "id": "rmdb-config1:37017",
      "port": 37017,
      "rsId": "tgtconfigRS",
      "state": "FAILED",
      "stateUpdateTime": 1790969516
    },
    {
      "error": null,
      "hostname": "rmdb-config2",
      "id": "rmdb-config2:37017",
      "port": 37017,
      "rsId": "tgtconfigRS",
      "state": "FAILED",
      "stateUpdateTime": 1790969516
    }
  ],
  "state": "FAILED"
}
2026-10-02 14:44:14,721 [INFO] Restore state: FAILED
2026-10-02 14:44:24,722 [DEBUG] API GET http://129.40.36.100:8080/api/public/v1.0/backup/third_party/group/6a386221ee19a6537cc68a97/restore/6abf3847457a6b80701899fb
2026-10-02 14:44:24,889 [DEBUG] STATUS 200
2026-10-02 14:44:24,889 [DEBUG] {
  "clusterMapping": [
    {
      "rsId": "sgcShard_0",
      "targetRsId": "tgtShard_0"
    },
    {
      "rsId": "sgcShard_1",
      "targetRsId": "tgtShard_1"
    },
    {
      "rsId": "configRS",
      "targetRsId": "tgtconfigRS"
    }
  ],
  "nodes": [
    {
      "error": null,
      "hostname": "rmdb12",
      "id": "rmdb12:37017",
      "port": 37017,
      "rsId": "tgtShard_1",
      "state": "FAILED",
      "stateUpdateTime": 1790969516
    },
    {
      "error": null,
      "hostname": "rmdb14",
      "id": "rmdb14:37017",
      "port": 37017,
      "rsId": "tgtShard_1",
      "state": "FAILED",
      "stateUpdateTime": 1790969516
    },
    {
      "error": null,
      "hostname": "rmdb9",
      "id": "rmdb9:37017",
      "port": 37017,
      "rsId": "tgtShard_1",
      "state": "FAILED",
      "stateUpdateTime": 1790969516
    },
    {
      "error": null,
      "hostname": "rmdb4",
      "id": "rmdb4:37017",
      "port": 37017,
      "rsId": "tgtShard_1",
      "state": "FAILED",
      "stateUpdateTime": 1790969516
    },
    {
      "error": null,
      "hostname": "rmdb2",
      "id": "rmdb2:37017",
      "port": 37017,
      "rsId": "tgtShard_1",
      "state": "FAILED",
      "stateUpdateTime": 1790969516
    },
    {
      "error": null,
      "hostname": "rmdb8",
      "id": "rmdb8:37017",
      "port": 37017,
      "rsId": "tgtShard_0",
      "state": "FAILED",
      "stateUpdateTime": 1790969516
    },
    {
      "error": null,
      "hostname": "rmdb13",
      "id": "rmdb13:37017",
      "port": 37017,
      "rsId": "tgtShard_0",
      "state": "FAILED",
      "stateUpdateTime": 1790969516
    },
    {
      "error": "<tgtCluster_tgtShard_0_42> [15:29:05.042] Plan execution failed on step MakeBackupDataAvailable as part of move RestoreRsMemberFromBackupPhase1 : <tgtCluster_tgtShard_0_42> [15:29:05.042] Failed to apply action. Result = <nil> : <tgtCluster_tgtShard_0_42> [15:29:05.042] Failed to download the snapshot : <tgtCluster_tgtShard_0_42> [15:29:05.042] Error while waiting for third party to copy backup to /fimongo1/data : <tgtCluster_tgtShard_0_42> [15:29:05.042] Observed error when trying to mark node as ready for copy files. : <tgtCluster_tgtShard_0_42> [15:29:05.042] Got return status 404 Not Found when trying to mark node ready for copy files.",
      "hostname": "rmdb1",
      "id": "rmdb1:37017",
      "port": 37017,
      "rsId": "tgtShard_0",
      "state": "FAILED",
      "stateUpdateTime": 1790969516
    },
    {
      "error": null,
      "hostname": "rmdb3",
      "id": "rmdb3:37017",
      "port": 37017,
      "rsId": "tgtShard_0",
      "state": "FAILED",
      "stateUpdateTime": 1790969516
    },
    {
      "error": null,
      "hostname": "rmdb11",
      "id": "rmdb11:37017",
      "port": 37017,
      "rsId": "tgtShard_0",
      "state": "FAILED",
      "stateUpdateTime": 1790969516
    },
    {
      "error": null,
      "hostname": "rmdb7",
      "id": "rmdb7:37017",
      "port": 37017,
      "rsId": "tgtconfigRS",
      "state": "FAILED",
      "stateUpdateTime": 1790969516
    },
    {
      "error": null,
      "hostname": "rmdb-config1",
      "id": "rmdb-config1:37017",
      "port": 37017,
      "rsId": "tgtconfigRS",
      "state": "FAILED",
      "stateUpdateTime": 1790969516
    },
    {
      "error": null,
      "hostname": "rmdb-config2",
      "id": "rmdb-config2:37017",
      "port": 37017,
      "rsId": "tgtconfigRS",
      "state": "FAILED",
      "stateUpdateTime": 1790969516
    }
  ],
  "state": "FAILED"
}
2026-10-02 14:44:24,889 [INFO] Restore state: FAILED
2026-10-02 14:44:34,890 [DEBUG] API GET http://129.40.36.100:8080/api/public/v1.0/backup/third_party/group/6a386221ee19a6537cc68a97/restore/6abf3847457a6b80701899fb
2026-10-02 14:44:35,031 [DEBUG] STATUS 200
2026-10-02 14:44:35,031 [DEBUG] {
  "clusterMapping": [
    {
      "rsId": "sgcShard_0",
      "targetRsId": "tgtShard_0"
    },
    {
      "rsId": "sgcShard_1",
      "targetRsId": "tgtShard_1"
    },
    {
      "rsId": "configRS",
      "targetRsId": "tgtconfigRS"
    }
  ],
  "nodes": [
    {
      "error": null,
      "hostname": "rmdb12",
      "id": "rmdb12:37017",
      "port": 37017,
      "rsId": "tgtShard_1",
      "state": "FAILED",
      "stateUpdateTime": 1790969516
    },
    {
      "error": null,
      "hostname": "rmdb14",
      "id": "rmdb14:37017",
      "port": 37017,
      "rsId": "tgtShard_1",
      "state": "FAILED",
      "stateUpdateTime": 1790969516
    },
    {
      "error": null,
      "hostname": "rmdb9",
      "id": "rmdb9:37017",
      "port": 37017,
      "rsId": "tgtShard_1",
      "state": "FAILED",
      "stateUpdateTime": 1790969516
    },
    {
      "error": null,
      "hostname": "rmdb4",
      "id": "rmdb4:37017",
      "port": 37017,
      "rsId": "tgtShard_1",
      "state": "FAILED",
      "stateUpdateTime": 1790969516
    },
    {
      "error": null,
      "hostname": "rmdb2",
      "id": "rmdb2:37017",
      "port": 37017,
      "rsId": "tgtShard_1",
      "state": "FAILED",
      "stateUpdateTime": 1790969516
    },
    {
      "error": null,
      "hostname": "rmdb8",
      "id": "rmdb8:37017",
      "port": 37017,
      "rsId": "tgtShard_0",
      "state": "FAILED",
      "stateUpdateTime": 1790969516
    },
    {
      "error": null,
      "hostname": "rmdb13",
      "id": "rmdb13:37017",
      "port": 37017,
      "rsId": "tgtShard_0",
      "state": "FAILED",
      "stateUpdateTime": 1790969516
    },
    {
      "error": "<tgtCluster_tgtShard_0_42> [15:29:05.042] Plan execution failed on step MakeBackupDataAvailable as part of move RestoreRsMemberFromBackupPhase1 : <tgtCluster_tgtShard_0_42> [15:29:05.042] Failed to apply action. Result = <nil> : <tgtCluster_tgtShard_0_42> [15:29:05.042] Failed to download the snapshot : <tgtCluster_tgtShard_0_42> [15:29:05.042] Error while waiting for third party to copy backup to /fimongo1/data : <tgtCluster_tgtShard_0_42> [15:29:05.042] Observed error when trying to mark node as ready for copy files. : <tgtCluster_tgtShard_0_42> [15:29:05.042] Got return status 404 Not Found when trying to mark node ready for copy files.",
      "hostname": "rmdb1",
      "id": "rmdb1:37017",
      "port": 37017,
      "rsId": "tgtShard_0",
      "state": "FAILED",
      "stateUpdateTime": 1790969516
    },
    {
      "error": null,
      "hostname": "rmdb3",
      "id": "rmdb3:37017",
      "port": 37017,
      "rsId": "tgtShard_0",
      "state": "FAILED",
      "stateUpdateTime": 1790969516
    },
    {
      "error": null,
      "hostname": "rmdb11",
      "id": "rmdb11:37017",
      "port": 37017,
      "rsId": "tgtShard_0",
      "state": "FAILED",
      "stateUpdateTime": 1790969516
    },
    {
      "error": null,
      "hostname": "rmdb7",
      "id": "rmdb7:37017",
      "port": 37017,
      "rsId": "tgtconfigRS",
      "state": "FAILED",
      "stateUpdateTime": 1790969516
    },
    {
      "error": null,
      "hostname": "rmdb-config1",
      "id": "rmdb-config1:37017",
      "port": 37017,
      "rsId": "tgtconfigRS",
      "state": "FAILED",
      "stateUpdateTime": 1790969516
    },
    {
      "error": null,
      "hostname": "rmdb-config2",
      "id": "rmdb-config2:37017",
      "port": 37017,
      "rsId": "tgtconfigRS",
      "state": "FAILED",
      "stateUpdateTime": 1790969516
    }
  ],
  "state": "FAILED"
}
2026-10-02 14:44:35,031 [INFO] Restore state: FAILED
2026-10-02 14:44:45,032 [DEBUG] API GET http://129.40.36.100:8080/api/public/v1.0/backup/third_party/group/6a386221ee19a6537cc68a97/restore/6abf3847457a6b80701899fb
2026-10-02 14:44:45,229 [DEBUG] STATUS 200
2026-10-02 14:44:45,229 [DEBUG] {
  "clusterMapping": [
    {
      "rsId": "sgcShard_0",
      "targetRsId": "tgtShard_0"
    },
    {
      "rsId": "sgcShard_1",
      "targetRsId": "tgtShard_1"
    },
    {
      "rsId": "configRS",
      "targetRsId": "tgtconfigRS"
    }
  ],
  "nodes": [
    {
      "error": null,
      "hostname": "rmdb12",
      "id": "rmdb12:37017",
      "port": 37017,
      "rsId": "tgtShard_1",
      "state": "FAILED",
      "stateUpdateTime": 1790969516
    },
    {
      "error": null,
      "hostname": "rmdb14",
      "id": "rmdb14:37017",
      "port": 37017,
      "rsId": "tgtShard_1",
      "state": "FAILED",
      "stateUpdateTime": 1790969516
    },
    {
      "error": null,
      "hostname": "rmdb9",
      "id": "rmdb9:37017",
      "port": 37017,
      "rsId": "tgtShard_1",
      "state": "FAILED",
      "stateUpdateTime": 1790969516
    },
    {
      "error": null,
      "hostname": "rmdb4",
      "id": "rmdb4:37017",
      "port": 37017,
      "rsId": "tgtShard_1",
      "state": "FAILED",
      "stateUpdateTime": 1790969516
    },
    {
      "error": null,
      "hostname": "rmdb2",
      "id": "rmdb2:37017",
      "port": 37017,
      "rsId": "tgtShard_1",
      "state": "FAILED",
      "stateUpdateTime": 1790969516
    },
    {
      "error": null,
      "hostname": "rmdb8",
      "id": "rmdb8:37017",
      "port": 37017,
      "rsId": "tgtShard_0",
      "state": "FAILED",
      "stateUpdateTime": 1790969516
    },
    {
      "error": null,
      "hostname": "rmdb13",
      "id": "rmdb13:37017",
      "port": 37017,
      "rsId": "tgtShard_0",
      "state": "FAILED",
      "stateUpdateTime": 1790969516
    },
    {
      "error": "<tgtCluster_tgtShard_0_42> [15:29:05.042] Plan execution failed on step MakeBackupDataAvailable as part of move RestoreRsMemberFromBackupPhase1 : <tgtCluster_tgtShard_0_42> [15:29:05.042] Failed to apply action. Result = <nil> : <tgtCluster_tgtShard_0_42> [15:29:05.042] Failed to download the snapshot : <tgtCluster_tgtShard_0_42> [15:29:05.042] Error while waiting for third party to copy backup to /fimongo1/data : <tgtCluster_tgtShard_0_42> [15:29:05.042] Observed error when trying to mark node as ready for copy files. : <tgtCluster_tgtShard_0_42> [15:29:05.042] Got return status 404 Not Found when trying to mark node ready for copy files.",
      "hostname": "rmdb1",
      "id": "rmdb1:37017",
      "port": 37017,
      "rsId": "tgtShard_0",
      "state": "FAILED",
      "stateUpdateTime": 1790969516
    },
    {
      "error": null,
      "hostname": "rmdb3",
      "id": "rmdb3:37017",
      "port": 37017,
      "rsId": "tgtShard_0",
      "state": "FAILED",
      "stateUpdateTime": 1790969516
    },
    {
      "error": null,
      "hostname": "rmdb11",
      "id": "rmdb11:37017",
      "port": 37017,
      "rsId": "tgtShard_0",
      "state": "FAILED",
      "stateUpdateTime": 1790969516
    },
    {
      "error": null,
      "hostname": "rmdb7",
      "id": "rmdb7:37017",
      "port": 37017,
      "rsId": "tgtconfigRS",
      "state": "FAILED",
      "stateUpdateTime": 1790969516
    },
    {
      "error": null,
      "hostname": "rmdb-config1",
      "id": "rmdb-config1:37017",
      "port": 37017,
      "rsId": "tgtconfigRS",
      "state": "FAILED",
      "stateUpdateTime": 1790969516
    },
    {
      "error": null,
      "hostname": "rmdb-config2",
      "id": "rmdb-config2:37017",
      "port": 37017,
      "rsId": "tgtconfigRS",
      "state": "FAILED",
      "stateUpdateTime": 1790969516
    }
  ],
  "state": "FAILED"
}
2026-10-02 14:44:45,229 [INFO] Restore state: FAILED
2026-10-02 14:44:55,230 [DEBUG] API GET http://129.40.36.100:8080/api/public/v1.0/backup/third_party/group/6a386221ee19a6537cc68a97/restore/6abf3847457a6b80701899fb
2026-10-02 14:44:55,371 [DEBUG] STATUS 200
2026-10-02 14:44:55,371 [DEBUG] {
  "clusterMapping": [
    {
      "rsId": "sgcShard_0",
      "targetRsId": "tgtShard_0"
    },
    {
      "rsId": "sgcShard_1",
      "targetRsId": "tgtShard_1"
    },
    {
      "rsId": "configRS",
      "targetRsId": "tgtconfigRS"
    }
  ],
  "nodes": [
    {
      "error": null,
      "hostname": "rmdb12",
      "id": "rmdb12:37017",
      "port": 37017,
      "rsId": "tgtShard_1",
      "state": "FAILED",
      "stateUpdateTime": 1790969516
    },
    {
      "error": null,
      "hostname": "rmdb14",
      "id": "rmdb14:37017",
      "port": 37017,
      "rsId": "tgtShard_1",
      "state": "FAILED",
      "stateUpdateTime": 1790969516
    },
    {
      "error": null,
      "hostname": "rmdb9",
      "id": "rmdb9:37017",
      "port": 37017,
      "rsId": "tgtShard_1",
      "state": "FAILED",
      "stateUpdateTime": 1790969516
    },
    {
      "error": null,
      "hostname": "rmdb4",
      "id": "rmdb4:37017",
      "port": 37017,
      "rsId": "tgtShard_1",
      "state": "FAILED",
      "stateUpdateTime": 1790969516
    },
    {
      "error": null,
      "hostname": "rmdb2",
      "id": "rmdb2:37017",
      "port": 37017,
      "rsId": "tgtShard_1",
      "state": "FAILED",
      "stateUpdateTime": 1790969516
    },
    {
      "error": null,
      "hostname": "rmdb8",
      "id": "rmdb8:37017",
      "port": 37017,
      "rsId": "tgtShard_0",
      "state": "FAILED",
      "stateUpdateTime": 1790969516
    },
    {
      "error": null,
      "hostname": "rmdb13",
      "id": "rmdb13:37017",
      "port": 37017,
      "rsId": "tgtShard_0",
      "state": "FAILED",
      "stateUpdateTime": 1790969516
    },
    {
      "error": "<tgtCluster_tgtShard_0_42> [15:29:05.042] Plan execution failed on step MakeBackupDataAvailable as part of move RestoreRsMemberFromBackupPhase1 : <tgtCluster_tgtShard_0_42> [15:29:05.042] Failed to apply action. Result = <nil> : <tgtCluster_tgtShard_0_42> [15:29:05.042] Failed to download the snapshot : <tgtCluster_tgtShard_0_42> [15:29:05.042] Error while waiting for third party to copy backup to /fimongo1/data : <tgtCluster_tgtShard_0_42> [15:29:05.042] Observed error when trying to mark node as ready for copy files. : <tgtCluster_tgtShard_0_42> [15:29:05.042] Got return status 404 Not Found when trying to mark node ready for copy files.",
      "hostname": "rmdb1",
      "id": "rmdb1:37017",
      "port": 37017,
      "rsId": "tgtShard_0",
      "state": "FAILED",
      "stateUpdateTime": 1790969516
    },
    {
      "error": null,
      "hostname": "rmdb3",
      "id": "rmdb3:37017",
      "port": 37017,
      "rsId": "tgtShard_0",
      "state": "FAILED",
      "stateUpdateTime": 1790969516
    },
    {
      "error": null,
      "hostname": "rmdb11",
      "id": "rmdb11:37017",
      "port": 37017,
      "rsId": "tgtShard_0",
      "state": "FAILED",
      "stateUpdateTime": 1790969516
    },
    {
      "error": null,
      "hostname": "rmdb7",
      "id": "rmdb7:37017",
      "port": 37017,
      "rsId": "tgtconfigRS",
      "state": "FAILED",
      "stateUpdateTime": 1790969516
    },
    {
      "error": null,
      "hostname": "rmdb-config1",
      "id": "rmdb-config1:37017",
      "port": 37017,
      "rsId": "tgtconfigRS",
      "state": "FAILED",
      "stateUpdateTime": 1790969516
    },
    {
      "error": null,
      "hostname": "rmdb-config2",
      "id": "rmdb-config2:37017",
      "port": 37017,
      "rsId": "tgtconfigRS",
      "state": "FAILED",
      "stateUpdateTime": 1790969516
    }
  ],
  "state": "FAILED"
}
2026-10-02 14:44:55,371 [INFO] Restore state: FAILED
2026-10-02 14:45:05,371 [DEBUG] API GET http://129.40.36.100:8080/api/public/v1.0/backup/third_party/group/6a386221ee19a6537cc68a97/restore/6abf3847457a6b80701899fb
2026-10-02 14:45:05,530 [DEBUG] STATUS 200
2026-10-02 14:45:05,530 [DEBUG] {
  "clusterMapping": [
    {
      "rsId": "sgcShard_0",
      "targetRsId": "tgtShard_0"
    },
    {
      "rsId": "sgcShard_1",
      "targetRsId": "tgtShard_1"
    },
    {
      "rsId": "configRS",
      "targetRsId": "tgtconfigRS"
    }
  ],
  "nodes": [
    {
      "error": null,
      "hostname": "rmdb12",
      "id": "rmdb12:37017",
      "port": 37017,
      "rsId": "tgtShard_1",
      "state": "FAILED",
      "stateUpdateTime": 1790969516
    },
    {
      "error": null,
      "hostname": "rmdb14",
      "id": "rmdb14:37017",
      "port": 37017,
      "rsId": "tgtShard_1",
      "state": "FAILED",
      "stateUpdateTime": 1790969516
    },
    {
      "error": null,
      "hostname": "rmdb9",
      "id": "rmdb9:37017",
      "port": 37017,
      "rsId": "tgtShard_1",
      "state": "FAILED",
      "stateUpdateTime": 1790969516
    },
    {
      "error": null,
      "hostname": "rmdb4",
      "id": "rmdb4:37017",
      "port": 37017,
      "rsId": "tgtShard_1",
      "state": "FAILED",
      "stateUpdateTime": 1790969516
    },
    {
      "error": null,
      "hostname": "rmdb2",
      "id": "rmdb2:37017",
      "port": 37017,
      "rsId": "tgtShard_1",
      "state": "FAILED",
      "stateUpdateTime": 1790969516
    },
    {
      "error": null,
      "hostname": "rmdb8",
      "id": "rmdb8:37017",
      "port": 37017,
      "rsId": "tgtShard_0",
      "state": "FAILED",
      "stateUpdateTime": 1790969516
    },
    {
      "error": null,
      "hostname": "rmdb13",
      "id": "rmdb13:37017",
      "port": 37017,
      "rsId": "tgtShard_0",
      "state": "FAILED",
      "stateUpdateTime": 1790969516
    },
    {
      "error": "<tgtCluster_tgtShard_0_42> [15:29:05.042] Plan execution failed on step MakeBackupDataAvailable as part of move RestoreRsMemberFromBackupPhase1 : <tgtCluster_tgtShard_0_42> [15:29:05.042] Failed to apply action. Result = <nil> : <tgtCluster_tgtShard_0_42> [15:29:05.042] Failed to download the snapshot : <tgtCluster_tgtShard_0_42> [15:29:05.042] Error while waiting for third party to copy backup to /fimongo1/data : <tgtCluster_tgtShard_0_42> [15:29:05.042] Observed error when trying to mark node as ready for copy files. : <tgtCluster_tgtShard_0_42> [15:29:05.042] Got return status 404 Not Found when trying to mark node ready for copy files.",
      "hostname": "rmdb1",
      "id": "rmdb1:37017",
      "port": 37017,
      "rsId": "tgtShard_0",
      "state": "FAILED",
      "stateUpdateTime": 1790969516
    },
    {
      "error": null,
      "hostname": "rmdb3",
      "id": "rmdb3:37017",
      "port": 37017,
      "rsId": "tgtShard_0",
      "state": "FAILED",
      "stateUpdateTime": 1790969516
    },
    {
      "error": null,
      "hostname": "rmdb11",
      "id": "rmdb11:37017",
      "port": 37017,
      "rsId": "tgtShard_0",
      "state": "FAILED",
      "stateUpdateTime": 1790969516
    },
    {
      "error": null,
      "hostname": "rmdb7",
      "id": "rmdb7:37017",
      "port": 37017,
      "rsId": "tgtconfigRS",
      "state": "FAILED",
      "stateUpdateTime": 1790969516
    },
    {
      "error": null,
      "hostname": "rmdb-config1",
      "id": "rmdb-config1:37017",
      "port": 37017,
      "rsId": "tgtconfigRS",
      "state": "FAILED",
      "stateUpdateTime": 1790969516
    },
    {
      "error": null,
      "hostname": "rmdb-config2",
      "id": "rmdb-config2:37017",
      "port": 37017,
      "rsId": "tgtconfigRS",
      "state": "FAILED",
      "stateUpdateTime": 1790969516
    }
  ],
  "state": "FAILED"
}
2026-10-02 14:45:05,530 [INFO] Restore state: FAILED
2026-10-02 14:45:15,531 [DEBUG] API GET http://129.40.36.100:8080/api/public/v1.0/backup/third_party/group/6a386221ee19a6537cc68a97/restore/6abf3847457a6b80701899fb
2026-10-02 14:45:15,681 [DEBUG] STATUS 200
2026-10-02 14:45:15,681 [DEBUG] {
  "clusterMapping": [
    {
      "rsId": "sgcShard_0",
      "targetRsId": "tgtShard_0"
    },
    {
      "rsId": "sgcShard_1",
      "targetRsId": "tgtShard_1"
    },
    {
      "rsId": "configRS",
      "targetRsId": "tgtconfigRS"
    }
  ],
  "nodes": [
    {
      "error": null,
      "hostname": "rmdb12",
      "id": "rmdb12:37017",
      "port": 37017,
      "rsId": "tgtShard_1",
      "state": "FAILED",
      "stateUpdateTime": 1790969516
    },
    {
      "error": null,
      "hostname": "rmdb14",
      "id": "rmdb14:37017",
      "port": 37017,
      "rsId": "tgtShard_1",
      "state": "FAILED",
      "stateUpdateTime": 1790969516
    },
    {
      "error": null,
      "hostname": "rmdb9",
      "id": "rmdb9:37017",
      "port": 37017,
      "rsId": "tgtShard_1",
      "state": "FAILED",
      "stateUpdateTime": 1790969516
    },
    {
      "error": null,
      "hostname": "rmdb4",
      "id": "rmdb4:37017",
      "port": 37017,
      "rsId": "tgtShard_1",
      "state": "FAILED",
      "stateUpdateTime": 1790969516
    },
    {
      "error": null,
      "hostname": "rmdb2",
      "id": "rmdb2:37017",
      "port": 37017,
      "rsId": "tgtShard_1",
      "state": "FAILED",
      "stateUpdateTime": 1790969516
    },
    {
      "error": null,
      "hostname": "rmdb8",
      "id": "rmdb8:37017",
      "port": 37017,
      "rsId": "tgtShard_0",
      "state": "FAILED",
      "stateUpdateTime": 1790969516
    },
    {
      "error": null,
      "hostname": "rmdb13",
      "id": "rmdb13:37017",
      "port": 37017,
      "rsId": "tgtShard_0",
      "state": "FAILED",
      "stateUpdateTime": 1790969516
    },
    {
      "error": "<tgtCluster_tgtShard_0_42> [15:29:05.042] Plan execution failed on step MakeBackupDataAvailable as part of move RestoreRsMemberFromBackupPhase1 : <tgtCluster_tgtShard_0_42> [15:29:05.042] Failed to apply action. Result = <nil> : <tgtCluster_tgtShard_0_42> [15:29:05.042] Failed to download the snapshot : <tgtCluster_tgtShard_0_42> [15:29:05.042] Error while waiting for third party to copy backup to /fimongo1/data : <tgtCluster_tgtShard_0_42> [15:29:05.042] Observed error when trying to mark node as ready for copy files. : <tgtCluster_tgtShard_0_42> [15:29:05.042] Got return status 404 Not Found when trying to mark node ready for copy files.",
      "hostname": "rmdb1",
      "id": "rmdb1:37017",
      "port": 37017,
      "rsId": "tgtShard_0",
      "state": "FAILED",
      "stateUpdateTime": 1790969516
    },
    {
      "error": null,
      "hostname": "rmdb3",
      "id": "rmdb3:37017",
      "port": 37017,
      "rsId": "tgtShard_0",
      "state": "FAILED",
      "stateUpdateTime": 1790969516
    },
    {
      "error": null,
      "hostname": "rmdb11",
      "id": "rmdb11:37017",
      "port": 37017,
      "rsId": "tgtShard_0",
      "state": "FAILED",
      "stateUpdateTime": 1790969516
    },
    {
      "error": null,
      "hostname": "rmdb7",
      "id": "rmdb7:37017",
      "port": 37017,
      "rsId": "tgtconfigRS",
      "state": "FAILED",
      "stateUpdateTime": 1790969516
    },
    {
      "error": null,
      "hostname": "rmdb-config1",
      "id": "rmdb-config1:37017",
      "port": 37017,
      "rsId": "tgtconfigRS",
      "state": "FAILED",
      "stateUpdateTime": 1790969516
    },
    {
      "error": null,
      "hostname": "rmdb-config2",
      "id": "rmdb-config2:37017",
      "port": 37017,
      "rsId": "tgtconfigRS",
      "state": "FAILED",
      "stateUpdateTime": 1790969516
    }
  ],
  "state": "FAILED"
}
2026-10-02 14:45:15,681 [INFO] Restore state: FAILED
2026-10-02 14:45:25,682 [DEBUG] API GET http://129.40.36.100:8080/api/public/v1.0/backup/third_party/group/6a386221ee19a6537cc68a97/restore/6abf3847457a6b80701899fb
2026-10-02 14:45:25,823 [DEBUG] STATUS 200
2026-10-02 14:45:25,823 [DEBUG] {
  "clusterMapping": [
    {
      "rsId": "sgcShard_0",
      "targetRsId": "tgtShard_0"
    },
    {
      "rsId": "sgcShard_1",
      "targetRsId": "tgtShard_1"
    },
    {
      "rsId": "configRS",
      "targetRsId": "tgtconfigRS"
    }
  ],
  "nodes": [
    {
      "error": null,
      "hostname": "rmdb12",
      "id": "rmdb12:37017",
      "port": 37017,
      "rsId": "tgtShard_1",
      "state": "FAILED",
      "stateUpdateTime": 1790969516
    },
    {
      "error": null,
      "hostname": "rmdb14",
      "id": "rmdb14:37017",
      "port": 37017,
      "rsId": "tgtShard_1",
      "state": "FAILED",
      "stateUpdateTime": 1790969516
    },
    {
      "error": null,
      "hostname": "rmdb9",
      "id": "rmdb9:37017",
      "port": 37017,
      "rsId": "tgtShard_1",
      "state": "FAILED",
      "stateUpdateTime": 1790969516
    },
    {
      "error": null,
      "hostname": "rmdb4",
      "id": "rmdb4:37017",
      "port": 37017,
      "rsId": "tgtShard_1",
      "state": "FAILED",
      "stateUpdateTime": 1790969516
    },
    {
      "error": null,
      "hostname": "rmdb2",
      "id": "rmdb2:37017",
      "port": 37017,
      "rsId": "tgtShard_1",
      "state": "FAILED",
      "stateUpdateTime": 1790969516
    },
    {
      "error": null,
      "hostname": "rmdb8",
      "id": "rmdb8:37017",
      "port": 37017,
      "rsId": "tgtShard_0",
      "state": "FAILED",
      "stateUpdateTime": 1790969516
    },
    {
      "error": null,
      "hostname": "rmdb13",
      "id": "rmdb13:37017",
      "port": 37017,
      "rsId": "tgtShard_0",
      "state": "FAILED",
      "stateUpdateTime": 1790969516
    },
    {
      "error": "<tgtCluster_tgtShard_0_42> [15:29:05.042] Plan execution failed on step MakeBackupDataAvailable as part of move RestoreRsMemberFromBackupPhase1 : <tgtCluster_tgtShard_0_42> [15:29:05.042] Failed to apply action. Result = <nil> : <tgtCluster_tgtShard_0_42> [15:29:05.042] Failed to download the snapshot : <tgtCluster_tgtShard_0_42> [15:29:05.042] Error while waiting for third party to copy backup to /fimongo1/data : <tgtCluster_tgtShard_0_42> [15:29:05.042] Observed error when trying to mark node as ready for copy files. : <tgtCluster_tgtShard_0_42> [15:29:05.042] Got return status 404 Not Found when trying to mark node ready for copy files.",
      "hostname": "rmdb1",
      "id": "rmdb1:37017",
      "port": 37017,
      "rsId": "tgtShard_0",
      "state": "FAILED",
      "stateUpdateTime": 1790969516
    },
    {
      "error": null,
      "hostname": "rmdb3",
      "id": "rmdb3:37017",
      "port": 37017,
      "rsId": "tgtShard_0",
      "state": "FAILED",
      "stateUpdateTime": 1790969516
    },
    {
      "error": null,
      "hostname": "rmdb11",
      "id": "rmdb11:37017",
      "port": 37017,
      "rsId": "tgtShard_0",
      "state": "FAILED",
      "stateUpdateTime": 1790969516
    },
    {
      "error": null,
      "hostname": "rmdb7",
      "id": "rmdb7:37017",
      "port": 37017,
      "rsId": "tgtconfigRS",
      "state": "FAILED",
      "stateUpdateTime": 1790969516
    },
    {
      "error": null,
      "hostname": "rmdb-config1",
      "id": "rmdb-config1:37017",
      "port": 37017,
      "rsId": "tgtconfigRS",
      "state": "FAILED",
      "stateUpdateTime": 1790969516
    },
    {
      "error": null,
      "hostname": "rmdb-config2",
      "id": "rmdb-config2:37017",
      "port": 37017,
      "rsId": "tgtconfigRS",
      "state": "FAILED",
      "stateUpdateTime": 1790969516
    }
  ],
  "state": "FAILED"
}
2026-10-02 14:45:25,824 [INFO] Restore state: FAILED
2026-10-02 14:45:35,824 [DEBUG] API GET http://129.40.36.100:8080/api/public/v1.0/backup/third_party/group/6a386221ee19a6537cc68a97/restore/6abf3847457a6b80701899fb
2026-10-02 14:45:35,968 [DEBUG] STATUS 200
2026-10-02 14:45:35,968 [DEBUG] {
  "clusterMapping": [
    {
      "rsId": "sgcShard_0",
      "targetRsId": "tgtShard_0"
    },
    {
      "rsId": "sgcShard_1",
      "targetRsId": "tgtShard_1"
    },
    {
      "rsId": "configRS",
      "targetRsId": "tgtconfigRS"
    }
  ],
  "nodes": [
    {
      "error": null,
      "hostname": "rmdb12",
      "id": "rmdb12:37017",
      "port": 37017,
      "rsId": "tgtShard_1",
      "state": "FAILED",
      "stateUpdateTime": 1790969516
    },
    {
      "error": null,
      "hostname": "rmdb14",
      "id": "rmdb14:37017",
      "port": 37017,
      "rsId": "tgtShard_1",
      "state": "FAILED",
      "stateUpdateTime": 1790969516
    },
    {
      "error": null,
      "hostname": "rmdb9",
      "id": "rmdb9:37017",
      "port": 37017,
      "rsId": "tgtShard_1",
      "state": "FAILED",
      "stateUpdateTime": 1790969516
    },
    {
      "error": null,
      "hostname": "rmdb4",
      "id": "rmdb4:37017",
      "port": 37017,
      "rsId": "tgtShard_1",
      "state": "FAILED",
      "stateUpdateTime": 1790969516
    },
    {
      "error": null,
      "hostname": "rmdb2",
      "id": "rmdb2:37017",
      "port": 37017,
      "rsId": "tgtShard_1",
      "state": "FAILED",
      "stateUpdateTime": 1790969516
    },
    {
      "error": null,
      "hostname": "rmdb8",
      "id": "rmdb8:37017",
      "port": 37017,
      "rsId": "tgtShard_0",
      "state": "FAILED",
      "stateUpdateTime": 1790969516
    },
    {
      "error": null,
      "hostname": "rmdb13",
      "id": "rmdb13:37017",
      "port": 37017,
      "rsId": "tgtShard_0",
      "state": "FAILED",
      "stateUpdateTime": 1790969516
    },
    {
      "error": "<tgtCluster_tgtShard_0_42> [15:29:05.042] Plan execution failed on step MakeBackupDataAvailable as part of move RestoreRsMemberFromBackupPhase1 : <tgtCluster_tgtShard_0_42> [15:29:05.042] Failed to apply action. Result = <nil> : <tgtCluster_tgtShard_0_42> [15:29:05.042] Failed to download the snapshot : <tgtCluster_tgtShard_0_42> [15:29:05.042] Error while waiting for third party to copy backup to /fimongo1/data : <tgtCluster_tgtShard_0_42> [15:29:05.042] Observed error when trying to mark node as ready for copy files. : <tgtCluster_tgtShard_0_42> [15:29:05.042] Got return status 404 Not Found when trying to mark node ready for copy files.",
      "hostname": "rmdb1",
      "id": "rmdb1:37017",
      "port": 37017,
      "rsId": "tgtShard_0",
      "state": "FAILED",
      "stateUpdateTime": 1790969516
    },
    {
      "error": null,
      "hostname": "rmdb3",
      "id": "rmdb3:37017",
      "port": 37017,
      "rsId": "tgtShard_0",
      "state": "FAILED",
      "stateUpdateTime": 1790969516
    },
    {
      "error": null,
      "hostname": "rmdb11",
      "id": "rmdb11:37017",
      "port": 37017,
      "rsId": "tgtShard_0",
      "state": "FAILED",
      "stateUpdateTime": 1790969516
    },
    {
      "error": null,
      "hostname": "rmdb7",
      "id": "rmdb7:37017",
      "port": 37017,
      "rsId": "tgtconfigRS",
      "state": "FAILED",
      "stateUpdateTime": 1790969516
    },
    {
      "error": null,
      "hostname": "rmdb-config1",
      "id": "rmdb-config1:37017",
      "port": 37017,
      "rsId": "tgtconfigRS",
      "state": "FAILED",
      "stateUpdateTime": 1790969516
    },
    {
      "error": null,
      "hostname": "rmdb-config2",
      "id": "rmdb-config2:37017",
      "port": 37017,
      "rsId": "tgtconfigRS",
      "state": "FAILED",
      "stateUpdateTime": 1790969516
    }
  ],
  "state": "FAILED"
}
2026-10-02 14:45:35,968 [INFO] Restore state: FAILED
2026-10-02 14:45:45,969 [DEBUG] API GET http://129.40.36.100:8080/api/public/v1.0/backup/third_party/group/6a386221ee19a6537cc68a97/restore/6abf3847457a6b80701899fb
2026-10-02 14:45:46,189 [DEBUG] STATUS 200
2026-10-02 14:45:46,189 [DEBUG] {
  "clusterMapping": [
    {
      "rsId": "sgcShard_0",
      "targetRsId": "tgtShard_0"
    },
    {
      "rsId": "sgcShard_1",
      "targetRsId": "tgtShard_1"
    },
    {
      "rsId": "configRS",
      "targetRsId": "tgtconfigRS"
    }
  ],
  "nodes": [
    {
      "error": null,
      "hostname": "rmdb12",
      "id": "rmdb12:37017",
      "port": 37017,
      "rsId": "tgtShard_1",
      "state": "FAILED",
      "stateUpdateTime": 1790969516
    },
    {
      "error": null,
      "hostname": "rmdb14",
      "id": "rmdb14:37017",
      "port": 37017,
      "rsId": "tgtShard_1",
      "state": "FAILED",
      "stateUpdateTime": 1790969516
    },
    {
      "error": null,
      "hostname": "rmdb9",
      "id": "rmdb9:37017",
      "port": 37017,
      "rsId": "tgtShard_1",
      "state": "FAILED",
      "stateUpdateTime": 1790969516
    },
    {
      "error": null,
      "hostname": "rmdb4",
      "id": "rmdb4:37017",
      "port": 37017,
      "rsId": "tgtShard_1",
      "state": "FAILED",
      "stateUpdateTime": 1790969516
    },
    {
      "error": null,
      "hostname": "rmdb2",
      "id": "rmdb2:37017",
      "port": 37017,
      "rsId": "tgtShard_1",
      "state": "FAILED",
      "stateUpdateTime": 1790969516
    },
    {
      "error": null,
      "hostname": "rmdb8",
      "id": "rmdb8:37017",
      "port": 37017,
      "rsId": "tgtShard_0",
      "state": "FAILED",
      "stateUpdateTime": 1790969516
    },
    {
      "error": null,
      "hostname": "rmdb13",
      "id": "rmdb13:37017",
      "port": 37017,
      "rsId": "tgtShard_0",
      "state": "FAILED",
      "stateUpdateTime": 1790969516
    },
    {
      "error": "<tgtCluster_tgtShard_0_42> [15:29:05.042] Plan execution failed on step MakeBackupDataAvailable as part of move RestoreRsMemberFromBackupPhase1 : <tgtCluster_tgtShard_0_42> [15:29:05.042] Failed to apply action. Result = <nil> : <tgtCluster_tgtShard_0_42> [15:29:05.042] Failed to download the snapshot : <tgtCluster_tgtShard_0_42> [15:29:05.042] Error while waiting for third party to copy backup to /fimongo1/data : <tgtCluster_tgtShard_0_42> [15:29:05.042] Observed error when trying to mark node as ready for copy files. : <tgtCluster_tgtShard_0_42> [15:29:05.042] Got return status 404 Not Found when trying to mark node ready for copy files.",
      "hostname": "rmdb1",
      "id": "rmdb1:37017",
      "port": 37017,
      "rsId": "tgtShard_0",
      "state": "FAILED",
      "stateUpdateTime": 1790969516
    },
    {
      "error": null,
      "hostname": "rmdb3",
      "id": "rmdb3:37017",
      "port": 37017,
      "rsId": "tgtShard_0",
      "state": "FAILED",
      "stateUpdateTime": 1790969516
    },
    {
      "error": null,
      "hostname": "rmdb11",
      "id": "rmdb11:37017",
      "port": 37017,
      "rsId": "tgtShard_0",
      "state": "FAILED",
      "stateUpdateTime": 1790969516
    },
    {
      "error": null,
      "hostname": "rmdb7",
      "id": "rmdb7:37017",
      "port": 37017,
      "rsId": "tgtconfigRS",
      "state": "FAILED",
      "stateUpdateTime": 1790969516
    },
    {
      "error": null,
      "hostname": "rmdb-config1",
      "id": "rmdb-config1:37017",
      "port": 37017,
      "rsId": "tgtconfigRS",
      "state": "FAILED",
      "stateUpdateTime": 1790969516
    },
    {
      "error": null,
      "hostname": "rmdb-config2",
      "id": "rmdb-config2:37017",
      "port": 37017,
      "rsId": "tgtconfigRS",
      "state": "FAILED",
      "stateUpdateTime": 1790969516
    }
  ],
  "state": "FAILED"
}
2026-10-02 14:45:46,189 [INFO] Restore state: FAILED
2026-10-02 14:45:56,190 [DEBUG] API GET http://129.40.36.100:8080/api/public/v1.0/backup/third_party/group/6a386221ee19a6537cc68a97/restore/6abf3847457a6b80701899fb
2026-10-02 14:45:56,329 [DEBUG] STATUS 200
2026-10-02 14:45:56,329 [DEBUG] {
  "clusterMapping": [
    {
      "rsId": "sgcShard_0",
      "targetRsId": "tgtShard_0"
    },
    {
      "rsId": "sgcShard_1",
      "targetRsId": "tgtShard_1"
    },
    {
      "rsId": "configRS",
      "targetRsId": "tgtconfigRS"
    }
  ],
  "nodes": [
    {
      "error": null,
      "hostname": "rmdb12",
      "id": "rmdb12:37017",
      "port": 37017,
      "rsId": "tgtShard_1",
      "state": "FAILED",
      "stateUpdateTime": 1790969516
    },
    {
      "error": null,
      "hostname": "rmdb14",
      "id": "rmdb14:37017",
      "port": 37017,
      "rsId": "tgtShard_1",
      "state": "FAILED",
      "stateUpdateTime": 1790969516
    },
    {
      "error": null,
      "hostname": "rmdb9",
      "id": "rmdb9:37017",
      "port": 37017,
      "rsId": "tgtShard_1",
      "state": "FAILED",
      "stateUpdateTime": 1790969516
    },
    {
      "error": null,
      "hostname": "rmdb4",
      "id": "rmdb4:37017",
      "port": 37017,
      "rsId": "tgtShard_1",
      "state": "FAILED",
      "stateUpdateTime": 1790969516
    },
    {
      "error": null,
      "hostname": "rmdb2",
      "id": "rmdb2:37017",
      "port": 37017,
      "rsId": "tgtShard_1",
      "state": "FAILED",
      "stateUpdateTime": 1790969516
    },
    {
      "error": null,
      "hostname": "rmdb8",
      "id": "rmdb8:37017",
      "port": 37017,
      "rsId": "tgtShard_0",
      "state": "FAILED",
      "stateUpdateTime": 1790969516
    },
    {
      "error": null,
      "hostname": "rmdb13",
      "id": "rmdb13:37017",
      "port": 37017,
      "rsId": "tgtShard_0",
      "state": "FAILED",
      "stateUpdateTime": 1790969516
    },
    {
      "error": "<tgtCluster_tgtShard_0_42> [15:29:05.042] Plan execution failed on step MakeBackupDataAvailable as part of move RestoreRsMemberFromBackupPhase1 : <tgtCluster_tgtShard_0_42> [15:29:05.042] Failed to apply action. Result = <nil> : <tgtCluster_tgtShard_0_42> [15:29:05.042] Failed to download the snapshot : <tgtCluster_tgtShard_0_42> [15:29:05.042] Error while waiting for third party to copy backup to /fimongo1/data : <tgtCluster_tgtShard_0_42> [15:29:05.042] Observed error when trying to mark node as ready for copy files. : <tgtCluster_tgtShard_0_42> [15:29:05.042] Got return status 404 Not Found when trying to mark node ready for copy files.",
      "hostname": "rmdb1",
      "id": "rmdb1:37017",
      "port": 37017,
      "rsId": "tgtShard_0",
      "state": "FAILED",
      "stateUpdateTime": 1790969516
    },
    {
      "error": null,
      "hostname": "rmdb3",
      "id": "rmdb3:37017",
      "port": 37017,
      "rsId": "tgtShard_0",
      "state": "FAILED",
      "stateUpdateTime": 1790969516
    },
    {
      "error": null,
      "hostname": "rmdb11",
      "id": "rmdb11:37017",
      "port": 37017,
      "rsId": "tgtShard_0",
      "state": "FAILED",
      "stateUpdateTime": 1790969516
    },
    {
      "error": null,
      "hostname": "rmdb7",
      "id": "rmdb7:37017",
      "port": 37017,
      "rsId": "tgtconfigRS",
      "state": "FAILED",
      "stateUpdateTime": 1790969516
    },
    {
      "error": null,
      "hostname": "rmdb-config1",
      "id": "rmdb-config1:37017",
      "port": 37017,
      "rsId": "tgtconfigRS",
      "state": "FAILED",
      "stateUpdateTime": 1790969516
    },
    {
      "error": null,
      "hostname": "rmdb-config2",
      "id": "rmdb-config2:37017",
      "port": 37017,
      "rsId": "tgtconfigRS",
      "state": "FAILED",
      "stateUpdateTime": 1790969516
    }
  ],
  "state": "FAILED"
}
2026-10-02 14:45:56,329 [INFO] Restore state: FAILED
2026-10-02 14:46:06,330 [DEBUG] API GET http://129.40.36.100:8080/api/public/v1.0/backup/third_party/group/6a386221ee19a6537cc68a97/restore/6abf3847457a6b80701899fb
2026-10-02 14:46:06,470 [DEBUG] STATUS 200
2026-10-02 14:46:06,470 [DEBUG] {
  "clusterMapping": [
    {
      "rsId": "sgcShard_0",
      "targetRsId": "tgtShard_0"
    },
    {
      "rsId": "sgcShard_1",
      "targetRsId": "tgtShard_1"
    },
    {
      "rsId": "configRS",
      "targetRsId": "tgtconfigRS"
    }
  ],
  "nodes": [
    {
      "error": null,
      "hostname": "rmdb12",
      "id": "rmdb12:37017",
      "port": 37017,
      "rsId": "tgtShard_1",
      "state": "FAILED",
      "stateUpdateTime": 1790969516
    },
    {
      "error": null,
      "hostname": "rmdb14",
      "id": "rmdb14:37017",
      "port": 37017,
      "rsId": "tgtShard_1",
      "state": "FAILED",
      "stateUpdateTime": 1790969516
    },
    {
      "error": null,
      "hostname": "rmdb9",
      "id": "rmdb9:37017",
      "port": 37017,
      "rsId": "tgtShard_1",
      "state": "FAILED",
      "stateUpdateTime": 1790969516
    },
    {
      "error": null,
      "hostname": "rmdb4",
      "id": "rmdb4:37017",
      "port": 37017,
      "rsId": "tgtShard_1",
      "state": "FAILED",
      "stateUpdateTime": 1790969516
    },
    {
      "error": null,
      "hostname": "rmdb2",
      "id": "rmdb2:37017",
      "port": 37017,
      "rsId": "tgtShard_1",
      "state": "FAILED",
      "stateUpdateTime": 1790969516
    },
    {
      "error": null,
      "hostname": "rmdb8",
      "id": "rmdb8:37017",
      "port": 37017,
      "rsId": "tgtShard_0",
      "state": "FAILED",
      "stateUpdateTime": 1790969516
    },
    {
      "error": null,
      "hostname": "rmdb13",
      "id": "rmdb13:37017",
      "port": 37017,
      "rsId": "tgtShard_0",
      "state": "FAILED",
      "stateUpdateTime": 1790969516
    },
    {
      "error": "<tgtCluster_tgtShard_0_42> [15:29:05.042] Plan execution failed on step MakeBackupDataAvailable as part of move RestoreRsMemberFromBackupPhase1 : <tgtCluster_tgtShard_0_42> [15:29:05.042] Failed to apply action. Result = <nil> : <tgtCluster_tgtShard_0_42> [15:29:05.042] Failed to download the snapshot : <tgtCluster_tgtShard_0_42> [15:29:05.042] Error while waiting for third party to copy backup to /fimongo1/data : <tgtCluster_tgtShard_0_42> [15:29:05.042] Observed error when trying to mark node as ready for copy files. : <tgtCluster_tgtShard_0_42> [15:29:05.042] Got return status 404 Not Found when trying to mark node ready for copy files.",
      "hostname": "rmdb1",
      "id": "rmdb1:37017",
      "port": 37017,
      "rsId": "tgtShard_0",
      "state": "FAILED",
      "stateUpdateTime": 1790969516
    },
    {
      "error": null,
      "hostname": "rmdb3",
      "id": "rmdb3:37017",
      "port": 37017,
      "rsId": "tgtShard_0",
      "state": "FAILED",
      "stateUpdateTime": 1790969516
    },
    {
      "error": null,
      "hostname": "rmdb11",
      "id": "rmdb11:37017",
      "port": 37017,
      "rsId": "tgtShard_0",
      "state": "FAILED",
      "stateUpdateTime": 1790969516
    },
    {
      "error": null,
      "hostname": "rmdb7",
      "id": "rmdb7:37017",
      "port": 37017,
      "rsId": "tgtconfigRS",
      "state": "FAILED",
      "stateUpdateTime": 1790969516
    },
    {
      "error": null,
      "hostname": "rmdb-config1",
      "id": "rmdb-config1:37017",
      "port": 37017,
      "rsId": "tgtconfigRS",
      "state": "FAILED",
      "stateUpdateTime": 1790969516
    },
    {
      "error": null,
      "hostname": "rmdb-config2",
      "id": "rmdb-config2:37017",
      "port": 37017,
      "rsId": "tgtconfigRS",
      "state": "FAILED",
      "stateUpdateTime": 1790969516
    }
  ],
  "state": "FAILED"
}
2026-10-02 14:46:06,470 [INFO] Restore state: FAILED
2026-10-02 14:46:16,471 [DEBUG] API GET http://129.40.36.100:8080/api/public/v1.0/backup/third_party/group/6a386221ee19a6537cc68a97/restore/6abf3847457a6b80701899fb
2026-10-02 14:46:16,612 [DEBUG] STATUS 200
2026-10-02 14:46:16,613 [DEBUG] {
  "clusterMapping": [
    {
      "rsId": "sgcShard_0",
      "targetRsId": "tgtShard_0"
    },
    {
      "rsId": "sgcShard_1",
      "targetRsId": "tgtShard_1"
    },
    {
      "rsId": "configRS",
      "targetRsId": "tgtconfigRS"
    }
  ],
  "nodes": [
    {
      "error": null,
      "hostname": "rmdb12",
      "id": "rmdb12:37017",
      "port": 37017,
      "rsId": "tgtShard_1",
      "state": "FAILED",
      "stateUpdateTime": 1790969516
    },
    {
      "error": null,
      "hostname": "rmdb14",
      "id": "rmdb14:37017",
      "port": 37017,
      "rsId": "tgtShard_1",
      "state": "FAILED",
      "stateUpdateTime": 1790969516
    },
    {
      "error": null,
      "hostname": "rmdb9",
      "id": "rmdb9:37017",
      "port": 37017,
      "rsId": "tgtShard_1",
      "state": "FAILED",
      "stateUpdateTime": 1790969516
    },
    {
      "error": null,
      "hostname": "rmdb4",
      "id": "rmdb4:37017",
      "port": 37017,
      "rsId": "tgtShard_1",
      "state": "FAILED",
      "stateUpdateTime": 1790969516
    },
    {
      "error": null,
      "hostname": "rmdb2",
      "id": "rmdb2:37017",
      "port": 37017,
      "rsId": "tgtShard_1",
      "state": "FAILED",
      "stateUpdateTime": 1790969516
    },
    {
      "error": null,
      "hostname": "rmdb8",
      "id": "rmdb8:37017",
      "port": 37017,
      "rsId": "tgtShard_0",
      "state": "FAILED",
      "stateUpdateTime": 1790969516
    },
    {
      "error": null,
      "hostname": "rmdb13",
      "id": "rmdb13:37017",
      "port": 37017,
      "rsId": "tgtShard_0",
      "state": "FAILED",
      "stateUpdateTime": 1790969516
    },
    {
      "error": "<tgtCluster_tgtShard_0_42> [15:29:05.042] Plan execution failed on step MakeBackupDataAvailable as part of move RestoreRsMemberFromBackupPhase1 : <tgtCluster_tgtShard_0_42> [15:29:05.042] Failed to apply action. Result = <nil> : <tgtCluster_tgtShard_0_42> [15:29:05.042] Failed to download the snapshot : <tgtCluster_tgtShard_0_42> [15:29:05.042] Error while waiting for third party to copy backup to /fimongo1/data : <tgtCluster_tgtShard_0_42> [15:29:05.042] Observed error when trying to mark node as ready for copy files. : <tgtCluster_tgtShard_0_42> [15:29:05.042] Got return status 404 Not Found when trying to mark node ready for copy files.",
      "hostname": "rmdb1",
      "id": "rmdb1:37017",
      "port": 37017,
      "rsId": "tgtShard_0",
      "state": "FAILED",
      "stateUpdateTime": 1790969516
    },
    {
      "error": null,
      "hostname": "rmdb3",
      "id": "rmdb3:37017",
      "port": 37017,
      "rsId": "tgtShard_0",
      "state": "FAILED",
      "stateUpdateTime": 1790969516
    },
    {
      "error": null,
      "hostname": "rmdb11",
      "id": "rmdb11:37017",
      "port": 37017,
      "rsId": "tgtShard_0",
      "state": "FAILED",
      "stateUpdateTime": 1790969516
    },
    {
      "error": null,
      "hostname": "rmdb7",
      "id": "rmdb7:37017",
      "port": 37017,
      "rsId": "tgtconfigRS",
      "state": "FAILED",
      "stateUpdateTime": 1790969516
    },
    {
      "error": null,
      "hostname": "rmdb-config1",
      "id": "rmdb-config1:37017",
      "port": 37017,
      "rsId": "tgtconfigRS",
      "state": "FAILED",
      "stateUpdateTime": 1790969516
    },
    {
      "error": null,
      "hostname": "rmdb-config2",
      "id": "rmdb-config2:37017",
      "port": 37017,
      "rsId": "tgtconfigRS",
      "state": "FAILED",
      "stateUpdateTime": 1790969516
    }
  ],
  "state": "FAILED"
}
2026-10-02 14:46:16,613 [INFO] Restore state: FAILED
2026-10-02 14:46:26,613 [DEBUG] API GET http://129.40.36.100:8080/api/public/v1.0/backup/third_party/group/6a386221ee19a6537cc68a97/restore/6abf3847457a6b80701899fb
2026-10-02 14:46:26,754 [DEBUG] STATUS 200
2026-10-02 14:46:26,754 [DEBUG] {
  "clusterMapping": [
    {
      "rsId": "sgcShard_0",
      "targetRsId": "tgtShard_0"
    },
    {
      "rsId": "sgcShard_1",
      "targetRsId": "tgtShard_1"
    },
    {
      "rsId": "configRS",
      "targetRsId": "tgtconfigRS"
    }
  ],
  "nodes": [
    {
      "error": null,
      "hostname": "rmdb12",
      "id": "rmdb12:37017",
      "port": 37017,
      "rsId": "tgtShard_1",
      "state": "FAILED",
      "stateUpdateTime": 1790969516
    },
    {
      "error": null,
      "hostname": "rmdb14",
      "id": "rmdb14:37017",
      "port": 37017,
      "rsId": "tgtShard_1",
      "state": "FAILED",
      "stateUpdateTime": 1790969516
    },
    {
      "error": null,
      "hostname": "rmdb9",
      "id": "rmdb9:37017",
      "port": 37017,
      "rsId": "tgtShard_1",
      "state": "FAILED",
      "stateUpdateTime": 1790969516
    },
    {
      "error": null,
      "hostname": "rmdb4",
      "id": "rmdb4:37017",
      "port": 37017,
      "rsId": "tgtShard_1",
      "state": "FAILED",
      "stateUpdateTime": 1790969516
    },
    {
      "error": null,
      "hostname": "rmdb2",
      "id": "rmdb2:37017",
      "port": 37017,
      "rsId": "tgtShard_1",
      "state": "FAILED",
      "stateUpdateTime": 1790969516
    },
    {
      "error": null,
      "hostname": "rmdb8",
      "id": "rmdb8:37017",
      "port": 37017,
      "rsId": "tgtShard_0",
      "state": "FAILED",
      "stateUpdateTime": 1790969516
    },
    {
      "error": null,
      "hostname": "rmdb13",
      "id": "rmdb13:37017",
      "port": 37017,
      "rsId": "tgtShard_0",
      "state": "FAILED",
      "stateUpdateTime": 1790969516
    },
    {
      "error": "<tgtCluster_tgtShard_0_42> [15:29:05.042] Plan execution failed on step MakeBackupDataAvailable as part of move RestoreRsMemberFromBackupPhase1 : <tgtCluster_tgtShard_0_42> [15:29:05.042] Failed to apply action. Result = <nil> : <tgtCluster_tgtShard_0_42> [15:29:05.042] Failed to download the snapshot : <tgtCluster_tgtShard_0_42> [15:29:05.042] Error while waiting for third party to copy backup to /fimongo1/data : <tgtCluster_tgtShard_0_42> [15:29:05.042] Observed error when trying to mark node as ready for copy files. : <tgtCluster_tgtShard_0_42> [15:29:05.042] Got return status 404 Not Found when trying to mark node ready for copy files.",
      "hostname": "rmdb1",
      "id": "rmdb1:37017",
      "port": 37017,
      "rsId": "tgtShard_0",
      "state": "FAILED",
      "stateUpdateTime": 1790969516
    },
    {
      "error": null,
      "hostname": "rmdb3",
      "id": "rmdb3:37017",
      "port": 37017,
      "rsId": "tgtShard_0",
      "state": "FAILED",
      "stateUpdateTime": 1790969516
    },
    {
      "error": null,
      "hostname": "rmdb11",
      "id": "rmdb11:37017",
      "port": 37017,
      "rsId": "tgtShard_0",
      "state": "FAILED",
      "stateUpdateTime": 1790969516
    },
    {
      "error": null,
      "hostname": "rmdb7",
      "id": "rmdb7:37017",
      "port": 37017,
      "rsId": "tgtconfigRS",
      "state": "FAILED",
      "stateUpdateTime": 1790969516
    },
    {
      "error": null,
      "hostname": "rmdb-config1",
      "id": "rmdb-config1:37017",
      "port": 37017,
      "rsId": "tgtconfigRS",
      "state": "FAILED",
      "stateUpdateTime": 1790969516
    },
    {
      "error": null,
      "hostname": "rmdb-config2",
      "id": "rmdb-config2:37017",
      "port": 37017,
      "rsId": "tgtconfigRS",
      "state": "FAILED",
      "stateUpdateTime": 1790969516
    }
  ],
  "state": "FAILED"
}
2026-10-02 14:46:26,755 [INFO] Restore state: FAILED
2026-10-02 14:46:36,755 [DEBUG] API GET http://129.40.36.100:8080/api/public/v1.0/backup/third_party/group/6a386221ee19a6537cc68a97/restore/6abf3847457a6b80701899fb
2026-10-02 14:46:36,902 [DEBUG] STATUS 200
2026-10-02 14:46:36,902 [DEBUG] {
  "clusterMapping": [
    {
      "rsId": "sgcShard_0",
      "targetRsId": "tgtShard_0"
    },
    {
      "rsId": "sgcShard_1",
      "targetRsId": "tgtShard_1"
    },
    {
      "rsId": "configRS",
      "targetRsId": "tgtconfigRS"
    }
  ],
  "nodes": [
    {
      "error": null,
      "hostname": "rmdb12",
      "id": "rmdb12:37017",
      "port": 37017,
      "rsId": "tgtShard_1",
      "state": "FAILED",
      "stateUpdateTime": 1790969516
    },
    {
      "error": null,
      "hostname": "rmdb14",
      "id": "rmdb14:37017",
      "port": 37017,
      "rsId": "tgtShard_1",
      "state": "FAILED",
      "stateUpdateTime": 1790969516
    },
    {
      "error": null,
      "hostname": "rmdb9",
      "id": "rmdb9:37017",
      "port": 37017,
      "rsId": "tgtShard_1",
      "state": "FAILED",
      "stateUpdateTime": 1790969516
    },
    {
      "error": null,
      "hostname": "rmdb4",
      "id": "rmdb4:37017",
      "port": 37017,
      "rsId": "tgtShard_1",
      "state": "FAILED",
      "stateUpdateTime": 1790969516
    },
    {
      "error": null,
      "hostname": "rmdb2",
      "id": "rmdb2:37017",
      "port": 37017,
      "rsId": "tgtShard_1",
      "state": "FAILED",
      "stateUpdateTime": 1790969516
    },
    {
      "error": null,
      "hostname": "rmdb8",
      "id": "rmdb8:37017",
      "port": 37017,
      "rsId": "tgtShard_0",
      "state": "FAILED",
      "stateUpdateTime": 1790969516
    },
    {
      "error": null,
      "hostname": "rmdb13",
      "id": "rmdb13:37017",
      "port": 37017,
      "rsId": "tgtShard_0",
      "state": "FAILED",
      "stateUpdateTime": 1790969516
    },
    {
      "error": "<tgtCluster_tgtShard_0_42> [15:29:05.042] Plan execution failed on step MakeBackupDataAvailable as part of move RestoreRsMemberFromBackupPhase1 : <tgtCluster_tgtShard_0_42> [15:29:05.042] Failed to apply action. Result = <nil> : <tgtCluster_tgtShard_0_42> [15:29:05.042] Failed to download the snapshot : <tgtCluster_tgtShard_0_42> [15:29:05.042] Error while waiting for third party to copy backup to /fimongo1/data : <tgtCluster_tgtShard_0_42> [15:29:05.042] Observed error when trying to mark node as ready for copy files. : <tgtCluster_tgtShard_0_42> [15:29:05.042] Got return status 404 Not Found when trying to mark node ready for copy files.",
      "hostname": "rmdb1",
      "id": "rmdb1:37017",
      "port": 37017,
      "rsId": "tgtShard_0",
      "state": "FAILED",
      "stateUpdateTime": 1790969516
    },
    {
      "error": null,
      "hostname": "rmdb3",
      "id": "rmdb3:37017",
      "port": 37017,
      "rsId": "tgtShard_0",
      "state": "FAILED",
      "stateUpdateTime": 1790969516
    },
    {
      "error": null,
      "hostname": "rmdb11",
      "id": "rmdb11:37017",
      "port": 37017,
      "rsId": "tgtShard_0",
      "state": "FAILED",
      "stateUpdateTime": 1790969516
    },
    {
      "error": null,
      "hostname": "rmdb7",
      "id": "rmdb7:37017",
      "port": 37017,
      "rsId": "tgtconfigRS",
      "state": "FAILED",
      "stateUpdateTime": 1790969516
    },
    {
      "error": null,
      "hostname": "rmdb-config1",
      "id": "rmdb-config1:37017",
      "port": 37017,
      "rsId": "tgtconfigRS",
      "state": "FAILED",
      "stateUpdateTime": 1790969516
    },
    {
      "error": null,
      "hostname": "rmdb-config2",
      "id": "rmdb-config2:37017",
      "port": 37017,
      "rsId": "tgtconfigRS",
      "state": "FAILED",
      "stateUpdateTime": 1790969516
    }
  ],
  "state": "FAILED"
}
2026-10-02 14:46:36,902 [INFO] Restore state: FAILED
2026-10-02 14:46:46,902 [DEBUG] API GET http://129.40.36.100:8080/api/public/v1.0/backup/third_party/group/6a386221ee19a6537cc68a97/restore/6abf3847457a6b80701899fb
2026-10-02 14:46:47,102 [DEBUG] STATUS 200
2026-10-02 14:46:47,102 [DEBUG] {
  "clusterMapping": [
    {
      "rsId": "sgcShard_0",
      "targetRsId": "tgtShard_0"
    },
    {
      "rsId": "sgcShard_1",
      "targetRsId": "tgtShard_1"
    },
    {
      "rsId": "configRS",
      "targetRsId": "tgtconfigRS"
    }
  ],
  "nodes": [
    {
      "error": null,
      "hostname": "rmdb12",
      "id": "rmdb12:37017",
      "port": 37017,
      "rsId": "tgtShard_1",
      "state": "FAILED",
      "stateUpdateTime": 1790969516
    },
    {
      "error": null,
      "hostname": "rmdb14",
      "id": "rmdb14:37017",
      "port": 37017,
      "rsId": "tgtShard_1",
      "state": "FAILED",
      "stateUpdateTime": 1790969516
    },
    {
      "error": null,
      "hostname": "rmdb9",
      "id": "rmdb9:37017",
      "port": 37017,
      "rsId": "tgtShard_1",
      "state": "FAILED",
      "stateUpdateTime": 1790969516
    },
    {
      "error": null,
      "hostname": "rmdb4",
      "id": "rmdb4:37017",
      "port": 37017,
      "rsId": "tgtShard_1",
      "state": "FAILED",
      "stateUpdateTime": 1790969516
    },
    {
      "error": null,
      "hostname": "rmdb2",
      "id": "rmdb2:37017",
      "port": 37017,
      "rsId": "tgtShard_1",
      "state": "FAILED",
      "stateUpdateTime": 1790969516
    },
    {
      "error": null,
      "hostname": "rmdb8",
      "id": "rmdb8:37017",
      "port": 37017,
      "rsId": "tgtShard_0",
      "state": "FAILED",
      "stateUpdateTime": 1790969516
    },
    {
      "error": null,
      "hostname": "rmdb13",
      "id": "rmdb13:37017",
      "port": 37017,
      "rsId": "tgtShard_0",
      "state": "FAILED",
      "stateUpdateTime": 1790969516
    },
    {
      "error": "<tgtCluster_tgtShard_0_42> [15:29:05.042] Plan execution failed on step MakeBackupDataAvailable as part of move RestoreRsMemberFromBackupPhase1 : <tgtCluster_tgtShard_0_42> [15:29:05.042] Failed to apply action. Result = <nil> : <tgtCluster_tgtShard_0_42> [15:29:05.042] Failed to download the snapshot : <tgtCluster_tgtShard_0_42> [15:29:05.042] Error while waiting for third party to copy backup to /fimongo1/data : <tgtCluster_tgtShard_0_42> [15:29:05.042] Observed error when trying to mark node as ready for copy files. : <tgtCluster_tgtShard_0_42> [15:29:05.042] Got return status 404 Not Found when trying to mark node ready for copy files.",
      "hostname": "rmdb1",
      "id": "rmdb1:37017",
      "port": 37017,
      "rsId": "tgtShard_0",
      "state": "FAILED",
      "stateUpdateTime": 1790969516
    },
    {
      "error": null,
      "hostname": "rmdb3",
      "id": "rmdb3:37017",
      "port": 37017,
      "rsId": "tgtShard_0",
      "state": "FAILED",
      "stateUpdateTime": 1790969516
    },
    {
      "error": null,
      "hostname": "rmdb11",
      "id": "rmdb11:37017",
      "port": 37017,
      "rsId": "tgtShard_0",
      "state": "FAILED",
      "stateUpdateTime": 1790969516
    },
    {
      "error": null,
      "hostname": "rmdb7",
      "id": "rmdb7:37017",
      "port": 37017,
      "rsId": "tgtconfigRS",
      "state": "FAILED",
      "stateUpdateTime": 1790969516
    },
    {
      "error": null,
      "hostname": "rmdb-config1",
      "id": "rmdb-config1:37017",
      "port": 37017,
      "rsId": "tgtconfigRS",
      "state": "FAILED",
      "stateUpdateTime": 1790969516
    },
    {
      "error": null,
      "hostname": "rmdb-config2",
      "id": "rmdb-config2:37017",
      "port": 37017,
      "rsId": "tgtconfigRS",
      "state": "FAILED",
      "stateUpdateTime": 1790969516
    }
  ],
  "state": "FAILED"
}
2026-10-02 14:46:47,103 [INFO] Restore state: FAILED
2026-10-02 14:46:57,103 [DEBUG] API GET http://129.40.36.100:8080/api/public/v1.0/backup/third_party/group/6a386221ee19a6537cc68a97/restore/6abf3847457a6b80701899fb
2026-10-02 14:46:57,246 [DEBUG] STATUS 200
2026-10-02 14:46:57,246 [DEBUG] {
  "clusterMapping": [
    {
      "rsId": "sgcShard_0",
      "targetRsId": "tgtShard_0"
    },
    {
      "rsId": "sgcShard_1",
      "targetRsId": "tgtShard_1"
    },
    {
      "rsId": "configRS",
      "targetRsId": "tgtconfigRS"
    }
  ],
  "nodes": [
    {
      "error": null,
      "hostname": "rmdb12",
      "id": "rmdb12:37017",
      "port": 37017,
      "rsId": "tgtShard_1",
      "state": "FAILED",
      "stateUpdateTime": 1790969516
    },
    {
      "error": null,
      "hostname": "rmdb14",
      "id": "rmdb14:37017",
      "port": 37017,
      "rsId": "tgtShard_1",
      "state": "FAILED",
      "stateUpdateTime": 1790969516
    },
    {
      "error": null,
      "hostname": "rmdb9",
      "id": "rmdb9:37017",
      "port": 37017,
      "rsId": "tgtShard_1",
      "state": "FAILED",
      "stateUpdateTime": 1790969516
    },
    {
      "error": null,
      "hostname": "rmdb4",
      "id": "rmdb4:37017",
      "port": 37017,
      "rsId": "tgtShard_1",
      "state": "FAILED",
      "stateUpdateTime": 1790969516
    },
    {
      "error": null,
      "hostname": "rmdb2",
      "id": "rmdb2:37017",
      "port": 37017,
      "rsId": "tgtShard_1",
      "state": "FAILED",
      "stateUpdateTime": 1790969516
    },
    {
      "error": null,
      "hostname": "rmdb8",
      "id": "rmdb8:37017",
      "port": 37017,
      "rsId": "tgtShard_0",
      "state": "FAILED",
      "stateUpdateTime": 1790969516
    },
    {
      "error": null,
      "hostname": "rmdb13",
      "id": "rmdb13:37017",
      "port": 37017,
      "rsId": "tgtShard_0",
      "state": "FAILED",
      "stateUpdateTime": 1790969516
    },
    {
      "error": "<tgtCluster_tgtShard_0_42> [15:29:05.042] Plan execution failed on step MakeBackupDataAvailable as part of move RestoreRsMemberFromBackupPhase1 : <tgtCluster_tgtShard_0_42> [15:29:05.042] Failed to apply action. Result = <nil> : <tgtCluster_tgtShard_0_42> [15:29:05.042] Failed to download the snapshot : <tgtCluster_tgtShard_0_42> [15:29:05.042] Error while waiting for third party to copy backup to /fimongo1/data : <tgtCluster_tgtShard_0_42> [15:29:05.042] Observed error when trying to mark node as ready for copy files. : <tgtCluster_tgtShard_0_42> [15:29:05.042] Got return status 404 Not Found when trying to mark node ready for copy files.",
      "hostname": "rmdb1",
      "id": "rmdb1:37017",
      "port": 37017,
      "rsId": "tgtShard_0",
      "state": "FAILED",
      "stateUpdateTime": 1790969516
    },
    {
      "error": null,
      "hostname": "rmdb3",
      "id": "rmdb3:37017",
      "port": 37017,
      "rsId": "tgtShard_0",
      "state": "FAILED",
      "stateUpdateTime": 1790969516
    },
    {
      "error": null,
      "hostname": "rmdb11",
      "id": "rmdb11:37017",
      "port": 37017,
      "rsId": "tgtShard_0",
      "state": "FAILED",
      "stateUpdateTime": 1790969516
    },
    {
      "error": null,
      "hostname": "rmdb7",
      "id": "rmdb7:37017",
      "port": 37017,
      "rsId": "tgtconfigRS",
      "state": "FAILED",
      "stateUpdateTime": 1790969516
    },
    {
      "error": null,
      "hostname": "rmdb-config1",
      "id": "rmdb-config1:37017",
      "port": 37017,
      "rsId": "tgtconfigRS",
      "state": "FAILED",
      "stateUpdateTime": 1790969516
    },
    {
      "error": null,
      "hostname": "rmdb-config2",
      "id": "rmdb-config2:37017",
      "port": 37017,
      "rsId": "tgtconfigRS",
      "state": "FAILED",
      "stateUpdateTime": 1790969516
    }
  ],
  "state": "FAILED"
}
2026-10-02 14:46:57,246 [INFO] Restore state: FAILED
2026-10-02 14:47:07,247 [DEBUG] API GET http://129.40.36.100:8080/api/public/v1.0/backup/third_party/group/6a386221ee19a6537cc68a97/restore/6abf3847457a6b80701899fb
2026-10-02 14:47:07,401 [DEBUG] STATUS 200
2026-10-02 14:47:07,401 [DEBUG] {
  "clusterMapping": [
    {
      "rsId": "sgcShard_0",
      "targetRsId": "tgtShard_0"
    },
    {
      "rsId": "sgcShard_1",
      "targetRsId": "tgtShard_1"
    },
    {
      "rsId": "configRS",
      "targetRsId": "tgtconfigRS"
    }
  ],
  "nodes": [
    {
      "error": null,
      "hostname": "rmdb12",
      "id": "rmdb12:37017",
      "port": 37017,
      "rsId": "tgtShard_1",
      "state": "FAILED",
      "stateUpdateTime": 1790969516
    },
    {
      "error": null,
      "hostname": "rmdb14",
      "id": "rmdb14:37017",
      "port": 37017,
      "rsId": "tgtShard_1",
      "state": "FAILED",
      "stateUpdateTime": 1790969516
    },
    {
      "error": null,
      "hostname": "rmdb9",
      "id": "rmdb9:37017",
      "port": 37017,
      "rsId": "tgtShard_1",
      "state": "FAILED",
      "stateUpdateTime": 1790969516
    },
    {
      "error": null,
      "hostname": "rmdb4",
      "id": "rmdb4:37017",
      "port": 37017,
      "rsId": "tgtShard_1",
      "state": "FAILED",
      "stateUpdateTime": 1790969516
    },
    {
      "error": null,
      "hostname": "rmdb2",
      "id": "rmdb2:37017",
      "port": 37017,
      "rsId": "tgtShard_1",
      "state": "FAILED",
      "stateUpdateTime": 1790969516
    },
    {
      "error": null,
      "hostname": "rmdb8",
      "id": "rmdb8:37017",
      "port": 37017,
      "rsId": "tgtShard_0",
      "state": "FAILED",
      "stateUpdateTime": 1790969516
    },
    {
      "error": null,
      "hostname": "rmdb13",
      "id": "rmdb13:37017",
      "port": 37017,
      "rsId": "tgtShard_0",
      "state": "FAILED",
      "stateUpdateTime": 1790969516
    },
    {
      "error": "<tgtCluster_tgtShard_0_42> [15:29:05.042] Plan execution failed on step MakeBackupDataAvailable as part of move RestoreRsMemberFromBackupPhase1 : <tgtCluster_tgtShard_0_42> [15:29:05.042] Failed to apply action. Result = <nil> : <tgtCluster_tgtShard_0_42> [15:29:05.042] Failed to download the snapshot : <tgtCluster_tgtShard_0_42> [15:29:05.042] Error while waiting for third party to copy backup to /fimongo1/data : <tgtCluster_tgtShard_0_42> [15:29:05.042] Observed error when trying to mark node as ready for copy files. : <tgtCluster_tgtShard_0_42> [15:29:05.042] Got return status 404 Not Found when trying to mark node ready for copy files.",
      "hostname": "rmdb1",
      "id": "rmdb1:37017",
      "port": 37017,
      "rsId": "tgtShard_0",
      "state": "FAILED",
      "stateUpdateTime": 1790969516
    },
    {
      "error": null,
      "hostname": "rmdb3",
      "id": "rmdb3:37017",
      "port": 37017,
      "rsId": "tgtShard_0",
      "state": "FAILED",
      "stateUpdateTime": 1790969516
    },
    {
      "error": null,
      "hostname": "rmdb11",
      "id": "rmdb11:37017",
      "port": 37017,
      "rsId": "tgtShard_0",
      "state": "FAILED",
      "stateUpdateTime": 1790969516
    },
    {
      "error": null,
      "hostname": "rmdb7",
      "id": "rmdb7:37017",
      "port": 37017,
      "rsId": "tgtconfigRS",
      "state": "FAILED",
      "stateUpdateTime": 1790969516
    },
    {
      "error": null,
      "hostname": "rmdb-config1",
      "id": "rmdb-config1:37017",
      "port": 37017,
      "rsId": "tgtconfigRS",
      "state": "FAILED",
      "stateUpdateTime": 1790969516
    },
    {
      "error": null,
      "hostname": "rmdb-config2",
      "id": "rmdb-config2:37017",
      "port": 37017,
      "rsId": "tgtconfigRS",
      "state": "FAILED",
      "stateUpdateTime": 1790969516
    }
  ],
  "state": "FAILED"
}
2026-10-02 14:47:07,402 [INFO] Restore state: FAILED
2026-10-02 14:47:17,402 [DEBUG] API GET http://129.40.36.100:8080/api/public/v1.0/backup/third_party/group/6a386221ee19a6537cc68a97/restore/6abf3847457a6b80701899fb
2026-10-02 14:47:17,543 [DEBUG] STATUS 200
2026-10-02 14:47:17,544 [DEBUG] {
  "clusterMapping": [
    {
      "rsId": "sgcShard_0",
      "targetRsId": "tgtShard_0"
    },
    {
      "rsId": "sgcShard_1",
      "targetRsId": "tgtShard_1"
    },
    {
      "rsId": "configRS",
      "targetRsId": "tgtconfigRS"
    }
  ],
  "nodes": [
    {
      "error": null,
      "hostname": "rmdb12",
      "id": "rmdb12:37017",
      "port": 37017,
      "rsId": "tgtShard_1",
      "state": "FAILED",
      "stateUpdateTime": 1790969516
    },
    {
      "error": null,
      "hostname": "rmdb14",
      "id": "rmdb14:37017",
      "port": 37017,
      "rsId": "tgtShard_1",
      "state": "FAILED",
      "stateUpdateTime": 1790969516
    },
    {
      "error": null,
      "hostname": "rmdb9",
      "id": "rmdb9:37017",
      "port": 37017,
      "rsId": "tgtShard_1",
      "state": "FAILED",
      "stateUpdateTime": 1790969516
    },
    {
      "error": null,
      "hostname": "rmdb4",
      "id": "rmdb4:37017",
      "port": 37017,
      "rsId": "tgtShard_1",
      "state": "FAILED",
      "stateUpdateTime": 1790969516
    },
    {
      "error": null,
      "hostname": "rmdb2",
      "id": "rmdb2:37017",
      "port": 37017,
      "rsId": "tgtShard_1",
      "state": "FAILED",
      "stateUpdateTime": 1790969516
    },
    {
      "error": null,
      "hostname": "rmdb8",
      "id": "rmdb8:37017",
      "port": 37017,
      "rsId": "tgtShard_0",
      "state": "FAILED",
      "stateUpdateTime": 1790969516
    },
    {
      "error": null,
      "hostname": "rmdb13",
      "id": "rmdb13:37017",
      "port": 37017,
      "rsId": "tgtShard_0",
      "state": "FAILED",
      "stateUpdateTime": 1790969516
    },
    {
      "error": "<tgtCluster_tgtShard_0_42> [15:29:05.042] Plan execution failed on step MakeBackupDataAvailable as part of move RestoreRsMemberFromBackupPhase1 : <tgtCluster_tgtShard_0_42> [15:29:05.042] Failed to apply action. Result = <nil> : <tgtCluster_tgtShard_0_42> [15:29:05.042] Failed to download the snapshot : <tgtCluster_tgtShard_0_42> [15:29:05.042] Error while waiting for third party to copy backup to /fimongo1/data : <tgtCluster_tgtShard_0_42> [15:29:05.042] Observed error when trying to mark node as ready for copy files. : <tgtCluster_tgtShard_0_42> [15:29:05.042] Got return status 404 Not Found when trying to mark node ready for copy files.",
      "hostname": "rmdb1",
      "id": "rmdb1:37017",
      "port": 37017,
      "rsId": "tgtShard_0",
      "state": "FAILED",
      "stateUpdateTime": 1790969516
    },
    {
      "error": null,
      "hostname": "rmdb3",
      "id": "rmdb3:37017",
      "port": 37017,
      "rsId": "tgtShard_0",
      "state": "FAILED",
      "stateUpdateTime": 1790969516
    },
    {
      "error": null,
      "hostname": "rmdb11",
      "id": "rmdb11:37017",
      "port": 37017,
      "rsId": "tgtShard_0",
      "state": "FAILED",
      "stateUpdateTime": 1790969516
    },
    {
      "error": null,
      "hostname": "rmdb7",
      "id": "rmdb7:37017",
      "port": 37017,
      "rsId": "tgtconfigRS",
      "state": "FAILED",
      "stateUpdateTime": 1790969516
    },
    {
      "error": null,
      "hostname": "rmdb-config1",
      "id": "rmdb-config1:37017",
      "port": 37017,
      "rsId": "tgtconfigRS",
      "state": "FAILED",
      "stateUpdateTime": 1790969516
    },
    {
      "error": null,
      "hostname": "rmdb-config2",
      "id": "rmdb-config2:37017",
      "port": 37017,
      "rsId": "tgtconfigRS",
      "state": "FAILED",
      "stateUpdateTime": 1790969516
    }
  ],
  "state": "FAILED"
}
2026-10-02 14:47:17,544 [INFO] Restore state: FAILED
2026-10-02 14:47:27,545 [DEBUG] API GET http://129.40.36.100:8080/api/public/v1.0/backup/third_party/group/6a386221ee19a6537cc68a97/restore/6abf3847457a6b80701899fb
2026-10-02 14:47:27,683 [DEBUG] STATUS 200
2026-10-02 14:47:27,683 [DEBUG] {
  "clusterMapping": [
    {
      "rsId": "sgcShard_0",
      "targetRsId": "tgtShard_0"
    },
    {
      "rsId": "sgcShard_1",
      "targetRsId": "tgtShard_1"
    },
    {
      "rsId": "configRS",
      "targetRsId": "tgtconfigRS"
    }
  ],
  "nodes": [
    {
      "error": null,
      "hostname": "rmdb12",
      "id": "rmdb12:37017",
      "port": 37017,
      "rsId": "tgtShard_1",
      "state": "FAILED",
      "stateUpdateTime": 1790969516
    },
    {
      "error": null,
      "hostname": "rmdb14",
      "id": "rmdb14:37017",
      "port": 37017,
      "rsId": "tgtShard_1",
      "state": "FAILED",
      "stateUpdateTime": 1790969516
    },
    {
      "error": null,
      "hostname": "rmdb9",
      "id": "rmdb9:37017",
      "port": 37017,
      "rsId": "tgtShard_1",
      "state": "FAILED",
      "stateUpdateTime": 1790969516
    },
    {
      "error": null,
      "hostname": "rmdb4",
      "id": "rmdb4:37017",
      "port": 37017,
      "rsId": "tgtShard_1",
      "state": "FAILED",
      "stateUpdateTime": 1790969516
    },
    {
      "error": null,
      "hostname": "rmdb2",
      "id": "rmdb2:37017",
      "port": 37017,
      "rsId": "tgtShard_1",
      "state": "FAILED",
      "stateUpdateTime": 1790969516
    },
    {
      "error": null,
      "hostname": "rmdb8",
      "id": "rmdb8:37017",
      "port": 37017,
      "rsId": "tgtShard_0",
      "state": "FAILED",
      "stateUpdateTime": 1790969516
    },
    {
      "error": null,
      "hostname": "rmdb13",
      "id": "rmdb13:37017",
      "port": 37017,
      "rsId": "tgtShard_0",
      "state": "FAILED",
      "stateUpdateTime": 1790969516
    },
    {
      "error": "<tgtCluster_tgtShard_0_42> [15:29:05.042] Plan execution failed on step MakeBackupDataAvailable as part of move RestoreRsMemberFromBackupPhase1 : <tgtCluster_tgtShard_0_42> [15:29:05.042] Failed to apply action. Result = <nil> : <tgtCluster_tgtShard_0_42> [15:29:05.042] Failed to download the snapshot : <tgtCluster_tgtShard_0_42> [15:29:05.042] Error while waiting for third party to copy backup to /fimongo1/data : <tgtCluster_tgtShard_0_42> [15:29:05.042] Observed error when trying to mark node as ready for copy files. : <tgtCluster_tgtShard_0_42> [15:29:05.042] Got return status 404 Not Found when trying to mark node ready for copy files.",
      "hostname": "rmdb1",
      "id": "rmdb1:37017",
      "port": 37017,
      "rsId": "tgtShard_0",
      "state": "FAILED",
      "stateUpdateTime": 1790969516
    },
    {
      "error": null,
      "hostname": "rmdb3",
      "id": "rmdb3:37017",
      "port": 37017,
      "rsId": "tgtShard_0",
      "state": "FAILED",
      "stateUpdateTime": 1790969516
    },
    {
      "error": null,
      "hostname": "rmdb11",
      "id": "rmdb11:37017",
      "port": 37017,
      "rsId": "tgtShard_0",
      "state": "FAILED",
      "stateUpdateTime": 1790969516
    },
    {
      "error": null,
      "hostname": "rmdb7",
      "id": "rmdb7:37017",
      "port": 37017,
      "rsId": "tgtconfigRS",
      "state": "FAILED",
      "stateUpdateTime": 1790969516
    },
    {
      "error": null,
      "hostname": "rmdb-config1",
      "id": "rmdb-config1:37017",
      "port": 37017,
      "rsId": "tgtconfigRS",
      "state": "FAILED",
      "stateUpdateTime": 1790969516
    },
    {
      "error": null,
      "hostname": "rmdb-config2",
      "id": "rmdb-config2:37017",
      "port": 37017,
      "rsId": "tgtconfigRS",
      "state": "FAILED",
      "stateUpdateTime": 1790969516
    }
  ],
  "state": "FAILED"
}
2026-10-02 14:47:27,684 [INFO] Restore state: FAILED
2026-10-02 14:47:37,684 [DEBUG] API GET http://129.40.36.100:8080/api/public/v1.0/backup/third_party/group/6a386221ee19a6537cc68a97/restore/6abf3847457a6b80701899fb
2026-10-02 14:47:37,825 [DEBUG] STATUS 200
2026-10-02 14:47:37,825 [DEBUG] {
  "clusterMapping": [
    {
      "rsId": "sgcShard_0",
      "targetRsId": "tgtShard_0"
    },
    {
      "rsId": "sgcShard_1",
      "targetRsId": "tgtShard_1"
    },
    {
      "rsId": "configRS",
      "targetRsId": "tgtconfigRS"
    }
  ],
  "nodes": [
    {
      "error": null,
      "hostname": "rmdb12",
      "id": "rmdb12:37017",
      "port": 37017,
      "rsId": "tgtShard_1",
      "state": "FAILED",
      "stateUpdateTime": 1790969516
    },
    {
      "error": null,
      "hostname": "rmdb14",
      "id": "rmdb14:37017",
      "port": 37017,
      "rsId": "tgtShard_1",
      "state": "FAILED",
      "stateUpdateTime": 1790969516
    },
    {
      "error": null,
      "hostname": "rmdb9",
      "id": "rmdb9:37017",
      "port": 37017,
      "rsId": "tgtShard_1",
      "state": "FAILED",
      "stateUpdateTime": 1790969516
    },
    {
      "error": null,
      "hostname": "rmdb4",
      "id": "rmdb4:37017",
      "port": 37017,
      "rsId": "tgtShard_1",
      "state": "FAILED",
      "stateUpdateTime": 1790969516
    },
    {
      "error": null,
      "hostname": "rmdb2",
      "id": "rmdb2:37017",
      "port": 37017,
      "rsId": "tgtShard_1",
      "state": "FAILED",
      "stateUpdateTime": 1790969516
    },
    {
      "error": null,
      "hostname": "rmdb8",
      "id": "rmdb8:37017",
      "port": 37017,
      "rsId": "tgtShard_0",
      "state": "FAILED",
      "stateUpdateTime": 1790969516
    },
    {
      "error": null,
      "hostname": "rmdb13",
      "id": "rmdb13:37017",
      "port": 37017,
      "rsId": "tgtShard_0",
      "state": "FAILED",
      "stateUpdateTime": 1790969516
    },
    {
      "error": "<tgtCluster_tgtShard_0_42> [15:29:05.042] Plan execution failed on step MakeBackupDataAvailable as part of move RestoreRsMemberFromBackupPhase1 : <tgtCluster_tgtShard_0_42> [15:29:05.042] Failed to apply action. Result = <nil> : <tgtCluster_tgtShard_0_42> [15:29:05.042] Failed to download the snapshot : <tgtCluster_tgtShard_0_42> [15:29:05.042] Error while waiting for third party to copy backup to /fimongo1/data : <tgtCluster_tgtShard_0_42> [15:29:05.042] Observed error when trying to mark node as ready for copy files. : <tgtCluster_tgtShard_0_42> [15:29:05.042] Got return status 404 Not Found when trying to mark node ready for copy files.",
      "hostname": "rmdb1",
      "id": "rmdb1:37017",
      "port": 37017,
      "rsId": "tgtShard_0",
      "state": "FAILED",
      "stateUpdateTime": 1790969516
    },
    {
      "error": null,
      "hostname": "rmdb3",
      "id": "rmdb3:37017",
      "port": 37017,
      "rsId": "tgtShard_0",
      "state": "FAILED",
      "stateUpdateTime": 1790969516
    },
    {
      "error": null,
      "hostname": "rmdb11",
      "id": "rmdb11:37017",
      "port": 37017,
      "rsId": "tgtShard_0",
      "state": "FAILED",
      "stateUpdateTime": 1790969516
    },
    {
      "error": null,
      "hostname": "rmdb7",
      "id": "rmdb7:37017",
      "port": 37017,
      "rsId": "tgtconfigRS",
      "state": "FAILED",
      "stateUpdateTime": 1790969516
    },
    {
      "error": null,
      "hostname": "rmdb-config1",
      "id": "rmdb-config1:37017",
      "port": 37017,
      "rsId": "tgtconfigRS",
      "state": "FAILED",
      "stateUpdateTime": 1790969516
    },
    {
      "error": null,
      "hostname": "rmdb-config2",
      "id": "rmdb-config2:37017",
      "port": 37017,
      "rsId": "tgtconfigRS",
      "state": "FAILED",
      "stateUpdateTime": 1790969516
    }
  ],
  "state": "FAILED"
}
2026-10-02 14:47:37,826 [INFO] Restore state: FAILED
2026-10-02 14:47:47,826 [DEBUG] API GET http://129.40.36.100:8080/api/public/v1.0/backup/third_party/group/6a386221ee19a6537cc68a97/restore/6abf3847457a6b80701899fb
2026-10-02 14:47:48,024 [DEBUG] STATUS 200
2026-10-02 14:47:48,024 [DEBUG] {
  "clusterMapping": [
    {
      "rsId": "sgcShard_0",
      "targetRsId": "tgtShard_0"
    },
    {
      "rsId": "sgcShard_1",
      "targetRsId": "tgtShard_1"
    },
    {
      "rsId": "configRS",
      "targetRsId": "tgtconfigRS"
    }
  ],
  "nodes": [
    {
      "error": null,
      "hostname": "rmdb12",
      "id": "rmdb12:37017",
      "port": 37017,
      "rsId": "tgtShard_1",
      "state": "FAILED",
      "stateUpdateTime": 1790969516
    },
    {
      "error": null,
      "hostname": "rmdb14",
      "id": "rmdb14:37017",
      "port": 37017,
      "rsId": "tgtShard_1",
      "state": "FAILED",
      "stateUpdateTime": 1790969516
    },
    {
      "error": null,
      "hostname": "rmdb9",
      "id": "rmdb9:37017",
      "port": 37017,
      "rsId": "tgtShard_1",
      "state": "FAILED",
      "stateUpdateTime": 1790969516
    },
    {
      "error": null,
      "hostname": "rmdb4",
      "id": "rmdb4:37017",
      "port": 37017,
      "rsId": "tgtShard_1",
      "state": "FAILED",
      "stateUpdateTime": 1790969516
    },
    {
      "error": null,
      "hostname": "rmdb2",
      "id": "rmdb2:37017",
      "port": 37017,
      "rsId": "tgtShard_1",
      "state": "FAILED",
      "stateUpdateTime": 1790969516
    },
    {
      "error": null,
      "hostname": "rmdb8",
      "id": "rmdb8:37017",
      "port": 37017,
      "rsId": "tgtShard_0",
      "state": "FAILED",
      "stateUpdateTime": 1790969516
    },
    {
      "error": null,
      "hostname": "rmdb13",
      "id": "rmdb13:37017",
      "port": 37017,
      "rsId": "tgtShard_0",
      "state": "FAILED",
      "stateUpdateTime": 1790969516
    },
    {
      "error": "<tgtCluster_tgtShard_0_42> [15:29:05.042] Plan execution failed on step MakeBackupDataAvailable as part of move RestoreRsMemberFromBackupPhase1 : <tgtCluster_tgtShard_0_42> [15:29:05.042] Failed to apply action. Result = <nil> : <tgtCluster_tgtShard_0_42> [15:29:05.042] Failed to download the snapshot : <tgtCluster_tgtShard_0_42> [15:29:05.042] Error while waiting for third party to copy backup to /fimongo1/data : <tgtCluster_tgtShard_0_42> [15:29:05.042] Observed error when trying to mark node as ready for copy files. : <tgtCluster_tgtShard_0_42> [15:29:05.042] Got return status 404 Not Found when trying to mark node ready for copy files.",
      "hostname": "rmdb1",
      "id": "rmdb1:37017",
      "port": 37017,
      "rsId": "tgtShard_0",
      "state": "FAILED",
      "stateUpdateTime": 1790969516
    },
    {
      "error": null,
      "hostname": "rmdb3",
      "id": "rmdb3:37017",
      "port": 37017,
      "rsId": "tgtShard_0",
      "state": "FAILED",
      "stateUpdateTime": 1790969516
    },
    {
      "error": null,
      "hostname": "rmdb11",
      "id": "rmdb11:37017",
      "port": 37017,
      "rsId": "tgtShard_0",
      "state": "FAILED",
      "stateUpdateTime": 1790969516
    },
    {
      "error": null,
      "hostname": "rmdb7",
      "id": "rmdb7:37017",
      "port": 37017,
      "rsId": "tgtconfigRS",
      "state": "FAILED",
      "stateUpdateTime": 1790969516
    },
    {
      "error": null,
      "hostname": "rmdb-config1",
      "id": "rmdb-config1:37017",
      "port": 37017,
      "rsId": "tgtconfigRS",
      "state": "FAILED",
      "stateUpdateTime": 1790969516
    },
    {
      "error": null,
      "hostname": "rmdb-config2",
      "id": "rmdb-config2:37017",
      "port": 37017,
      "rsId": "tgtconfigRS",
      "state": "FAILED",
      "stateUpdateTime": 1790969516
    }
  ],
  "state": "FAILED"
}
2026-10-02 14:47:48,024 [INFO] Restore state: FAILED
2026-10-02 14:47:58,025 [DEBUG] API GET http://129.40.36.100:8080/api/public/v1.0/backup/third_party/group/6a386221ee19a6537cc68a97/restore/6abf3847457a6b80701899fb
2026-10-02 14:47:58,184 [DEBUG] STATUS 200
2026-10-02 14:47:58,184 [DEBUG] {
  "clusterMapping": [
    {
      "rsId": "sgcShard_0",
      "targetRsId": "tgtShard_0"
    },
    {
      "rsId": "sgcShard_1",
      "targetRsId": "tgtShard_1"
    },
    {
      "rsId": "configRS",
      "targetRsId": "tgtconfigRS"
    }
  ],
  "nodes": [
    {
      "error": null,
      "hostname": "rmdb12",
      "id": "rmdb12:37017",
      "port": 37017,
      "rsId": "tgtShard_1",
      "state": "FAILED",
      "stateUpdateTime": 1790969516
    },
    {
      "error": null,
      "hostname": "rmdb14",
      "id": "rmdb14:37017",
      "port": 37017,
      "rsId": "tgtShard_1",
      "state": "FAILED",
      "stateUpdateTime": 1790969516
    },
    {
      "error": null,
      "hostname": "rmdb9",
      "id": "rmdb9:37017",
      "port": 37017,
      "rsId": "tgtShard_1",
      "state": "FAILED",
      "stateUpdateTime": 1790969516
    },
    {
      "error": null,
      "hostname": "rmdb4",
      "id": "rmdb4:37017",
      "port": 37017,
      "rsId": "tgtShard_1",
      "state": "FAILED",
      "stateUpdateTime": 1790969516
    },
    {
      "error": null,
      "hostname": "rmdb2",
      "id": "rmdb2:37017",
      "port": 37017,
      "rsId": "tgtShard_1",
      "state": "FAILED",
      "stateUpdateTime": 1790969516
    },
    {
      "error": null,
      "hostname": "rmdb8",
      "id": "rmdb8:37017",
      "port": 37017,
      "rsId": "tgtShard_0",
      "state": "FAILED",
      "stateUpdateTime": 1790969516
    },
    {
      "error": null,
      "hostname": "rmdb13",
      "id": "rmdb13:37017",
      "port": 37017,
      "rsId": "tgtShard_0",
      "state": "FAILED",
      "stateUpdateTime": 1790969516
    },
    {
      "error": "<tgtCluster_tgtShard_0_42> [15:29:05.042] Plan execution failed on step MakeBackupDataAvailable as part of move RestoreRsMemberFromBackupPhase1 : <tgtCluster_tgtShard_0_42> [15:29:05.042] Failed to apply action. Result = <nil> : <tgtCluster_tgtShard_0_42> [15:29:05.042] Failed to download the snapshot : <tgtCluster_tgtShard_0_42> [15:29:05.042] Error while waiting for third party to copy backup to /fimongo1/data : <tgtCluster_tgtShard_0_42> [15:29:05.042] Observed error when trying to mark node as ready for copy files. : <tgtCluster_tgtShard_0_42> [15:29:05.042] Got return status 404 Not Found when trying to mark node ready for copy files.",
      "hostname": "rmdb1",
      "id": "rmdb1:37017",
      "port": 37017,
      "rsId": "tgtShard_0",
      "state": "FAILED",
      "stateUpdateTime": 1790969516
    },
    {
      "error": null,
      "hostname": "rmdb3",
      "id": "rmdb3:37017",
      "port": 37017,
      "rsId": "tgtShard_0",
      "state": "FAILED",
      "stateUpdateTime": 1790969516
    },
    {
      "error": null,
      "hostname": "rmdb11",
      "id": "rmdb11:37017",
      "port": 37017,
      "rsId": "tgtShard_0",
      "state": "FAILED",
      "stateUpdateTime": 1790969516
    },
    {
      "error": null,
      "hostname": "rmdb7",
      "id": "rmdb7:37017",
      "port": 37017,
      "rsId": "tgtconfigRS",
      "state": "FAILED",
      "stateUpdateTime": 1790969516
    },
    {
      "error": null,
      "hostname": "rmdb-config1",
      "id": "rmdb-config1:37017",
      "port": 37017,
      "rsId": "tgtconfigRS",
      "state": "FAILED",
      "stateUpdateTime": 1790969516
    },
    {
      "error": null,
      "hostname": "rmdb-config2",
      "id": "rmdb-config2:37017",
      "port": 37017,
      "rsId": "tgtconfigRS",
      "state": "FAILED",
      "stateUpdateTime": 1790969516
    }
  ],
  "state": "FAILED"
}
2026-10-02 14:47:58,184 [INFO] Restore state: FAILED
2026-10-02 14:48:08,185 [DEBUG] API GET http://129.40.36.100:8080/api/public/v1.0/backup/third_party/group/6a386221ee19a6537cc68a97/restore/6abf3847457a6b80701899fb
2026-10-02 14:48:08,342 [DEBUG] STATUS 200
2026-10-02 14:48:08,342 [DEBUG] {
  "clusterMapping": [
    {
      "rsId": "sgcShard_0",
      "targetRsId": "tgtShard_0"
    },
    {
      "rsId": "sgcShard_1",
      "targetRsId": "tgtShard_1"
    },
    {
      "rsId": "configRS",
      "targetRsId": "tgtconfigRS"
    }
  ],
  "nodes": [
    {
      "error": null,
      "hostname": "rmdb12",
      "id": "rmdb12:37017",
      "port": 37017,
      "rsId": "tgtShard_1",
      "state": "FAILED",
      "stateUpdateTime": 1790969516
    },
    {
      "error": null,
      "hostname": "rmdb14",
      "id": "rmdb14:37017",
      "port": 37017,
      "rsId": "tgtShard_1",
      "state": "FAILED",
      "stateUpdateTime": 1790969516
    },
    {
      "error": null,
      "hostname": "rmdb9",
      "id": "rmdb9:37017",
      "port": 37017,
      "rsId": "tgtShard_1",
      "state": "FAILED",
      "stateUpdateTime": 1790969516
    },
    {
      "error": null,
      "hostname": "rmdb4",
      "id": "rmdb4:37017",
      "port": 37017,
      "rsId": "tgtShard_1",
      "state": "FAILED",
      "stateUpdateTime": 1790969516
    },
    {
      "error": null,
      "hostname": "rmdb2",
      "id": "rmdb2:37017",
      "port": 37017,
      "rsId": "tgtShard_1",
      "state": "FAILED",
      "stateUpdateTime": 1790969516
    },
    {
      "error": null,
      "hostname": "rmdb8",
      "id": "rmdb8:37017",
      "port": 37017,
      "rsId": "tgtShard_0",
      "state": "FAILED",
      "stateUpdateTime": 1790969516
    },
    {
      "error": null,
      "hostname": "rmdb13",
      "id": "rmdb13:37017",
      "port": 37017,
      "rsId": "tgtShard_0",
      "state": "FAILED",
      "stateUpdateTime": 1790969516
    },
    {
      "error": "<tgtCluster_tgtShard_0_42> [15:29:05.042] Plan execution failed on step MakeBackupDataAvailable as part of move RestoreRsMemberFromBackupPhase1 : <tgtCluster_tgtShard_0_42> [15:29:05.042] Failed to apply action. Result = <nil> : <tgtCluster_tgtShard_0_42> [15:29:05.042] Failed to download the snapshot : <tgtCluster_tgtShard_0_42> [15:29:05.042] Error while waiting for third party to copy backup to /fimongo1/data : <tgtCluster_tgtShard_0_42> [15:29:05.042] Observed error when trying to mark node as ready for copy files. : <tgtCluster_tgtShard_0_42> [15:29:05.042] Got return status 404 Not Found when trying to mark node ready for copy files.",
      "hostname": "rmdb1",
      "id": "rmdb1:37017",
      "port": 37017,
      "rsId": "tgtShard_0",
      "state": "FAILED",
      "stateUpdateTime": 1790969516
    },
    {
      "error": null,
      "hostname": "rmdb3",
      "id": "rmdb3:37017",
      "port": 37017,
      "rsId": "tgtShard_0",
      "state": "FAILED",
      "stateUpdateTime": 1790969516
    },
    {
      "error": null,
      "hostname": "rmdb11",
      "id": "rmdb11:37017",
      "port": 37017,
      "rsId": "tgtShard_0",
      "state": "FAILED",
      "stateUpdateTime": 1790969516
    },
    {
      "error": null,
      "hostname": "rmdb7",
      "id": "rmdb7:37017",
      "port": 37017,
      "rsId": "tgtconfigRS",
      "state": "FAILED",
      "stateUpdateTime": 1790969516
    },
    {
      "error": null,
      "hostname": "rmdb-config1",
      "id": "rmdb-config1:37017",
      "port": 37017,
      "rsId": "tgtconfigRS",
      "state": "FAILED",
      "stateUpdateTime": 1790969516
    },
    {
      "error": null,
      "hostname": "rmdb-config2",
      "id": "rmdb-config2:37017",
      "port": 37017,
      "rsId": "tgtconfigRS",
      "state": "FAILED",
      "stateUpdateTime": 1790969516
    }
  ],
  "state": "FAILED"
}
2026-10-02 14:48:08,342 [INFO] Restore state: FAILED
2026-10-02 14:48:18,343 [DEBUG] API GET http://129.40.36.100:8080/api/public/v1.0/backup/third_party/group/6a386221ee19a6537cc68a97/restore/6abf3847457a6b80701899fb
2026-10-02 14:48:18,481 [DEBUG] STATUS 200
2026-10-02 14:48:18,481 [DEBUG] {
  "clusterMapping": [
    {
      "rsId": "sgcShard_0",
      "targetRsId": "tgtShard_0"
    },
    {
      "rsId": "sgcShard_1",
      "targetRsId": "tgtShard_1"
    },
    {
      "rsId": "configRS",
      "targetRsId": "tgtconfigRS"
    }
  ],
  "nodes": [
    {
      "error": null,
      "hostname": "rmdb12",
      "id": "rmdb12:37017",
      "port": 37017,
      "rsId": "tgtShard_1",
      "state": "FAILED",
      "stateUpdateTime": 1790969516
    },
    {
      "error": null,
      "hostname": "rmdb14",
      "id": "rmdb14:37017",
      "port": 37017,
      "rsId": "tgtShard_1",
      "state": "FAILED",
      "stateUpdateTime": 1790969516
    },
    {
      "error": null,
      "hostname": "rmdb9",
      "id": "rmdb9:37017",
      "port": 37017,
      "rsId": "tgtShard_1",
      "state": "FAILED",
      "stateUpdateTime": 1790969516
    },
    {
      "error": null,
      "hostname": "rmdb4",
      "id": "rmdb4:37017",
      "port": 37017,
      "rsId": "tgtShard_1",
      "state": "FAILED",
      "stateUpdateTime": 1790969516
    },
    {
      "error": null,
      "hostname": "rmdb2",
      "id": "rmdb2:37017",
      "port": 37017,
      "rsId": "tgtShard_1",
      "state": "FAILED",
      "stateUpdateTime": 1790969516
    },
    {
      "error": null,
      "hostname": "rmdb8",
      "id": "rmdb8:37017",
      "port": 37017,
      "rsId": "tgtShard_0",
      "state": "FAILED",
      "stateUpdateTime": 1790969516
    },
    {
      "error": null,
      "hostname": "rmdb13",
      "id": "rmdb13:37017",
      "port": 37017,
      "rsId": "tgtShard_0",
      "state": "FAILED",
      "stateUpdateTime": 1790969516
    },
    {
      "error": "<tgtCluster_tgtShard_0_42> [15:29:05.042] Plan execution failed on step MakeBackupDataAvailable as part of move RestoreRsMemberFromBackupPhase1 : <tgtCluster_tgtShard_0_42> [15:29:05.042] Failed to apply action. Result = <nil> : <tgtCluster_tgtShard_0_42> [15:29:05.042] Failed to download the snapshot : <tgtCluster_tgtShard_0_42> [15:29:05.042] Error while waiting for third party to copy backup to /fimongo1/data : <tgtCluster_tgtShard_0_42> [15:29:05.042] Observed error when trying to mark node as ready for copy files. : <tgtCluster_tgtShard_0_42> [15:29:05.042] Got return status 404 Not Found when trying to mark node ready for copy files.",
      "hostname": "rmdb1",
      "id": "rmdb1:37017",
      "port": 37017,
      "rsId": "tgtShard_0",
      "state": "FAILED",
      "stateUpdateTime": 1790969516
    },
    {
      "error": null,
      "hostname": "rmdb3",
      "id": "rmdb3:37017",
      "port": 37017,
      "rsId": "tgtShard_0",
      "state": "FAILED",
      "stateUpdateTime": 1790969516
    },
    {
      "error": null,
      "hostname": "rmdb11",
      "id": "rmdb11:37017",
      "port": 37017,
      "rsId": "tgtShard_0",
      "state": "FAILED",
      "stateUpdateTime": 1790969516
    },
    {
      "error": null,
      "hostname": "rmdb7",
      "id": "rmdb7:37017",
      "port": 37017,
      "rsId": "tgtconfigRS",
      "state": "FAILED",
      "stateUpdateTime": 1790969516
    },
    {
      "error": null,
      "hostname": "rmdb-config1",
      "id": "rmdb-config1:37017",
      "port": 37017,
      "rsId": "tgtconfigRS",
      "state": "FAILED",
      "stateUpdateTime": 1790969516
    },
    {
      "error": null,
      "hostname": "rmdb-config2",
      "id": "rmdb-config2:37017",
      "port": 37017,
      "rsId": "tgtconfigRS",
      "state": "FAILED",
      "stateUpdateTime": 1790969516
    }
  ],
  "state": "FAILED"
}
2026-10-02 14:48:18,481 [INFO] Restore state: FAILED
2026-10-02 14:48:28,481 [DEBUG] API GET http://129.40.36.100:8080/api/public/v1.0/backup/third_party/group/6a386221ee19a6537cc68a97/restore/6abf3847457a6b80701899fb
2026-10-02 14:48:28,640 [DEBUG] STATUS 200
2026-10-02 14:48:28,640 [DEBUG] {
  "clusterMapping": [
    {
      "rsId": "sgcShard_0",
      "targetRsId": "tgtShard_0"
    },
    {
      "rsId": "sgcShard_1",
      "targetRsId": "tgtShard_1"
    },
    {
      "rsId": "configRS",
      "targetRsId": "tgtconfigRS"
    }
  ],
  "nodes": [
    {
      "error": null,
      "hostname": "rmdb12",
      "id": "rmdb12:37017",
      "port": 37017,
      "rsId": "tgtShard_1",
      "state": "FAILED",
      "stateUpdateTime": 1790969516
    },
    {
      "error": null,
      "hostname": "rmdb14",
      "id": "rmdb14:37017",
      "port": 37017,
      "rsId": "tgtShard_1",
      "state": "FAILED",
      "stateUpdateTime": 1790969516
    },
    {
      "error": null,
      "hostname": "rmdb9",
      "id": "rmdb9:37017",
      "port": 37017,
      "rsId": "tgtShard_1",
      "state": "FAILED",
      "stateUpdateTime": 1790969516
    },
    {
      "error": null,
      "hostname": "rmdb4",
      "id": "rmdb4:37017",
      "port": 37017,
      "rsId": "tgtShard_1",
      "state": "FAILED",
      "stateUpdateTime": 1790969516
    },
    {
      "error": null,
      "hostname": "rmdb2",
      "id": "rmdb2:37017",
      "port": 37017,
      "rsId": "tgtShard_1",
      "state": "FAILED",
      "stateUpdateTime": 1790969516
    },
    {
      "error": null,
      "hostname": "rmdb8",
      "id": "rmdb8:37017",
      "port": 37017,
      "rsId": "tgtShard_0",
      "state": "FAILED",
      "stateUpdateTime": 1790969516
    },
    {
      "error": null,
      "hostname": "rmdb13",
      "id": "rmdb13:37017",
      "port": 37017,
      "rsId": "tgtShard_0",
      "state": "FAILED",
      "stateUpdateTime": 1790969516
    },
    {
      "error": "<tgtCluster_tgtShard_0_42> [15:29:05.042] Plan execution failed on step MakeBackupDataAvailable as part of move RestoreRsMemberFromBackupPhase1 : <tgtCluster_tgtShard_0_42> [15:29:05.042] Failed to apply action. Result = <nil> : <tgtCluster_tgtShard_0_42> [15:29:05.042] Failed to download the snapshot : <tgtCluster_tgtShard_0_42> [15:29:05.042] Error while waiting for third party to copy backup to /fimongo1/data : <tgtCluster_tgtShard_0_42> [15:29:05.042] Observed error when trying to mark node as ready for copy files. : <tgtCluster_tgtShard_0_42> [15:29:05.042] Got return status 404 Not Found when trying to mark node ready for copy files.",
      "hostname": "rmdb1",
      "id": "rmdb1:37017",
      "port": 37017,
      "rsId": "tgtShard_0",
      "state": "FAILED",
      "stateUpdateTime": 1790969516
    },
    {
      "error": null,
      "hostname": "rmdb3",
      "id": "rmdb3:37017",
      "port": 37017,
      "rsId": "tgtShard_0",
      "state": "FAILED",
      "stateUpdateTime": 1790969516
    },
    {
      "error": null,
      "hostname": "rmdb11",
      "id": "rmdb11:37017",
      "port": 37017,
      "rsId": "tgtShard_0",
      "state": "FAILED",
      "stateUpdateTime": 1790969516
    },
    {
      "error": null,
      "hostname": "rmdb7",
      "id": "rmdb7:37017",
      "port": 37017,
      "rsId": "tgtconfigRS",
      "state": "FAILED",
      "stateUpdateTime": 1790969516
    },
    {
      "error": null,
      "hostname": "rmdb-config1",
      "id": "rmdb-config1:37017",
      "port": 37017,
      "rsId": "tgtconfigRS",
      "state": "FAILED",
      "stateUpdateTime": 1790969516
    },
    {
      "error": null,
      "hostname": "rmdb-config2",
      "id": "rmdb-config2:37017",
      "port": 37017,
      "rsId": "tgtconfigRS",
      "state": "FAILED",
      "stateUpdateTime": 1790969516
    }
  ],
  "state": "FAILED"
}
2026-10-02 14:48:28,640 [INFO] Restore state: FAILED
2026-10-02 14:48:38,641 [DEBUG] API GET http://129.40.36.100:8080/api/public/v1.0/backup/third_party/group/6a386221ee19a6537cc68a97/restore/6abf3847457a6b80701899fb
2026-10-02 14:48:38,783 [DEBUG] STATUS 200
2026-10-02 14:48:38,783 [DEBUG] {
  "clusterMapping": [
    {
      "rsId": "sgcShard_0",
      "targetRsId": "tgtShard_0"
    },
    {
      "rsId": "sgcShard_1",
      "targetRsId": "tgtShard_1"
    },
    {
      "rsId": "configRS",
      "targetRsId": "tgtconfigRS"
    }
  ],
  "nodes": [
    {
      "error": null,
      "hostname": "rmdb12",
      "id": "rmdb12:37017",
      "port": 37017,
      "rsId": "tgtShard_1",
      "state": "FAILED",
      "stateUpdateTime": 1790969516
    },
    {
      "error": null,
      "hostname": "rmdb14",
      "id": "rmdb14:37017",
      "port": 37017,
      "rsId": "tgtShard_1",
      "state": "FAILED",
      "stateUpdateTime": 1790969516
    },
    {
      "error": null,
      "hostname": "rmdb9",
      "id": "rmdb9:37017",
      "port": 37017,
      "rsId": "tgtShard_1",
      "state": "FAILED",
      "stateUpdateTime": 1790969516
    },
    {
      "error": null,
      "hostname": "rmdb4",
      "id": "rmdb4:37017",
      "port": 37017,
      "rsId": "tgtShard_1",
      "state": "FAILED",
      "stateUpdateTime": 1790969516
    },
    {
      "error": null,
      "hostname": "rmdb2",
      "id": "rmdb2:37017",
      "port": 37017,
      "rsId": "tgtShard_1",
      "state": "FAILED",
      "stateUpdateTime": 1790969516
    },
    {
      "error": null,
      "hostname": "rmdb8",
      "id": "rmdb8:37017",
      "port": 37017,
      "rsId": "tgtShard_0",
      "state": "FAILED",
      "stateUpdateTime": 1790969516
    },
    {
      "error": null,
      "hostname": "rmdb13",
      "id": "rmdb13:37017",
      "port": 37017,
      "rsId": "tgtShard_0",
      "state": "FAILED",
      "stateUpdateTime": 1790969516
    },
    {
      "error": "<tgtCluster_tgtShard_0_42> [15:29:05.042] Plan execution failed on step MakeBackupDataAvailable as part of move RestoreRsMemberFromBackupPhase1 : <tgtCluster_tgtShard_0_42> [15:29:05.042] Failed to apply action. Result = <nil> : <tgtCluster_tgtShard_0_42> [15:29:05.042] Failed to download the snapshot : <tgtCluster_tgtShard_0_42> [15:29:05.042] Error while waiting for third party to copy backup to /fimongo1/data : <tgtCluster_tgtShard_0_42> [15:29:05.042] Observed error when trying to mark node as ready for copy files. : <tgtCluster_tgtShard_0_42> [15:29:05.042] Got return status 404 Not Found when trying to mark node ready for copy files.",
      "hostname": "rmdb1",
      "id": "rmdb1:37017",
      "port": 37017,
      "rsId": "tgtShard_0",
      "state": "FAILED",
      "stateUpdateTime": 1790969516
    },
    {
      "error": null,
      "hostname": "rmdb3",
      "id": "rmdb3:37017",
      "port": 37017,
      "rsId": "tgtShard_0",
      "state": "FAILED",
      "stateUpdateTime": 1790969516
    },
    {
      "error": null,
      "hostname": "rmdb11",
      "id": "rmdb11:37017",
      "port": 37017,
      "rsId": "tgtShard_0",
      "state": "FAILED",
      "stateUpdateTime": 1790969516
    },
    {
      "error": null,
      "hostname": "rmdb7",
      "id": "rmdb7:37017",
      "port": 37017,
      "rsId": "tgtconfigRS",
      "state": "FAILED",
      "stateUpdateTime": 1790969516
    },
    {
      "error": null,
      "hostname": "rmdb-config1",
      "id": "rmdb-config1:37017",
      "port": 37017,
      "rsId": "tgtconfigRS",
      "state": "FAILED",
      "stateUpdateTime": 1790969516
    },
    {
      "error": null,
      "hostname": "rmdb-config2",
      "id": "rmdb-config2:37017",
      "port": 37017,
      "rsId": "tgtconfigRS",
      "state": "FAILED",
      "stateUpdateTime": 1790969516
    }
  ],
  "state": "FAILED"
}
2026-10-02 14:48:38,783 [INFO] Restore state: FAILED
2026-10-02 14:48:48,784 [DEBUG] API GET http://129.40.36.100:8080/api/public/v1.0/backup/third_party/group/6a386221ee19a6537cc68a97/restore/6abf3847457a6b80701899fb
2026-10-02 14:48:48,983 [DEBUG] STATUS 200
2026-10-02 14:48:48,983 [DEBUG] {
  "clusterMapping": [
    {
      "rsId": "sgcShard_0",
      "targetRsId": "tgtShard_0"
    },
    {
      "rsId": "sgcShard_1",
      "targetRsId": "tgtShard_1"
    },
    {
      "rsId": "configRS",
      "targetRsId": "tgtconfigRS"
    }
  ],
  "nodes": [
    {
      "error": null,
      "hostname": "rmdb12",
      "id": "rmdb12:37017",
      "port": 37017,
      "rsId": "tgtShard_1",
      "state": "FAILED",
      "stateUpdateTime": 1790969516
    },
    {
      "error": null,
      "hostname": "rmdb14",
      "id": "rmdb14:37017",
      "port": 37017,
      "rsId": "tgtShard_1",
      "state": "FAILED",
      "stateUpdateTime": 1790969516
    },
    {
      "error": null,
      "hostname": "rmdb9",
      "id": "rmdb9:37017",
      "port": 37017,
      "rsId": "tgtShard_1",
      "state": "FAILED",
      "stateUpdateTime": 1790969516
    },
    {
      "error": null,
      "hostname": "rmdb4",
      "id": "rmdb4:37017",
      "port": 37017,
      "rsId": "tgtShard_1",
      "state": "FAILED",
      "stateUpdateTime": 1790969516
    },
    {
      "error": null,
      "hostname": "rmdb2",
      "id": "rmdb2:37017",
      "port": 37017,
      "rsId": "tgtShard_1",
      "state": "FAILED",
      "stateUpdateTime": 1790969516
    },
    {
      "error": null,
      "hostname": "rmdb8",
      "id": "rmdb8:37017",
      "port": 37017,
      "rsId": "tgtShard_0",
      "state": "FAILED",
      "stateUpdateTime": 1790969516
    },
    {
      "error": null,
      "hostname": "rmdb13",
      "id": "rmdb13:37017",
      "port": 37017,
      "rsId": "tgtShard_0",
      "state": "FAILED",
      "stateUpdateTime": 1790969516
    },
    {
      "error": "<tgtCluster_tgtShard_0_42> [15:29:05.042] Plan execution failed on step MakeBackupDataAvailable as part of move RestoreRsMemberFromBackupPhase1 : <tgtCluster_tgtShard_0_42> [15:29:05.042] Failed to apply action. Result = <nil> : <tgtCluster_tgtShard_0_42> [15:29:05.042] Failed to download the snapshot : <tgtCluster_tgtShard_0_42> [15:29:05.042] Error while waiting for third party to copy backup to /fimongo1/data : <tgtCluster_tgtShard_0_42> [15:29:05.042] Observed error when trying to mark node as ready for copy files. : <tgtCluster_tgtShard_0_42> [15:29:05.042] Got return status 404 Not Found when trying to mark node ready for copy files.",
      "hostname": "rmdb1",
      "id": "rmdb1:37017",
      "port": 37017,
      "rsId": "tgtShard_0",
      "state": "FAILED",
      "stateUpdateTime": 1790969516
    },
    {
      "error": null,
      "hostname": "rmdb3",
      "id": "rmdb3:37017",
      "port": 37017,
      "rsId": "tgtShard_0",
      "state": "FAILED",
      "stateUpdateTime": 1790969516
    },
    {
      "error": null,
      "hostname": "rmdb11",
      "id": "rmdb11:37017",
      "port": 37017,
      "rsId": "tgtShard_0",
      "state": "FAILED",
      "stateUpdateTime": 1790969516
    },
    {
      "error": null,
      "hostname": "rmdb7",
      "id": "rmdb7:37017",
      "port": 37017,
      "rsId": "tgtconfigRS",
      "state": "FAILED",
      "stateUpdateTime": 1790969516
    },
    {
      "error": null,
      "hostname": "rmdb-config1",
      "id": "rmdb-config1:37017",
      "port": 37017,
      "rsId": "tgtconfigRS",
      "state": "FAILED",
      "stateUpdateTime": 1790969516
    },
    {
      "error": null,
      "hostname": "rmdb-config2",
      "id": "rmdb-config2:37017",
      "port": 37017,
      "rsId": "tgtconfigRS",
      "state": "FAILED",
      "stateUpdateTime": 1790969516
    }
  ],
  "state": "FAILED"
}
2026-10-02 14:48:48,984 [INFO] Restore state: FAILED
2026-10-02 14:48:58,984 [DEBUG] API GET http://129.40.36.100:8080/api/public/v1.0/backup/third_party/group/6a386221ee19a6537cc68a97/restore/6abf3847457a6b80701899fb
2026-10-02 14:48:59,139 [DEBUG] STATUS 200
2026-10-02 14:48:59,139 [DEBUG] {
  "clusterMapping": [
    {
      "rsId": "sgcShard_0",
      "targetRsId": "tgtShard_0"
    },
    {
      "rsId": "sgcShard_1",
      "targetRsId": "tgtShard_1"
    },
    {
      "rsId": "configRS",
      "targetRsId": "tgtconfigRS"
    }
  ],
  "nodes": [
    {
      "error": null,
      "hostname": "rmdb12",
      "id": "rmdb12:37017",
      "port": 37017,
      "rsId": "tgtShard_1",
      "state": "FAILED",
      "stateUpdateTime": 1790969516
    },
    {
      "error": null,
      "hostname": "rmdb14",
      "id": "rmdb14:37017",
      "port": 37017,
      "rsId": "tgtShard_1",
      "state": "FAILED",
      "stateUpdateTime": 1790969516
    },
    {
      "error": null,
      "hostname": "rmdb9",
      "id": "rmdb9:37017",
      "port": 37017,
      "rsId": "tgtShard_1",
      "state": "FAILED",
      "stateUpdateTime": 1790969516
    },
    {
      "error": null,
      "hostname": "rmdb4",
      "id": "rmdb4:37017",
      "port": 37017,
      "rsId": "tgtShard_1",
      "state": "FAILED",
      "stateUpdateTime": 1790969516
    },
    {
      "error": null,
      "hostname": "rmdb2",
      "id": "rmdb2:37017",
      "port": 37017,
      "rsId": "tgtShard_1",
      "state": "FAILED",
      "stateUpdateTime": 1790969516
    },
    {
      "error": null,
      "hostname": "rmdb8",
      "id": "rmdb8:37017",
      "port": 37017,
      "rsId": "tgtShard_0",
      "state": "FAILED",
      "stateUpdateTime": 1790969516
    },
    {
      "error": null,
      "hostname": "rmdb13",
      "id": "rmdb13:37017",
      "port": 37017,
      "rsId": "tgtShard_0",
      "state": "FAILED",
      "stateUpdateTime": 1790969516
    },
    {
      "error": "<tgtCluster_tgtShard_0_42> [15:29:05.042] Plan execution failed on step MakeBackupDataAvailable as part of move RestoreRsMemberFromBackupPhase1 : <tgtCluster_tgtShard_0_42> [15:29:05.042] Failed to apply action. Result = <nil> : <tgtCluster_tgtShard_0_42> [15:29:05.042] Failed to download the snapshot : <tgtCluster_tgtShard_0_42> [15:29:05.042] Error while waiting for third party to copy backup to /fimongo1/data : <tgtCluster_tgtShard_0_42> [15:29:05.042] Observed error when trying to mark node as ready for copy files. : <tgtCluster_tgtShard_0_42> [15:29:05.042] Got return status 404 Not Found when trying to mark node ready for copy files.",
      "hostname": "rmdb1",
      "id": "rmdb1:37017",
      "port": 37017,
      "rsId": "tgtShard_0",
      "state": "FAILED",
      "stateUpdateTime": 1790969516
    },
    {
      "error": null,
      "hostname": "rmdb3",
      "id": "rmdb3:37017",
      "port": 37017,
      "rsId": "tgtShard_0",
      "state": "FAILED",
      "stateUpdateTime": 1790969516
    },
    {
      "error": null,
      "hostname": "rmdb11",
      "id": "rmdb11:37017",
      "port": 37017,
      "rsId": "tgtShard_0",
      "state": "FAILED",
      "stateUpdateTime": 1790969516
    },
    {
      "error": null,
      "hostname": "rmdb7",
      "id": "rmdb7:37017",
      "port": 37017,
      "rsId": "tgtconfigRS",
      "state": "FAILED",
      "stateUpdateTime": 1790969516
    },
    {
      "error": null,
      "hostname": "rmdb-config1",
      "id": "rmdb-config1:37017",
      "port": 37017,
      "rsId": "tgtconfigRS",
      "state": "FAILED",
      "stateUpdateTime": 1790969516
    },
    {
      "error": null,
      "hostname": "rmdb-config2",
      "id": "rmdb-config2:37017",
      "port": 37017,
      "rsId": "tgtconfigRS",
      "state": "FAILED",
      "stateUpdateTime": 1790969516
    }
  ],
  "state": "FAILED"
}
2026-10-02 14:48:59,139 [INFO] Restore state: FAILED
2026-10-02 14:49:09,140 [DEBUG] API GET http://129.40.36.100:8080/api/public/v1.0/backup/third_party/group/6a386221ee19a6537cc68a97/restore/6abf3847457a6b80701899fb
2026-10-02 14:49:09,279 [DEBUG] STATUS 200
2026-10-02 14:49:09,279 [DEBUG] {
  "clusterMapping": [
    {
      "rsId": "sgcShard_0",
      "targetRsId": "tgtShard_0"
    },
    {
      "rsId": "sgcShard_1",
      "targetRsId": "tgtShard_1"
    },
    {
      "rsId": "configRS",
      "targetRsId": "tgtconfigRS"
    }
  ],
  "nodes": [
    {
      "error": null,
      "hostname": "rmdb12",
      "id": "rmdb12:37017",
      "port": 37017,
      "rsId": "tgtShard_1",
      "state": "FAILED",
      "stateUpdateTime": 1790969516
    },
    {
      "error": null,
      "hostname": "rmdb14",
      "id": "rmdb14:37017",
      "port": 37017,
      "rsId": "tgtShard_1",
      "state": "FAILED",
      "stateUpdateTime": 1790969516
    },
    {
      "error": null,
      "hostname": "rmdb9",
      "id": "rmdb9:37017",
      "port": 37017,
      "rsId": "tgtShard_1",
      "state": "FAILED",
      "stateUpdateTime": 1790969516
    },
    {
      "error": null,
      "hostname": "rmdb4",
      "id": "rmdb4:37017",
      "port": 37017,
      "rsId": "tgtShard_1",
      "state": "FAILED",
      "stateUpdateTime": 1790969516
    },
    {
      "error": null,
      "hostname": "rmdb2",
      "id": "rmdb2:37017",
      "port": 37017,
      "rsId": "tgtShard_1",
      "state": "FAILED",
      "stateUpdateTime": 1790969516
    },
    {
      "error": null,
      "hostname": "rmdb8",
      "id": "rmdb8:37017",
      "port": 37017,
      "rsId": "tgtShard_0",
      "state": "FAILED",
      "stateUpdateTime": 1790969516
    },
    {
      "error": null,
      "hostname": "rmdb13",
      "id": "rmdb13:37017",
      "port": 37017,
      "rsId": "tgtShard_0",
      "state": "FAILED",
      "stateUpdateTime": 1790969516
    },
    {
      "error": "<tgtCluster_tgtShard_0_42> [15:29:05.042] Plan execution failed on step MakeBackupDataAvailable as part of move RestoreRsMemberFromBackupPhase1 : <tgtCluster_tgtShard_0_42> [15:29:05.042] Failed to apply action. Result = <nil> : <tgtCluster_tgtShard_0_42> [15:29:05.042] Failed to download the snapshot : <tgtCluster_tgtShard_0_42> [15:29:05.042] Error while waiting for third party to copy backup to /fimongo1/data : <tgtCluster_tgtShard_0_42> [15:29:05.042] Observed error when trying to mark node as ready for copy files. : <tgtCluster_tgtShard_0_42> [15:29:05.042] Got return status 404 Not Found when trying to mark node ready for copy files.",
      "hostname": "rmdb1",
      "id": "rmdb1:37017",
      "port": 37017,
      "rsId": "tgtShard_0",
      "state": "FAILED",
      "stateUpdateTime": 1790969516
    },
    {
      "error": null,
      "hostname": "rmdb3",
      "id": "rmdb3:37017",
      "port": 37017,
      "rsId": "tgtShard_0",
      "state": "FAILED",
      "stateUpdateTime": 1790969516
    },
    {
      "error": null,
      "hostname": "rmdb11",
      "id": "rmdb11:37017",
      "port": 37017,
      "rsId": "tgtShard_0",
      "state": "FAILED",
      "stateUpdateTime": 1790969516
    },
    {
      "error": null,
      "hostname": "rmdb7",
      "id": "rmdb7:37017",
      "port": 37017,
      "rsId": "tgtconfigRS",
      "state": "FAILED",
      "stateUpdateTime": 1790969516
    },
    {
      "error": null,
      "hostname": "rmdb-config1",
      "id": "rmdb-config1:37017",
      "port": 37017,
      "rsId": "tgtconfigRS",
      "state": "FAILED",
      "stateUpdateTime": 1790969516
    },
    {
      "error": null,
      "hostname": "rmdb-config2",
      "id": "rmdb-config2:37017",
      "port": 37017,
      "rsId": "tgtconfigRS",
      "state": "FAILED",
      "stateUpdateTime": 1790969516
    }
  ],
  "state": "FAILED"
}
2026-10-02 14:49:09,279 [INFO] Restore state: FAILED
2026-10-02 14:49:19,280 [DEBUG] API GET http://129.40.36.100:8080/api/public/v1.0/backup/third_party/group/6a386221ee19a6537cc68a97/restore/6abf3847457a6b80701899fb
2026-10-02 14:49:19,395 [DEBUG] STATUS 404
2026-10-02 14:49:19,395 [DEBUG] {
  "errorCode": "THIRD_PARTY_INVALID_RESTORE_ID",
  "message": "No restore job found for requested restore ID",
  "version": "1",
  "status": "ERROR"
}
