2026-10-02 14:23:05,550 [INFO] Starting Ops Manager restore workflow
2026-10-02 14:23:05,550 [INFO] Restore point 6abf242c7c5bbb3be0d9025a taken from cluster 'sgcCluster' at 2026-10-02T03:30:08.828326+00:00
2026-10-02 14:23:05,551 [INFO] Restore log: runs\sgcCluster_20261002T032435Z\restore_6abf242c7c5bbb3be0d9025a_20261002T192305Z.log
2026-10-02 14:23:05,551 [INFO] Building infrastructure map for target cluster 'tgtCluster'
2026-10-02 14:23:53,552 [INFO] Shard mapping supplied by --shardmap:
2026-10-02 14:23:53,552 [INFO]   configRS -> tgtconfigRS
2026-10-02 14:23:53,555 [INFO]   sgcShard_0 -> tgtShard_0
2026-10-02 14:23:53,555 [INFO]   sgcShard_1 -> tgtShard_1
2026-10-02 14:23:53,558 [INFO] Restore record: runs\sgcCluster_20261002T032435Z\restore_metadata.json
2026-10-02 14:23:53,558 [INFO] call  find_cluster('http://129.40.36.100:8080', '6a386221ee19a6537cc68a97', <requests.auth.HTTPDigestAuth object at 0x0000018936406E40>, 'tgtCluster')
2026-10-02 14:23:53,558 [DEBUG] API GET http://129.40.36.100:8080/api/public/v1.0/backup/third_party/group/6a386221ee19a6537cc68a97/clusters
2026-10-02 14:23:53,701 [DEBUG] STATUS 200
2026-10-02 14:23:53,702 [DEBUG] {
  "clusters": [
    {
      "clusterId": "6a387fc1f9f8584e2262c8f3",
      "clusterName": "testRep",
      "groupId": "6a386221ee19a6537cc68a97",
      "jobId": "6a387fc1f9f8584e2262c8f3",
      "state": "ACTIVE"
    },
    {
      "clusterId": "6a3939acf9f8584e226a56e4",
      "clusterName": "tsetrepRestore",
      "groupId": "6a386221ee19a6537cc68a97",
      "jobId": "6a3939acf9f8584e226a56e4",
      "state": "ACTIVE"
    },
    {
      "clusterId": "6a39559ff9f8584e226bec72",
      "clusterName": "sgcCluster",
      "groupId": "6a386221ee19a6537cc68a97",
      "jobId": "6a39559ff9f8584e226bec72",
      "state": "ACTIVE"
    },
    {
      "clusterId": "6a67ab0a0b3bb92668612c59",
      "clusterName": "tgtCluster",
      "groupId": "6a386221ee19a6537cc68a97",
      "jobId": "6a67ab0a0b3bb92668612c59",
      "state": "ACTIVE"
    }
  ]
}
2026-10-02 14:23:53,702 [INFO] ret   find_cluster -> '6a67ab0a0b3bb92668612c59'
2026-10-02 14:23:53,704 [INFO] call  get_cluster_nodes('http://129.40.36.100:8080', '6a386221ee19a6537cc68a97', '6a67ab0a0b3bb92668612c59', <requests.auth.HTTPDigestAuth object at 0x0000018936406E40>)
2026-10-02 14:23:53,704 [DEBUG] API GET http://129.40.36.100:8080/api/public/v1.0/backup/third_party/group/6a386221ee19a6537cc68a97/clusters/6a67ab0a0b3bb92668612c59
2026-10-02 14:23:53,903 [DEBUG] STATUS 200
2026-10-02 14:23:53,903 [DEBUG] {
  "replicaSets": [
    {
      "id": "tgtShard_1",
      "nodes": [
        {
          "dbPath": "/fimongo1/data",
          "hidden": false,
          "hostname": "rmdb12",
          "id": "rmdb12:37017",
          "lastAgentPing": "2026-10-02T19:23:19Z",
          "memberState": "SECONDARY",
          "mongodbVersion": "8.0.26",
          "oplogStoreType": "thirdPartyOplogStore",
          "port": 37017,
          "priority": 1.0,
          "rsId": "tgtShard_1",
          "snapshotable": false,
          "votes": 1
        },
        {
          "dbPath": "/fimongo1/data",
          "hidden": false,
          "hostname": "rmdb14",
          "id": "rmdb14:37017",
          "lastAgentPing": "2026-10-02T19:22:56Z",
          "memberState": "DOWN",
          "mongodbVersion": "8.0.26",
          "oplogStoreType": "thirdPartyOplogStore",
          "port": 37017,
          "priority": 0.0,
          "rsId": "tgtShard_1",
          "snapshotable": false,
          "votes": 0
        },
        {
          "dbPath": "/fimongo1/data",
          "hidden": false,
          "hostname": "rmdb9",
          "id": "rmdb9:37017",
          "lastAgentPing": "2026-10-02T19:23:14Z",
          "memberState": "SECONDARY",
          "mongodbVersion": "8.0.26",
          "oplogStoreType": "thirdPartyOplogStore",
          "port": 37017,
          "priority": 1.0,
          "rsId": "tgtShard_1",
          "snapshotable": false,
          "votes": 1
        },
        {
          "dbPath": "/fimongo1/data",
          "hidden": false,
          "hostname": "rmdb4",
          "id": "rmdb4:37017",
          "lastAgentPing": "2026-10-02T19:23:11Z",
          "memberState": "DOWN",
          "mongodbVersion": "8.0.26",
          "oplogStoreType": "thirdPartyOplogStore",
          "port": 37017,
          "priority": 1.0,
          "rsId": "tgtShard_1",
          "snapshotable": false,
          "votes": 1
        },
        {
          "dbPath": "/fimongo1/data",
          "hidden": false,
          "hostname": "rmdb2",
          "id": "rmdb2:37017",
          "lastAgentPing": "2026-10-02T19:22:59Z",
          "memberState": "PRIMARY",
          "mongodbVersion": "8.0.26",
          "oplogStoreType": "thirdPartyOplogStore",
          "port": 37017,
          "priority": 1.0,
          "rsId": "tgtShard_1",
          "snapshotable": false,
          "votes": 1
        }
      ],
      "oplogType": "thirdParty"
    },
    {
      "id": "tgtShard_0",
      "nodes": [
        {
          "dbPath": "/fimongo1/data",
          "hidden": false,
          "hostname": "rmdb8",
          "id": "rmdb8:37017",
          "lastAgentPing": "2026-10-02T19:23:50Z",
          "memberState": "DOWN",
          "mongodbVersion": "8.0.26",
          "opTime": "1970-01-01T00:00:00Z",
          "oplogStoreType": "thirdPartyOplogStore",
          "port": 37017,
          "priority": 1.0,
          "rsId": "tgtShard_0",
          "snapshotable": false,
          "votes": 1
        },
        {
          "dbPath": "/fimongo1/data",
          "hidden": false,
          "hostname": "rmdb13",
          "id": "rmdb13:37017",
          "lastAgentPing": "2026-10-02T19:23:32Z",
          "memberState": "SECONDARY",
          "mongodbVersion": "8.0.26",
          "opTime": "2026-10-02T03:26:45Z",
          "oplogStoreType": "thirdPartyOplogStore",
          "port": 37017,
          "priority": 1.0,
          "rsId": "tgtShard_0",
          "snapshotable": false,
          "votes": 1
        },
        {
          "dbPath": "/fimongo1/data",
          "hidden": false,
          "hostname": "rmdb1",
          "id": "rmdb1:37017",
          "lastAgentPing": "2026-10-02T19:23:38Z",
          "memberState": "DOWN",
          "mongodbVersion": "8.0.26",
          "opTime": "1970-01-01T00:00:00Z",
          "oplogStoreType": "thirdPartyOplogStore",
          "port": 37017,
          "priority": 1.0,
          "rsId": "tgtShard_0",
          "snapshotable": false,
          "votes": 1
        },
        {
          "dbPath": "/fimongo1/data",
          "hidden": false,
          "hostname": "rmdb3",
          "id": "rmdb3:37017",
          "lastAgentPing": "2026-10-02T19:23:02Z",
          "memberState": "DOWN",
          "mongodbVersion": "8.0.26",
          "opTime": "1970-01-01T00:00:00Z",
          "oplogStoreType": "thirdPartyOplogStore",
          "port": 37017,
          "priority": 1.0,
          "rsId": "tgtShard_0",
          "snapshotable": false,
          "votes": 1
        },
        {
          "dbPath": "/fimongo1/data",
          "hidden": false,
          "hostname": "rmdb11",
          "id": "rmdb11:37017",
          "lastAgentPing": "2026-10-02T19:23:50Z",
          "memberState": "SECONDARY",
          "mongodbVersion": "8.0.26",
          "opTime": "2026-10-02T03:26:45Z",
          "oplogStoreType": "thirdPartyOplogStore",
          "port": 37017,
          "priority": 1.0,
          "rsId": "tgtShard_0",
          "snapshotable": false,
          "votes": 1
        }
      ],
      "oplogType": "thirdParty"
    },
    {
      "id": "tgtconfigRS",
      "nodes": [
        {
          "dbPath": "/fimongo1/data",
          "hidden": false,
          "hostname": "rmdb7",
          "id": "rmdb7:37017",
          "lastAgentPing": "2026-10-02T19:23:10Z",
          "memberState": "PRIMARY",
          "mongodbVersion": "8.0.26",
          "opTime": "2026-10-02T19:21:33Z",
          "oplogStoreType": "thirdPartyOplogStore",
          "port": 37017,
          "priority": 1.0,
          "rsId": "tgtconfigRS",
          "snapshotable": true,
          "votes": 1
        },
        {
          "dbPath": "/fimongo1/data",
          "hidden": false,
          "hostname": "rmdb-config1",
          "id": "rmdb-config1:37017",
          "lastAgentPing": "2026-10-02T19:23:51Z",
          "memberState": "SECONDARY",
          "mongodbVersion": "8.0.26",
          "opTime": "2026-10-02T19:21:33Z",
          "oplogStoreType": "thirdPartyOplogStore",
          "port": 37017,
          "priority": 1.0,
          "rsId": "tgtconfigRS",
          "snapshotable": true,
          "votes": 1
        },
        {
          "dbPath": "/fimongo1/data",
          "hidden": false,
          "hostname": "rmdb-config2",
          "id": "rmdb-config2:37017",
          "lastAgentPing": "2026-10-02T19:23:38Z",
          "memberState": "SECONDARY",
          "mongodbVersion": "8.0.26",
          "opTime": "2026-10-02T19:21:33Z",
          "oplogStoreType": "thirdPartyOplogStore",
          "port": 37017,
          "priority": 1.0,
          "rsId": "tgtconfigRS",
          "snapshotable": true,
          "votes": 1
        }
      ],
      "oplogType": "thirdParty"
    }
  ],
  "restoreId": "6abf3847457a6b80701899fb"
}
2026-10-02 14:23:53,903 [INFO] ret   get_cluster_nodes -> [{'id': 'rmdb12:37017', 'dbPath': '/fimongo1/data'}, {'id': 'rmdb14:37017', 'dbPath': '/fimongo1/data'}, {'id': 'rmdb9:37017', 'dbPath': '/fimongo1/data'}, {'id': 'rmdb4:37017', 'dbPath': '/fimongo1/data'}, {'id': 'rmdb2:37017', 'dbPath': '/fimongo1/data'}, {'id': 'rmdb8:37017', 'dbPath': '/fimongo1/data'}, {'id': 'rmdb13:37017', 'dbPath': '/fimongo1/data'}, {'id': 'rmdb1:37017', 'dbPath': '/fimongo1/data'}, {'id': 'rmdb3:37017', 'dbPath': '/fimongo1/data'}, {'id': 'rmdb11:37017', 'dbPath': '/fimongo1/data'}, {'id': 'rmdb7:37017', 'dbPath': '/fimongo1/data'}, {'id': 'rmdb-config1:37017', 'dbPath': '/fimongo1/data'}, {'id': 'rmdb-config2:37017', 'dbPath': '/fimongo1/data'}]
2026-10-02 14:23:53,906 [INFO] Resuming existing restore 6abf3847457a6b80701899fb
2026-10-02 14:23:53,906 [DEBUG] API GET http://129.40.36.100:8080/api/public/v1.0/backup/third_party/group/6a386221ee19a6537cc68a97/restore/6abf3847457a6b80701899fb
2026-10-02 14:23:54,063 [DEBUG] STATUS 200
2026-10-02 14:23:54,063 [DEBUG] {
  "clusterMapping": [
    {
      "rsId": "sgcShard_0",
      "targetRsId": "tgtShard_0"
    },
    {
      "rsId": "sgcShard_1",
      "targetRsId": "tgtShard_1"
    },
    {
      "rsId": "configRS",
      "targetRsId": "tgtconfigRS"
    }
  ],
  "nodes": [
    {
      "error": "<tgtCluster_tgtShard_1_64> [15:23:21.846] Plan execution failed on step MarkRestoreStarted as part of move RestoreRsMemberFromBackupPhase1 : <tgtCluster_tgtShard_1_64> [15:23:21.846] Failed to apply action. Result = <nil> : <tgtCluster_tgtShard_1_64> [15:23:21.846] Error creating /fimongo1/data : <tgtCluster_tgtShard_1_64> [15:23:21.846] Error making directory = /fimongo1/data with permissions = -rwxrwxrwx : mkdir /fimongo1/data: permission denied",
      "hostname": "rmdb12",
      "id": "rmdb12:37017",
      "port": 37017,
      "rsId": "tgtShard_1",
      "state": "COPY_FILES",
      "stateUpdateTime": 1790916904
    },
    {
      "error": "<tgtCluster_tgtShard_1_66> [15:22:49.154] Plan execution failed on step MakeBackupDataAvailable as part of move RestoreRsMemberFromBackupPhase1 : <tgtCluster_tgtShard_1_66> [15:22:49.154] Failed to apply action. Result = <nil> : <tgtCluster_tgtShard_1_66> [15:22:49.154] Failed to download the snapshot : <tgtCluster_tgtShard_1_66> [15:22:49.154] Error while waiting for third party to copy backup to /fimongo1/data : <tgtCluster_tgtShard_1_66> [15:22:49.154] Observed error when trying to mark node as ready for copy files. : <tgtCluster_tgtShard_1_66> [15:22:49.154] Got return status 404 Not Found when trying to mark node ready for copy files.",
      "hostname": "rmdb14",
      "id": "rmdb14:37017",
      "port": 37017,
      "rsId": "tgtShard_1",
      "state": "RECOVERY_IN_PROGRESS",
      "stateUpdateTime": 1790968879
    },
    {
      "error": "<tgtCluster_tgtShard_1_47> [15:23:14.452] Plan execution failed on step MakeBackupDataAvailable as part of move RestoreRsMemberFromBackupPhase1 : <tgtCluster_tgtShard_1_47> [15:23:14.452] Failed to apply action. Result = <nil> : <tgtCluster_tgtShard_1_47> [15:23:14.452] Failed to download the snapshot : <tgtCluster_tgtShard_1_47> [15:23:14.452] Error while waiting for third party to copy backup to /fimongo1/data : <tgtCluster_tgtShard_1_47> [15:23:14.452] Observed error when trying to mark node as ready for copy files. : <tgtCluster_tgtShard_1_47> [15:23:14.452] Got return status 404 Not Found when trying to mark node ready for copy files.",
      "hostname": "rmdb9",
      "id": "rmdb9:37017",
      "port": 37017,
      "rsId": "tgtShard_1",
      "state": "RECOVERY_IN_PROGRESS",
      "stateUpdateTime": 1790968923
    },
    {
      "error": "<tgtCluster_tgtShard_1_46> [15:22:58.111] Plan execution failed on step MakeBackupDataAvailable as part of move RestoreRsMemberFromBackupPhase1 : <tgtCluster_tgtShard_1_46> [15:22:58.111] Failed to apply action. Result = <nil> : <tgtCluster_tgtShard_1_46> [15:22:58.111] Failed to download the snapshot : <tgtCluster_tgtShard_1_46> [15:22:58.111] Error while waiting for third party to copy backup to /fimongo1/data : <tgtCluster_tgtShard_1_46> [15:22:58.111] Observed error when trying to mark node as ready for copy files. : <tgtCluster_tgtShard_1_46> [15:22:58.111] Got return status 404 Not Found when trying to mark node ready for copy files.",
      "hostname": "rmdb4",
      "id": "rmdb4:37017",
      "port": 37017,
      "rsId": "tgtShard_1",
      "state": "RECOVERY_IN_PROGRESS",
      "stateUpdateTime": 1790968901
    },
    {
      "error": "<tgtCluster_tgtShard_1_45> [15:22:58.328] Plan execution failed on step MakeBackupDataAvailable as part of move RestoreRsMemberFromBackupPhase1 : <tgtCluster_tgtShard_1_45> [15:22:58.328] Failed to apply action. Result = <nil> : <tgtCluster_tgtShard_1_45> [15:22:58.328] Failed to download the snapshot : <tgtCluster_tgtShard_1_45> [15:22:58.328] Error while waiting for third party to copy backup to /fimongo1/data : <tgtCluster_tgtShard_1_45> [15:22:58.328] Observed error when trying to mark node as ready for copy files. : <tgtCluster_tgtShard_1_45> [15:22:58.328] Got return status 404 Not Found when trying to mark node ready for copy files.",
      "hostname": "rmdb2",
      "id": "rmdb2:37017",
      "port": 37017,
      "rsId": "tgtShard_1",
      "state": "RECOVERY_IN_PROGRESS",
      "stateUpdateTime": 1790968681
    },
    {
      "error": "<tgtCluster_tgtShard_0_44> [15:22:51.622] Plan execution failed on step MakeBackupDataAvailable as part of move RestoreRsMemberFromBackupPhase1 : <tgtCluster_tgtShard_0_44> [15:22:51.622] Failed to apply action. Result = <nil> : <tgtCluster_tgtShard_0_44> [15:22:51.622] Failed to download the snapshot : <tgtCluster_tgtShard_0_44> [15:22:51.622] Error while waiting for third party to copy backup to /fimongo1/data : <tgtCluster_tgtShard_0_44> [15:22:51.622] Observed error when trying to mark node as ready for copy files. : <tgtCluster_tgtShard_0_44> [15:22:51.622] Got return status 404 Not Found when trying to mark node ready for copy files.",
      "hostname": "rmdb8",
      "id": "rmdb8:37017",
      "port": 37017,
      "rsId": "tgtShard_0",
      "state": "RECOVERY_IN_PROGRESS",
      "stateUpdateTime": 1790968530
    },
    {
      "error": null,
      "hostname": "rmdb13",
      "id": "rmdb13:37017",
      "port": 37017,
      "rsId": "tgtShard_0",
      "state": "RECOVERY_IN_PROGRESS",
      "stateUpdateTime": 1790917247
    },
    {
      "error": "<tgtCluster_tgtShard_0_42> [15:22:59.655] Plan execution failed on step MakeBackupDataAvailable as part of move RestoreRsMemberFromBackupPhase1 : <tgtCluster_tgtShard_0_42> [15:22:59.655] Failed to apply action. Result = <nil> : <tgtCluster_tgtShard_0_42> [15:22:59.655] Failed to download the snapshot : <tgtCluster_tgtShard_0_42> [15:22:59.655] Error while waiting for third party to copy backup to /fimongo1/data : <tgtCluster_tgtShard_0_42> [15:22:59.655] Observed error when trying to mark node as ready for copy files. : <tgtCluster_tgtShard_0_42> [15:22:59.655] Got return status 404 Not Found when trying to mark node ready for copy files.",
      "hostname": "rmdb1",
      "id": "rmdb1:37017",
      "port": 37017,
      "rsId": "tgtShard_0",
      "state": "RECOVERY_IN_PROGRESS",
      "stateUpdateTime": 1790963978
    },
    {
      "error": "<tgtCluster_tgtShard_0_43> [15:23:44.101] Plan execution failed on step MakeBackupDataAvailable as part of move RestoreRsMemberFromBackupPhase1 : <tgtCluster_tgtShard_0_43> [15:23:44.101] Failed to apply action. Result = <nil> : <tgtCluster_tgtShard_0_43> [15:23:44.101] Failed to download the snapshot : <tgtCluster_tgtShard_0_43> [15:23:44.101] Error while waiting for third party to copy backup to /fimongo1/data : <tgtCluster_tgtShard_0_43> [15:23:44.101] Observed error when trying to mark node as ready for copy files. : <tgtCluster_tgtShard_0_43> [15:23:44.101] Got return status 404 Not Found when trying to mark node ready for copy files.",
      "hostname": "rmdb3",
      "id": "rmdb3:37017",
      "port": 37017,
      "rsId": "tgtShard_0",
      "state": "RECOVERY_IN_PROGRESS",
      "stateUpdateTime": 1790967977
    },
    {
      "error": null,
      "hostname": "rmdb11",
      "id": "rmdb11:37017",
      "port": 37017,
      "rsId": "tgtShard_0",
      "state": "RECOVERY_IN_PROGRESS",
      "stateUpdateTime": 1790917218
    },
    {
      "error": null,
      "hostname": "rmdb7",
      "id": "rmdb7:37017",
      "port": 37017,
      "rsId": "tgtconfigRS",
      "state": "RECOVERY_IN_PROGRESS",
      "stateUpdateTime": 1790917195
    },
    {
      "error": null,
      "hostname": "rmdb-config1",
      "id": "rmdb-config1:37017",
      "port": 37017,
      "rsId": "tgtconfigRS",
      "state": "RECOVERY_IN_PROGRESS",
      "stateUpdateTime": 1790917145
    },
    {
      "error": null,
      "hostname": "rmdb-config2",
      "id": "rmdb-config2:37017",
      "port": 37017,
      "rsId": "tgtconfigRS",
      "state": "RECOVERY_IN_PROGRESS",
      "stateUpdateTime": 1790917166
    }
  ],
  "state": "COPY_FILES"
}
2026-10-02 14:23:54,064 [INFO] Restore state: COPY_FILES
2026-10-02 14:24:04,069 [INFO] Restricted to node(s): rmdb12:37017
2026-10-02 14:24:04,069 [INFO] Unmounting MongoDB data volumes on: rmdb12
2026-10-02 14:24:04,069 [INFO] call  unmount_hosts(mdb_hosts=['rmdb12'], kvm_hosts=['mdb-kvm1'], mount_point='/fimongo1')
2026-10-02 14:24:05,114 [INFO] Busy hosts: 0
2026-10-02 14:24:05,115 [INFO] Flushing cache after umount on rmdb12
2026-10-02 14:24:06,063 [INFO] Resolving KVM cache on host: mdb-kvm1
2026-10-02 14:24:07,149 [INFO] ret   unmount_hosts -> None
2026-10-02 14:24:07,149 [INFO] Target nodes unmounted
2026-10-02 14:24:07,152 [INFO] === shard configRS -> tgtconfigRS from snapshot configRS_6abf242c7c5bbb3be0d9025a ===
2026-10-02 14:24:07,152 [INFO] === shard sgcShard_0 -> tgtShard_0 from snapshot sgcShard_0_6abf242c7c5bbb3be0d9025a ===
2026-10-02 14:24:07,152 [INFO] === shard sgcShard_1 -> tgtShard_1 from snapshot sgcShard_1_6abf242c7c5bbb3be0d9025a ===
2026-10-02 14:24:07,154 [INFO] --- restoring rmdb12:37017 ---
2026-10-02 14:24:07,154 [INFO] Authenticating to FlashSystem fs9500-2.cpolab.ibm.com
2026-10-02 14:24:07,477 [INFO] call  getSnapshotVolumeGroup('fs9500-2.cpolab.ibm.com', <redacted>, 'sgcShard_1_6abf242c7c5bbb3be0d9025a')
2026-10-02 14:24:07,715 [INFO] ret   getSnapshotVolumeGroup -> ('ORION17-mdb9-sgcCluster', '63')
2026-10-02 14:24:07,715 [INFO] call  createThinCloneVolumeGroup('fs9500-2.cpolab.ibm.com', <redacted>, '63', 'rmdb12_tgtCluster_6abf242c7c5bbb3be0d9025a')
2026-10-02 14:24:08,157 [INFO] ret   createThinCloneVolumeGroup -> {'id': '80', 'message': 'Volume Group, id [80], successfully created'}
2026-10-02 14:24:08,160 [INFO] call  renameVolumeGroupVolumes('fs9500-2.cpolab.ibm.com', <redacted>, 'rmdb12_tgtCluster_6abf242c7c5bbb3be0d9025a', 'restore_rmdb12_tgtCluster_6abf242c7c5bbb3be0d9025a')
2026-10-02 14:24:09,120 [INFO] ret   renameVolumeGroupVolumes -> [('ORION17-mdb9-sgcCluster-fimongo1-1', 'restore_rmdb12_tgtCluster_6abf242c7c5bbb3be0d9025a')]
2026-10-02 14:24:09,123 [INFO] call  getVolumeUUID('fs9500-2.cpolab.ibm.com', <redacted>, 'restore_rmdb12_tgtCluster_6abf242c7c5bbb3be0d9025a')
2026-10-02 14:24:09,375 [INFO] ret   getVolumeUUID -> '60050768138202df88000000000004aa'
2026-10-02 14:24:09,377 [INFO] call  mapVolumeToHost('fs9500-2.cpolab.ibm.com', <redacted>, 'restore_rmdb12_tgtCluster_6abf242c7c5bbb3be0d9025a', 'SG-FCP-ORION0A-new-mdb-kvm1')
2026-10-02 14:24:09,878 [INFO] ret   mapVolumeToHost -> {'id': '62', 'message': 'Virtual Disk to Host map, id [62], successfully created'}
2026-10-02 14:24:09,881 [INFO] call  scan_scsi_devices('mdb-kvm1')
2026-10-02 14:24:10,863 [INFO] ret   scan_scsi_devices -> True
2026-10-02 14:24:10,864 [INFO] call  find_multipath_device_from_scsi_uuid('mdb-kvm1', '60050768138202df88000000000004aa', retries=6, delay=5)
2026-10-02 14:24:19,394 [INFO] ret   find_multipath_device_from_scsi_uuid -> 'mpathbp'
2026-10-02 14:24:19,397 [INFO] call  attach_disk_to_domain('mdb-kvm1', 'rmdb12', '/dev/mapper/mpathbp')
2026-10-02 14:24:21,567 [INFO] ret   attach_disk_to_domain -> '/dev/vdf'
2026-10-02 14:24:21,569 [INFO] call  highest_partition('rmdb12', '/dev/vdf')
2026-10-02 14:24:22,665 [INFO] ret   highest_partition -> '/dev/vdf1'
2026-10-02 14:24:22,669 [INFO] call  filesystem_uuid('rmdb12', '/dev/vdf1')
2026-10-02 14:24:23,497 [INFO] ret   filesystem_uuid -> '6daf0f6f-5246-489d-91a3-1587f885cd59'
2026-10-02 14:24:23,500 [INFO] call  change_filesystem_uuid('rmdb12', '/dev/vdf1')
2026-10-02 14:24:31,812 [INFO] ret   change_filesystem_uuid -> 'cb5256d2-6054-4a0d-84c9-c0075500300f'
2026-10-02 14:24:31,815 [INFO] call  mount_single_host('rmdb12:37017', {'sgcShard_0': [{'hostname': 'mdb8:37017', 'mount_point': '/fimongo1', 'fs_uuid': 'de77df98-cd1f-488b-8cac-facbccfd1e30'}], 'sgcShard_1': [{'hostname': 'mdb9:37017', 'mount_point': '/fimongo1', 'fs_uuid': '6daf0f6f-5246-489d-91a3-1587f885cd59'}], 'configRS': [{'hostname': 'mdb7:37017', 'mount_point': '/fimongo1', 'fs_uuid': '84b467c1-5c1d-4be1-8e3a-7f255ecdbd6c'}]}, fs_uuid='cb5256d2-6054-4a0d-84c9-c0075500300f', mount_point='/fimongo1')
2026-10-02 14:24:31,815 [INFO] Partprobe on rmdb12 to detect filesystem updates
2026-10-02 14:24:32,640 [INFO] Mounting UUID=cb5256d2-6054-4a0d-84c9-c0075500300f on rmdb12 at /fimongo1
2026-10-02 14:24:33,683 [INFO] Mounted successfully on rmdb12
2026-10-02 14:24:34,483 [INFO] chown mongod:mongod applied on rmdb12 at /fimongo1
2026-10-02 14:24:34,483 [INFO] ret   mount_single_host -> None
2026-10-02 14:24:34,483 [INFO] call  verify_single_host_mount('rmdb12:37017', {'sgcShard_0': [{'hostname': 'mdb8:37017', 'mount_point': '/fimongo1', 'fs_uuid': 'de77df98-cd1f-488b-8cac-facbccfd1e30'}], 'sgcShard_1': [{'hostname': 'mdb9:37017', 'mount_point': '/fimongo1', 'fs_uuid': '6daf0f6f-5246-489d-91a3-1587f885cd59'}], 'configRS': [{'hostname': 'mdb7:37017', 'mount_point': '/fimongo1', 'fs_uuid': '84b467c1-5c1d-4be1-8e3a-7f255ecdbd6c'}]}, mount_point='/fimongo1')
2026-10-02 14:24:35,289 [INFO] Mount verified on rmdb12: /fimongo1
2026-10-02 14:24:36,089 [INFO] rmdb12: /fimongo1/data/fileList.txt exists with correct mongod:mongod ownership
2026-10-02 14:24:36,089 [INFO] ret   verify_single_host_mount -> None
2026-10-02 14:24:36,092 [DEBUG] API GET http://129.40.36.100:8080/api/public/v1.0/backup/third_party/group/6a386221ee19a6537cc68a97/restore/6abf3847457a6b80701899fb
2026-10-02 14:24:36,287 [DEBUG] STATUS 200
2026-10-02 14:24:36,287 [DEBUG] {
  "clusterMapping": [
    {
      "rsId": "sgcShard_0",
      "targetRsId": "tgtShard_0"
    },
    {
      "rsId": "sgcShard_1",
      "targetRsId": "tgtShard_1"
    },
    {
      "rsId": "configRS",
      "targetRsId": "tgtconfigRS"
    }
  ],
  "nodes": [
    {
      "error": "<tgtCluster_tgtShard_1_64> [15:24:22.506] Plan execution failed on step MarkRestoreStarted as part of move RestoreRsMemberFromBackupPhase1 : <tgtCluster_tgtShard_1_64> [15:24:22.506] Failed to apply action. Result = <nil> : <tgtCluster_tgtShard_1_64> [15:24:22.506] Error creating /fimongo1/data : <tgtCluster_tgtShard_1_64> [15:24:22.506] Error making directory = /fimongo1/data with permissions = -rwxrwxrwx : mkdir /fimongo1/data: permission denied",
      "hostname": "rmdb12",
      "id": "rmdb12:37017",
      "port": 37017,
      "rsId": "tgtShard_1",
      "state": "COPY_FILES",
      "stateUpdateTime": 1790916904
    },
    {
      "error": "<tgtCluster_tgtShard_1_66> [15:23:50.395] Plan execution failed on step MakeBackupDataAvailable as part of move RestoreRsMemberFromBackupPhase1 : <tgtCluster_tgtShard_1_66> [15:23:50.395] Failed to apply action. Result = <nil> : <tgtCluster_tgtShard_1_66> [15:23:50.395] Failed to download the snapshot : <tgtCluster_tgtShard_1_66> [15:23:50.395] Error while waiting for third party to copy backup to /fimongo1/data : <tgtCluster_tgtShard_1_66> [15:23:50.395] Observed error when trying to mark node as ready for copy files. : <tgtCluster_tgtShard_1_66> [15:23:50.395] Got return status 404 Not Found when trying to mark node ready for copy files.",
      "hostname": "rmdb14",
      "id": "rmdb14:37017",
      "port": 37017,
      "rsId": "tgtShard_1",
      "state": "RECOVERY_IN_PROGRESS",
      "stateUpdateTime": 1790968879
    },
    {
      "error": "<tgtCluster_tgtShard_1_47> [15:24:15.795] Plan execution failed on step MakeBackupDataAvailable as part of move RestoreRsMemberFromBackupPhase1 : <tgtCluster_tgtShard_1_47> [15:24:15.795] Failed to apply action. Result = <nil> : <tgtCluster_tgtShard_1_47> [15:24:15.795] Failed to download the snapshot : <tgtCluster_tgtShard_1_47> [15:24:15.795] Error while waiting for third party to copy backup to /fimongo1/data : <tgtCluster_tgtShard_1_47> [15:24:15.795] Observed error when trying to mark node as ready for copy files. : <tgtCluster_tgtShard_1_47> [15:24:15.795] Got return status 404 Not Found when trying to mark node ready for copy files.",
      "hostname": "rmdb9",
      "id": "rmdb9:37017",
      "port": 37017,
      "rsId": "tgtShard_1",
      "state": "RECOVERY_IN_PROGRESS",
      "stateUpdateTime": 1790968923
    },
    {
      "error": "<tgtCluster_tgtShard_1_46> [15:23:59.656] Plan execution failed on step MakeBackupDataAvailable as part of move RestoreRsMemberFromBackupPhase1 : <tgtCluster_tgtShard_1_46> [15:23:59.656] Failed to apply action. Result = <nil> : <tgtCluster_tgtShard_1_46> [15:23:59.656] Failed to download the snapshot : <tgtCluster_tgtShard_1_46> [15:23:59.656] Error while waiting for third party to copy backup to /fimongo1/data : <tgtCluster_tgtShard_1_46> [15:23:59.656] Observed error when trying to mark node as ready for copy files. : <tgtCluster_tgtShard_1_46> [15:23:59.656] Got return status 404 Not Found when trying to mark node ready for copy files.",
      "hostname": "rmdb4",
      "id": "rmdb4:37017",
      "port": 37017,
      "rsId": "tgtShard_1",
      "state": "RECOVERY_IN_PROGRESS",
      "stateUpdateTime": 1790968901
    },
    {
      "error": "<tgtCluster_tgtShard_1_45> [15:23:59.866] Plan execution failed on step MakeBackupDataAvailable as part of move RestoreRsMemberFromBackupPhase1 : <tgtCluster_tgtShard_1_45> [15:23:59.866] Failed to apply action. Result = <nil> : <tgtCluster_tgtShard_1_45> [15:23:59.866] Failed to download the snapshot : <tgtCluster_tgtShard_1_45> [15:23:59.866] Error while waiting for third party to copy backup to /fimongo1/data : <tgtCluster_tgtShard_1_45> [15:23:59.866] Observed error when trying to mark node as ready for copy files. : <tgtCluster_tgtShard_1_45> [15:23:59.866] Got return status 404 Not Found when trying to mark node ready for copy files.",
      "hostname": "rmdb2",
      "id": "rmdb2:37017",
      "port": 37017,
      "rsId": "tgtShard_1",
      "state": "RECOVERY_IN_PROGRESS",
      "stateUpdateTime": 1790968681
    },
    {
      "error": "<tgtCluster_tgtShard_0_44> [15:23:52.544] Plan execution failed on step MakeBackupDataAvailable as part of move RestoreRsMemberFromBackupPhase1 : <tgtCluster_tgtShard_0_44> [15:23:52.544] Failed to apply action. Result = <nil> : <tgtCluster_tgtShard_0_44> [15:23:52.544] Failed to download the snapshot : <tgtCluster_tgtShard_0_44> [15:23:52.543] Error while waiting for third party to copy backup to /fimongo1/data : <tgtCluster_tgtShard_0_44> [15:23:52.543] Observed error when trying to mark node as ready for copy files. : <tgtCluster_tgtShard_0_44> [15:23:52.543] Got return status 404 Not Found when trying to mark node ready for copy files.",
      "hostname": "rmdb8",
      "id": "rmdb8:37017",
      "port": 37017,
      "rsId": "tgtShard_0",
      "state": "RECOVERY_IN_PROGRESS",
      "stateUpdateTime": 1790968530
    },
    {
      "error": null,
      "hostname": "rmdb13",
      "id": "rmdb13:37017",
      "port": 37017,
      "rsId": "tgtShard_0",
      "state": "RECOVERY_IN_PROGRESS",
      "stateUpdateTime": 1790917247
    },
    {
      "error": "<tgtCluster_tgtShard_0_42> [15:24:00.595] Plan execution failed on step MakeBackupDataAvailable as part of move RestoreRsMemberFromBackupPhase1 : <tgtCluster_tgtShard_0_42> [15:24:00.595] Failed to apply action. Result = <nil> : <tgtCluster_tgtShard_0_42> [15:24:00.595] Failed to download the snapshot : <tgtCluster_tgtShard_0_42> [15:24:00.595] Error while waiting for third party to copy backup to /fimongo1/data : <tgtCluster_tgtShard_0_42> [15:24:00.595] Observed error when trying to mark node as ready for copy files. : <tgtCluster_tgtShard_0_42> [15:24:00.595] Got return status 404 Not Found when trying to mark node ready for copy files.",
      "hostname": "rmdb1",
      "id": "rmdb1:37017",
      "port": 37017,
      "rsId": "tgtShard_0",
      "state": "RECOVERY_IN_PROGRESS",
      "stateUpdateTime": 1790963978
    },
    {
      "error": "<tgtCluster_tgtShard_0_43> [15:23:44.101] Plan execution failed on step MakeBackupDataAvailable as part of move RestoreRsMemberFromBackupPhase1 : <tgtCluster_tgtShard_0_43> [15:23:44.101] Failed to apply action. Result = <nil> : <tgtCluster_tgtShard_0_43> [15:23:44.101] Failed to download the snapshot : <tgtCluster_tgtShard_0_43> [15:23:44.101] Error while waiting for third party to copy backup to /fimongo1/data : <tgtCluster_tgtShard_0_43> [15:23:44.101] Observed error when trying to mark node as ready for copy files. : <tgtCluster_tgtShard_0_43> [15:23:44.101] Got return status 404 Not Found when trying to mark node ready for copy files.",
      "hostname": "rmdb3",
      "id": "rmdb3:37017",
      "port": 37017,
      "rsId": "tgtShard_0",
      "state": "RECOVERY_IN_PROGRESS",
      "stateUpdateTime": 1790967977
    },
    {
      "error": null,
      "hostname": "rmdb11",
      "id": "rmdb11:37017",
      "port": 37017,
      "rsId": "tgtShard_0",
      "state": "RECOVERY_IN_PROGRESS",
      "stateUpdateTime": 1790917218
    },
    {
      "error": null,
      "hostname": "rmdb7",
      "id": "rmdb7:37017",
      "port": 37017,
      "rsId": "tgtconfigRS",
      "state": "RECOVERY_IN_PROGRESS",
      "stateUpdateTime": 1790917195
    },
    {
      "error": null,
      "hostname": "rmdb-config1",
      "id": "rmdb-config1:37017",
      "port": 37017,
      "rsId": "tgtconfigRS",
      "state": "RECOVERY_IN_PROGRESS",
      "stateUpdateTime": 1790917145
    },
    {
      "error": null,
      "hostname": "rmdb-config2",
      "id": "rmdb-config2:37017",
      "port": 37017,
      "rsId": "tgtconfigRS",
      "state": "RECOVERY_IN_PROGRESS",
      "stateUpdateTime": 1790917166
    }
  ],
  "state": "COPY_FILES"
}
2026-10-02 14:24:36,288 [INFO] call  files_copied('http://129.40.36.100:8080', '6a386221ee19a6537cc68a97', '6abf3847457a6b80701899fb', 'rmdb12:37017', '/fimongo1/data', <requests.auth.HTTPDigestAuth object at 0x0000018936406E40>)
2026-10-02 14:24:36,288 [DEBUG] API POST http://129.40.36.100:8080/api/public/v1.0/backup/third_party/group/6a386221ee19a6537cc68a97/restore/6abf3847457a6b80701899fb/filesCopied
2026-10-02 14:24:36,288 [DEBUG] {
  "id": "rmdb12:37017",
  "dbPath": "/fimongo1/data"
}
2026-10-02 14:24:36,427 [DEBUG] STATUS 200
2026-10-02 14:24:36,428 [DEBUG] {
  "errorCode": "NONE",
  "version": "1",
  "status": "OK"
}
2026-10-02 14:24:36,428 [INFO] ret   files_copied -> None
2026-10-02 14:24:36,435 [DEBUG] API GET http://129.40.36.100:8080/api/public/v1.0/backup/third_party/group/6a386221ee19a6537cc68a97/restore/6abf3847457a6b80701899fb
2026-10-02 14:24:36,577 [DEBUG] STATUS 200
2026-10-02 14:24:36,577 [DEBUG] {
  "clusterMapping": [
    {
      "rsId": "sgcShard_0",
      "targetRsId": "tgtShard_0"
    },
    {
      "rsId": "sgcShard_1",
      "targetRsId": "tgtShard_1"
    },
    {
      "rsId": "configRS",
      "targetRsId": "tgtconfigRS"
    }
  ],
  "nodes": [
    {
      "error": "<tgtCluster_tgtShard_1_64> [15:24:22.506] Plan execution failed on step MarkRestoreStarted as part of move RestoreRsMemberFromBackupPhase1 : <tgtCluster_tgtShard_1_64> [15:24:22.506] Failed to apply action. Result = <nil> : <tgtCluster_tgtShard_1_64> [15:24:22.506] Error creating /fimongo1/data : <tgtCluster_tgtShard_1_64> [15:24:22.506] Error making directory = /fimongo1/data with permissions = -rwxrwxrwx : mkdir /fimongo1/data: permission denied",
      "hostname": "rmdb12",
      "id": "rmdb12:37017",
      "port": 37017,
      "rsId": "tgtShard_1",
      "state": "RECOVERY_IN_PROGRESS",
      "stateUpdateTime": 1790969076
    },
    {
      "error": "<tgtCluster_tgtShard_1_66> [15:23:50.395] Plan execution failed on step MakeBackupDataAvailable as part of move RestoreRsMemberFromBackupPhase1 : <tgtCluster_tgtShard_1_66> [15:23:50.395] Failed to apply action. Result = <nil> : <tgtCluster_tgtShard_1_66> [15:23:50.395] Failed to download the snapshot : <tgtCluster_tgtShard_1_66> [15:23:50.395] Error while waiting for third party to copy backup to /fimongo1/data : <tgtCluster_tgtShard_1_66> [15:23:50.395] Observed error when trying to mark node as ready for copy files. : <tgtCluster_tgtShard_1_66> [15:23:50.395] Got return status 404 Not Found when trying to mark node ready for copy files.",
      "hostname": "rmdb14",
      "id": "rmdb14:37017",
      "port": 37017,
      "rsId": "tgtShard_1",
      "state": "RECOVERY_IN_PROGRESS",
      "stateUpdateTime": 1790968879
    },
    {
      "error": "<tgtCluster_tgtShard_1_47> [15:24:15.795] Plan execution failed on step MakeBackupDataAvailable as part of move RestoreRsMemberFromBackupPhase1 : <tgtCluster_tgtShard_1_47> [15:24:15.795] Failed to apply action. Result = <nil> : <tgtCluster_tgtShard_1_47> [15:24:15.795] Failed to download the snapshot : <tgtCluster_tgtShard_1_47> [15:24:15.795] Error while waiting for third party to copy backup to /fimongo1/data : <tgtCluster_tgtShard_1_47> [15:24:15.795] Observed error when trying to mark node as ready for copy files. : <tgtCluster_tgtShard_1_47> [15:24:15.795] Got return status 404 Not Found when trying to mark node ready for copy files.",
      "hostname": "rmdb9",
      "id": "rmdb9:37017",
      "port": 37017,
      "rsId": "tgtShard_1",
      "state": "RECOVERY_IN_PROGRESS",
      "stateUpdateTime": 1790968923
    },
    {
      "error": "<tgtCluster_tgtShard_1_46> [15:23:59.656] Plan execution failed on step MakeBackupDataAvailable as part of move RestoreRsMemberFromBackupPhase1 : <tgtCluster_tgtShard_1_46> [15:23:59.656] Failed to apply action. Result = <nil> : <tgtCluster_tgtShard_1_46> [15:23:59.656] Failed to download the snapshot : <tgtCluster_tgtShard_1_46> [15:23:59.656] Error while waiting for third party to copy backup to /fimongo1/data : <tgtCluster_tgtShard_1_46> [15:23:59.656] Observed error when trying to mark node as ready for copy files. : <tgtCluster_tgtShard_1_46> [15:23:59.656] Got return status 404 Not Found when trying to mark node ready for copy files.",
      "hostname": "rmdb4",
      "id": "rmdb4:37017",
      "port": 37017,
      "rsId": "tgtShard_1",
      "state": "RECOVERY_IN_PROGRESS",
      "stateUpdateTime": 1790968901
    },
    {
      "error": "<tgtCluster_tgtShard_1_45> [15:23:59.866] Plan execution failed on step MakeBackupDataAvailable as part of move RestoreRsMemberFromBackupPhase1 : <tgtCluster_tgtShard_1_45> [15:23:59.866] Failed to apply action. Result = <nil> : <tgtCluster_tgtShard_1_45> [15:23:59.866] Failed to download the snapshot : <tgtCluster_tgtShard_1_45> [15:23:59.866] Error while waiting for third party to copy backup to /fimongo1/data : <tgtCluster_tgtShard_1_45> [15:23:59.866] Observed error when trying to mark node as ready for copy files. : <tgtCluster_tgtShard_1_45> [15:23:59.866] Got return status 404 Not Found when trying to mark node ready for copy files.",
      "hostname": "rmdb2",
      "id": "rmdb2:37017",
      "port": 37017,
      "rsId": "tgtShard_1",
      "state": "RECOVERY_IN_PROGRESS",
      "stateUpdateTime": 1790968681
    },
    {
      "error": "<tgtCluster_tgtShard_0_44> [15:23:52.544] Plan execution failed on step MakeBackupDataAvailable as part of move RestoreRsMemberFromBackupPhase1 : <tgtCluster_tgtShard_0_44> [15:23:52.544] Failed to apply action. Result = <nil> : <tgtCluster_tgtShard_0_44> [15:23:52.544] Failed to download the snapshot : <tgtCluster_tgtShard_0_44> [15:23:52.543] Error while waiting for third party to copy backup to /fimongo1/data : <tgtCluster_tgtShard_0_44> [15:23:52.543] Observed error when trying to mark node as ready for copy files. : <tgtCluster_tgtShard_0_44> [15:23:52.543] Got return status 404 Not Found when trying to mark node ready for copy files.",
      "hostname": "rmdb8",
      "id": "rmdb8:37017",
      "port": 37017,
      "rsId": "tgtShard_0",
      "state": "RECOVERY_IN_PROGRESS",
      "stateUpdateTime": 1790968530
    },
    {
      "error": null,
      "hostname": "rmdb13",
      "id": "rmdb13:37017",
      "port": 37017,
      "rsId": "tgtShard_0",
      "state": "RECOVERY_IN_PROGRESS",
      "stateUpdateTime": 1790917247
    },
    {
      "error": "<tgtCluster_tgtShard_0_42> [15:24:00.595] Plan execution failed on step MakeBackupDataAvailable as part of move RestoreRsMemberFromBackupPhase1 : <tgtCluster_tgtShard_0_42> [15:24:00.595] Failed to apply action. Result = <nil> : <tgtCluster_tgtShard_0_42> [15:24:00.595] Failed to download the snapshot : <tgtCluster_tgtShard_0_42> [15:24:00.595] Error while waiting for third party to copy backup to /fimongo1/data : <tgtCluster_tgtShard_0_42> [15:24:00.595] Observed error when trying to mark node as ready for copy files. : <tgtCluster_tgtShard_0_42> [15:24:00.595] Got return status 404 Not Found when trying to mark node ready for copy files.",
      "hostname": "rmdb1",
      "id": "rmdb1:37017",
      "port": 37017,
      "rsId": "tgtShard_0",
      "state": "RECOVERY_IN_PROGRESS",
      "stateUpdateTime": 1790963978
    },
    {
      "error": "<tgtCluster_tgtShard_0_43> [15:23:44.101] Plan execution failed on step MakeBackupDataAvailable as part of move RestoreRsMemberFromBackupPhase1 : <tgtCluster_tgtShard_0_43> [15:23:44.101] Failed to apply action. Result = <nil> : <tgtCluster_tgtShard_0_43> [15:23:44.101] Failed to download the snapshot : <tgtCluster_tgtShard_0_43> [15:23:44.101] Error while waiting for third party to copy backup to /fimongo1/data : <tgtCluster_tgtShard_0_43> [15:23:44.101] Observed error when trying to mark node as ready for copy files. : <tgtCluster_tgtShard_0_43> [15:23:44.101] Got return status 404 Not Found when trying to mark node ready for copy files.",
      "hostname": "rmdb3",
      "id": "rmdb3:37017",
      "port": 37017,
      "rsId": "tgtShard_0",
      "state": "RECOVERY_IN_PROGRESS",
      "stateUpdateTime": 1790967977
    },
    {
      "error": null,
      "hostname": "rmdb11",
      "id": "rmdb11:37017",
      "port": 37017,
      "rsId": "tgtShard_0",
      "state": "RECOVERY_IN_PROGRESS",
      "stateUpdateTime": 1790917218
    },
    {
      "error": null,
      "hostname": "rmdb7",
      "id": "rmdb7:37017",
      "port": 37017,
      "rsId": "tgtconfigRS",
      "state": "RECOVERY_IN_PROGRESS",
      "stateUpdateTime": 1790917195
    },
    {
      "error": null,
      "hostname": "rmdb-config1",
      "id": "rmdb-config1:37017",
      "port": 37017,
      "rsId": "tgtconfigRS",
      "state": "RECOVERY_IN_PROGRESS",
      "stateUpdateTime": 1790917145
    },
    {
      "error": null,
      "hostname": "rmdb-config2",
      "id": "rmdb-config2:37017",
      "port": 37017,
      "rsId": "tgtconfigRS",
      "state": "RECOVERY_IN_PROGRESS",
      "stateUpdateTime": 1790917166
    }
  ],
  "state": "RECOVERY_IN_PROGRESS"
}
2026-10-02 14:24:36,577 [INFO] Restore state: RECOVERY_IN_PROGRESS
2026-10-02 14:24:46,578 [DEBUG] API GET http://129.40.36.100:8080/api/public/v1.0/backup/third_party/group/6a386221ee19a6537cc68a97/restore/6abf3847457a6b80701899fb
2026-10-02 14:24:46,717 [DEBUG] STATUS 200
2026-10-02 14:24:46,717 [DEBUG] {
  "clusterMapping": [
    {
      "rsId": "sgcShard_0",
      "targetRsId": "tgtShard_0"
    },
    {
      "rsId": "sgcShard_1",
      "targetRsId": "tgtShard_1"
    },
    {
      "rsId": "configRS",
      "targetRsId": "tgtconfigRS"
    }
  ],
  "nodes": [
    {
      "error": "<tgtCluster_tgtShard_1_64> [15:24:22.506] Plan execution failed on step MarkRestoreStarted as part of move RestoreRsMemberFromBackupPhase1 : <tgtCluster_tgtShard_1_64> [15:24:22.506] Failed to apply action. Result = <nil> : <tgtCluster_tgtShard_1_64> [15:24:22.506] Error creating /fimongo1/data : <tgtCluster_tgtShard_1_64> [15:24:22.506] Error making directory = /fimongo1/data with permissions = -rwxrwxrwx : mkdir /fimongo1/data: permission denied",
      "hostname": "rmdb12",
      "id": "rmdb12:37017",
      "port": 37017,
      "rsId": "tgtShard_1",
      "state": "RECOVERY_IN_PROGRESS",
      "stateUpdateTime": 1790969076
    },
    {
      "error": "<tgtCluster_tgtShard_1_66> [15:23:50.395] Plan execution failed on step MakeBackupDataAvailable as part of move RestoreRsMemberFromBackupPhase1 : <tgtCluster_tgtShard_1_66> [15:23:50.395] Failed to apply action. Result = <nil> : <tgtCluster_tgtShard_1_66> [15:23:50.395] Failed to download the snapshot : <tgtCluster_tgtShard_1_66> [15:23:50.395] Error while waiting for third party to copy backup to /fimongo1/data : <tgtCluster_tgtShard_1_66> [15:23:50.395] Observed error when trying to mark node as ready for copy files. : <tgtCluster_tgtShard_1_66> [15:23:50.395] Got return status 404 Not Found when trying to mark node ready for copy files.",
      "hostname": "rmdb14",
      "id": "rmdb14:37017",
      "port": 37017,
      "rsId": "tgtShard_1",
      "state": "RECOVERY_IN_PROGRESS",
      "stateUpdateTime": 1790968879
    },
    {
      "error": "<tgtCluster_tgtShard_1_47> [15:24:15.795] Plan execution failed on step MakeBackupDataAvailable as part of move RestoreRsMemberFromBackupPhase1 : <tgtCluster_tgtShard_1_47> [15:24:15.795] Failed to apply action. Result = <nil> : <tgtCluster_tgtShard_1_47> [15:24:15.795] Failed to download the snapshot : <tgtCluster_tgtShard_1_47> [15:24:15.795] Error while waiting for third party to copy backup to /fimongo1/data : <tgtCluster_tgtShard_1_47> [15:24:15.795] Observed error when trying to mark node as ready for copy files. : <tgtCluster_tgtShard_1_47> [15:24:15.795] Got return status 404 Not Found when trying to mark node ready for copy files.",
      "hostname": "rmdb9",
      "id": "rmdb9:37017",
      "port": 37017,
      "rsId": "tgtShard_1",
      "state": "RECOVERY_IN_PROGRESS",
      "stateUpdateTime": 1790968923
    },
    {
      "error": "<tgtCluster_tgtShard_1_46> [15:23:59.656] Plan execution failed on step MakeBackupDataAvailable as part of move RestoreRsMemberFromBackupPhase1 : <tgtCluster_tgtShard_1_46> [15:23:59.656] Failed to apply action. Result = <nil> : <tgtCluster_tgtShard_1_46> [15:23:59.656] Failed to download the snapshot : <tgtCluster_tgtShard_1_46> [15:23:59.656] Error while waiting for third party to copy backup to /fimongo1/data : <tgtCluster_tgtShard_1_46> [15:23:59.656] Observed error when trying to mark node as ready for copy files. : <tgtCluster_tgtShard_1_46> [15:23:59.656] Got return status 404 Not Found when trying to mark node ready for copy files.",
      "hostname": "rmdb4",
      "id": "rmdb4:37017",
      "port": 37017,
      "rsId": "tgtShard_1",
      "state": "RECOVERY_IN_PROGRESS",
      "stateUpdateTime": 1790968901
    },
    {
      "error": "<tgtCluster_tgtShard_1_45> [15:23:59.866] Plan execution failed on step MakeBackupDataAvailable as part of move RestoreRsMemberFromBackupPhase1 : <tgtCluster_tgtShard_1_45> [15:23:59.866] Failed to apply action. Result = <nil> : <tgtCluster_tgtShard_1_45> [15:23:59.866] Failed to download the snapshot : <tgtCluster_tgtShard_1_45> [15:23:59.866] Error while waiting for third party to copy backup to /fimongo1/data : <tgtCluster_tgtShard_1_45> [15:23:59.866] Observed error when trying to mark node as ready for copy files. : <tgtCluster_tgtShard_1_45> [15:23:59.866] Got return status 404 Not Found when trying to mark node ready for copy files.",
      "hostname": "rmdb2",
      "id": "rmdb2:37017",
      "port": 37017,
      "rsId": "tgtShard_1",
      "state": "RECOVERY_IN_PROGRESS",
      "stateUpdateTime": 1790968681
    },
    {
      "error": "<tgtCluster_tgtShard_0_44> [15:23:52.544] Plan execution failed on step MakeBackupDataAvailable as part of move RestoreRsMemberFromBackupPhase1 : <tgtCluster_tgtShard_0_44> [15:23:52.544] Failed to apply action. Result = <nil> : <tgtCluster_tgtShard_0_44> [15:23:52.544] Failed to download the snapshot : <tgtCluster_tgtShard_0_44> [15:23:52.543] Error while waiting for third party to copy backup to /fimongo1/data : <tgtCluster_tgtShard_0_44> [15:23:52.543] Observed error when trying to mark node as ready for copy files. : <tgtCluster_tgtShard_0_44> [15:23:52.543] Got return status 404 Not Found when trying to mark node ready for copy files.",
      "hostname": "rmdb8",
      "id": "rmdb8:37017",
      "port": 37017,
      "rsId": "tgtShard_0",
      "state": "RECOVERY_IN_PROGRESS",
      "stateUpdateTime": 1790968530
    },
    {
      "error": null,
      "hostname": "rmdb13",
      "id": "rmdb13:37017",
      "port": 37017,
      "rsId": "tgtShard_0",
      "state": "RECOVERY_IN_PROGRESS",
      "stateUpdateTime": 1790917247
    },
    {
      "error": "<tgtCluster_tgtShard_0_42> [15:24:00.595] Plan execution failed on step MakeBackupDataAvailable as part of move RestoreRsMemberFromBackupPhase1 : <tgtCluster_tgtShard_0_42> [15:24:00.595] Failed to apply action. Result = <nil> : <tgtCluster_tgtShard_0_42> [15:24:00.595] Failed to download the snapshot : <tgtCluster_tgtShard_0_42> [15:24:00.595] Error while waiting for third party to copy backup to /fimongo1/data : <tgtCluster_tgtShard_0_42> [15:24:00.595] Observed error when trying to mark node as ready for copy files. : <tgtCluster_tgtShard_0_42> [15:24:00.595] Got return status 404 Not Found when trying to mark node ready for copy files.",
      "hostname": "rmdb1",
      "id": "rmdb1:37017",
      "port": 37017,
      "rsId": "tgtShard_0",
      "state": "RECOVERY_IN_PROGRESS",
      "stateUpdateTime": 1790963978
    },
    {
      "error": "<tgtCluster_tgtShard_0_43> [15:23:44.101] Plan execution failed on step MakeBackupDataAvailable as part of move RestoreRsMemberFromBackupPhase1 : <tgtCluster_tgtShard_0_43> [15:23:44.101] Failed to apply action. Result = <nil> : <tgtCluster_tgtShard_0_43> [15:23:44.101] Failed to download the snapshot : <tgtCluster_tgtShard_0_43> [15:23:44.101] Error while waiting for third party to copy backup to /fimongo1/data : <tgtCluster_tgtShard_0_43> [15:23:44.101] Observed error when trying to mark node as ready for copy files. : <tgtCluster_tgtShard_0_43> [15:23:44.101] Got return status 404 Not Found when trying to mark node ready for copy files.",
      "hostname": "rmdb3",
      "id": "rmdb3:37017",
      "port": 37017,
      "rsId": "tgtShard_0",
      "state": "RECOVERY_IN_PROGRESS",
      "stateUpdateTime": 1790967977
    },
    {
      "error": null,
      "hostname": "rmdb11",
      "id": "rmdb11:37017",
      "port": 37017,
      "rsId": "tgtShard_0",
      "state": "RECOVERY_IN_PROGRESS",
      "stateUpdateTime": 1790917218
    },
    {
      "error": null,
      "hostname": "rmdb7",
      "id": "rmdb7:37017",
      "port": 37017,
      "rsId": "tgtconfigRS",
      "state": "RECOVERY_IN_PROGRESS",
      "stateUpdateTime": 1790917195
    },
    {
      "error": null,
      "hostname": "rmdb-config1",
      "id": "rmdb-config1:37017",
      "port": 37017,
      "rsId": "tgtconfigRS",
      "state": "RECOVERY_IN_PROGRESS",
      "stateUpdateTime": 1790917145
    },
    {
      "error": null,
      "hostname": "rmdb-config2",
      "id": "rmdb-config2:37017",
      "port": 37017,
      "rsId": "tgtconfigRS",
      "state": "RECOVERY_IN_PROGRESS",
      "stateUpdateTime": 1790917166
    }
  ],
  "state": "RECOVERY_IN_PROGRESS"
}
2026-10-02 14:24:46,717 [INFO] Restore state: RECOVERY_IN_PROGRESS
2026-10-02 14:24:56,718 [DEBUG] API GET http://129.40.36.100:8080/api/public/v1.0/backup/third_party/group/6a386221ee19a6537cc68a97/restore/6abf3847457a6b80701899fb
2026-10-02 14:24:56,908 [DEBUG] STATUS 200
2026-10-02 14:24:56,909 [DEBUG] {
  "clusterMapping": [
    {
      "rsId": "sgcShard_0",
      "targetRsId": "tgtShard_0"
    },
    {
      "rsId": "sgcShard_1",
      "targetRsId": "tgtShard_1"
    },
    {
      "rsId": "configRS",
      "targetRsId": "tgtconfigRS"
    }
  ],
  "nodes": [
    {
      "error": "<tgtCluster_tgtShard_1_64> [15:24:22.506] Plan execution failed on step MarkRestoreStarted as part of move RestoreRsMemberFromBackupPhase1 : <tgtCluster_tgtShard_1_64> [15:24:22.506] Failed to apply action. Result = <nil> : <tgtCluster_tgtShard_1_64> [15:24:22.506] Error creating /fimongo1/data : <tgtCluster_tgtShard_1_64> [15:24:22.506] Error making directory = /fimongo1/data with permissions = -rwxrwxrwx : mkdir /fimongo1/data: permission denied",
      "hostname": "rmdb12",
      "id": "rmdb12:37017",
      "port": 37017,
      "rsId": "tgtShard_1",
      "state": "RECOVERY_IN_PROGRESS",
      "stateUpdateTime": 1790969076
    },
    {
      "error": "<tgtCluster_tgtShard_1_66> [15:24:51.932] Plan execution failed on step MakeBackupDataAvailable as part of move RestoreRsMemberFromBackupPhase1 : <tgtCluster_tgtShard_1_66> [15:24:51.932] Failed to apply action. Result = <nil> : <tgtCluster_tgtShard_1_66> [15:24:51.931] Failed to download the snapshot : <tgtCluster_tgtShard_1_66> [15:24:51.931] Error while waiting for third party to copy backup to /fimongo1/data : <tgtCluster_tgtShard_1_66> [15:24:51.931] Observed error when trying to mark node as ready for copy files. : <tgtCluster_tgtShard_1_66> [15:24:51.931] Got return status 404 Not Found when trying to mark node ready for copy files.",
      "hostname": "rmdb14",
      "id": "rmdb14:37017",
      "port": 37017,
      "rsId": "tgtShard_1",
      "state": "RECOVERY_IN_PROGRESS",
      "stateUpdateTime": 1790968879
    },
    {
      "error": "<tgtCluster_tgtShard_1_47> [15:24:15.795] Plan execution failed on step MakeBackupDataAvailable as part of move RestoreRsMemberFromBackupPhase1 : <tgtCluster_tgtShard_1_47> [15:24:15.795] Failed to apply action. Result = <nil> : <tgtCluster_tgtShard_1_47> [15:24:15.795] Failed to download the snapshot : <tgtCluster_tgtShard_1_47> [15:24:15.795] Error while waiting for third party to copy backup to /fimongo1/data : <tgtCluster_tgtShard_1_47> [15:24:15.795] Observed error when trying to mark node as ready for copy files. : <tgtCluster_tgtShard_1_47> [15:24:15.795] Got return status 404 Not Found when trying to mark node ready for copy files.",
      "hostname": "rmdb9",
      "id": "rmdb9:37017",
      "port": 37017,
      "rsId": "tgtShard_1",
      "state": "RECOVERY_IN_PROGRESS",
      "stateUpdateTime": 1790968923
    },
    {
      "error": "<tgtCluster_tgtShard_1_46> [15:23:59.656] Plan execution failed on step MakeBackupDataAvailable as part of move RestoreRsMemberFromBackupPhase1 : <tgtCluster_tgtShard_1_46> [15:23:59.656] Failed to apply action. Result = <nil> : <tgtCluster_tgtShard_1_46> [15:23:59.656] Failed to download the snapshot : <tgtCluster_tgtShard_1_46> [15:23:59.656] Error while waiting for third party to copy backup to /fimongo1/data : <tgtCluster_tgtShard_1_46> [15:23:59.656] Observed error when trying to mark node as ready for copy files. : <tgtCluster_tgtShard_1_46> [15:23:59.656] Got return status 404 Not Found when trying to mark node ready for copy files.",
      "hostname": "rmdb4",
      "id": "rmdb4:37017",
      "port": 37017,
      "rsId": "tgtShard_1",
      "state": "RECOVERY_IN_PROGRESS",
      "stateUpdateTime": 1790968901
    },
    {
      "error": "<tgtCluster_tgtShard_1_45> [15:23:59.866] Plan execution failed on step MakeBackupDataAvailable as part of move RestoreRsMemberFromBackupPhase1 : <tgtCluster_tgtShard_1_45> [15:23:59.866] Failed to apply action. Result = <nil> : <tgtCluster_tgtShard_1_45> [15:23:59.866] Failed to download the snapshot : <tgtCluster_tgtShard_1_45> [15:23:59.866] Error while waiting for third party to copy backup to /fimongo1/data : <tgtCluster_tgtShard_1_45> [15:23:59.866] Observed error when trying to mark node as ready for copy files. : <tgtCluster_tgtShard_1_45> [15:23:59.866] Got return status 404 Not Found when trying to mark node ready for copy files.",
      "hostname": "rmdb2",
      "id": "rmdb2:37017",
      "port": 37017,
      "rsId": "tgtShard_1",
      "state": "RECOVERY_IN_PROGRESS",
      "stateUpdateTime": 1790968681
    },
    {
      "error": "<tgtCluster_tgtShard_0_44> [15:24:53.481] Plan execution failed on step MakeBackupDataAvailable as part of move RestoreRsMemberFromBackupPhase1 : <tgtCluster_tgtShard_0_44> [15:24:53.481] Failed to apply action. Result = <nil> : <tgtCluster_tgtShard_0_44> [15:24:53.481] Failed to download the snapshot : <tgtCluster_tgtShard_0_44> [15:24:53.481] Error while waiting for third party to copy backup to /fimongo1/data : <tgtCluster_tgtShard_0_44> [15:24:53.481] Observed error when trying to mark node as ready for copy files. : <tgtCluster_tgtShard_0_44> [15:24:53.481] Got return status 404 Not Found when trying to mark node ready for copy files.",
      "hostname": "rmdb8",
      "id": "rmdb8:37017",
      "port": 37017,
      "rsId": "tgtShard_0",
      "state": "RECOVERY_IN_PROGRESS",
      "stateUpdateTime": 1790968530
    },
    {
      "error": null,
      "hostname": "rmdb13",
      "id": "rmdb13:37017",
      "port": 37017,
      "rsId": "tgtShard_0",
      "state": "RECOVERY_IN_PROGRESS",
      "stateUpdateTime": 1790917247
    },
    {
      "error": "<tgtCluster_tgtShard_0_42> [15:24:00.595] Plan execution failed on step MakeBackupDataAvailable as part of move RestoreRsMemberFromBackupPhase1 : <tgtCluster_tgtShard_0_42> [15:24:00.595] Failed to apply action. Result = <nil> : <tgtCluster_tgtShard_0_42> [15:24:00.595] Failed to download the snapshot : <tgtCluster_tgtShard_0_42> [15:24:00.595] Error while waiting for third party to copy backup to /fimongo1/data : <tgtCluster_tgtShard_0_42> [15:24:00.595] Observed error when trying to mark node as ready for copy files. : <tgtCluster_tgtShard_0_42> [15:24:00.595] Got return status 404 Not Found when trying to mark node ready for copy files.",
      "hostname": "rmdb1",
      "id": "rmdb1:37017",
      "port": 37017,
      "rsId": "tgtShard_0",
      "state": "RECOVERY_IN_PROGRESS",
      "stateUpdateTime": 1790963978
    },
    {
      "error": "<tgtCluster_tgtShard_0_43> [15:24:45.227] Plan execution failed on step MakeBackupDataAvailable as part of move RestoreRsMemberFromBackupPhase1 : <tgtCluster_tgtShard_0_43> [15:24:45.227] Failed to apply action. Result = <nil> : <tgtCluster_tgtShard_0_43> [15:24:45.226] Failed to download the snapshot : <tgtCluster_tgtShard_0_43> [15:24:45.226] Error while waiting for third party to copy backup to /fimongo1/data : <tgtCluster_tgtShard_0_43> [15:24:45.226] Observed error when trying to mark node as ready for copy files. : <tgtCluster_tgtShard_0_43> [15:24:45.226] Got return status 404 Not Found when trying to mark node ready for copy files.",
      "hostname": "rmdb3",
      "id": "rmdb3:37017",
      "port": 37017,
      "rsId": "tgtShard_0",
      "state": "RECOVERY_IN_PROGRESS",
      "stateUpdateTime": 1790967977
    },
    {
      "error": null,
      "hostname": "rmdb11",
      "id": "rmdb11:37017",
      "port": 37017,
      "rsId": "tgtShard_0",
      "state": "RECOVERY_IN_PROGRESS",
      "stateUpdateTime": 1790917218
    },
    {
      "error": null,
      "hostname": "rmdb7",
      "id": "rmdb7:37017",
      "port": 37017,
      "rsId": "tgtconfigRS",
      "state": "RECOVERY_IN_PROGRESS",
      "stateUpdateTime": 1790917195
    },
    {
      "error": null,
      "hostname": "rmdb-config1",
      "id": "rmdb-config1:37017",
      "port": 37017,
      "rsId": "tgtconfigRS",
      "state": "RECOVERY_IN_PROGRESS",
      "stateUpdateTime": 1790917145
    },
    {
      "error": null,
      "hostname": "rmdb-config2",
      "id": "rmdb-config2:37017",
      "port": 37017,
      "rsId": "tgtconfigRS",
      "state": "RECOVERY_IN_PROGRESS",
      "stateUpdateTime": 1790917166
    }
  ],
  "state": "RECOVERY_IN_PROGRESS"
}
2026-10-02 14:24:56,909 [INFO] Restore state: RECOVERY_IN_PROGRESS
2026-10-02 14:25:06,909 [DEBUG] API GET http://129.40.36.100:8080/api/public/v1.0/backup/third_party/group/6a386221ee19a6537cc68a97/restore/6abf3847457a6b80701899fb
2026-10-02 14:25:07,053 [DEBUG] STATUS 200
2026-10-02 14:25:07,054 [DEBUG] {
  "clusterMapping": [
    {
      "rsId": "sgcShard_0",
      "targetRsId": "tgtShard_0"
    },
    {
      "rsId": "sgcShard_1",
      "targetRsId": "tgtShard_1"
    },
    {
      "rsId": "configRS",
      "targetRsId": "tgtconfigRS"
    }
  ],
  "nodes": [
    {
      "error": "<tgtCluster_tgtShard_1_64> [15:24:22.506] Plan execution failed on step MarkRestoreStarted as part of move RestoreRsMemberFromBackupPhase1 : <tgtCluster_tgtShard_1_64> [15:24:22.506] Failed to apply action. Result = <nil> : <tgtCluster_tgtShard_1_64> [15:24:22.506] Error creating /fimongo1/data : <tgtCluster_tgtShard_1_64> [15:24:22.506] Error making directory = /fimongo1/data with permissions = -rwxrwxrwx : mkdir /fimongo1/data: permission denied",
      "hostname": "rmdb12",
      "id": "rmdb12:37017",
      "port": 37017,
      "rsId": "tgtShard_1",
      "state": "RECOVERY_IN_PROGRESS",
      "stateUpdateTime": 1790969076
    },
    {
      "error": "<tgtCluster_tgtShard_1_66> [15:24:51.932] Plan execution failed on step MakeBackupDataAvailable as part of move RestoreRsMemberFromBackupPhase1 : <tgtCluster_tgtShard_1_66> [15:24:51.932] Failed to apply action. Result = <nil> : <tgtCluster_tgtShard_1_66> [15:24:51.931] Failed to download the snapshot : <tgtCluster_tgtShard_1_66> [15:24:51.931] Error while waiting for third party to copy backup to /fimongo1/data : <tgtCluster_tgtShard_1_66> [15:24:51.931] Observed error when trying to mark node as ready for copy files. : <tgtCluster_tgtShard_1_66> [15:24:51.931] Got return status 404 Not Found when trying to mark node ready for copy files.",
      "hostname": "rmdb14",
      "id": "rmdb14:37017",
      "port": 37017,
      "rsId": "tgtShard_1",
      "state": "RECOVERY_IN_PROGRESS",
      "stateUpdateTime": 1790968879
    },
    {
      "error": "<tgtCluster_tgtShard_1_47> [15:24:15.795] Plan execution failed on step MakeBackupDataAvailable as part of move RestoreRsMemberFromBackupPhase1 : <tgtCluster_tgtShard_1_47> [15:24:15.795] Failed to apply action. Result = <nil> : <tgtCluster_tgtShard_1_47> [15:24:15.795] Failed to download the snapshot : <tgtCluster_tgtShard_1_47> [15:24:15.795] Error while waiting for third party to copy backup to /fimongo1/data : <tgtCluster_tgtShard_1_47> [15:24:15.795] Observed error when trying to mark node as ready for copy files. : <tgtCluster_tgtShard_1_47> [15:24:15.795] Got return status 404 Not Found when trying to mark node ready for copy files.",
      "hostname": "rmdb9",
      "id": "rmdb9:37017",
      "port": 37017,
      "rsId": "tgtShard_1",
      "state": "RECOVERY_IN_PROGRESS",
      "stateUpdateTime": 1790968923
    },
    {
      "error": "<tgtCluster_tgtShard_1_46> [15:25:01.728] Plan execution failed on step MakeBackupDataAvailable as part of move RestoreRsMemberFromBackupPhase1 : <tgtCluster_tgtShard_1_46> [15:25:01.728] Failed to apply action. Result = <nil> : <tgtCluster_tgtShard_1_46> [15:25:01.728] Failed to download the snapshot : <tgtCluster_tgtShard_1_46> [15:25:01.728] Error while waiting for third party to copy backup to /fimongo1/data : <tgtCluster_tgtShard_1_46> [15:25:01.728] Observed error when trying to mark node as ready for copy files. : <tgtCluster_tgtShard_1_46> [15:25:01.728] Got return status 404 Not Found when trying to mark node ready for copy files.",
      "hostname": "rmdb4",
      "id": "rmdb4:37017",
      "port": 37017,
      "rsId": "tgtShard_1",
      "state": "RECOVERY_IN_PROGRESS",
      "stateUpdateTime": 1790968901
    },
    {
      "error": "<tgtCluster_tgtShard_1_45> [15:23:59.866] Plan execution failed on step MakeBackupDataAvailable as part of move RestoreRsMemberFromBackupPhase1 : <tgtCluster_tgtShard_1_45> [15:23:59.866] Failed to apply action. Result = <nil> : <tgtCluster_tgtShard_1_45> [15:23:59.866] Failed to download the snapshot : <tgtCluster_tgtShard_1_45> [15:23:59.866] Error while waiting for third party to copy backup to /fimongo1/data : <tgtCluster_tgtShard_1_45> [15:23:59.866] Observed error when trying to mark node as ready for copy files. : <tgtCluster_tgtShard_1_45> [15:23:59.866] Got return status 404 Not Found when trying to mark node ready for copy files.",
      "hostname": "rmdb2",
      "id": "rmdb2:37017",
      "port": 37017,
      "rsId": "tgtShard_1",
      "state": "RECOVERY_IN_PROGRESS",
      "stateUpdateTime": 1790968681
    },
    {
      "error": "<tgtCluster_tgtShard_0_44> [15:24:53.481] Plan execution failed on step MakeBackupDataAvailable as part of move RestoreRsMemberFromBackupPhase1 : <tgtCluster_tgtShard_0_44> [15:24:53.481] Failed to apply action. Result = <nil> : <tgtCluster_tgtShard_0_44> [15:24:53.481] Failed to download the snapshot : <tgtCluster_tgtShard_0_44> [15:24:53.481] Error while waiting for third party to copy backup to /fimongo1/data : <tgtCluster_tgtShard_0_44> [15:24:53.481] Observed error when trying to mark node as ready for copy files. : <tgtCluster_tgtShard_0_44> [15:24:53.481] Got return status 404 Not Found when trying to mark node ready for copy files.",
      "hostname": "rmdb8",
      "id": "rmdb8:37017",
      "port": 37017,
      "rsId": "tgtShard_0",
      "state": "RECOVERY_IN_PROGRESS",
      "stateUpdateTime": 1790968530
    },
    {
      "error": null,
      "hostname": "rmdb13",
      "id": "rmdb13:37017",
      "port": 37017,
      "rsId": "tgtShard_0",
      "state": "RECOVERY_IN_PROGRESS",
      "stateUpdateTime": 1790917247
    },
    {
      "error": "<tgtCluster_tgtShard_0_42> [15:24:00.595] Plan execution failed on step MakeBackupDataAvailable as part of move RestoreRsMemberFromBackupPhase1 : <tgtCluster_tgtShard_0_42> [15:24:00.595] Failed to apply action. Result = <nil> : <tgtCluster_tgtShard_0_42> [15:24:00.595] Failed to download the snapshot : <tgtCluster_tgtShard_0_42> [15:24:00.595] Error while waiting for third party to copy backup to /fimongo1/data : <tgtCluster_tgtShard_0_42> [15:24:00.595] Observed error when trying to mark node as ready for copy files. : <tgtCluster_tgtShard_0_42> [15:24:00.595] Got return status 404 Not Found when trying to mark node ready for copy files.",
      "hostname": "rmdb1",
      "id": "rmdb1:37017",
      "port": 37017,
      "rsId": "tgtShard_0",
      "state": "RECOVERY_IN_PROGRESS",
      "stateUpdateTime": 1790963978
    },
    {
      "error": "<tgtCluster_tgtShard_0_43> [15:24:45.227] Plan execution failed on step MakeBackupDataAvailable as part of move RestoreRsMemberFromBackupPhase1 : <tgtCluster_tgtShard_0_43> [15:24:45.227] Failed to apply action. Result = <nil> : <tgtCluster_tgtShard_0_43> [15:24:45.226] Failed to download the snapshot : <tgtCluster_tgtShard_0_43> [15:24:45.226] Error while waiting for third party to copy backup to /fimongo1/data : <tgtCluster_tgtShard_0_43> [15:24:45.226] Observed error when trying to mark node as ready for copy files. : <tgtCluster_tgtShard_0_43> [15:24:45.226] Got return status 404 Not Found when trying to mark node ready for copy files.",
      "hostname": "rmdb3",
      "id": "rmdb3:37017",
      "port": 37017,
      "rsId": "tgtShard_0",
      "state": "RECOVERY_IN_PROGRESS",
      "stateUpdateTime": 1790967977
    },
    {
      "error": null,
      "hostname": "rmdb11",
      "id": "rmdb11:37017",
      "port": 37017,
      "rsId": "tgtShard_0",
      "state": "RECOVERY_IN_PROGRESS",
      "stateUpdateTime": 1790917218
    },
    {
      "error": null,
      "hostname": "rmdb7",
      "id": "rmdb7:37017",
      "port": 37017,
      "rsId": "tgtconfigRS",
      "state": "RECOVERY_IN_PROGRESS",
      "stateUpdateTime": 1790917195
    },
    {
      "error": null,
      "hostname": "rmdb-config1",
      "id": "rmdb-config1:37017",
      "port": 37017,
      "rsId": "tgtconfigRS",
      "state": "RECOVERY_IN_PROGRESS",
      "stateUpdateTime": 1790917145
    },
    {
      "error": null,
      "hostname": "rmdb-config2",
      "id": "rmdb-config2:37017",
      "port": 37017,
      "rsId": "tgtconfigRS",
      "state": "RECOVERY_IN_PROGRESS",
      "stateUpdateTime": 1790917166
    }
  ],
  "state": "RECOVERY_IN_PROGRESS"
}
2026-10-02 14:25:07,054 [INFO] Restore state: RECOVERY_IN_PROGRESS
2026-10-02 14:25:17,054 [DEBUG] API GET http://129.40.36.100:8080/api/public/v1.0/backup/third_party/group/6a386221ee19a6537cc68a97/restore/6abf3847457a6b80701899fb
2026-10-02 14:25:17,212 [DEBUG] STATUS 200
2026-10-02 14:25:17,212 [DEBUG] {
  "clusterMapping": [
    {
      "rsId": "sgcShard_0",
      "targetRsId": "tgtShard_0"
    },
    {
      "rsId": "sgcShard_1",
      "targetRsId": "tgtShard_1"
    },
    {
      "rsId": "configRS",
      "targetRsId": "tgtconfigRS"
    }
  ],
  "nodes": [
    {
      "error": "<tgtCluster_tgtShard_1_64> [15:24:22.506] Plan execution failed on step MarkRestoreStarted as part of move RestoreRsMemberFromBackupPhase1 : <tgtCluster_tgtShard_1_64> [15:24:22.506] Failed to apply action. Result = <nil> : <tgtCluster_tgtShard_1_64> [15:24:22.506] Error creating /fimongo1/data : <tgtCluster_tgtShard_1_64> [15:24:22.506] Error making directory = /fimongo1/data with permissions = -rwxrwxrwx : mkdir /fimongo1/data: permission denied",
      "hostname": "rmdb12",
      "id": "rmdb12:37017",
      "port": 37017,
      "rsId": "tgtShard_1",
      "state": "RECOVERY_IN_PROGRESS",
      "stateUpdateTime": 1790969076
    },
    {
      "error": "<tgtCluster_tgtShard_1_66> [15:24:51.932] Plan execution failed on step MakeBackupDataAvailable as part of move RestoreRsMemberFromBackupPhase1 : <tgtCluster_tgtShard_1_66> [15:24:51.932] Failed to apply action. Result = <nil> : <tgtCluster_tgtShard_1_66> [15:24:51.931] Failed to download the snapshot : <tgtCluster_tgtShard_1_66> [15:24:51.931] Error while waiting for third party to copy backup to /fimongo1/data : <tgtCluster_tgtShard_1_66> [15:24:51.931] Observed error when trying to mark node as ready for copy files. : <tgtCluster_tgtShard_1_66> [15:24:51.931] Got return status 404 Not Found when trying to mark node ready for copy files.",
      "hostname": "rmdb14",
      "id": "rmdb14:37017",
      "port": 37017,
      "rsId": "tgtShard_1",
      "state": "RECOVERY_IN_PROGRESS",
      "stateUpdateTime": 1790968879
    },
    {
      "error": null,
      "hostname": "rmdb9",
      "id": "rmdb9:37017",
      "port": 37017,
      "rsId": "tgtShard_1",
      "state": "RECOVERY_IN_PROGRESS",
      "stateUpdateTime": 1790968923
    },
    {
      "error": "<tgtCluster_tgtShard_1_46> [15:25:01.728] Plan execution failed on step MakeBackupDataAvailable as part of move RestoreRsMemberFromBackupPhase1 : <tgtCluster_tgtShard_1_46> [15:25:01.728] Failed to apply action. Result = <nil> : <tgtCluster_tgtShard_1_46> [15:25:01.728] Failed to download the snapshot : <tgtCluster_tgtShard_1_46> [15:25:01.728] Error while waiting for third party to copy backup to /fimongo1/data : <tgtCluster_tgtShard_1_46> [15:25:01.728] Observed error when trying to mark node as ready for copy files. : <tgtCluster_tgtShard_1_46> [15:25:01.728] Got return status 404 Not Found when trying to mark node ready for copy files.",
      "hostname": "rmdb4",
      "id": "rmdb4:37017",
      "port": 37017,
      "rsId": "tgtShard_1",
      "state": "RECOVERY_IN_PROGRESS",
      "stateUpdateTime": 1790968901
    },
    {
      "error": "<tgtCluster_tgtShard_1_45> [15:25:01.407] Plan execution failed on step MakeBackupDataAvailable as part of move RestoreRsMemberFromBackupPhase1 : <tgtCluster_tgtShard_1_45> [15:25:01.407] Failed to apply action. Result = <nil> : <tgtCluster_tgtShard_1_45> [15:25:01.407] Failed to download the snapshot : <tgtCluster_tgtShard_1_45> [15:25:01.407] Error while waiting for third party to copy backup to /fimongo1/data : <tgtCluster_tgtShard_1_45> [15:25:01.407] Observed error when trying to mark node as ready for copy files. : <tgtCluster_tgtShard_1_45> [15:25:01.407] Got return status 404 Not Found when trying to mark node ready for copy files.",
      "hostname": "rmdb2",
      "id": "rmdb2:37017",
      "port": 37017,
      "rsId": "tgtShard_1",
      "state": "RECOVERY_IN_PROGRESS",
      "stateUpdateTime": 1790968681
    },
    {
      "error": "<tgtCluster_tgtShard_0_44> [15:24:53.481] Plan execution failed on step MakeBackupDataAvailable as part of move RestoreRsMemberFromBackupPhase1 : <tgtCluster_tgtShard_0_44> [15:24:53.481] Failed to apply action. Result = <nil> : <tgtCluster_tgtShard_0_44> [15:24:53.481] Failed to download the snapshot : <tgtCluster_tgtShard_0_44> [15:24:53.481] Error while waiting for third party to copy backup to /fimongo1/data : <tgtCluster_tgtShard_0_44> [15:24:53.481] Observed error when trying to mark node as ready for copy files. : <tgtCluster_tgtShard_0_44> [15:24:53.481] Got return status 404 Not Found when trying to mark node ready for copy files.",
      "hostname": "rmdb8",
      "id": "rmdb8:37017",
      "port": 37017,
      "rsId": "tgtShard_0",
      "state": "RECOVERY_IN_PROGRESS",
      "stateUpdateTime": 1790968530
    },
    {
      "error": null,
      "hostname": "rmdb13",
      "id": "rmdb13:37017",
      "port": 37017,
      "rsId": "tgtShard_0",
      "state": "RECOVERY_IN_PROGRESS",
      "stateUpdateTime": 1790917247
    },
    {
      "error": "<tgtCluster_tgtShard_0_42> [15:25:01.533] Plan execution failed on step MakeBackupDataAvailable as part of move RestoreRsMemberFromBackupPhase1 : <tgtCluster_tgtShard_0_42> [15:25:01.533] Failed to apply action. Result = <nil> : <tgtCluster_tgtShard_0_42> [15:25:01.533] Failed to download the snapshot : <tgtCluster_tgtShard_0_42> [15:25:01.533] Error while waiting for third party to copy backup to /fimongo1/data : <tgtCluster_tgtShard_0_42> [15:25:01.533] Observed error when trying to mark node as ready for copy files. : <tgtCluster_tgtShard_0_42> [15:25:01.533] Got return status 404 Not Found when trying to mark node ready for copy files.",
      "hostname": "rmdb1",
      "id": "rmdb1:37017",
      "port": 37017,
      "rsId": "tgtShard_0",
      "state": "RECOVERY_IN_PROGRESS",
      "stateUpdateTime": 1790963978
    },
    {
      "error": "<tgtCluster_tgtShard_0_43> [15:24:45.227] Plan execution failed on step MakeBackupDataAvailable as part of move RestoreRsMemberFromBackupPhase1 : <tgtCluster_tgtShard_0_43> [15:24:45.227] Failed to apply action. Result = <nil> : <tgtCluster_tgtShard_0_43> [15:24:45.226] Failed to download the snapshot : <tgtCluster_tgtShard_0_43> [15:24:45.226] Error while waiting for third party to copy backup to /fimongo1/data : <tgtCluster_tgtShard_0_43> [15:24:45.226] Observed error when trying to mark node as ready for copy files. : <tgtCluster_tgtShard_0_43> [15:24:45.226] Got return status 404 Not Found when trying to mark node ready for copy files.",
      "hostname": "rmdb3",
      "id": "rmdb3:37017",
      "port": 37017,
      "rsId": "tgtShard_0",
      "state": "RECOVERY_IN_PROGRESS",
      "stateUpdateTime": 1790967977
    },
    {
      "error": null,
      "hostname": "rmdb11",
      "id": "rmdb11:37017",
      "port": 37017,
      "rsId": "tgtShard_0",
      "state": "RECOVERY_IN_PROGRESS",
      "stateUpdateTime": 1790917218
    },
    {
      "error": null,
      "hostname": "rmdb7",
      "id": "rmdb7:37017",
      "port": 37017,
      "rsId": "tgtconfigRS",
      "state": "RECOVERY_IN_PROGRESS",
      "stateUpdateTime": 1790917195
    },
    {
      "error": null,
      "hostname": "rmdb-config1",
      "id": "rmdb-config1:37017",
      "port": 37017,
      "rsId": "tgtconfigRS",
      "state": "RECOVERY_IN_PROGRESS",
      "stateUpdateTime": 1790917145
    },
    {
      "error": null,
      "hostname": "rmdb-config2",
      "id": "rmdb-config2:37017",
      "port": 37017,
      "rsId": "tgtconfigRS",
      "state": "RECOVERY_IN_PROGRESS",
      "stateUpdateTime": 1790917166
    }
  ],
  "state": "RECOVERY_IN_PROGRESS"
}
2026-10-02 14:25:17,213 [INFO] Restore state: RECOVERY_IN_PROGRESS
2026-10-02 14:25:27,213 [DEBUG] API GET http://129.40.36.100:8080/api/public/v1.0/backup/third_party/group/6a386221ee19a6537cc68a97/restore/6abf3847457a6b80701899fb
2026-10-02 14:25:27,354 [DEBUG] STATUS 200
2026-10-02 14:25:27,354 [DEBUG] {
  "clusterMapping": [
    {
      "rsId": "sgcShard_0",
      "targetRsId": "tgtShard_0"
    },
    {
      "rsId": "sgcShard_1",
      "targetRsId": "tgtShard_1"
    },
    {
      "rsId": "configRS",
      "targetRsId": "tgtconfigRS"
    }
  ],
  "nodes": [
    {
      "error": "<tgtCluster_tgtShard_1_64> [15:24:22.506] Plan execution failed on step MarkRestoreStarted as part of move RestoreRsMemberFromBackupPhase1 : <tgtCluster_tgtShard_1_64> [15:24:22.506] Failed to apply action. Result = <nil> : <tgtCluster_tgtShard_1_64> [15:24:22.506] Error creating /fimongo1/data : <tgtCluster_tgtShard_1_64> [15:24:22.506] Error making directory = /fimongo1/data with permissions = -rwxrwxrwx : mkdir /fimongo1/data: permission denied",
      "hostname": "rmdb12",
      "id": "rmdb12:37017",
      "port": 37017,
      "rsId": "tgtShard_1",
      "state": "RECOVERY_IN_PROGRESS",
      "stateUpdateTime": 1790969076
    },
    {
      "error": "<tgtCluster_tgtShard_1_66> [15:24:51.932] Plan execution failed on step MakeBackupDataAvailable as part of move RestoreRsMemberFromBackupPhase1 : <tgtCluster_tgtShard_1_66> [15:24:51.932] Failed to apply action. Result = <nil> : <tgtCluster_tgtShard_1_66> [15:24:51.931] Failed to download the snapshot : <tgtCluster_tgtShard_1_66> [15:24:51.931] Error while waiting for third party to copy backup to /fimongo1/data : <tgtCluster_tgtShard_1_66> [15:24:51.931] Observed error when trying to mark node as ready for copy files. : <tgtCluster_tgtShard_1_66> [15:24:51.931] Got return status 404 Not Found when trying to mark node ready for copy files.",
      "hostname": "rmdb14",
      "id": "rmdb14:37017",
      "port": 37017,
      "rsId": "tgtShard_1",
      "state": "RECOVERY_IN_PROGRESS",
      "stateUpdateTime": 1790968879
    },
    {
      "error": "<tgtCluster_tgtShard_1_47> [15:25:17.231] Plan execution failed on step MakeBackupDataAvailable as part of move RestoreRsMemberFromBackupPhase1 : <tgtCluster_tgtShard_1_47> [15:25:17.231] Failed to apply action. Result = <nil> : <tgtCluster_tgtShard_1_47> [15:25:17.231] Failed to download the snapshot : <tgtCluster_tgtShard_1_47> [15:25:17.231] Error while waiting for third party to copy backup to /fimongo1/data : <tgtCluster_tgtShard_1_47> [15:25:17.231] Observed error when trying to mark node as ready for copy files. : <tgtCluster_tgtShard_1_47> [15:25:17.231] Got return status 404 Not Found when trying to mark node ready for copy files.",
      "hostname": "rmdb9",
      "id": "rmdb9:37017",
      "port": 37017,
      "rsId": "tgtShard_1",
      "state": "RECOVERY_IN_PROGRESS",
      "stateUpdateTime": 1790968923
    },
    {
      "error": "<tgtCluster_tgtShard_1_46> [15:25:01.728] Plan execution failed on step MakeBackupDataAvailable as part of move RestoreRsMemberFromBackupPhase1 : <tgtCluster_tgtShard_1_46> [15:25:01.728] Failed to apply action. Result = <nil> : <tgtCluster_tgtShard_1_46> [15:25:01.728] Failed to download the snapshot : <tgtCluster_tgtShard_1_46> [15:25:01.728] Error while waiting for third party to copy backup to /fimongo1/data : <tgtCluster_tgtShard_1_46> [15:25:01.728] Observed error when trying to mark node as ready for copy files. : <tgtCluster_tgtShard_1_46> [15:25:01.728] Got return status 404 Not Found when trying to mark node ready for copy files.",
      "hostname": "rmdb4",
      "id": "rmdb4:37017",
      "port": 37017,
      "rsId": "tgtShard_1",
      "state": "RECOVERY_IN_PROGRESS",
      "stateUpdateTime": 1790968901
    },
    {
      "error": "<tgtCluster_tgtShard_1_45> [15:25:01.407] Plan execution failed on step MakeBackupDataAvailable as part of move RestoreRsMemberFromBackupPhase1 : <tgtCluster_tgtShard_1_45> [15:25:01.407] Failed to apply action. Result = <nil> : <tgtCluster_tgtShard_1_45> [15:25:01.407] Failed to download the snapshot : <tgtCluster_tgtShard_1_45> [15:25:01.407] Error while waiting for third party to copy backup to /fimongo1/data : <tgtCluster_tgtShard_1_45> [15:25:01.407] Observed error when trying to mark node as ready for copy files. : <tgtCluster_tgtShard_1_45> [15:25:01.407] Got return status 404 Not Found when trying to mark node ready for copy files.",
      "hostname": "rmdb2",
      "id": "rmdb2:37017",
      "port": 37017,
      "rsId": "tgtShard_1",
      "state": "RECOVERY_IN_PROGRESS",
      "stateUpdateTime": 1790968681
    },
    {
      "error": "<tgtCluster_tgtShard_0_44> [15:24:53.481] Plan execution failed on step MakeBackupDataAvailable as part of move RestoreRsMemberFromBackupPhase1 : <tgtCluster_tgtShard_0_44> [15:24:53.481] Failed to apply action. Result = <nil> : <tgtCluster_tgtShard_0_44> [15:24:53.481] Failed to download the snapshot : <tgtCluster_tgtShard_0_44> [15:24:53.481] Error while waiting for third party to copy backup to /fimongo1/data : <tgtCluster_tgtShard_0_44> [15:24:53.481] Observed error when trying to mark node as ready for copy files. : <tgtCluster_tgtShard_0_44> [15:24:53.481] Got return status 404 Not Found when trying to mark node ready for copy files.",
      "hostname": "rmdb8",
      "id": "rmdb8:37017",
      "port": 37017,
      "rsId": "tgtShard_0",
      "state": "RECOVERY_IN_PROGRESS",
      "stateUpdateTime": 1790968530
    },
    {
      "error": null,
      "hostname": "rmdb13",
      "id": "rmdb13:37017",
      "port": 37017,
      "rsId": "tgtShard_0",
      "state": "RECOVERY_IN_PROGRESS",
      "stateUpdateTime": 1790917247
    },
    {
      "error": "<tgtCluster_tgtShard_0_42> [15:25:01.533] Plan execution failed on step MakeBackupDataAvailable as part of move RestoreRsMemberFromBackupPhase1 : <tgtCluster_tgtShard_0_42> [15:25:01.533] Failed to apply action. Result = <nil> : <tgtCluster_tgtShard_0_42> [15:25:01.533] Failed to download the snapshot : <tgtCluster_tgtShard_0_42> [15:25:01.533] Error while waiting for third party to copy backup to /fimongo1/data : <tgtCluster_tgtShard_0_42> [15:25:01.533] Observed error when trying to mark node as ready for copy files. : <tgtCluster_tgtShard_0_42> [15:25:01.533] Got return status 404 Not Found when trying to mark node ready for copy files.",
      "hostname": "rmdb1",
      "id": "rmdb1:37017",
      "port": 37017,
      "rsId": "tgtShard_0",
      "state": "RECOVERY_IN_PROGRESS",
      "stateUpdateTime": 1790963978
    },
    {
      "error": "<tgtCluster_tgtShard_0_43> [15:24:45.227] Plan execution failed on step MakeBackupDataAvailable as part of move RestoreRsMemberFromBackupPhase1 : <tgtCluster_tgtShard_0_43> [15:24:45.227] Failed to apply action. Result = <nil> : <tgtCluster_tgtShard_0_43> [15:24:45.226] Failed to download the snapshot : <tgtCluster_tgtShard_0_43> [15:24:45.226] Error while waiting for third party to copy backup to /fimongo1/data : <tgtCluster_tgtShard_0_43> [15:24:45.226] Observed error when trying to mark node as ready for copy files. : <tgtCluster_tgtShard_0_43> [15:24:45.226] Got return status 404 Not Found when trying to mark node ready for copy files.",
      "hostname": "rmdb3",
      "id": "rmdb3:37017",
      "port": 37017,
      "rsId": "tgtShard_0",
      "state": "RECOVERY_IN_PROGRESS",
      "stateUpdateTime": 1790967977
    },
    {
      "error": null,
      "hostname": "rmdb11",
      "id": "rmdb11:37017",
      "port": 37017,
      "rsId": "tgtShard_0",
      "state": "RECOVERY_IN_PROGRESS",
      "stateUpdateTime": 1790917218
    },
    {
      "error": null,
      "hostname": "rmdb7",
      "id": "rmdb7:37017",
      "port": 37017,
      "rsId": "tgtconfigRS",
      "state": "RECOVERY_IN_PROGRESS",
      "stateUpdateTime": 1790917195
    },
    {
      "error": null,
      "hostname": "rmdb-config1",
      "id": "rmdb-config1:37017",
      "port": 37017,
      "rsId": "tgtconfigRS",
      "state": "RECOVERY_IN_PROGRESS",
      "stateUpdateTime": 1790917145
    },
    {
      "error": null,
      "hostname": "rmdb-config2",
      "id": "rmdb-config2:37017",
      "port": 37017,
      "rsId": "tgtconfigRS",
      "state": "RECOVERY_IN_PROGRESS",
      "stateUpdateTime": 1790917166
    }
  ],
  "state": "RECOVERY_IN_PROGRESS"
}
2026-10-02 14:25:27,354 [INFO] Restore state: RECOVERY_IN_PROGRESS
2026-10-02 14:25:37,355 [DEBUG] API GET http://129.40.36.100:8080/api/public/v1.0/backup/third_party/group/6a386221ee19a6537cc68a97/restore/6abf3847457a6b80701899fb
2026-10-02 14:25:37,564 [DEBUG] STATUS 200
2026-10-02 14:25:37,564 [DEBUG] {
  "clusterMapping": [
    {
      "rsId": "sgcShard_0",
      "targetRsId": "tgtShard_0"
    },
    {
      "rsId": "sgcShard_1",
      "targetRsId": "tgtShard_1"
    },
    {
      "rsId": "configRS",
      "targetRsId": "tgtconfigRS"
    }
  ],
  "nodes": [
    {
      "error": "<tgtCluster_tgtShard_1_64> [15:25:24.202] Plan execution failed on step MakeBackupDataAvailable as part of move RestoreRsMemberFromBackupPhase1 : <tgtCluster_tgtShard_1_64> [15:25:24.202] Failed to apply action. Result = <nil> : <tgtCluster_tgtShard_1_64> [15:25:24.202] Failed to download the snapshot : <tgtCluster_tgtShard_1_64> [15:25:24.202] Error while waiting for third party to copy backup to /fimongo1/data : <tgtCluster_tgtShard_1_64> [15:25:24.202] Observed error when trying to mark node as ready for copy files. : <tgtCluster_tgtShard_1_64> [15:25:24.202] Got return status 404 Not Found when trying to mark node ready for copy files.",
      "hostname": "rmdb12",
      "id": "rmdb12:37017",
      "port": 37017,
      "rsId": "tgtShard_1",
      "state": "RECOVERY_IN_PROGRESS",
      "stateUpdateTime": 1790969076
    },
    {
      "error": "<tgtCluster_tgtShard_1_66> [15:24:51.932] Plan execution failed on step MakeBackupDataAvailable as part of move RestoreRsMemberFromBackupPhase1 : <tgtCluster_tgtShard_1_66> [15:24:51.932] Failed to apply action. Result = <nil> : <tgtCluster_tgtShard_1_66> [15:24:51.931] Failed to download the snapshot : <tgtCluster_tgtShard_1_66> [15:24:51.931] Error while waiting for third party to copy backup to /fimongo1/data : <tgtCluster_tgtShard_1_66> [15:24:51.931] Observed error when trying to mark node as ready for copy files. : <tgtCluster_tgtShard_1_66> [15:24:51.931] Got return status 404 Not Found when trying to mark node ready for copy files.",
      "hostname": "rmdb14",
      "id": "rmdb14:37017",
      "port": 37017,
      "rsId": "tgtShard_1",
      "state": "RECOVERY_IN_PROGRESS",
      "stateUpdateTime": 1790968879
    },
    {
      "error": "<tgtCluster_tgtShard_1_47> [15:25:17.231] Plan execution failed on step MakeBackupDataAvailable as part of move RestoreRsMemberFromBackupPhase1 : <tgtCluster_tgtShard_1_47> [15:25:17.231] Failed to apply action. Result = <nil> : <tgtCluster_tgtShard_1_47> [15:25:17.231] Failed to download the snapshot : <tgtCluster_tgtShard_1_47> [15:25:17.231] Error while waiting for third party to copy backup to /fimongo1/data : <tgtCluster_tgtShard_1_47> [15:25:17.231] Observed error when trying to mark node as ready for copy files. : <tgtCluster_tgtShard_1_47> [15:25:17.231] Got return status 404 Not Found when trying to mark node ready for copy files.",
      "hostname": "rmdb9",
      "id": "rmdb9:37017",
      "port": 37017,
      "rsId": "tgtShard_1",
      "state": "RECOVERY_IN_PROGRESS",
      "stateUpdateTime": 1790968923
    },
    {
      "error": "<tgtCluster_tgtShard_1_46> [15:25:01.728] Plan execution failed on step MakeBackupDataAvailable as part of move RestoreRsMemberFromBackupPhase1 : <tgtCluster_tgtShard_1_46> [15:25:01.728] Failed to apply action. Result = <nil> : <tgtCluster_tgtShard_1_46> [15:25:01.728] Failed to download the snapshot : <tgtCluster_tgtShard_1_46> [15:25:01.728] Error while waiting for third party to copy backup to /fimongo1/data : <tgtCluster_tgtShard_1_46> [15:25:01.728] Observed error when trying to mark node as ready for copy files. : <tgtCluster_tgtShard_1_46> [15:25:01.728] Got return status 404 Not Found when trying to mark node ready for copy files.",
      "hostname": "rmdb4",
      "id": "rmdb4:37017",
      "port": 37017,
      "rsId": "tgtShard_1",
      "state": "RECOVERY_IN_PROGRESS",
      "stateUpdateTime": 1790968901
    },
    {
      "error": "<tgtCluster_tgtShard_1_45> [15:25:01.407] Plan execution failed on step MakeBackupDataAvailable as part of move RestoreRsMemberFromBackupPhase1 : <tgtCluster_tgtShard_1_45> [15:25:01.407] Failed to apply action. Result = <nil> : <tgtCluster_tgtShard_1_45> [15:25:01.407] Failed to download the snapshot : <tgtCluster_tgtShard_1_45> [15:25:01.407] Error while waiting for third party to copy backup to /fimongo1/data : <tgtCluster_tgtShard_1_45> [15:25:01.407] Observed error when trying to mark node as ready for copy files. : <tgtCluster_tgtShard_1_45> [15:25:01.407] Got return status 404 Not Found when trying to mark node ready for copy files.",
      "hostname": "rmdb2",
      "id": "rmdb2:37017",
      "port": 37017,
      "rsId": "tgtShard_1",
      "state": "RECOVERY_IN_PROGRESS",
      "stateUpdateTime": 1790968681
    },
    {
      "error": "<tgtCluster_tgtShard_0_44> [15:24:53.481] Plan execution failed on step MakeBackupDataAvailable as part of move RestoreRsMemberFromBackupPhase1 : <tgtCluster_tgtShard_0_44> [15:24:53.481] Failed to apply action. Result = <nil> : <tgtCluster_tgtShard_0_44> [15:24:53.481] Failed to download the snapshot : <tgtCluster_tgtShard_0_44> [15:24:53.481] Error while waiting for third party to copy backup to /fimongo1/data : <tgtCluster_tgtShard_0_44> [15:24:53.481] Observed error when trying to mark node as ready for copy files. : <tgtCluster_tgtShard_0_44> [15:24:53.481] Got return status 404 Not Found when trying to mark node ready for copy files.",
      "hostname": "rmdb8",
      "id": "rmdb8:37017",
      "port": 37017,
      "rsId": "tgtShard_0",
      "state": "RECOVERY_IN_PROGRESS",
      "stateUpdateTime": 1790968530
    },
    {
      "error": null,
      "hostname": "rmdb13",
      "id": "rmdb13:37017",
      "port": 37017,
      "rsId": "tgtShard_0",
      "state": "RECOVERY_IN_PROGRESS",
      "stateUpdateTime": 1790917247
    },
    {
      "error": "<tgtCluster_tgtShard_0_42> [15:25:01.533] Plan execution failed on step MakeBackupDataAvailable as part of move RestoreRsMemberFromBackupPhase1 : <tgtCluster_tgtShard_0_42> [15:25:01.533] Failed to apply action. Result = <nil> : <tgtCluster_tgtShard_0_42> [15:25:01.533] Failed to download the snapshot : <tgtCluster_tgtShard_0_42> [15:25:01.533] Error while waiting for third party to copy backup to /fimongo1/data : <tgtCluster_tgtShard_0_42> [15:25:01.533] Observed error when trying to mark node as ready for copy files. : <tgtCluster_tgtShard_0_42> [15:25:01.533] Got return status 404 Not Found when trying to mark node ready for copy files.",
      "hostname": "rmdb1",
      "id": "rmdb1:37017",
      "port": 37017,
      "rsId": "tgtShard_0",
      "state": "RECOVERY_IN_PROGRESS",
      "stateUpdateTime": 1790963978
    },
    {
      "error": "<tgtCluster_tgtShard_0_43> [15:24:45.227] Plan execution failed on step MakeBackupDataAvailable as part of move RestoreRsMemberFromBackupPhase1 : <tgtCluster_tgtShard_0_43> [15:24:45.227] Failed to apply action. Result = <nil> : <tgtCluster_tgtShard_0_43> [15:24:45.226] Failed to download the snapshot : <tgtCluster_tgtShard_0_43> [15:24:45.226] Error while waiting for third party to copy backup to /fimongo1/data : <tgtCluster_tgtShard_0_43> [15:24:45.226] Observed error when trying to mark node as ready for copy files. : <tgtCluster_tgtShard_0_43> [15:24:45.226] Got return status 404 Not Found when trying to mark node ready for copy files.",
      "hostname": "rmdb3",
      "id": "rmdb3:37017",
      "port": 37017,
      "rsId": "tgtShard_0",
      "state": "RECOVERY_IN_PROGRESS",
      "stateUpdateTime": 1790967977
    },
    {
      "error": null,
      "hostname": "rmdb11",
      "id": "rmdb11:37017",
      "port": 37017,
      "rsId": "tgtShard_0",
      "state": "RECOVERY_IN_PROGRESS",
      "stateUpdateTime": 1790917218
    },
    {
      "error": null,
      "hostname": "rmdb7",
      "id": "rmdb7:37017",
      "port": 37017,
      "rsId": "tgtconfigRS",
      "state": "RECOVERY_IN_PROGRESS",
      "stateUpdateTime": 1790917195
    },
    {
      "error": null,
      "hostname": "rmdb-config1",
      "id": "rmdb-config1:37017",
      "port": 37017,
      "rsId": "tgtconfigRS",
      "state": "RECOVERY_IN_PROGRESS",
      "stateUpdateTime": 1790917145
    },
    {
      "error": null,
      "hostname": "rmdb-config2",
      "id": "rmdb-config2:37017",
      "port": 37017,
      "rsId": "tgtconfigRS",
      "state": "RECOVERY_IN_PROGRESS",
      "stateUpdateTime": 1790917166
    }
  ],
  "state": "RECOVERY_IN_PROGRESS"
}
2026-10-02 14:25:37,564 [INFO] Restore state: RECOVERY_IN_PROGRESS
2026-10-02 14:25:47,565 [DEBUG] API GET http://129.40.36.100:8080/api/public/v1.0/backup/third_party/group/6a386221ee19a6537cc68a97/restore/6abf3847457a6b80701899fb
2026-10-02 14:25:47,704 [DEBUG] STATUS 200
2026-10-02 14:25:47,704 [DEBUG] {
  "clusterMapping": [
    {
      "rsId": "sgcShard_0",
      "targetRsId": "tgtShard_0"
    },
    {
      "rsId": "sgcShard_1",
      "targetRsId": "tgtShard_1"
    },
    {
      "rsId": "configRS",
      "targetRsId": "tgtconfigRS"
    }
  ],
  "nodes": [
    {
      "error": "<tgtCluster_tgtShard_1_64> [15:25:24.202] Plan execution failed on step MakeBackupDataAvailable as part of move RestoreRsMemberFromBackupPhase1 : <tgtCluster_tgtShard_1_64> [15:25:24.202] Failed to apply action. Result = <nil> : <tgtCluster_tgtShard_1_64> [15:25:24.202] Failed to download the snapshot : <tgtCluster_tgtShard_1_64> [15:25:24.202] Error while waiting for third party to copy backup to /fimongo1/data : <tgtCluster_tgtShard_1_64> [15:25:24.202] Observed error when trying to mark node as ready for copy files. : <tgtCluster_tgtShard_1_64> [15:25:24.202] Got return status 404 Not Found when trying to mark node ready for copy files.",
      "hostname": "rmdb12",
      "id": "rmdb12:37017",
      "port": 37017,
      "rsId": "tgtShard_1",
      "state": "RECOVERY_IN_PROGRESS",
      "stateUpdateTime": 1790969076
    },
    {
      "error": "<tgtCluster_tgtShard_1_66> [15:24:51.932] Plan execution failed on step MakeBackupDataAvailable as part of move RestoreRsMemberFromBackupPhase1 : <tgtCluster_tgtShard_1_66> [15:24:51.932] Failed to apply action. Result = <nil> : <tgtCluster_tgtShard_1_66> [15:24:51.931] Failed to download the snapshot : <tgtCluster_tgtShard_1_66> [15:24:51.931] Error while waiting for third party to copy backup to /fimongo1/data : <tgtCluster_tgtShard_1_66> [15:24:51.931] Observed error when trying to mark node as ready for copy files. : <tgtCluster_tgtShard_1_66> [15:24:51.931] Got return status 404 Not Found when trying to mark node ready for copy files.",
      "hostname": "rmdb14",
      "id": "rmdb14:37017",
      "port": 37017,
      "rsId": "tgtShard_1",
      "state": "RECOVERY_IN_PROGRESS",
      "stateUpdateTime": 1790968879
    },
    {
      "error": "<tgtCluster_tgtShard_1_47> [15:25:17.231] Plan execution failed on step MakeBackupDataAvailable as part of move RestoreRsMemberFromBackupPhase1 : <tgtCluster_tgtShard_1_47> [15:25:17.231] Failed to apply action. Result = <nil> : <tgtCluster_tgtShard_1_47> [15:25:17.231] Failed to download the snapshot : <tgtCluster_tgtShard_1_47> [15:25:17.231] Error while waiting for third party to copy backup to /fimongo1/data : <tgtCluster_tgtShard_1_47> [15:25:17.231] Observed error when trying to mark node as ready for copy files. : <tgtCluster_tgtShard_1_47> [15:25:17.231] Got return status 404 Not Found when trying to mark node ready for copy files.",
      "hostname": "rmdb9",
      "id": "rmdb9:37017",
      "port": 37017,
      "rsId": "tgtShard_1",
      "state": "RECOVERY_IN_PROGRESS",
      "stateUpdateTime": 1790968923
    },
    {
      "error": "<tgtCluster_tgtShard_1_46> [15:25:01.728] Plan execution failed on step MakeBackupDataAvailable as part of move RestoreRsMemberFromBackupPhase1 : <tgtCluster_tgtShard_1_46> [15:25:01.728] Failed to apply action. Result = <nil> : <tgtCluster_tgtShard_1_46> [15:25:01.728] Failed to download the snapshot : <tgtCluster_tgtShard_1_46> [15:25:01.728] Error while waiting for third party to copy backup to /fimongo1/data : <tgtCluster_tgtShard_1_46> [15:25:01.728] Observed error when trying to mark node as ready for copy files. : <tgtCluster_tgtShard_1_46> [15:25:01.728] Got return status 404 Not Found when trying to mark node ready for copy files.",
      "hostname": "rmdb4",
      "id": "rmdb4:37017",
      "port": 37017,
      "rsId": "tgtShard_1",
      "state": "RECOVERY_IN_PROGRESS",
      "stateUpdateTime": 1790968901
    },
    {
      "error": "<tgtCluster_tgtShard_1_45> [15:25:01.407] Plan execution failed on step MakeBackupDataAvailable as part of move RestoreRsMemberFromBackupPhase1 : <tgtCluster_tgtShard_1_45> [15:25:01.407] Failed to apply action. Result = <nil> : <tgtCluster_tgtShard_1_45> [15:25:01.407] Failed to download the snapshot : <tgtCluster_tgtShard_1_45> [15:25:01.407] Error while waiting for third party to copy backup to /fimongo1/data : <tgtCluster_tgtShard_1_45> [15:25:01.407] Observed error when trying to mark node as ready for copy files. : <tgtCluster_tgtShard_1_45> [15:25:01.407] Got return status 404 Not Found when trying to mark node ready for copy files.",
      "hostname": "rmdb2",
      "id": "rmdb2:37017",
      "port": 37017,
      "rsId": "tgtShard_1",
      "state": "RECOVERY_IN_PROGRESS",
      "stateUpdateTime": 1790968681
    },
    {
      "error": "<tgtCluster_tgtShard_0_44> [15:24:53.481] Plan execution failed on step MakeBackupDataAvailable as part of move RestoreRsMemberFromBackupPhase1 : <tgtCluster_tgtShard_0_44> [15:24:53.481] Failed to apply action. Result = <nil> : <tgtCluster_tgtShard_0_44> [15:24:53.481] Failed to download the snapshot : <tgtCluster_tgtShard_0_44> [15:24:53.481] Error while waiting for third party to copy backup to /fimongo1/data : <tgtCluster_tgtShard_0_44> [15:24:53.481] Observed error when trying to mark node as ready for copy files. : <tgtCluster_tgtShard_0_44> [15:24:53.481] Got return status 404 Not Found when trying to mark node ready for copy files.",
      "hostname": "rmdb8",
      "id": "rmdb8:37017",
      "port": 37017,
      "rsId": "tgtShard_0",
      "state": "RECOVERY_IN_PROGRESS",
      "stateUpdateTime": 1790968530
    },
    {
      "error": null,
      "hostname": "rmdb13",
      "id": "rmdb13:37017",
      "port": 37017,
      "rsId": "tgtShard_0",
      "state": "RECOVERY_IN_PROGRESS",
      "stateUpdateTime": 1790917247
    },
    {
      "error": "<tgtCluster_tgtShard_0_42> [15:25:01.533] Plan execution failed on step MakeBackupDataAvailable as part of move RestoreRsMemberFromBackupPhase1 : <tgtCluster_tgtShard_0_42> [15:25:01.533] Failed to apply action. Result = <nil> : <tgtCluster_tgtShard_0_42> [15:25:01.533] Failed to download the snapshot : <tgtCluster_tgtShard_0_42> [15:25:01.533] Error while waiting for third party to copy backup to /fimongo1/data : <tgtCluster_tgtShard_0_42> [15:25:01.533] Observed error when trying to mark node as ready for copy files. : <tgtCluster_tgtShard_0_42> [15:25:01.533] Got return status 404 Not Found when trying to mark node ready for copy files.",
      "hostname": "rmdb1",
      "id": "rmdb1:37017",
      "port": 37017,
      "rsId": "tgtShard_0",
      "state": "RECOVERY_IN_PROGRESS",
      "stateUpdateTime": 1790963978
    },
    {
      "error": "<tgtCluster_tgtShard_0_43> [15:24:45.227] Plan execution failed on step MakeBackupDataAvailable as part of move RestoreRsMemberFromBackupPhase1 : <tgtCluster_tgtShard_0_43> [15:24:45.227] Failed to apply action. Result = <nil> : <tgtCluster_tgtShard_0_43> [15:24:45.226] Failed to download the snapshot : <tgtCluster_tgtShard_0_43> [15:24:45.226] Error while waiting for third party to copy backup to /fimongo1/data : <tgtCluster_tgtShard_0_43> [15:24:45.226] Observed error when trying to mark node as ready for copy files. : <tgtCluster_tgtShard_0_43> [15:24:45.226] Got return status 404 Not Found when trying to mark node ready for copy files.",
      "hostname": "rmdb3",
      "id": "rmdb3:37017",
      "port": 37017,
      "rsId": "tgtShard_0",
      "state": "RECOVERY_IN_PROGRESS",
      "stateUpdateTime": 1790967977
    },
    {
      "error": null,
      "hostname": "rmdb11",
      "id": "rmdb11:37017",
      "port": 37017,
      "rsId": "tgtShard_0",
      "state": "RECOVERY_IN_PROGRESS",
      "stateUpdateTime": 1790917218
    },
    {
      "error": null,
      "hostname": "rmdb7",
      "id": "rmdb7:37017",
      "port": 37017,
      "rsId": "tgtconfigRS",
      "state": "RECOVERY_IN_PROGRESS",
      "stateUpdateTime": 1790917195
    },
    {
      "error": null,
      "hostname": "rmdb-config1",
      "id": "rmdb-config1:37017",
      "port": 37017,
      "rsId": "tgtconfigRS",
      "state": "RECOVERY_IN_PROGRESS",
      "stateUpdateTime": 1790917145
    },
    {
      "error": null,
      "hostname": "rmdb-config2",
      "id": "rmdb-config2:37017",
      "port": 37017,
      "rsId": "tgtconfigRS",
      "state": "RECOVERY_IN_PROGRESS",
      "stateUpdateTime": 1790917166
    }
  ],
  "state": "RECOVERY_IN_PROGRESS"
}
2026-10-02 14:25:47,705 [INFO] Restore state: RECOVERY_IN_PROGRESS
2026-10-02 14:25:57,705 [DEBUG] API GET http://129.40.36.100:8080/api/public/v1.0/backup/third_party/group/6a386221ee19a6537cc68a97/restore/6abf3847457a6b80701899fb
2026-10-02 14:25:57,845 [DEBUG] STATUS 200
2026-10-02 14:25:57,845 [DEBUG] {
  "clusterMapping": [
    {
      "rsId": "sgcShard_0",
      "targetRsId": "tgtShard_0"
    },
    {
      "rsId": "sgcShard_1",
      "targetRsId": "tgtShard_1"
    },
    {
      "rsId": "configRS",
      "targetRsId": "tgtconfigRS"
    }
  ],
  "nodes": [
    {
      "error": "<tgtCluster_tgtShard_1_64> [15:25:24.202] Plan execution failed on step MakeBackupDataAvailable as part of move RestoreRsMemberFromBackupPhase1 : <tgtCluster_tgtShard_1_64> [15:25:24.202] Failed to apply action. Result = <nil> : <tgtCluster_tgtShard_1_64> [15:25:24.202] Failed to download the snapshot : <tgtCluster_tgtShard_1_64> [15:25:24.202] Error while waiting for third party to copy backup to /fimongo1/data : <tgtCluster_tgtShard_1_64> [15:25:24.202] Observed error when trying to mark node as ready for copy files. : <tgtCluster_tgtShard_1_64> [15:25:24.202] Got return status 404 Not Found when trying to mark node ready for copy files.",
      "hostname": "rmdb12",
      "id": "rmdb12:37017",
      "port": 37017,
      "rsId": "tgtShard_1",
      "state": "RECOVERY_IN_PROGRESS",
      "stateUpdateTime": 1790969076
    },
    {
      "error": "<tgtCluster_tgtShard_1_66> [15:25:53.474] Plan execution failed on step MakeBackupDataAvailable as part of move RestoreRsMemberFromBackupPhase1 : <tgtCluster_tgtShard_1_66> [15:25:53.473] Failed to apply action. Result = <nil> : <tgtCluster_tgtShard_1_66> [15:25:53.473] Failed to download the snapshot : <tgtCluster_tgtShard_1_66> [15:25:53.473] Error while waiting for third party to copy backup to /fimongo1/data : <tgtCluster_tgtShard_1_66> [15:25:53.473] Observed error when trying to mark node as ready for copy files. : <tgtCluster_tgtShard_1_66> [15:25:53.473] Got return status 404 Not Found when trying to mark node ready for copy files.",
      "hostname": "rmdb14",
      "id": "rmdb14:37017",
      "port": 37017,
      "rsId": "tgtShard_1",
      "state": "RECOVERY_IN_PROGRESS",
      "stateUpdateTime": 1790968879
    },
    {
      "error": "<tgtCluster_tgtShard_1_47> [15:25:17.231] Plan execution failed on step MakeBackupDataAvailable as part of move RestoreRsMemberFromBackupPhase1 : <tgtCluster_tgtShard_1_47> [15:25:17.231] Failed to apply action. Result = <nil> : <tgtCluster_tgtShard_1_47> [15:25:17.231] Failed to download the snapshot : <tgtCluster_tgtShard_1_47> [15:25:17.231] Error while waiting for third party to copy backup to /fimongo1/data : <tgtCluster_tgtShard_1_47> [15:25:17.231] Observed error when trying to mark node as ready for copy files. : <tgtCluster_tgtShard_1_47> [15:25:17.231] Got return status 404 Not Found when trying to mark node ready for copy files.",
      "hostname": "rmdb9",
      "id": "rmdb9:37017",
      "port": 37017,
      "rsId": "tgtShard_1",
      "state": "RECOVERY_IN_PROGRESS",
      "stateUpdateTime": 1790968923
    },
    {
      "error": "<tgtCluster_tgtShard_1_46> [15:25:01.728] Plan execution failed on step MakeBackupDataAvailable as part of move RestoreRsMemberFromBackupPhase1 : <tgtCluster_tgtShard_1_46> [15:25:01.728] Failed to apply action. Result = <nil> : <tgtCluster_tgtShard_1_46> [15:25:01.728] Failed to download the snapshot : <tgtCluster_tgtShard_1_46> [15:25:01.728] Error while waiting for third party to copy backup to /fimongo1/data : <tgtCluster_tgtShard_1_46> [15:25:01.728] Observed error when trying to mark node as ready for copy files. : <tgtCluster_tgtShard_1_46> [15:25:01.728] Got return status 404 Not Found when trying to mark node ready for copy files.",
      "hostname": "rmdb4",
      "id": "rmdb4:37017",
      "port": 37017,
      "rsId": "tgtShard_1",
      "state": "RECOVERY_IN_PROGRESS",
      "stateUpdateTime": 1790968901
    },
    {
      "error": "<tgtCluster_tgtShard_1_45> [15:25:01.407] Plan execution failed on step MakeBackupDataAvailable as part of move RestoreRsMemberFromBackupPhase1 : <tgtCluster_tgtShard_1_45> [15:25:01.407] Failed to apply action. Result = <nil> : <tgtCluster_tgtShard_1_45> [15:25:01.407] Failed to download the snapshot : <tgtCluster_tgtShard_1_45> [15:25:01.407] Error while waiting for third party to copy backup to /fimongo1/data : <tgtCluster_tgtShard_1_45> [15:25:01.407] Observed error when trying to mark node as ready for copy files. : <tgtCluster_tgtShard_1_45> [15:25:01.407] Got return status 404 Not Found when trying to mark node ready for copy files.",
      "hostname": "rmdb2",
      "id": "rmdb2:37017",
      "port": 37017,
      "rsId": "tgtShard_1",
      "state": "RECOVERY_IN_PROGRESS",
      "stateUpdateTime": 1790968681
    },
    {
      "error": "<tgtCluster_tgtShard_0_44> [15:25:54.315] Plan execution failed on step MakeBackupDataAvailable as part of move RestoreRsMemberFromBackupPhase1 : <tgtCluster_tgtShard_0_44> [15:25:54.315] Failed to apply action. Result = <nil> : <tgtCluster_tgtShard_0_44> [15:25:54.315] Failed to download the snapshot : <tgtCluster_tgtShard_0_44> [15:25:54.315] Error while waiting for third party to copy backup to /fimongo1/data : <tgtCluster_tgtShard_0_44> [15:25:54.315] Observed error when trying to mark node as ready for copy files. : <tgtCluster_tgtShard_0_44> [15:25:54.315] Got return status 404 Not Found when trying to mark node ready for copy files.",
      "hostname": "rmdb8",
      "id": "rmdb8:37017",
      "port": 37017,
      "rsId": "tgtShard_0",
      "state": "RECOVERY_IN_PROGRESS",
      "stateUpdateTime": 1790968530
    },
    {
      "error": null,
      "hostname": "rmdb13",
      "id": "rmdb13:37017",
      "port": 37017,
      "rsId": "tgtShard_0",
      "state": "RECOVERY_IN_PROGRESS",
      "stateUpdateTime": 1790917247
    },
    {
      "error": "<tgtCluster_tgtShard_0_42> [15:25:01.533] Plan execution failed on step MakeBackupDataAvailable as part of move RestoreRsMemberFromBackupPhase1 : <tgtCluster_tgtShard_0_42> [15:25:01.533] Failed to apply action. Result = <nil> : <tgtCluster_tgtShard_0_42> [15:25:01.533] Failed to download the snapshot : <tgtCluster_tgtShard_0_42> [15:25:01.533] Error while waiting for third party to copy backup to /fimongo1/data : <tgtCluster_tgtShard_0_42> [15:25:01.533] Observed error when trying to mark node as ready for copy files. : <tgtCluster_tgtShard_0_42> [15:25:01.533] Got return status 404 Not Found when trying to mark node ready for copy files.",
      "hostname": "rmdb1",
      "id": "rmdb1:37017",
      "port": 37017,
      "rsId": "tgtShard_0",
      "state": "RECOVERY_IN_PROGRESS",
      "stateUpdateTime": 1790963978
    },
    {
      "error": "<tgtCluster_tgtShard_0_43> [15:25:45.960] Plan execution failed on step MakeBackupDataAvailable as part of move RestoreRsMemberFromBackupPhase1 : <tgtCluster_tgtShard_0_43> [15:25:45.960] Failed to apply action. Result = <nil> : <tgtCluster_tgtShard_0_43> [15:25:45.960] Failed to download the snapshot : <tgtCluster_tgtShard_0_43> [15:25:45.960] Error while waiting for third party to copy backup to /fimongo1/data : <tgtCluster_tgtShard_0_43> [15:25:45.960] Observed error when trying to mark node as ready for copy files. : <tgtCluster_tgtShard_0_43> [15:25:45.960] Got return status 404 Not Found when trying to mark node ready for copy files.",
      "hostname": "rmdb3",
      "id": "rmdb3:37017",
      "port": 37017,
      "rsId": "tgtShard_0",
      "state": "RECOVERY_IN_PROGRESS",
      "stateUpdateTime": 1790967977
    },
    {
      "error": null,
      "hostname": "rmdb11",
      "id": "rmdb11:37017",
      "port": 37017,
      "rsId": "tgtShard_0",
      "state": "RECOVERY_IN_PROGRESS",
      "stateUpdateTime": 1790917218
    },
    {
      "error": null,
      "hostname": "rmdb7",
      "id": "rmdb7:37017",
      "port": 37017,
      "rsId": "tgtconfigRS",
      "state": "RECOVERY_IN_PROGRESS",
      "stateUpdateTime": 1790917195
    },
    {
      "error": null,
      "hostname": "rmdb-config1",
      "id": "rmdb-config1:37017",
      "port": 37017,
      "rsId": "tgtconfigRS",
      "state": "RECOVERY_IN_PROGRESS",
      "stateUpdateTime": 1790917145
    },
    {
      "error": null,
      "hostname": "rmdb-config2",
      "id": "rmdb-config2:37017",
      "port": 37017,
      "rsId": "tgtconfigRS",
      "state": "RECOVERY_IN_PROGRESS",
      "stateUpdateTime": 1790917166
    }
  ],
  "state": "RECOVERY_IN_PROGRESS"
}
2026-10-02 14:25:57,845 [INFO] Restore state: RECOVERY_IN_PROGRESS
2026-10-02 14:26:07,845 [DEBUG] API GET http://129.40.36.100:8080/api/public/v1.0/backup/third_party/group/6a386221ee19a6537cc68a97/restore/6abf3847457a6b80701899fb
2026-10-02 14:26:07,999 [DEBUG] STATUS 200
2026-10-02 14:26:07,999 [DEBUG] {
  "clusterMapping": [
    {
      "rsId": "sgcShard_0",
      "targetRsId": "tgtShard_0"
    },
    {
      "rsId": "sgcShard_1",
      "targetRsId": "tgtShard_1"
    },
    {
      "rsId": "configRS",
      "targetRsId": "tgtconfigRS"
    }
  ],
  "nodes": [
    {
      "error": "<tgtCluster_tgtShard_1_64> [15:25:24.202] Plan execution failed on step MakeBackupDataAvailable as part of move RestoreRsMemberFromBackupPhase1 : <tgtCluster_tgtShard_1_64> [15:25:24.202] Failed to apply action. Result = <nil> : <tgtCluster_tgtShard_1_64> [15:25:24.202] Failed to download the snapshot : <tgtCluster_tgtShard_1_64> [15:25:24.202] Error while waiting for third party to copy backup to /fimongo1/data : <tgtCluster_tgtShard_1_64> [15:25:24.202] Observed error when trying to mark node as ready for copy files. : <tgtCluster_tgtShard_1_64> [15:25:24.202] Got return status 404 Not Found when trying to mark node ready for copy files.",
      "hostname": "rmdb12",
      "id": "rmdb12:37017",
      "port": 37017,
      "rsId": "tgtShard_1",
      "state": "RECOVERY_IN_PROGRESS",
      "stateUpdateTime": 1790969076
    },
    {
      "error": "<tgtCluster_tgtShard_1_66> [15:25:53.474] Plan execution failed on step MakeBackupDataAvailable as part of move RestoreRsMemberFromBackupPhase1 : <tgtCluster_tgtShard_1_66> [15:25:53.473] Failed to apply action. Result = <nil> : <tgtCluster_tgtShard_1_66> [15:25:53.473] Failed to download the snapshot : <tgtCluster_tgtShard_1_66> [15:25:53.473] Error while waiting for third party to copy backup to /fimongo1/data : <tgtCluster_tgtShard_1_66> [15:25:53.473] Observed error when trying to mark node as ready for copy files. : <tgtCluster_tgtShard_1_66> [15:25:53.473] Got return status 404 Not Found when trying to mark node ready for copy files.",
      "hostname": "rmdb14",
      "id": "rmdb14:37017",
      "port": 37017,
      "rsId": "tgtShard_1",
      "state": "RECOVERY_IN_PROGRESS",
      "stateUpdateTime": 1790968879
    },
    {
      "error": "<tgtCluster_tgtShard_1_47> [15:25:17.231] Plan execution failed on step MakeBackupDataAvailable as part of move RestoreRsMemberFromBackupPhase1 : <tgtCluster_tgtShard_1_47> [15:25:17.231] Failed to apply action. Result = <nil> : <tgtCluster_tgtShard_1_47> [15:25:17.231] Failed to download the snapshot : <tgtCluster_tgtShard_1_47> [15:25:17.231] Error while waiting for third party to copy backup to /fimongo1/data : <tgtCluster_tgtShard_1_47> [15:25:17.231] Observed error when trying to mark node as ready for copy files. : <tgtCluster_tgtShard_1_47> [15:25:17.231] Got return status 404 Not Found when trying to mark node ready for copy files.",
      "hostname": "rmdb9",
      "id": "rmdb9:37017",
      "port": 37017,
      "rsId": "tgtShard_1",
      "state": "RECOVERY_IN_PROGRESS",
      "stateUpdateTime": 1790968923
    },
    {
      "error": "<tgtCluster_tgtShard_1_46> [15:25:01.728] Plan execution failed on step MakeBackupDataAvailable as part of move RestoreRsMemberFromBackupPhase1 : <tgtCluster_tgtShard_1_46> [15:25:01.728] Failed to apply action. Result = <nil> : <tgtCluster_tgtShard_1_46> [15:25:01.728] Failed to download the snapshot : <tgtCluster_tgtShard_1_46> [15:25:01.728] Error while waiting for third party to copy backup to /fimongo1/data : <tgtCluster_tgtShard_1_46> [15:25:01.728] Observed error when trying to mark node as ready for copy files. : <tgtCluster_tgtShard_1_46> [15:25:01.728] Got return status 404 Not Found when trying to mark node ready for copy files.",
      "hostname": "rmdb4",
      "id": "rmdb4:37017",
      "port": 37017,
      "rsId": "tgtShard_1",
      "state": "RECOVERY_IN_PROGRESS",
      "stateUpdateTime": 1790968901
    },
    {
      "error": "<tgtCluster_tgtShard_1_45> [15:25:01.407] Plan execution failed on step MakeBackupDataAvailable as part of move RestoreRsMemberFromBackupPhase1 : <tgtCluster_tgtShard_1_45> [15:25:01.407] Failed to apply action. Result = <nil> : <tgtCluster_tgtShard_1_45> [15:25:01.407] Failed to download the snapshot : <tgtCluster_tgtShard_1_45> [15:25:01.407] Error while waiting for third party to copy backup to /fimongo1/data : <tgtCluster_tgtShard_1_45> [15:25:01.407] Observed error when trying to mark node as ready for copy files. : <tgtCluster_tgtShard_1_45> [15:25:01.407] Got return status 404 Not Found when trying to mark node ready for copy files.",
      "hostname": "rmdb2",
      "id": "rmdb2:37017",
      "port": 37017,
      "rsId": "tgtShard_1",
      "state": "RECOVERY_IN_PROGRESS",
      "stateUpdateTime": 1790968681
    },
    {
      "error": "<tgtCluster_tgtShard_0_44> [15:25:54.315] Plan execution failed on step MakeBackupDataAvailable as part of move RestoreRsMemberFromBackupPhase1 : <tgtCluster_tgtShard_0_44> [15:25:54.315] Failed to apply action. Result = <nil> : <tgtCluster_tgtShard_0_44> [15:25:54.315] Failed to download the snapshot : <tgtCluster_tgtShard_0_44> [15:25:54.315] Error while waiting for third party to copy backup to /fimongo1/data : <tgtCluster_tgtShard_0_44> [15:25:54.315] Observed error when trying to mark node as ready for copy files. : <tgtCluster_tgtShard_0_44> [15:25:54.315] Got return status 404 Not Found when trying to mark node ready for copy files.",
      "hostname": "rmdb8",
      "id": "rmdb8:37017",
      "port": 37017,
      "rsId": "tgtShard_0",
      "state": "RECOVERY_IN_PROGRESS",
      "stateUpdateTime": 1790968530
    },
    {
      "error": null,
      "hostname": "rmdb13",
      "id": "rmdb13:37017",
      "port": 37017,
      "rsId": "tgtShard_0",
      "state": "RECOVERY_IN_PROGRESS",
      "stateUpdateTime": 1790917247
    },
    {
      "error": "<tgtCluster_tgtShard_0_42> [15:25:01.533] Plan execution failed on step MakeBackupDataAvailable as part of move RestoreRsMemberFromBackupPhase1 : <tgtCluster_tgtShard_0_42> [15:25:01.533] Failed to apply action. Result = <nil> : <tgtCluster_tgtShard_0_42> [15:25:01.533] Failed to download the snapshot : <tgtCluster_tgtShard_0_42> [15:25:01.533] Error while waiting for third party to copy backup to /fimongo1/data : <tgtCluster_tgtShard_0_42> [15:25:01.533] Observed error when trying to mark node as ready for copy files. : <tgtCluster_tgtShard_0_42> [15:25:01.533] Got return status 404 Not Found when trying to mark node ready for copy files.",
      "hostname": "rmdb1",
      "id": "rmdb1:37017",
      "port": 37017,
      "rsId": "tgtShard_0",
      "state": "RECOVERY_IN_PROGRESS",
      "stateUpdateTime": 1790963978
    },
    {
      "error": "<tgtCluster_tgtShard_0_43> [15:25:45.960] Plan execution failed on step MakeBackupDataAvailable as part of move RestoreRsMemberFromBackupPhase1 : <tgtCluster_tgtShard_0_43> [15:25:45.960] Failed to apply action. Result = <nil> : <tgtCluster_tgtShard_0_43> [15:25:45.960] Failed to download the snapshot : <tgtCluster_tgtShard_0_43> [15:25:45.960] Error while waiting for third party to copy backup to /fimongo1/data : <tgtCluster_tgtShard_0_43> [15:25:45.960] Observed error when trying to mark node as ready for copy files. : <tgtCluster_tgtShard_0_43> [15:25:45.960] Got return status 404 Not Found when trying to mark node ready for copy files.",
      "hostname": "rmdb3",
      "id": "rmdb3:37017",
      "port": 37017,
      "rsId": "tgtShard_0",
      "state": "RECOVERY_IN_PROGRESS",
      "stateUpdateTime": 1790967977
    },
    {
      "error": null,
      "hostname": "rmdb11",
      "id": "rmdb11:37017",
      "port": 37017,
      "rsId": "tgtShard_0",
      "state": "RECOVERY_IN_PROGRESS",
      "stateUpdateTime": 1790917218
    },
    {
      "error": null,
      "hostname": "rmdb7",
      "id": "rmdb7:37017",
      "port": 37017,
      "rsId": "tgtconfigRS",
      "state": "RECOVERY_IN_PROGRESS",
      "stateUpdateTime": 1790917195
    },
    {
      "error": null,
      "hostname": "rmdb-config1",
      "id": "rmdb-config1:37017",
      "port": 37017,
      "rsId": "tgtconfigRS",
      "state": "RECOVERY_IN_PROGRESS",
      "stateUpdateTime": 1790917145
    },
    {
      "error": null,
      "hostname": "rmdb-config2",
      "id": "rmdb-config2:37017",
      "port": 37017,
      "rsId": "tgtconfigRS",
      "state": "RECOVERY_IN_PROGRESS",
      "stateUpdateTime": 1790917166
    }
  ],
  "state": "RECOVERY_IN_PROGRESS"
}
2026-10-02 14:26:08,000 [INFO] Restore state: RECOVERY_IN_PROGRESS
2026-10-02 14:26:18,000 [DEBUG] API GET http://129.40.36.100:8080/api/public/v1.0/backup/third_party/group/6a386221ee19a6537cc68a97/restore/6abf3847457a6b80701899fb
2026-10-02 14:26:18,154 [DEBUG] STATUS 200
2026-10-02 14:26:18,155 [DEBUG] {
  "clusterMapping": [
    {
      "rsId": "sgcShard_0",
      "targetRsId": "tgtShard_0"
    },
    {
      "rsId": "sgcShard_1",
      "targetRsId": "tgtShard_1"
    },
    {
      "rsId": "configRS",
      "targetRsId": "tgtconfigRS"
    }
  ],
  "nodes": [
    {
      "error": "<tgtCluster_tgtShard_1_64> [15:25:24.202] Plan execution failed on step MakeBackupDataAvailable as part of move RestoreRsMemberFromBackupPhase1 : <tgtCluster_tgtShard_1_64> [15:25:24.202] Failed to apply action. Result = <nil> : <tgtCluster_tgtShard_1_64> [15:25:24.202] Failed to download the snapshot : <tgtCluster_tgtShard_1_64> [15:25:24.202] Error while waiting for third party to copy backup to /fimongo1/data : <tgtCluster_tgtShard_1_64> [15:25:24.202] Observed error when trying to mark node as ready for copy files. : <tgtCluster_tgtShard_1_64> [15:25:24.202] Got return status 404 Not Found when trying to mark node ready for copy files.",
      "hostname": "rmdb12",
      "id": "rmdb12:37017",
      "port": 37017,
      "rsId": "tgtShard_1",
      "state": "RECOVERY_IN_PROGRESS",
      "stateUpdateTime": 1790969076
    },
    {
      "error": "<tgtCluster_tgtShard_1_66> [15:25:53.474] Plan execution failed on step MakeBackupDataAvailable as part of move RestoreRsMemberFromBackupPhase1 : <tgtCluster_tgtShard_1_66> [15:25:53.473] Failed to apply action. Result = <nil> : <tgtCluster_tgtShard_1_66> [15:25:53.473] Failed to download the snapshot : <tgtCluster_tgtShard_1_66> [15:25:53.473] Error while waiting for third party to copy backup to /fimongo1/data : <tgtCluster_tgtShard_1_66> [15:25:53.473] Observed error when trying to mark node as ready for copy files. : <tgtCluster_tgtShard_1_66> [15:25:53.473] Got return status 404 Not Found when trying to mark node ready for copy files.",
      "hostname": "rmdb14",
      "id": "rmdb14:37017",
      "port": 37017,
      "rsId": "tgtShard_1",
      "state": "RECOVERY_IN_PROGRESS",
      "stateUpdateTime": 1790968879
    },
    {
      "error": null,
      "hostname": "rmdb9",
      "id": "rmdb9:37017",
      "port": 37017,
      "rsId": "tgtShard_1",
      "state": "RECOVERY_IN_PROGRESS",
      "stateUpdateTime": 1790968923
    },
    {
      "error": "<tgtCluster_tgtShard_1_46> [15:26:03.162] Plan execution failed on step MakeBackupDataAvailable as part of move RestoreRsMemberFromBackupPhase1 : <tgtCluster_tgtShard_1_46> [15:26:03.161] Failed to apply action. Result = <nil> : <tgtCluster_tgtShard_1_46> [15:26:03.161] Failed to download the snapshot : <tgtCluster_tgtShard_1_46> [15:26:03.161] Error while waiting for third party to copy backup to /fimongo1/data : <tgtCluster_tgtShard_1_46> [15:26:03.161] Observed error when trying to mark node as ready for copy files. : <tgtCluster_tgtShard_1_46> [15:26:03.161] Got return status 404 Not Found when trying to mark node ready for copy files.",
      "hostname": "rmdb4",
      "id": "rmdb4:37017",
      "port": 37017,
      "rsId": "tgtShard_1",
      "state": "RECOVERY_IN_PROGRESS",
      "stateUpdateTime": 1790968901
    },
    {
      "error": "<tgtCluster_tgtShard_1_45> [15:26:03.240] Plan execution failed on step MakeBackupDataAvailable as part of move RestoreRsMemberFromBackupPhase1 : <tgtCluster_tgtShard_1_45> [15:26:03.240] Failed to apply action. Result = <nil> : <tgtCluster_tgtShard_1_45> [15:26:03.240] Failed to download the snapshot : <tgtCluster_tgtShard_1_45> [15:26:03.240] Error while waiting for third party to copy backup to /fimongo1/data : <tgtCluster_tgtShard_1_45> [15:26:03.240] Observed error when trying to mark node as ready for copy files. : <tgtCluster_tgtShard_1_45> [15:26:03.240] Got return status 404 Not Found when trying to mark node ready for copy files.",
      "hostname": "rmdb2",
      "id": "rmdb2:37017",
      "port": 37017,
      "rsId": "tgtShard_1",
      "state": "RECOVERY_IN_PROGRESS",
      "stateUpdateTime": 1790968681
    },
    {
      "error": "<tgtCluster_tgtShard_0_44> [15:25:54.315] Plan execution failed on step MakeBackupDataAvailable as part of move RestoreRsMemberFromBackupPhase1 : <tgtCluster_tgtShard_0_44> [15:25:54.315] Failed to apply action. Result = <nil> : <tgtCluster_tgtShard_0_44> [15:25:54.315] Failed to download the snapshot : <tgtCluster_tgtShard_0_44> [15:25:54.315] Error while waiting for third party to copy backup to /fimongo1/data : <tgtCluster_tgtShard_0_44> [15:25:54.315] Observed error when trying to mark node as ready for copy files. : <tgtCluster_tgtShard_0_44> [15:25:54.315] Got return status 404 Not Found when trying to mark node ready for copy files.",
      "hostname": "rmdb8",
      "id": "rmdb8:37017",
      "port": 37017,
      "rsId": "tgtShard_0",
      "state": "RECOVERY_IN_PROGRESS",
      "stateUpdateTime": 1790968530
    },
    {
      "error": null,
      "hostname": "rmdb13",
      "id": "rmdb13:37017",
      "port": 37017,
      "rsId": "tgtShard_0",
      "state": "RECOVERY_IN_PROGRESS",
      "stateUpdateTime": 1790917247
    },
    {
      "error": "<tgtCluster_tgtShard_0_42> [15:26:02.363] Plan execution failed on step MakeBackupDataAvailable as part of move RestoreRsMemberFromBackupPhase1 : <tgtCluster_tgtShard_0_42> [15:26:02.363] Failed to apply action. Result = <nil> : <tgtCluster_tgtShard_0_42> [15:26:02.363] Failed to download the snapshot : <tgtCluster_tgtShard_0_42> [15:26:02.363] Error while waiting for third party to copy backup to /fimongo1/data : <tgtCluster_tgtShard_0_42> [15:26:02.363] Observed error when trying to mark node as ready for copy files. : <tgtCluster_tgtShard_0_42> [15:26:02.363] Got return status 404 Not Found when trying to mark node ready for copy files.",
      "hostname": "rmdb1",
      "id": "rmdb1:37017",
      "port": 37017,
      "rsId": "tgtShard_0",
      "state": "RECOVERY_IN_PROGRESS",
      "stateUpdateTime": 1790963978
    },
    {
      "error": "<tgtCluster_tgtShard_0_43> [15:25:45.960] Plan execution failed on step MakeBackupDataAvailable as part of move RestoreRsMemberFromBackupPhase1 : <tgtCluster_tgtShard_0_43> [15:25:45.960] Failed to apply action. Result = <nil> : <tgtCluster_tgtShard_0_43> [15:25:45.960] Failed to download the snapshot : <tgtCluster_tgtShard_0_43> [15:25:45.960] Error while waiting for third party to copy backup to /fimongo1/data : <tgtCluster_tgtShard_0_43> [15:25:45.960] Observed error when trying to mark node as ready for copy files. : <tgtCluster_tgtShard_0_43> [15:25:45.960] Got return status 404 Not Found when trying to mark node ready for copy files.",
      "hostname": "rmdb3",
      "id": "rmdb3:37017",
      "port": 37017,
      "rsId": "tgtShard_0",
      "state": "RECOVERY_IN_PROGRESS",
      "stateUpdateTime": 1790967977
    },
    {
      "error": null,
      "hostname": "rmdb11",
      "id": "rmdb11:37017",
      "port": 37017,
      "rsId": "tgtShard_0",
      "state": "RECOVERY_IN_PROGRESS",
      "stateUpdateTime": 1790917218
    },
    {
      "error": null,
      "hostname": "rmdb7",
      "id": "rmdb7:37017",
      "port": 37017,
      "rsId": "tgtconfigRS",
      "state": "RECOVERY_IN_PROGRESS",
      "stateUpdateTime": 1790917195
    },
    {
      "error": null,
      "hostname": "rmdb-config1",
      "id": "rmdb-config1:37017",
      "port": 37017,
      "rsId": "tgtconfigRS",
      "state": "RECOVERY_IN_PROGRESS",
      "stateUpdateTime": 1790917145
    },
    {
      "error": null,
      "hostname": "rmdb-config2",
      "id": "rmdb-config2:37017",
      "port": 37017,
      "rsId": "tgtconfigRS",
      "state": "RECOVERY_IN_PROGRESS",
      "stateUpdateTime": 1790917166
    }
  ],
  "state": "RECOVERY_IN_PROGRESS"
}
2026-10-02 14:26:18,155 [INFO] Restore state: RECOVERY_IN_PROGRESS
2026-10-02 14:26:28,155 [DEBUG] API GET http://129.40.36.100:8080/api/public/v1.0/backup/third_party/group/6a386221ee19a6537cc68a97/restore/6abf3847457a6b80701899fb
2026-10-02 14:26:28,299 [DEBUG] STATUS 200
2026-10-02 14:26:28,299 [DEBUG] {
  "clusterMapping": [
    {
      "rsId": "sgcShard_0",
      "targetRsId": "tgtShard_0"
    },
    {
      "rsId": "sgcShard_1",
      "targetRsId": "tgtShard_1"
    },
    {
      "rsId": "configRS",
      "targetRsId": "tgtconfigRS"
    }
  ],
  "nodes": [
    {
      "error": "<tgtCluster_tgtShard_1_64> [15:25:24.202] Plan execution failed on step MakeBackupDataAvailable as part of move RestoreRsMemberFromBackupPhase1 : <tgtCluster_tgtShard_1_64> [15:25:24.202] Failed to apply action. Result = <nil> : <tgtCluster_tgtShard_1_64> [15:25:24.202] Failed to download the snapshot : <tgtCluster_tgtShard_1_64> [15:25:24.202] Error while waiting for third party to copy backup to /fimongo1/data : <tgtCluster_tgtShard_1_64> [15:25:24.202] Observed error when trying to mark node as ready for copy files. : <tgtCluster_tgtShard_1_64> [15:25:24.202] Got return status 404 Not Found when trying to mark node ready for copy files.",
      "hostname": "rmdb12",
      "id": "rmdb12:37017",
      "port": 37017,
      "rsId": "tgtShard_1",
      "state": "RECOVERY_IN_PROGRESS",
      "stateUpdateTime": 1790969076
    },
    {
      "error": "<tgtCluster_tgtShard_1_66> [15:25:53.474] Plan execution failed on step MakeBackupDataAvailable as part of move RestoreRsMemberFromBackupPhase1 : <tgtCluster_tgtShard_1_66> [15:25:53.473] Failed to apply action. Result = <nil> : <tgtCluster_tgtShard_1_66> [15:25:53.473] Failed to download the snapshot : <tgtCluster_tgtShard_1_66> [15:25:53.473] Error while waiting for third party to copy backup to /fimongo1/data : <tgtCluster_tgtShard_1_66> [15:25:53.473] Observed error when trying to mark node as ready for copy files. : <tgtCluster_tgtShard_1_66> [15:25:53.473] Got return status 404 Not Found when trying to mark node ready for copy files.",
      "hostname": "rmdb14",
      "id": "rmdb14:37017",
      "port": 37017,
      "rsId": "tgtShard_1",
      "state": "RECOVERY_IN_PROGRESS",
      "stateUpdateTime": 1790968879
    },
    {
      "error": "<tgtCluster_tgtShard_1_47> [15:26:18.574] Plan execution failed on step MakeBackupDataAvailable as part of move RestoreRsMemberFromBackupPhase1 : <tgtCluster_tgtShard_1_47> [15:26:18.574] Failed to apply action. Result = <nil> : <tgtCluster_tgtShard_1_47> [15:26:18.574] Failed to download the snapshot : <tgtCluster_tgtShard_1_47> [15:26:18.574] Error while waiting for third party to copy backup to /fimongo1/data : <tgtCluster_tgtShard_1_47> [15:26:18.574] Observed error when trying to mark node as ready for copy files. : <tgtCluster_tgtShard_1_47> [15:26:18.573] Got return status 404 Not Found when trying to mark node ready for copy files.",
      "hostname": "rmdb9",
      "id": "rmdb9:37017",
      "port": 37017,
      "rsId": "tgtShard_1",
      "state": "RECOVERY_IN_PROGRESS",
      "stateUpdateTime": 1790968923
    },
    {
      "error": "<tgtCluster_tgtShard_1_46> [15:26:03.162] Plan execution failed on step MakeBackupDataAvailable as part of move RestoreRsMemberFromBackupPhase1 : <tgtCluster_tgtShard_1_46> [15:26:03.161] Failed to apply action. Result = <nil> : <tgtCluster_tgtShard_1_46> [15:26:03.161] Failed to download the snapshot : <tgtCluster_tgtShard_1_46> [15:26:03.161] Error while waiting for third party to copy backup to /fimongo1/data : <tgtCluster_tgtShard_1_46> [15:26:03.161] Observed error when trying to mark node as ready for copy files. : <tgtCluster_tgtShard_1_46> [15:26:03.161] Got return status 404 Not Found when trying to mark node ready for copy files.",
      "hostname": "rmdb4",
      "id": "rmdb4:37017",
      "port": 37017,
      "rsId": "tgtShard_1",
      "state": "RECOVERY_IN_PROGRESS",
      "stateUpdateTime": 1790968901
    },
    {
      "error": "<tgtCluster_tgtShard_1_45> [15:26:03.240] Plan execution failed on step MakeBackupDataAvailable as part of move RestoreRsMemberFromBackupPhase1 : <tgtCluster_tgtShard_1_45> [15:26:03.240] Failed to apply action. Result = <nil> : <tgtCluster_tgtShard_1_45> [15:26:03.240] Failed to download the snapshot : <tgtCluster_tgtShard_1_45> [15:26:03.240] Error while waiting for third party to copy backup to /fimongo1/data : <tgtCluster_tgtShard_1_45> [15:26:03.240] Observed error when trying to mark node as ready for copy files. : <tgtCluster_tgtShard_1_45> [15:26:03.240] Got return status 404 Not Found when trying to mark node ready for copy files.",
      "hostname": "rmdb2",
      "id": "rmdb2:37017",
      "port": 37017,
      "rsId": "tgtShard_1",
      "state": "RECOVERY_IN_PROGRESS",
      "stateUpdateTime": 1790968681
    },
    {
      "error": "<tgtCluster_tgtShard_0_44> [15:25:54.315] Plan execution failed on step MakeBackupDataAvailable as part of move RestoreRsMemberFromBackupPhase1 : <tgtCluster_tgtShard_0_44> [15:25:54.315] Failed to apply action. Result = <nil> : <tgtCluster_tgtShard_0_44> [15:25:54.315] Failed to download the snapshot : <tgtCluster_tgtShard_0_44> [15:25:54.315] Error while waiting for third party to copy backup to /fimongo1/data : <tgtCluster_tgtShard_0_44> [15:25:54.315] Observed error when trying to mark node as ready for copy files. : <tgtCluster_tgtShard_0_44> [15:25:54.315] Got return status 404 Not Found when trying to mark node ready for copy files.",
      "hostname": "rmdb8",
      "id": "rmdb8:37017",
      "port": 37017,
      "rsId": "tgtShard_0",
      "state": "RECOVERY_IN_PROGRESS",
      "stateUpdateTime": 1790968530
    },
    {
      "error": null,
      "hostname": "rmdb13",
      "id": "rmdb13:37017",
      "port": 37017,
      "rsId": "tgtShard_0",
      "state": "RECOVERY_IN_PROGRESS",
      "stateUpdateTime": 1790917247
    },
    {
      "error": "<tgtCluster_tgtShard_0_42> [15:26:02.363] Plan execution failed on step MakeBackupDataAvailable as part of move RestoreRsMemberFromBackupPhase1 : <tgtCluster_tgtShard_0_42> [15:26:02.363] Failed to apply action. Result = <nil> : <tgtCluster_tgtShard_0_42> [15:26:02.363] Failed to download the snapshot : <tgtCluster_tgtShard_0_42> [15:26:02.363] Error while waiting for third party to copy backup to /fimongo1/data : <tgtCluster_tgtShard_0_42> [15:26:02.363] Observed error when trying to mark node as ready for copy files. : <tgtCluster_tgtShard_0_42> [15:26:02.363] Got return status 404 Not Found when trying to mark node ready for copy files.",
      "hostname": "rmdb1",
      "id": "rmdb1:37017",
      "port": 37017,
      "rsId": "tgtShard_0",
      "state": "RECOVERY_IN_PROGRESS",
      "stateUpdateTime": 1790963978
    },
    {
      "error": "<tgtCluster_tgtShard_0_43> [15:25:45.960] Plan execution failed on step MakeBackupDataAvailable as part of move RestoreRsMemberFromBackupPhase1 : <tgtCluster_tgtShard_0_43> [15:25:45.960] Failed to apply action. Result = <nil> : <tgtCluster_tgtShard_0_43> [15:25:45.960] Failed to download the snapshot : <tgtCluster_tgtShard_0_43> [15:25:45.960] Error while waiting for third party to copy backup to /fimongo1/data : <tgtCluster_tgtShard_0_43> [15:25:45.960] Observed error when trying to mark node as ready for copy files. : <tgtCluster_tgtShard_0_43> [15:25:45.960] Got return status 404 Not Found when trying to mark node ready for copy files.",
      "hostname": "rmdb3",
      "id": "rmdb3:37017",
      "port": 37017,
      "rsId": "tgtShard_0",
      "state": "RECOVERY_IN_PROGRESS",
      "stateUpdateTime": 1790967977
    },
    {
      "error": null,
      "hostname": "rmdb11",
      "id": "rmdb11:37017",
      "port": 37017,
      "rsId": "tgtShard_0",
      "state": "RECOVERY_IN_PROGRESS",
      "stateUpdateTime": 1790917218
    },
    {
      "error": null,
      "hostname": "rmdb7",
      "id": "rmdb7:37017",
      "port": 37017,
      "rsId": "tgtconfigRS",
      "state": "RECOVERY_IN_PROGRESS",
      "stateUpdateTime": 1790917195
    },
    {
      "error": null,
      "hostname": "rmdb-config1",
      "id": "rmdb-config1:37017",
      "port": 37017,
      "rsId": "tgtconfigRS",
      "state": "RECOVERY_IN_PROGRESS",
      "stateUpdateTime": 1790917145
    },
    {
      "error": null,
      "hostname": "rmdb-config2",
      "id": "rmdb-config2:37017",
      "port": 37017,
      "rsId": "tgtconfigRS",
      "state": "RECOVERY_IN_PROGRESS",
      "stateUpdateTime": 1790917166
    }
  ],
  "state": "RECOVERY_IN_PROGRESS"
}
2026-10-02 14:26:28,299 [INFO] Restore state: RECOVERY_IN_PROGRESS
2026-10-02 14:26:38,300 [DEBUG] API GET http://129.40.36.100:8080/api/public/v1.0/backup/third_party/group/6a386221ee19a6537cc68a97/restore/6abf3847457a6b80701899fb
2026-10-02 14:26:38,511 [DEBUG] STATUS 200
2026-10-02 14:26:38,511 [DEBUG] {
  "clusterMapping": [
    {
      "rsId": "sgcShard_0",
      "targetRsId": "tgtShard_0"
    },
    {
      "rsId": "sgcShard_1",
      "targetRsId": "tgtShard_1"
    },
    {
      "rsId": "configRS",
      "targetRsId": "tgtconfigRS"
    }
  ],
  "nodes": [
    {
      "error": "<tgtCluster_tgtShard_1_64> [15:26:25.440] Plan execution failed on step MakeBackupDataAvailable as part of move RestoreRsMemberFromBackupPhase1 : <tgtCluster_tgtShard_1_64> [15:26:25.440] Failed to apply action. Result = <nil> : <tgtCluster_tgtShard_1_64> [15:26:25.440] Failed to download the snapshot : <tgtCluster_tgtShard_1_64> [15:26:25.440] Error while waiting for third party to copy backup to /fimongo1/data : <tgtCluster_tgtShard_1_64> [15:26:25.440] Observed error when trying to mark node as ready for copy files. : <tgtCluster_tgtShard_1_64> [15:26:25.440] Got return status 404 Not Found when trying to mark node ready for copy files.",
      "hostname": "rmdb12",
      "id": "rmdb12:37017",
      "port": 37017,
      "rsId": "tgtShard_1",
      "state": "RECOVERY_IN_PROGRESS",
      "stateUpdateTime": 1790969076
    },
    {
      "error": "<tgtCluster_tgtShard_1_66> [15:25:53.474] Plan execution failed on step MakeBackupDataAvailable as part of move RestoreRsMemberFromBackupPhase1 : <tgtCluster_tgtShard_1_66> [15:25:53.473] Failed to apply action. Result = <nil> : <tgtCluster_tgtShard_1_66> [15:25:53.473] Failed to download the snapshot : <tgtCluster_tgtShard_1_66> [15:25:53.473] Error while waiting for third party to copy backup to /fimongo1/data : <tgtCluster_tgtShard_1_66> [15:25:53.473] Observed error when trying to mark node as ready for copy files. : <tgtCluster_tgtShard_1_66> [15:25:53.473] Got return status 404 Not Found when trying to mark node ready for copy files.",
      "hostname": "rmdb14",
      "id": "rmdb14:37017",
      "port": 37017,
      "rsId": "tgtShard_1",
      "state": "RECOVERY_IN_PROGRESS",
      "stateUpdateTime": 1790968879
    },
    {
      "error": "<tgtCluster_tgtShard_1_47> [15:26:18.574] Plan execution failed on step MakeBackupDataAvailable as part of move RestoreRsMemberFromBackupPhase1 : <tgtCluster_tgtShard_1_47> [15:26:18.574] Failed to apply action. Result = <nil> : <tgtCluster_tgtShard_1_47> [15:26:18.574] Failed to download the snapshot : <tgtCluster_tgtShard_1_47> [15:26:18.574] Error while waiting for third party to copy backup to /fimongo1/data : <tgtCluster_tgtShard_1_47> [15:26:18.574] Observed error when trying to mark node as ready for copy files. : <tgtCluster_tgtShard_1_47> [15:26:18.573] Got return status 404 Not Found when trying to mark node ready for copy files.",
      "hostname": "rmdb9",
      "id": "rmdb9:37017",
      "port": 37017,
      "rsId": "tgtShard_1",
      "state": "RECOVERY_IN_PROGRESS",
      "stateUpdateTime": 1790968923
    },
    {
      "error": "<tgtCluster_tgtShard_1_46> [15:26:03.162] Plan execution failed on step MakeBackupDataAvailable as part of move RestoreRsMemberFromBackupPhase1 : <tgtCluster_tgtShard_1_46> [15:26:03.161] Failed to apply action. Result = <nil> : <tgtCluster_tgtShard_1_46> [15:26:03.161] Failed to download the snapshot : <tgtCluster_tgtShard_1_46> [15:26:03.161] Error while waiting for third party to copy backup to /fimongo1/data : <tgtCluster_tgtShard_1_46> [15:26:03.161] Observed error when trying to mark node as ready for copy files. : <tgtCluster_tgtShard_1_46> [15:26:03.161] Got return status 404 Not Found when trying to mark node ready for copy files.",
      "hostname": "rmdb4",
      "id": "rmdb4:37017",
      "port": 37017,
      "rsId": "tgtShard_1",
      "state": "RECOVERY_IN_PROGRESS",
      "stateUpdateTime": 1790968901
    },
    {
      "error": "<tgtCluster_tgtShard_1_45> [15:26:03.240] Plan execution failed on step MakeBackupDataAvailable as part of move RestoreRsMemberFromBackupPhase1 : <tgtCluster_tgtShard_1_45> [15:26:03.240] Failed to apply action. Result = <nil> : <tgtCluster_tgtShard_1_45> [15:26:03.240] Failed to download the snapshot : <tgtCluster_tgtShard_1_45> [15:26:03.240] Error while waiting for third party to copy backup to /fimongo1/data : <tgtCluster_tgtShard_1_45> [15:26:03.240] Observed error when trying to mark node as ready for copy files. : <tgtCluster_tgtShard_1_45> [15:26:03.240] Got return status 404 Not Found when trying to mark node ready for copy files.",
      "hostname": "rmdb2",
      "id": "rmdb2:37017",
      "port": 37017,
      "rsId": "tgtShard_1",
      "state": "RECOVERY_IN_PROGRESS",
      "stateUpdateTime": 1790968681
    },
    {
      "error": "<tgtCluster_tgtShard_0_44> [15:25:54.315] Plan execution failed on step MakeBackupDataAvailable as part of move RestoreRsMemberFromBackupPhase1 : <tgtCluster_tgtShard_0_44> [15:25:54.315] Failed to apply action. Result = <nil> : <tgtCluster_tgtShard_0_44> [15:25:54.315] Failed to download the snapshot : <tgtCluster_tgtShard_0_44> [15:25:54.315] Error while waiting for third party to copy backup to /fimongo1/data : <tgtCluster_tgtShard_0_44> [15:25:54.315] Observed error when trying to mark node as ready for copy files. : <tgtCluster_tgtShard_0_44> [15:25:54.315] Got return status 404 Not Found when trying to mark node ready for copy files.",
      "hostname": "rmdb8",
      "id": "rmdb8:37017",
      "port": 37017,
      "rsId": "tgtShard_0",
      "state": "RECOVERY_IN_PROGRESS",
      "stateUpdateTime": 1790968530
    },
    {
      "error": null,
      "hostname": "rmdb13",
      "id": "rmdb13:37017",
      "port": 37017,
      "rsId": "tgtShard_0",
      "state": "RECOVERY_IN_PROGRESS",
      "stateUpdateTime": 1790917247
    },
    {
      "error": "<tgtCluster_tgtShard_0_42> [15:26:02.363] Plan execution failed on step MakeBackupDataAvailable as part of move RestoreRsMemberFromBackupPhase1 : <tgtCluster_tgtShard_0_42> [15:26:02.363] Failed to apply action. Result = <nil> : <tgtCluster_tgtShard_0_42> [15:26:02.363] Failed to download the snapshot : <tgtCluster_tgtShard_0_42> [15:26:02.363] Error while waiting for third party to copy backup to /fimongo1/data : <tgtCluster_tgtShard_0_42> [15:26:02.363] Observed error when trying to mark node as ready for copy files. : <tgtCluster_tgtShard_0_42> [15:26:02.363] Got return status 404 Not Found when trying to mark node ready for copy files.",
      "hostname": "rmdb1",
      "id": "rmdb1:37017",
      "port": 37017,
      "rsId": "tgtShard_0",
      "state": "RECOVERY_IN_PROGRESS",
      "stateUpdateTime": 1790963978
    },
    {
      "error": "<tgtCluster_tgtShard_0_43> [15:25:45.960] Plan execution failed on step MakeBackupDataAvailable as part of move RestoreRsMemberFromBackupPhase1 : <tgtCluster_tgtShard_0_43> [15:25:45.960] Failed to apply action. Result = <nil> : <tgtCluster_tgtShard_0_43> [15:25:45.960] Failed to download the snapshot : <tgtCluster_tgtShard_0_43> [15:25:45.960] Error while waiting for third party to copy backup to /fimongo1/data : <tgtCluster_tgtShard_0_43> [15:25:45.960] Observed error when trying to mark node as ready for copy files. : <tgtCluster_tgtShard_0_43> [15:25:45.960] Got return status 404 Not Found when trying to mark node ready for copy files.",
      "hostname": "rmdb3",
      "id": "rmdb3:37017",
      "port": 37017,
      "rsId": "tgtShard_0",
      "state": "RECOVERY_IN_PROGRESS",
      "stateUpdateTime": 1790967977
    },
    {
      "error": null,
      "hostname": "rmdb11",
      "id": "rmdb11:37017",
      "port": 37017,
      "rsId": "tgtShard_0",
      "state": "RECOVERY_IN_PROGRESS",
      "stateUpdateTime": 1790917218
    },
    {
      "error": null,
      "hostname": "rmdb7",
      "id": "rmdb7:37017",
      "port": 37017,
      "rsId": "tgtconfigRS",
      "state": "RECOVERY_IN_PROGRESS",
      "stateUpdateTime": 1790917195
    },
    {
      "error": null,
      "hostname": "rmdb-config1",
      "id": "rmdb-config1:37017",
      "port": 37017,
      "rsId": "tgtconfigRS",
      "state": "RECOVERY_IN_PROGRESS",
      "stateUpdateTime": 1790917145
    },
    {
      "error": null,
      "hostname": "rmdb-config2",
      "id": "rmdb-config2:37017",
      "port": 37017,
      "rsId": "tgtconfigRS",
      "state": "RECOVERY_IN_PROGRESS",
      "stateUpdateTime": 1790917166
    }
  ],
  "state": "RECOVERY_IN_PROGRESS"
}
2026-10-02 14:26:38,512 [INFO] Restore state: RECOVERY_IN_PROGRESS
2026-10-02 14:26:48,512 [DEBUG] API GET http://129.40.36.100:8080/api/public/v1.0/backup/third_party/group/6a386221ee19a6537cc68a97/restore/6abf3847457a6b80701899fb
2026-10-02 14:26:48,677 [DEBUG] STATUS 200
2026-10-02 14:26:48,677 [DEBUG] {
  "clusterMapping": [
    {
      "rsId": "sgcShard_0",
      "targetRsId": "tgtShard_0"
    },
    {
      "rsId": "sgcShard_1",
      "targetRsId": "tgtShard_1"
    },
    {
      "rsId": "configRS",
      "targetRsId": "tgtconfigRS"
    }
  ],
  "nodes": [
    {
      "error": "<tgtCluster_tgtShard_1_64> [15:26:25.440] Plan execution failed on step MakeBackupDataAvailable as part of move RestoreRsMemberFromBackupPhase1 : <tgtCluster_tgtShard_1_64> [15:26:25.440] Failed to apply action. Result = <nil> : <tgtCluster_tgtShard_1_64> [15:26:25.440] Failed to download the snapshot : <tgtCluster_tgtShard_1_64> [15:26:25.440] Error while waiting for third party to copy backup to /fimongo1/data : <tgtCluster_tgtShard_1_64> [15:26:25.440] Observed error when trying to mark node as ready for copy files. : <tgtCluster_tgtShard_1_64> [15:26:25.440] Got return status 404 Not Found when trying to mark node ready for copy files.",
      "hostname": "rmdb12",
      "id": "rmdb12:37017",
      "port": 37017,
      "rsId": "tgtShard_1",
      "state": "RECOVERY_IN_PROGRESS",
      "stateUpdateTime": 1790969076
    },
    {
      "error": "<tgtCluster_tgtShard_1_66> [15:25:53.474] Plan execution failed on step MakeBackupDataAvailable as part of move RestoreRsMemberFromBackupPhase1 : <tgtCluster_tgtShard_1_66> [15:25:53.473] Failed to apply action. Result = <nil> : <tgtCluster_tgtShard_1_66> [15:25:53.473] Failed to download the snapshot : <tgtCluster_tgtShard_1_66> [15:25:53.473] Error while waiting for third party to copy backup to /fimongo1/data : <tgtCluster_tgtShard_1_66> [15:25:53.473] Observed error when trying to mark node as ready for copy files. : <tgtCluster_tgtShard_1_66> [15:25:53.473] Got return status 404 Not Found when trying to mark node ready for copy files.",
      "hostname": "rmdb14",
      "id": "rmdb14:37017",
      "port": 37017,
      "rsId": "tgtShard_1",
      "state": "RECOVERY_IN_PROGRESS",
      "stateUpdateTime": 1790968879
    },
    {
      "error": "<tgtCluster_tgtShard_1_47> [15:26:18.574] Plan execution failed on step MakeBackupDataAvailable as part of move RestoreRsMemberFromBackupPhase1 : <tgtCluster_tgtShard_1_47> [15:26:18.574] Failed to apply action. Result = <nil> : <tgtCluster_tgtShard_1_47> [15:26:18.574] Failed to download the snapshot : <tgtCluster_tgtShard_1_47> [15:26:18.574] Error while waiting for third party to copy backup to /fimongo1/data : <tgtCluster_tgtShard_1_47> [15:26:18.574] Observed error when trying to mark node as ready for copy files. : <tgtCluster_tgtShard_1_47> [15:26:18.573] Got return status 404 Not Found when trying to mark node ready for copy files.",
      "hostname": "rmdb9",
      "id": "rmdb9:37017",
      "port": 37017,
      "rsId": "tgtShard_1",
      "state": "RECOVERY_IN_PROGRESS",
      "stateUpdateTime": 1790968923
    },
    {
      "error": "<tgtCluster_tgtShard_1_46> [15:26:03.162] Plan execution failed on step MakeBackupDataAvailable as part of move RestoreRsMemberFromBackupPhase1 : <tgtCluster_tgtShard_1_46> [15:26:03.161] Failed to apply action. Result = <nil> : <tgtCluster_tgtShard_1_46> [15:26:03.161] Failed to download the snapshot : <tgtCluster_tgtShard_1_46> [15:26:03.161] Error while waiting for third party to copy backup to /fimongo1/data : <tgtCluster_tgtShard_1_46> [15:26:03.161] Observed error when trying to mark node as ready for copy files. : <tgtCluster_tgtShard_1_46> [15:26:03.161] Got return status 404 Not Found when trying to mark node ready for copy files.",
      "hostname": "rmdb4",
      "id": "rmdb4:37017",
      "port": 37017,
      "rsId": "tgtShard_1",
      "state": "RECOVERY_IN_PROGRESS",
      "stateUpdateTime": 1790968901
    },
    {
      "error": "<tgtCluster_tgtShard_1_45> [15:26:03.240] Plan execution failed on step MakeBackupDataAvailable as part of move RestoreRsMemberFromBackupPhase1 : <tgtCluster_tgtShard_1_45> [15:26:03.240] Failed to apply action. Result = <nil> : <tgtCluster_tgtShard_1_45> [15:26:03.240] Failed to download the snapshot : <tgtCluster_tgtShard_1_45> [15:26:03.240] Error while waiting for third party to copy backup to /fimongo1/data : <tgtCluster_tgtShard_1_45> [15:26:03.240] Observed error when trying to mark node as ready for copy files. : <tgtCluster_tgtShard_1_45> [15:26:03.240] Got return status 404 Not Found when trying to mark node ready for copy files.",
      "hostname": "rmdb2",
      "id": "rmdb2:37017",
      "port": 37017,
      "rsId": "tgtShard_1",
      "state": "RECOVERY_IN_PROGRESS",
      "stateUpdateTime": 1790968681
    },
    {
      "error": "<tgtCluster_tgtShard_0_44> [15:25:54.315] Plan execution failed on step MakeBackupDataAvailable as part of move RestoreRsMemberFromBackupPhase1 : <tgtCluster_tgtShard_0_44> [15:25:54.315] Failed to apply action. Result = <nil> : <tgtCluster_tgtShard_0_44> [15:25:54.315] Failed to download the snapshot : <tgtCluster_tgtShard_0_44> [15:25:54.315] Error while waiting for third party to copy backup to /fimongo1/data : <tgtCluster_tgtShard_0_44> [15:25:54.315] Observed error when trying to mark node as ready for copy files. : <tgtCluster_tgtShard_0_44> [15:25:54.315] Got return status 404 Not Found when trying to mark node ready for copy files.",
      "hostname": "rmdb8",
      "id": "rmdb8:37017",
      "port": 37017,
      "rsId": "tgtShard_0",
      "state": "RECOVERY_IN_PROGRESS",
      "stateUpdateTime": 1790968530
    },
    {
      "error": null,
      "hostname": "rmdb13",
      "id": "rmdb13:37017",
      "port": 37017,
      "rsId": "tgtShard_0",
      "state": "RECOVERY_IN_PROGRESS",
      "stateUpdateTime": 1790917247
    },
    {
      "error": "<tgtCluster_tgtShard_0_42> [15:26:02.363] Plan execution failed on step MakeBackupDataAvailable as part of move RestoreRsMemberFromBackupPhase1 : <tgtCluster_tgtShard_0_42> [15:26:02.363] Failed to apply action. Result = <nil> : <tgtCluster_tgtShard_0_42> [15:26:02.363] Failed to download the snapshot : <tgtCluster_tgtShard_0_42> [15:26:02.363] Error while waiting for third party to copy backup to /fimongo1/data : <tgtCluster_tgtShard_0_42> [15:26:02.363] Observed error when trying to mark node as ready for copy files. : <tgtCluster_tgtShard_0_42> [15:26:02.363] Got return status 404 Not Found when trying to mark node ready for copy files.",
      "hostname": "rmdb1",
      "id": "rmdb1:37017",
      "port": 37017,
      "rsId": "tgtShard_0",
      "state": "RECOVERY_IN_PROGRESS",
      "stateUpdateTime": 1790963978
    },
    {
      "error": "<tgtCluster_tgtShard_0_43> [15:25:45.960] Plan execution failed on step MakeBackupDataAvailable as part of move RestoreRsMemberFromBackupPhase1 : <tgtCluster_tgtShard_0_43> [15:25:45.960] Failed to apply action. Result = <nil> : <tgtCluster_tgtShard_0_43> [15:25:45.960] Failed to download the snapshot : <tgtCluster_tgtShard_0_43> [15:25:45.960] Error while waiting for third party to copy backup to /fimongo1/data : <tgtCluster_tgtShard_0_43> [15:25:45.960] Observed error when trying to mark node as ready for copy files. : <tgtCluster_tgtShard_0_43> [15:25:45.960] Got return status 404 Not Found when trying to mark node ready for copy files.",
      "hostname": "rmdb3",
      "id": "rmdb3:37017",
      "port": 37017,
      "rsId": "tgtShard_0",
      "state": "RECOVERY_IN_PROGRESS",
      "stateUpdateTime": 1790967977
    },
    {
      "error": null,
      "hostname": "rmdb11",
      "id": "rmdb11:37017",
      "port": 37017,
      "rsId": "tgtShard_0",
      "state": "RECOVERY_IN_PROGRESS",
      "stateUpdateTime": 1790917218
    },
    {
      "error": null,
      "hostname": "rmdb7",
      "id": "rmdb7:37017",
      "port": 37017,
      "rsId": "tgtconfigRS",
      "state": "RECOVERY_IN_PROGRESS",
      "stateUpdateTime": 1790917195
    },
    {
      "error": null,
      "hostname": "rmdb-config1",
      "id": "rmdb-config1:37017",
      "port": 37017,
      "rsId": "tgtconfigRS",
      "state": "RECOVERY_IN_PROGRESS",
      "stateUpdateTime": 1790917145
    },
    {
      "error": null,
      "hostname": "rmdb-config2",
      "id": "rmdb-config2:37017",
      "port": 37017,
      "rsId": "tgtconfigRS",
      "state": "RECOVERY_IN_PROGRESS",
      "stateUpdateTime": 1790917166
    }
  ],
  "state": "RECOVERY_IN_PROGRESS"
}
2026-10-02 14:26:48,678 [INFO] Restore state: RECOVERY_IN_PROGRESS
2026-10-02 14:26:58,679 [DEBUG] API GET http://129.40.36.100:8080/api/public/v1.0/backup/third_party/group/6a386221ee19a6537cc68a97/restore/6abf3847457a6b80701899fb
2026-10-02 14:26:58,833 [DEBUG] STATUS 200
2026-10-02 14:26:58,834 [DEBUG] {
  "clusterMapping": [
    {
      "rsId": "sgcShard_0",
      "targetRsId": "tgtShard_0"
    },
    {
      "rsId": "sgcShard_1",
      "targetRsId": "tgtShard_1"
    },
    {
      "rsId": "configRS",
      "targetRsId": "tgtconfigRS"
    }
  ],
  "nodes": [
    {
      "error": "<tgtCluster_tgtShard_1_64> [15:26:25.440] Plan execution failed on step MakeBackupDataAvailable as part of move RestoreRsMemberFromBackupPhase1 : <tgtCluster_tgtShard_1_64> [15:26:25.440] Failed to apply action. Result = <nil> : <tgtCluster_tgtShard_1_64> [15:26:25.440] Failed to download the snapshot : <tgtCluster_tgtShard_1_64> [15:26:25.440] Error while waiting for third party to copy backup to /fimongo1/data : <tgtCluster_tgtShard_1_64> [15:26:25.440] Observed error when trying to mark node as ready for copy files. : <tgtCluster_tgtShard_1_64> [15:26:25.440] Got return status 404 Not Found when trying to mark node ready for copy files.",
      "hostname": "rmdb12",
      "id": "rmdb12:37017",
      "port": 37017,
      "rsId": "tgtShard_1",
      "state": "RECOVERY_IN_PROGRESS",
      "stateUpdateTime": 1790969076
    },
    {
      "error": "<tgtCluster_tgtShard_1_66> [15:26:55.289] Plan execution failed on step MakeBackupDataAvailable as part of move RestoreRsMemberFromBackupPhase1 : <tgtCluster_tgtShard_1_66> [15:26:55.289] Failed to apply action. Result = <nil> : <tgtCluster_tgtShard_1_66> [15:26:55.289] Failed to download the snapshot : <tgtCluster_tgtShard_1_66> [15:26:55.289] Error while waiting for third party to copy backup to /fimongo1/data : <tgtCluster_tgtShard_1_66> [15:26:55.289] Observed error when trying to mark node as ready for copy files. : <tgtCluster_tgtShard_1_66> [15:26:55.288] Got return status 404 Not Found when trying to mark node ready for copy files.",
      "hostname": "rmdb14",
      "id": "rmdb14:37017",
      "port": 37017,
      "rsId": "tgtShard_1",
      "state": "RECOVERY_IN_PROGRESS",
      "stateUpdateTime": 1790968879
    },
    {
      "error": "<tgtCluster_tgtShard_1_47> [15:26:18.574] Plan execution failed on step MakeBackupDataAvailable as part of move RestoreRsMemberFromBackupPhase1 : <tgtCluster_tgtShard_1_47> [15:26:18.574] Failed to apply action. Result = <nil> : <tgtCluster_tgtShard_1_47> [15:26:18.574] Failed to download the snapshot : <tgtCluster_tgtShard_1_47> [15:26:18.574] Error while waiting for third party to copy backup to /fimongo1/data : <tgtCluster_tgtShard_1_47> [15:26:18.574] Observed error when trying to mark node as ready for copy files. : <tgtCluster_tgtShard_1_47> [15:26:18.573] Got return status 404 Not Found when trying to mark node ready for copy files.",
      "hostname": "rmdb9",
      "id": "rmdb9:37017",
      "port": 37017,
      "rsId": "tgtShard_1",
      "state": "RECOVERY_IN_PROGRESS",
      "stateUpdateTime": 1790968923
    },
    {
      "error": "<tgtCluster_tgtShard_1_46> [15:26:03.162] Plan execution failed on step MakeBackupDataAvailable as part of move RestoreRsMemberFromBackupPhase1 : <tgtCluster_tgtShard_1_46> [15:26:03.161] Failed to apply action. Result = <nil> : <tgtCluster_tgtShard_1_46> [15:26:03.161] Failed to download the snapshot : <tgtCluster_tgtShard_1_46> [15:26:03.161] Error while waiting for third party to copy backup to /fimongo1/data : <tgtCluster_tgtShard_1_46> [15:26:03.161] Observed error when trying to mark node as ready for copy files. : <tgtCluster_tgtShard_1_46> [15:26:03.161] Got return status 404 Not Found when trying to mark node ready for copy files.",
      "hostname": "rmdb4",
      "id": "rmdb4:37017",
      "port": 37017,
      "rsId": "tgtShard_1",
      "state": "RECOVERY_IN_PROGRESS",
      "stateUpdateTime": 1790968901
    },
    {
      "error": "<tgtCluster_tgtShard_1_45> [15:26:03.240] Plan execution failed on step MakeBackupDataAvailable as part of move RestoreRsMemberFromBackupPhase1 : <tgtCluster_tgtShard_1_45> [15:26:03.240] Failed to apply action. Result = <nil> : <tgtCluster_tgtShard_1_45> [15:26:03.240] Failed to download the snapshot : <tgtCluster_tgtShard_1_45> [15:26:03.240] Error while waiting for third party to copy backup to /fimongo1/data : <tgtCluster_tgtShard_1_45> [15:26:03.240] Observed error when trying to mark node as ready for copy files. : <tgtCluster_tgtShard_1_45> [15:26:03.240] Got return status 404 Not Found when trying to mark node ready for copy files.",
      "hostname": "rmdb2",
      "id": "rmdb2:37017",
      "port": 37017,
      "rsId": "tgtShard_1",
      "state": "RECOVERY_IN_PROGRESS",
      "stateUpdateTime": 1790968681
    },
    {
      "error": "<tgtCluster_tgtShard_0_44> [15:26:55.254] Plan execution failed on step MakeBackupDataAvailable as part of move RestoreRsMemberFromBackupPhase1 : <tgtCluster_tgtShard_0_44> [15:26:55.254] Failed to apply action. Result = <nil> : <tgtCluster_tgtShard_0_44> [15:26:55.254] Failed to download the snapshot : <tgtCluster_tgtShard_0_44> [15:26:55.254] Error while waiting for third party to copy backup to /fimongo1/data : <tgtCluster_tgtShard_0_44> [15:26:55.254] Observed error when trying to mark node as ready for copy files. : <tgtCluster_tgtShard_0_44> [15:26:55.254] Got return status 404 Not Found when trying to mark node ready for copy files.",
      "hostname": "rmdb8",
      "id": "rmdb8:37017",
      "port": 37017,
      "rsId": "tgtShard_0",
      "state": "RECOVERY_IN_PROGRESS",
      "stateUpdateTime": 1790968530
    },
    {
      "error": null,
      "hostname": "rmdb13",
      "id": "rmdb13:37017",
      "port": 37017,
      "rsId": "tgtShard_0",
      "state": "RECOVERY_IN_PROGRESS",
      "stateUpdateTime": 1790917247
    },
    {
      "error": "<tgtCluster_tgtShard_0_42> [15:26:02.363] Plan execution failed on step MakeBackupDataAvailable as part of move RestoreRsMemberFromBackupPhase1 : <tgtCluster_tgtShard_0_42> [15:26:02.363] Failed to apply action. Result = <nil> : <tgtCluster_tgtShard_0_42> [15:26:02.363] Failed to download the snapshot : <tgtCluster_tgtShard_0_42> [15:26:02.363] Error while waiting for third party to copy backup to /fimongo1/data : <tgtCluster_tgtShard_0_42> [15:26:02.363] Observed error when trying to mark node as ready for copy files. : <tgtCluster_tgtShard_0_42> [15:26:02.363] Got return status 404 Not Found when trying to mark node ready for copy files.",
      "hostname": "rmdb1",
      "id": "rmdb1:37017",
      "port": 37017,
      "rsId": "tgtShard_0",
      "state": "RECOVERY_IN_PROGRESS",
      "stateUpdateTime": 1790963978
    },
    {
      "error": "<tgtCluster_tgtShard_0_43> [15:26:46.799] Plan execution failed on step MakeBackupDataAvailable as part of move RestoreRsMemberFromBackupPhase1 : <tgtCluster_tgtShard_0_43> [15:26:46.799] Failed to apply action. Result = <nil> : <tgtCluster_tgtShard_0_43> [15:26:46.799] Failed to download the snapshot : <tgtCluster_tgtShard_0_43> [15:26:46.799] Error while waiting for third party to copy backup to /fimongo1/data : <tgtCluster_tgtShard_0_43> [15:26:46.799] Observed error when trying to mark node as ready for copy files. : <tgtCluster_tgtShard_0_43> [15:26:46.799] Got return status 404 Not Found when trying to mark node ready for copy files.",
      "hostname": "rmdb3",
      "id": "rmdb3:37017",
      "port": 37017,
      "rsId": "tgtShard_0",
      "state": "RECOVERY_IN_PROGRESS",
      "stateUpdateTime": 1790967977
    },
    {
      "error": null,
      "hostname": "rmdb11",
      "id": "rmdb11:37017",
      "port": 37017,
      "rsId": "tgtShard_0",
      "state": "RECOVERY_IN_PROGRESS",
      "stateUpdateTime": 1790917218
    },
    {
      "error": null,
      "hostname": "rmdb7",
      "id": "rmdb7:37017",
      "port": 37017,
      "rsId": "tgtconfigRS",
      "state": "RECOVERY_IN_PROGRESS",
      "stateUpdateTime": 1790917195
    },
    {
      "error": null,
      "hostname": "rmdb-config1",
      "id": "rmdb-config1:37017",
      "port": 37017,
      "rsId": "tgtconfigRS",
      "state": "RECOVERY_IN_PROGRESS",
      "stateUpdateTime": 1790917145
    },
    {
      "error": null,
      "hostname": "rmdb-config2",
      "id": "rmdb-config2:37017",
      "port": 37017,
      "rsId": "tgtconfigRS",
      "state": "RECOVERY_IN_PROGRESS",
      "stateUpdateTime": 1790917166
    }
  ],
  "state": "RECOVERY_IN_PROGRESS"
}
2026-10-02 14:26:58,834 [INFO] Restore state: RECOVERY_IN_PROGRESS
2026-10-02 14:27:08,834 [DEBUG] API GET http://129.40.36.100:8080/api/public/v1.0/backup/third_party/group/6a386221ee19a6537cc68a97/restore/6abf3847457a6b80701899fb
2026-10-02 14:27:08,980 [DEBUG] STATUS 200
2026-10-02 14:27:08,980 [DEBUG] {
  "clusterMapping": [
    {
      "rsId": "sgcShard_0",
      "targetRsId": "tgtShard_0"
    },
    {
      "rsId": "sgcShard_1",
      "targetRsId": "tgtShard_1"
    },
    {
      "rsId": "configRS",
      "targetRsId": "tgtconfigRS"
    }
  ],
  "nodes": [
    {
      "error": "<tgtCluster_tgtShard_1_64> [15:26:25.440] Plan execution failed on step MakeBackupDataAvailable as part of move RestoreRsMemberFromBackupPhase1 : <tgtCluster_tgtShard_1_64> [15:26:25.440] Failed to apply action. Result = <nil> : <tgtCluster_tgtShard_1_64> [15:26:25.440] Failed to download the snapshot : <tgtCluster_tgtShard_1_64> [15:26:25.440] Error while waiting for third party to copy backup to /fimongo1/data : <tgtCluster_tgtShard_1_64> [15:26:25.440] Observed error when trying to mark node as ready for copy files. : <tgtCluster_tgtShard_1_64> [15:26:25.440] Got return status 404 Not Found when trying to mark node ready for copy files.",
      "hostname": "rmdb12",
      "id": "rmdb12:37017",
      "port": 37017,
      "rsId": "tgtShard_1",
      "state": "RECOVERY_IN_PROGRESS",
      "stateUpdateTime": 1790969076
    },
    {
      "error": "<tgtCluster_tgtShard_1_66> [15:26:55.289] Plan execution failed on step MakeBackupDataAvailable as part of move RestoreRsMemberFromBackupPhase1 : <tgtCluster_tgtShard_1_66> [15:26:55.289] Failed to apply action. Result = <nil> : <tgtCluster_tgtShard_1_66> [15:26:55.289] Failed to download the snapshot : <tgtCluster_tgtShard_1_66> [15:26:55.289] Error while waiting for third party to copy backup to /fimongo1/data : <tgtCluster_tgtShard_1_66> [15:26:55.289] Observed error when trying to mark node as ready for copy files. : <tgtCluster_tgtShard_1_66> [15:26:55.288] Got return status 404 Not Found when trying to mark node ready for copy files.",
      "hostname": "rmdb14",
      "id": "rmdb14:37017",
      "port": 37017,
      "rsId": "tgtShard_1",
      "state": "RECOVERY_IN_PROGRESS",
      "stateUpdateTime": 1790968879
    },
    {
      "error": "<tgtCluster_tgtShard_1_47> [15:26:18.574] Plan execution failed on step MakeBackupDataAvailable as part of move RestoreRsMemberFromBackupPhase1 : <tgtCluster_tgtShard_1_47> [15:26:18.574] Failed to apply action. Result = <nil> : <tgtCluster_tgtShard_1_47> [15:26:18.574] Failed to download the snapshot : <tgtCluster_tgtShard_1_47> [15:26:18.574] Error while waiting for third party to copy backup to /fimongo1/data : <tgtCluster_tgtShard_1_47> [15:26:18.574] Observed error when trying to mark node as ready for copy files. : <tgtCluster_tgtShard_1_47> [15:26:18.573] Got return status 404 Not Found when trying to mark node ready for copy files.",
      "hostname": "rmdb9",
      "id": "rmdb9:37017",
      "port": 37017,
      "rsId": "tgtShard_1",
      "state": "RECOVERY_IN_PROGRESS",
      "stateUpdateTime": 1790968923
    },
    {
      "error": "<tgtCluster_tgtShard_1_46> [15:26:03.162] Plan execution failed on step MakeBackupDataAvailable as part of move RestoreRsMemberFromBackupPhase1 : <tgtCluster_tgtShard_1_46> [15:26:03.161] Failed to apply action. Result = <nil> : <tgtCluster_tgtShard_1_46> [15:26:03.161] Failed to download the snapshot : <tgtCluster_tgtShard_1_46> [15:26:03.161] Error while waiting for third party to copy backup to /fimongo1/data : <tgtCluster_tgtShard_1_46> [15:26:03.161] Observed error when trying to mark node as ready for copy files. : <tgtCluster_tgtShard_1_46> [15:26:03.161] Got return status 404 Not Found when trying to mark node ready for copy files.",
      "hostname": "rmdb4",
      "id": "rmdb4:37017",
      "port": 37017,
      "rsId": "tgtShard_1",
      "state": "RECOVERY_IN_PROGRESS",
      "stateUpdateTime": 1790968901
    },
    {
      "error": "<tgtCluster_tgtShard_1_45> [15:27:04.777] Plan execution failed on step MakeBackupDataAvailable as part of move RestoreRsMemberFromBackupPhase1 : <tgtCluster_tgtShard_1_45> [15:27:04.777] Failed to apply action. Result = <nil> : <tgtCluster_tgtShard_1_45> [15:27:04.777] Failed to download the snapshot : <tgtCluster_tgtShard_1_45> [15:27:04.777] Error while waiting for third party to copy backup to /fimongo1/data : <tgtCluster_tgtShard_1_45> [15:27:04.777] Observed error when trying to mark node as ready for copy files. : <tgtCluster_tgtShard_1_45> [15:27:04.777] Got return status 404 Not Found when trying to mark node ready for copy files.",
      "hostname": "rmdb2",
      "id": "rmdb2:37017",
      "port": 37017,
      "rsId": "tgtShard_1",
      "state": "RECOVERY_IN_PROGRESS",
      "stateUpdateTime": 1790968681
    },
    {
      "error": "<tgtCluster_tgtShard_0_44> [15:26:55.254] Plan execution failed on step MakeBackupDataAvailable as part of move RestoreRsMemberFromBackupPhase1 : <tgtCluster_tgtShard_0_44> [15:26:55.254] Failed to apply action. Result = <nil> : <tgtCluster_tgtShard_0_44> [15:26:55.254] Failed to download the snapshot : <tgtCluster_tgtShard_0_44> [15:26:55.254] Error while waiting for third party to copy backup to /fimongo1/data : <tgtCluster_tgtShard_0_44> [15:26:55.254] Observed error when trying to mark node as ready for copy files. : <tgtCluster_tgtShard_0_44> [15:26:55.254] Got return status 404 Not Found when trying to mark node ready for copy files.",
      "hostname": "rmdb8",
      "id": "rmdb8:37017",
      "port": 37017,
      "rsId": "tgtShard_0",
      "state": "RECOVERY_IN_PROGRESS",
      "stateUpdateTime": 1790968530
    },
    {
      "error": null,
      "hostname": "rmdb13",
      "id": "rmdb13:37017",
      "port": 37017,
      "rsId": "tgtShard_0",
      "state": "RECOVERY_IN_PROGRESS",
      "stateUpdateTime": 1790917247
    },
    {
      "error": "<tgtCluster_tgtShard_0_42> [15:26:02.363] Plan execution failed on step MakeBackupDataAvailable as part of move RestoreRsMemberFromBackupPhase1 : <tgtCluster_tgtShard_0_42> [15:26:02.363] Failed to apply action. Result = <nil> : <tgtCluster_tgtShard_0_42> [15:26:02.363] Failed to download the snapshot : <tgtCluster_tgtShard_0_42> [15:26:02.363] Error while waiting for third party to copy backup to /fimongo1/data : <tgtCluster_tgtShard_0_42> [15:26:02.363] Observed error when trying to mark node as ready for copy files. : <tgtCluster_tgtShard_0_42> [15:26:02.363] Got return status 404 Not Found when trying to mark node ready for copy files.",
      "hostname": "rmdb1",
      "id": "rmdb1:37017",
      "port": 37017,
      "rsId": "tgtShard_0",
      "state": "RECOVERY_IN_PROGRESS",
      "stateUpdateTime": 1790963978
    },
    {
      "error": "<tgtCluster_tgtShard_0_43> [15:26:46.799] Plan execution failed on step MakeBackupDataAvailable as part of move RestoreRsMemberFromBackupPhase1 : <tgtCluster_tgtShard_0_43> [15:26:46.799] Failed to apply action. Result = <nil> : <tgtCluster_tgtShard_0_43> [15:26:46.799] Failed to download the snapshot : <tgtCluster_tgtShard_0_43> [15:26:46.799] Error while waiting for third party to copy backup to /fimongo1/data : <tgtCluster_tgtShard_0_43> [15:26:46.799] Observed error when trying to mark node as ready for copy files. : <tgtCluster_tgtShard_0_43> [15:26:46.799] Got return status 404 Not Found when trying to mark node ready for copy files.",
      "hostname": "rmdb3",
      "id": "rmdb3:37017",
      "port": 37017,
      "rsId": "tgtShard_0",
      "state": "RECOVERY_IN_PROGRESS",
      "stateUpdateTime": 1790967977
    },
    {
      "error": null,
      "hostname": "rmdb11",
      "id": "rmdb11:37017",
      "port": 37017,
      "rsId": "tgtShard_0",
      "state": "RECOVERY_IN_PROGRESS",
      "stateUpdateTime": 1790917218
    },
    {
      "error": null,
      "hostname": "rmdb7",
      "id": "rmdb7:37017",
      "port": 37017,
      "rsId": "tgtconfigRS",
      "state": "RECOVERY_IN_PROGRESS",
      "stateUpdateTime": 1790917195
    },
    {
      "error": null,
      "hostname": "rmdb-config1",
      "id": "rmdb-config1:37017",
      "port": 37017,
      "rsId": "tgtconfigRS",
      "state": "RECOVERY_IN_PROGRESS",
      "stateUpdateTime": 1790917145
    },
    {
      "error": null,
      "hostname": "rmdb-config2",
      "id": "rmdb-config2:37017",
      "port": 37017,
      "rsId": "tgtconfigRS",
      "state": "RECOVERY_IN_PROGRESS",
      "stateUpdateTime": 1790917166
    }
  ],
  "state": "RECOVERY_IN_PROGRESS"
}
2026-10-02 14:27:08,980 [INFO] Restore state: RECOVERY_IN_PROGRESS
2026-10-02 14:27:18,981 [DEBUG] API GET http://129.40.36.100:8080/api/public/v1.0/backup/third_party/group/6a386221ee19a6537cc68a97/restore/6abf3847457a6b80701899fb
2026-10-02 14:27:19,122 [DEBUG] STATUS 200
2026-10-02 14:27:19,122 [DEBUG] {
  "clusterMapping": [
    {
      "rsId": "sgcShard_0",
      "targetRsId": "tgtShard_0"
    },
    {
      "rsId": "sgcShard_1",
      "targetRsId": "tgtShard_1"
    },
    {
      "rsId": "configRS",
      "targetRsId": "tgtconfigRS"
    }
  ],
  "nodes": [
    {
      "error": "<tgtCluster_tgtShard_1_64> [15:26:25.440] Plan execution failed on step MakeBackupDataAvailable as part of move RestoreRsMemberFromBackupPhase1 : <tgtCluster_tgtShard_1_64> [15:26:25.440] Failed to apply action. Result = <nil> : <tgtCluster_tgtShard_1_64> [15:26:25.440] Failed to download the snapshot : <tgtCluster_tgtShard_1_64> [15:26:25.440] Error while waiting for third party to copy backup to /fimongo1/data : <tgtCluster_tgtShard_1_64> [15:26:25.440] Observed error when trying to mark node as ready for copy files. : <tgtCluster_tgtShard_1_64> [15:26:25.440] Got return status 404 Not Found when trying to mark node ready for copy files.",
      "hostname": "rmdb12",
      "id": "rmdb12:37017",
      "port": 37017,
      "rsId": "tgtShard_1",
      "state": "RECOVERY_IN_PROGRESS",
      "stateUpdateTime": 1790969076
    },
    {
      "error": "<tgtCluster_tgtShard_1_66> [15:26:55.289] Plan execution failed on step MakeBackupDataAvailable as part of move RestoreRsMemberFromBackupPhase1 : <tgtCluster_tgtShard_1_66> [15:26:55.289] Failed to apply action. Result = <nil> : <tgtCluster_tgtShard_1_66> [15:26:55.289] Failed to download the snapshot : <tgtCluster_tgtShard_1_66> [15:26:55.289] Error while waiting for third party to copy backup to /fimongo1/data : <tgtCluster_tgtShard_1_66> [15:26:55.289] Observed error when trying to mark node as ready for copy files. : <tgtCluster_tgtShard_1_66> [15:26:55.288] Got return status 404 Not Found when trying to mark node ready for copy files.",
      "hostname": "rmdb14",
      "id": "rmdb14:37017",
      "port": 37017,
      "rsId": "tgtShard_1",
      "state": "RECOVERY_IN_PROGRESS",
      "stateUpdateTime": 1790968879
    },
    {
      "error": "<tgtCluster_tgtShard_1_47> [15:26:18.574] Plan execution failed on step MakeBackupDataAvailable as part of move RestoreRsMemberFromBackupPhase1 : <tgtCluster_tgtShard_1_47> [15:26:18.574] Failed to apply action. Result = <nil> : <tgtCluster_tgtShard_1_47> [15:26:18.574] Failed to download the snapshot : <tgtCluster_tgtShard_1_47> [15:26:18.574] Error while waiting for third party to copy backup to /fimongo1/data : <tgtCluster_tgtShard_1_47> [15:26:18.574] Observed error when trying to mark node as ready for copy files. : <tgtCluster_tgtShard_1_47> [15:26:18.573] Got return status 404 Not Found when trying to mark node ready for copy files.",
      "hostname": "rmdb9",
      "id": "rmdb9:37017",
      "port": 37017,
      "rsId": "tgtShard_1",
      "state": "RECOVERY_IN_PROGRESS",
      "stateUpdateTime": 1790968923
    },
    {
      "error": "<tgtCluster_tgtShard_1_46> [15:27:04.705] Plan execution failed on step MakeBackupDataAvailable as part of move RestoreRsMemberFromBackupPhase1 : <tgtCluster_tgtShard_1_46> [15:27:04.705] Failed to apply action. Result = <nil> : <tgtCluster_tgtShard_1_46> [15:27:04.705] Failed to download the snapshot : <tgtCluster_tgtShard_1_46> [15:27:04.705] Error while waiting for third party to copy backup to /fimongo1/data : <tgtCluster_tgtShard_1_46> [15:27:04.705] Observed error when trying to mark node as ready for copy files. : <tgtCluster_tgtShard_1_46> [15:27:04.705] Got return status 404 Not Found when trying to mark node ready for copy files.",
      "hostname": "rmdb4",
      "id": "rmdb4:37017",
      "port": 37017,
      "rsId": "tgtShard_1",
      "state": "RECOVERY_IN_PROGRESS",
      "stateUpdateTime": 1790968901
    },
    {
      "error": "<tgtCluster_tgtShard_1_45> [15:27:04.777] Plan execution failed on step MakeBackupDataAvailable as part of move RestoreRsMemberFromBackupPhase1 : <tgtCluster_tgtShard_1_45> [15:27:04.777] Failed to apply action. Result = <nil> : <tgtCluster_tgtShard_1_45> [15:27:04.777] Failed to download the snapshot : <tgtCluster_tgtShard_1_45> [15:27:04.777] Error while waiting for third party to copy backup to /fimongo1/data : <tgtCluster_tgtShard_1_45> [15:27:04.777] Observed error when trying to mark node as ready for copy files. : <tgtCluster_tgtShard_1_45> [15:27:04.777] Got return status 404 Not Found when trying to mark node ready for copy files.",
      "hostname": "rmdb2",
      "id": "rmdb2:37017",
      "port": 37017,
      "rsId": "tgtShard_1",
      "state": "RECOVERY_IN_PROGRESS",
      "stateUpdateTime": 1790968681
    },
    {
      "error": "<tgtCluster_tgtShard_0_44> [15:26:55.254] Plan execution failed on step MakeBackupDataAvailable as part of move RestoreRsMemberFromBackupPhase1 : <tgtCluster_tgtShard_0_44> [15:26:55.254] Failed to apply action. Result = <nil> : <tgtCluster_tgtShard_0_44> [15:26:55.254] Failed to download the snapshot : <tgtCluster_tgtShard_0_44> [15:26:55.254] Error while waiting for third party to copy backup to /fimongo1/data : <tgtCluster_tgtShard_0_44> [15:26:55.254] Observed error when trying to mark node as ready for copy files. : <tgtCluster_tgtShard_0_44> [15:26:55.254] Got return status 404 Not Found when trying to mark node ready for copy files.",
      "hostname": "rmdb8",
      "id": "rmdb8:37017",
      "port": 37017,
      "rsId": "tgtShard_0",
      "state": "RECOVERY_IN_PROGRESS",
      "stateUpdateTime": 1790968530
    },
    {
      "error": null,
      "hostname": "rmdb13",
      "id": "rmdb13:37017",
      "port": 37017,
      "rsId": "tgtShard_0",
      "state": "RECOVERY_IN_PROGRESS",
      "stateUpdateTime": 1790917247
    },
    {
      "error": "<tgtCluster_tgtShard_0_42> [15:27:03.096] Plan execution failed on step MakeBackupDataAvailable as part of move RestoreRsMemberFromBackupPhase1 : <tgtCluster_tgtShard_0_42> [15:27:03.096] Failed to apply action. Result = <nil> : <tgtCluster_tgtShard_0_42> [15:27:03.096] Failed to download the snapshot : <tgtCluster_tgtShard_0_42> [15:27:03.096] Error while waiting for third party to copy backup to /fimongo1/data : <tgtCluster_tgtShard_0_42> [15:27:03.096] Observed error when trying to mark node as ready for copy files. : <tgtCluster_tgtShard_0_42> [15:27:03.095] Got return status 404 Not Found when trying to mark node ready for copy files.",
      "hostname": "rmdb1",
      "id": "rmdb1:37017",
      "port": 37017,
      "rsId": "tgtShard_0",
      "state": "RECOVERY_IN_PROGRESS",
      "stateUpdateTime": 1790963978
    },
    {
      "error": "<tgtCluster_tgtShard_0_43> [15:26:46.799] Plan execution failed on step MakeBackupDataAvailable as part of move RestoreRsMemberFromBackupPhase1 : <tgtCluster_tgtShard_0_43> [15:26:46.799] Failed to apply action. Result = <nil> : <tgtCluster_tgtShard_0_43> [15:26:46.799] Failed to download the snapshot : <tgtCluster_tgtShard_0_43> [15:26:46.799] Error while waiting for third party to copy backup to /fimongo1/data : <tgtCluster_tgtShard_0_43> [15:26:46.799] Observed error when trying to mark node as ready for copy files. : <tgtCluster_tgtShard_0_43> [15:26:46.799] Got return status 404 Not Found when trying to mark node ready for copy files.",
      "hostname": "rmdb3",
      "id": "rmdb3:37017",
      "port": 37017,
      "rsId": "tgtShard_0",
      "state": "RECOVERY_IN_PROGRESS",
      "stateUpdateTime": 1790967977
    },
    {
      "error": null,
      "hostname": "rmdb11",
      "id": "rmdb11:37017",
      "port": 37017,
      "rsId": "tgtShard_0",
      "state": "RECOVERY_IN_PROGRESS",
      "stateUpdateTime": 1790917218
    },
    {
      "error": null,
      "hostname": "rmdb7",
      "id": "rmdb7:37017",
      "port": 37017,
      "rsId": "tgtconfigRS",
      "state": "RECOVERY_IN_PROGRESS",
      "stateUpdateTime": 1790917195
    },
    {
      "error": null,
      "hostname": "rmdb-config1",
      "id": "rmdb-config1:37017",
      "port": 37017,
      "rsId": "tgtconfigRS",
      "state": "RECOVERY_IN_PROGRESS",
      "stateUpdateTime": 1790917145
    },
    {
      "error": null,
      "hostname": "rmdb-config2",
      "id": "rmdb-config2:37017",
      "port": 37017,
      "rsId": "tgtconfigRS",
      "state": "RECOVERY_IN_PROGRESS",
      "stateUpdateTime": 1790917166
    }
  ],
  "state": "RECOVERY_IN_PROGRESS"
}
2026-10-02 14:27:19,122 [INFO] Restore state: RECOVERY_IN_PROGRESS
2026-10-02 14:27:29,123 [DEBUG] API GET http://129.40.36.100:8080/api/public/v1.0/backup/third_party/group/6a386221ee19a6537cc68a97/restore/6abf3847457a6b80701899fb
2026-10-02 14:27:29,280 [DEBUG] STATUS 200
2026-10-02 14:27:29,280 [DEBUG] {
  "clusterMapping": [
    {
      "rsId": "sgcShard_0",
      "targetRsId": "tgtShard_0"
    },
    {
      "rsId": "sgcShard_1",
      "targetRsId": "tgtShard_1"
    },
    {
      "rsId": "configRS",
      "targetRsId": "tgtconfigRS"
    }
  ],
  "nodes": [
    {
      "error": "<tgtCluster_tgtShard_1_64> [15:27:26.775] Plan execution failed on step MakeBackupDataAvailable as part of move RestoreRsMemberFromBackupPhase1 : <tgtCluster_tgtShard_1_64> [15:27:26.775] Failed to apply action. Result = <nil> : <tgtCluster_tgtShard_1_64> [15:27:26.775] Failed to download the snapshot : <tgtCluster_tgtShard_1_64> [15:27:26.775] Error while waiting for third party to copy backup to /fimongo1/data : <tgtCluster_tgtShard_1_64> [15:27:26.775] Observed error when trying to mark node as ready for copy files. : <tgtCluster_tgtShard_1_64> [15:27:26.775] Got return status 404 Not Found when trying to mark node ready for copy files.",
      "hostname": "rmdb12",
      "id": "rmdb12:37017",
      "port": 37017,
      "rsId": "tgtShard_1",
      "state": "RECOVERY_IN_PROGRESS",
      "stateUpdateTime": 1790969076
    },
    {
      "error": "<tgtCluster_tgtShard_1_66> [15:26:55.289] Plan execution failed on step MakeBackupDataAvailable as part of move RestoreRsMemberFromBackupPhase1 : <tgtCluster_tgtShard_1_66> [15:26:55.289] Failed to apply action. Result = <nil> : <tgtCluster_tgtShard_1_66> [15:26:55.289] Failed to download the snapshot : <tgtCluster_tgtShard_1_66> [15:26:55.289] Error while waiting for third party to copy backup to /fimongo1/data : <tgtCluster_tgtShard_1_66> [15:26:55.289] Observed error when trying to mark node as ready for copy files. : <tgtCluster_tgtShard_1_66> [15:26:55.288] Got return status 404 Not Found when trying to mark node ready for copy files.",
      "hostname": "rmdb14",
      "id": "rmdb14:37017",
      "port": 37017,
      "rsId": "tgtShard_1",
      "state": "RECOVERY_IN_PROGRESS",
      "stateUpdateTime": 1790968879
    },
    {
      "error": "<tgtCluster_tgtShard_1_47> [15:26:18.574] Plan execution failed on step MakeBackupDataAvailable as part of move RestoreRsMemberFromBackupPhase1 : <tgtCluster_tgtShard_1_47> [15:26:18.574] Failed to apply action. Result = <nil> : <tgtCluster_tgtShard_1_47> [15:26:18.574] Failed to download the snapshot : <tgtCluster_tgtShard_1_47> [15:26:18.574] Error while waiting for third party to copy backup to /fimongo1/data : <tgtCluster_tgtShard_1_47> [15:26:18.574] Observed error when trying to mark node as ready for copy files. : <tgtCluster_tgtShard_1_47> [15:26:18.573] Got return status 404 Not Found when trying to mark node ready for copy files.",
      "hostname": "rmdb9",
      "id": "rmdb9:37017",
      "port": 37017,
      "rsId": "tgtShard_1",
      "state": "RECOVERY_IN_PROGRESS",
      "stateUpdateTime": 1790968923
    },
    {
      "error": "<tgtCluster_tgtShard_1_46> [15:27:04.705] Plan execution failed on step MakeBackupDataAvailable as part of move RestoreRsMemberFromBackupPhase1 : <tgtCluster_tgtShard_1_46> [15:27:04.705] Failed to apply action. Result = <nil> : <tgtCluster_tgtShard_1_46> [15:27:04.705] Failed to download the snapshot : <tgtCluster_tgtShard_1_46> [15:27:04.705] Error while waiting for third party to copy backup to /fimongo1/data : <tgtCluster_tgtShard_1_46> [15:27:04.705] Observed error when trying to mark node as ready for copy files. : <tgtCluster_tgtShard_1_46> [15:27:04.705] Got return status 404 Not Found when trying to mark node ready for copy files.",
      "hostname": "rmdb4",
      "id": "rmdb4:37017",
      "port": 37017,
      "rsId": "tgtShard_1",
      "state": "RECOVERY_IN_PROGRESS",
      "stateUpdateTime": 1790968901
    },
    {
      "error": "<tgtCluster_tgtShard_1_45> [15:27:04.777] Plan execution failed on step MakeBackupDataAvailable as part of move RestoreRsMemberFromBackupPhase1 : <tgtCluster_tgtShard_1_45> [15:27:04.777] Failed to apply action. Result = <nil> : <tgtCluster_tgtShard_1_45> [15:27:04.777] Failed to download the snapshot : <tgtCluster_tgtShard_1_45> [15:27:04.777] Error while waiting for third party to copy backup to /fimongo1/data : <tgtCluster_tgtShard_1_45> [15:27:04.777] Observed error when trying to mark node as ready for copy files. : <tgtCluster_tgtShard_1_45> [15:27:04.777] Got return status 404 Not Found when trying to mark node ready for copy files.",
      "hostname": "rmdb2",
      "id": "rmdb2:37017",
      "port": 37017,
      "rsId": "tgtShard_1",
      "state": "RECOVERY_IN_PROGRESS",
      "stateUpdateTime": 1790968681
    },
    {
      "error": "<tgtCluster_tgtShard_0_44> [15:26:55.254] Plan execution failed on step MakeBackupDataAvailable as part of move RestoreRsMemberFromBackupPhase1 : <tgtCluster_tgtShard_0_44> [15:26:55.254] Failed to apply action. Result = <nil> : <tgtCluster_tgtShard_0_44> [15:26:55.254] Failed to download the snapshot : <tgtCluster_tgtShard_0_44> [15:26:55.254] Error while waiting for third party to copy backup to /fimongo1/data : <tgtCluster_tgtShard_0_44> [15:26:55.254] Observed error when trying to mark node as ready for copy files. : <tgtCluster_tgtShard_0_44> [15:26:55.254] Got return status 404 Not Found when trying to mark node ready for copy files.",
      "hostname": "rmdb8",
      "id": "rmdb8:37017",
      "port": 37017,
      "rsId": "tgtShard_0",
      "state": "RECOVERY_IN_PROGRESS",
      "stateUpdateTime": 1790968530
    },
    {
      "error": null,
      "hostname": "rmdb13",
      "id": "rmdb13:37017",
      "port": 37017,
      "rsId": "tgtShard_0",
      "state": "RECOVERY_IN_PROGRESS",
      "stateUpdateTime": 1790917247
    },
    {
      "error": "<tgtCluster_tgtShard_0_42> [15:27:03.096] Plan execution failed on step MakeBackupDataAvailable as part of move RestoreRsMemberFromBackupPhase1 : <tgtCluster_tgtShard_0_42> [15:27:03.096] Failed to apply action. Result = <nil> : <tgtCluster_tgtShard_0_42> [15:27:03.096] Failed to download the snapshot : <tgtCluster_tgtShard_0_42> [15:27:03.096] Error while waiting for third party to copy backup to /fimongo1/data : <tgtCluster_tgtShard_0_42> [15:27:03.096] Observed error when trying to mark node as ready for copy files. : <tgtCluster_tgtShard_0_42> [15:27:03.095] Got return status 404 Not Found when trying to mark node ready for copy files.",
      "hostname": "rmdb1",
      "id": "rmdb1:37017",
      "port": 37017,
      "rsId": "tgtShard_0",
      "state": "RECOVERY_IN_PROGRESS",
      "stateUpdateTime": 1790963978
    },
    {
      "error": "<tgtCluster_tgtShard_0_43> [15:26:46.799] Plan execution failed on step MakeBackupDataAvailable as part of move RestoreRsMemberFromBackupPhase1 : <tgtCluster_tgtShard_0_43> [15:26:46.799] Failed to apply action. Result = <nil> : <tgtCluster_tgtShard_0_43> [15:26:46.799] Failed to download the snapshot : <tgtCluster_tgtShard_0_43> [15:26:46.799] Error while waiting for third party to copy backup to /fimongo1/data : <tgtCluster_tgtShard_0_43> [15:26:46.799] Observed error when trying to mark node as ready for copy files. : <tgtCluster_tgtShard_0_43> [15:26:46.799] Got return status 404 Not Found when trying to mark node ready for copy files.",
      "hostname": "rmdb3",
      "id": "rmdb3:37017",
      "port": 37017,
      "rsId": "tgtShard_0",
      "state": "RECOVERY_IN_PROGRESS",
      "stateUpdateTime": 1790967977
    },
    {
      "error": null,
      "hostname": "rmdb11",
      "id": "rmdb11:37017",
      "port": 37017,
      "rsId": "tgtShard_0",
      "state": "RECOVERY_IN_PROGRESS",
      "stateUpdateTime": 1790917218
    },
    {
      "error": null,
      "hostname": "rmdb7",
      "id": "rmdb7:37017",
      "port": 37017,
      "rsId": "tgtconfigRS",
      "state": "RECOVERY_IN_PROGRESS",
      "stateUpdateTime": 1790917195
    },
    {
      "error": null,
      "hostname": "rmdb-config1",
      "id": "rmdb-config1:37017",
      "port": 37017,
      "rsId": "tgtconfigRS",
      "state": "RECOVERY_IN_PROGRESS",
      "stateUpdateTime": 1790917145
    },
    {
      "error": null,
      "hostname": "rmdb-config2",
      "id": "rmdb-config2:37017",
      "port": 37017,
      "rsId": "tgtconfigRS",
      "state": "RECOVERY_IN_PROGRESS",
      "stateUpdateTime": 1790917166
    }
  ],
  "state": "RECOVERY_IN_PROGRESS"
}
2026-10-02 14:27:29,280 [INFO] Restore state: RECOVERY_IN_PROGRESS
2026-10-02 14:27:39,281 [DEBUG] API GET http://129.40.36.100:8080/api/public/v1.0/backup/third_party/group/6a386221ee19a6537cc68a97/restore/6abf3847457a6b80701899fb
2026-10-02 14:27:39,493 [DEBUG] STATUS 200
2026-10-02 14:27:39,494 [DEBUG] {
  "clusterMapping": [
    {
      "rsId": "sgcShard_0",
      "targetRsId": "tgtShard_0"
    },
    {
      "rsId": "sgcShard_1",
      "targetRsId": "tgtShard_1"
    },
    {
      "rsId": "configRS",
      "targetRsId": "tgtconfigRS"
    }
  ],
  "nodes": [
    {
      "error": "<tgtCluster_tgtShard_1_64> [15:27:26.775] Plan execution failed on step MakeBackupDataAvailable as part of move RestoreRsMemberFromBackupPhase1 : <tgtCluster_tgtShard_1_64> [15:27:26.775] Failed to apply action. Result = <nil> : <tgtCluster_tgtShard_1_64> [15:27:26.775] Failed to download the snapshot : <tgtCluster_tgtShard_1_64> [15:27:26.775] Error while waiting for third party to copy backup to /fimongo1/data : <tgtCluster_tgtShard_1_64> [15:27:26.775] Observed error when trying to mark node as ready for copy files. : <tgtCluster_tgtShard_1_64> [15:27:26.775] Got return status 404 Not Found when trying to mark node ready for copy files.",
      "hostname": "rmdb12",
      "id": "rmdb12:37017",
      "port": 37017,
      "rsId": "tgtShard_1",
      "state": "RECOVERY_IN_PROGRESS",
      "stateUpdateTime": 1790969076
    },
    {
      "error": "<tgtCluster_tgtShard_1_66> [15:26:55.289] Plan execution failed on step MakeBackupDataAvailable as part of move RestoreRsMemberFromBackupPhase1 : <tgtCluster_tgtShard_1_66> [15:26:55.289] Failed to apply action. Result = <nil> : <tgtCluster_tgtShard_1_66> [15:26:55.289] Failed to download the snapshot : <tgtCluster_tgtShard_1_66> [15:26:55.289] Error while waiting for third party to copy backup to /fimongo1/data : <tgtCluster_tgtShard_1_66> [15:26:55.289] Observed error when trying to mark node as ready for copy files. : <tgtCluster_tgtShard_1_66> [15:26:55.288] Got return status 404 Not Found when trying to mark node ready for copy files.",
      "hostname": "rmdb14",
      "id": "rmdb14:37017",
      "port": 37017,
      "rsId": "tgtShard_1",
      "state": "RECOVERY_IN_PROGRESS",
      "stateUpdateTime": 1790968879
    },
    {
      "error": "<tgtCluster_tgtShard_1_47> [15:27:20.116] Plan execution failed on step MakeBackupDataAvailable as part of move RestoreRsMemberFromBackupPhase1 : <tgtCluster_tgtShard_1_47> [15:27:20.116] Failed to apply action. Result = <nil> : <tgtCluster_tgtShard_1_47> [15:27:20.116] Failed to download the snapshot : <tgtCluster_tgtShard_1_47> [15:27:20.116] Error while waiting for third party to copy backup to /fimongo1/data : <tgtCluster_tgtShard_1_47> [15:27:20.116] Observed error when trying to mark node as ready for copy files. : <tgtCluster_tgtShard_1_47> [15:27:20.116] Got return status 404 Not Found when trying to mark node ready for copy files.",
      "hostname": "rmdb9",
      "id": "rmdb9:37017",
      "port": 37017,
      "rsId": "tgtShard_1",
      "state": "RECOVERY_IN_PROGRESS",
      "stateUpdateTime": 1790968923
    },
    {
      "error": "<tgtCluster_tgtShard_1_46> [15:27:04.705] Plan execution failed on step MakeBackupDataAvailable as part of move RestoreRsMemberFromBackupPhase1 : <tgtCluster_tgtShard_1_46> [15:27:04.705] Failed to apply action. Result = <nil> : <tgtCluster_tgtShard_1_46> [15:27:04.705] Failed to download the snapshot : <tgtCluster_tgtShard_1_46> [15:27:04.705] Error while waiting for third party to copy backup to /fimongo1/data : <tgtCluster_tgtShard_1_46> [15:27:04.705] Observed error when trying to mark node as ready for copy files. : <tgtCluster_tgtShard_1_46> [15:27:04.705] Got return status 404 Not Found when trying to mark node ready for copy files.",
      "hostname": "rmdb4",
      "id": "rmdb4:37017",
      "port": 37017,
      "rsId": "tgtShard_1",
      "state": "RECOVERY_IN_PROGRESS",
      "stateUpdateTime": 1790968901
    },
    {
      "error": "<tgtCluster_tgtShard_1_45> [15:27:04.777] Plan execution failed on step MakeBackupDataAvailable as part of move RestoreRsMemberFromBackupPhase1 : <tgtCluster_tgtShard_1_45> [15:27:04.777] Failed to apply action. Result = <nil> : <tgtCluster_tgtShard_1_45> [15:27:04.777] Failed to download the snapshot : <tgtCluster_tgtShard_1_45> [15:27:04.777] Error while waiting for third party to copy backup to /fimongo1/data : <tgtCluster_tgtShard_1_45> [15:27:04.777] Observed error when trying to mark node as ready for copy files. : <tgtCluster_tgtShard_1_45> [15:27:04.777] Got return status 404 Not Found when trying to mark node ready for copy files.",
      "hostname": "rmdb2",
      "id": "rmdb2:37017",
      "port": 37017,
      "rsId": "tgtShard_1",
      "state": "RECOVERY_IN_PROGRESS",
      "stateUpdateTime": 1790968681
    },
    {
      "error": "<tgtCluster_tgtShard_0_44> [15:26:55.254] Plan execution failed on step MakeBackupDataAvailable as part of move RestoreRsMemberFromBackupPhase1 : <tgtCluster_tgtShard_0_44> [15:26:55.254] Failed to apply action. Result = <nil> : <tgtCluster_tgtShard_0_44> [15:26:55.254] Failed to download the snapshot : <tgtCluster_tgtShard_0_44> [15:26:55.254] Error while waiting for third party to copy backup to /fimongo1/data : <tgtCluster_tgtShard_0_44> [15:26:55.254] Observed error when trying to mark node as ready for copy files. : <tgtCluster_tgtShard_0_44> [15:26:55.254] Got return status 404 Not Found when trying to mark node ready for copy files.",
      "hostname": "rmdb8",
      "id": "rmdb8:37017",
      "port": 37017,
      "rsId": "tgtShard_0",
      "state": "RECOVERY_IN_PROGRESS",
      "stateUpdateTime": 1790968530
    },
    {
      "error": null,
      "hostname": "rmdb13",
      "id": "rmdb13:37017",
      "port": 37017,
      "rsId": "tgtShard_0",
      "state": "RECOVERY_IN_PROGRESS",
      "stateUpdateTime": 1790917247
    },
    {
      "error": "<tgtCluster_tgtShard_0_42> [15:27:03.096] Plan execution failed on step MakeBackupDataAvailable as part of move RestoreRsMemberFromBackupPhase1 : <tgtCluster_tgtShard_0_42> [15:27:03.096] Failed to apply action. Result = <nil> : <tgtCluster_tgtShard_0_42> [15:27:03.096] Failed to download the snapshot : <tgtCluster_tgtShard_0_42> [15:27:03.096] Error while waiting for third party to copy backup to /fimongo1/data : <tgtCluster_tgtShard_0_42> [15:27:03.096] Observed error when trying to mark node as ready for copy files. : <tgtCluster_tgtShard_0_42> [15:27:03.095] Got return status 404 Not Found when trying to mark node ready for copy files.",
      "hostname": "rmdb1",
      "id": "rmdb1:37017",
      "port": 37017,
      "rsId": "tgtShard_0",
      "state": "RECOVERY_IN_PROGRESS",
      "stateUpdateTime": 1790963978
    },
    {
      "error": "<tgtCluster_tgtShard_0_43> [15:26:46.799] Plan execution failed on step MakeBackupDataAvailable as part of move RestoreRsMemberFromBackupPhase1 : <tgtCluster_tgtShard_0_43> [15:26:46.799] Failed to apply action. Result = <nil> : <tgtCluster_tgtShard_0_43> [15:26:46.799] Failed to download the snapshot : <tgtCluster_tgtShard_0_43> [15:26:46.799] Error while waiting for third party to copy backup to /fimongo1/data : <tgtCluster_tgtShard_0_43> [15:26:46.799] Observed error when trying to mark node as ready for copy files. : <tgtCluster_tgtShard_0_43> [15:26:46.799] Got return status 404 Not Found when trying to mark node ready for copy files.",
      "hostname": "rmdb3",
      "id": "rmdb3:37017",
      "port": 37017,
      "rsId": "tgtShard_0",
      "state": "RECOVERY_IN_PROGRESS",
      "stateUpdateTime": 1790967977
    },
    {
      "error": null,
      "hostname": "rmdb11",
      "id": "rmdb11:37017",
      "port": 37017,
      "rsId": "tgtShard_0",
      "state": "RECOVERY_IN_PROGRESS",
      "stateUpdateTime": 1790917218
    },
    {
      "error": null,
      "hostname": "rmdb7",
      "id": "rmdb7:37017",
      "port": 37017,
      "rsId": "tgtconfigRS",
      "state": "RECOVERY_IN_PROGRESS",
      "stateUpdateTime": 1790917195
    },
    {
      "error": null,
      "hostname": "rmdb-config1",
      "id": "rmdb-config1:37017",
      "port": 37017,
      "rsId": "tgtconfigRS",
      "state": "RECOVERY_IN_PROGRESS",
      "stateUpdateTime": 1790917145
    },
    {
      "error": null,
      "hostname": "rmdb-config2",
      "id": "rmdb-config2:37017",
      "port": 37017,
      "rsId": "tgtconfigRS",
      "state": "RECOVERY_IN_PROGRESS",
      "stateUpdateTime": 1790917166
    }
  ],
  "state": "RECOVERY_IN_PROGRESS"
}
2026-10-02 14:27:39,494 [INFO] Restore state: RECOVERY_IN_PROGRESS
2026-10-02 14:27:49,495 [DEBUG] API GET http://129.40.36.100:8080/api/public/v1.0/backup/third_party/group/6a386221ee19a6537cc68a97/restore/6abf3847457a6b80701899fb
2026-10-02 14:27:49,637 [DEBUG] STATUS 200
2026-10-02 14:27:49,637 [DEBUG] {
  "clusterMapping": [
    {
      "rsId": "sgcShard_0",
      "targetRsId": "tgtShard_0"
    },
    {
      "rsId": "sgcShard_1",
      "targetRsId": "tgtShard_1"
    },
    {
      "rsId": "configRS",
      "targetRsId": "tgtconfigRS"
    }
  ],
  "nodes": [
    {
      "error": "<tgtCluster_tgtShard_1_64> [15:27:26.775] Plan execution failed on step MakeBackupDataAvailable as part of move RestoreRsMemberFromBackupPhase1 : <tgtCluster_tgtShard_1_64> [15:27:26.775] Failed to apply action. Result = <nil> : <tgtCluster_tgtShard_1_64> [15:27:26.775] Failed to download the snapshot : <tgtCluster_tgtShard_1_64> [15:27:26.775] Error while waiting for third party to copy backup to /fimongo1/data : <tgtCluster_tgtShard_1_64> [15:27:26.775] Observed error when trying to mark node as ready for copy files. : <tgtCluster_tgtShard_1_64> [15:27:26.775] Got return status 404 Not Found when trying to mark node ready for copy files.",
      "hostname": "rmdb12",
      "id": "rmdb12:37017",
      "port": 37017,
      "rsId": "tgtShard_1",
      "state": "RECOVERY_IN_PROGRESS",
      "stateUpdateTime": 1790969076
    },
    {
      "error": "<tgtCluster_tgtShard_1_66> [15:26:55.289] Plan execution failed on step MakeBackupDataAvailable as part of move RestoreRsMemberFromBackupPhase1 : <tgtCluster_tgtShard_1_66> [15:26:55.289] Failed to apply action. Result = <nil> : <tgtCluster_tgtShard_1_66> [15:26:55.289] Failed to download the snapshot : <tgtCluster_tgtShard_1_66> [15:26:55.289] Error while waiting for third party to copy backup to /fimongo1/data : <tgtCluster_tgtShard_1_66> [15:26:55.289] Observed error when trying to mark node as ready for copy files. : <tgtCluster_tgtShard_1_66> [15:26:55.288] Got return status 404 Not Found when trying to mark node ready for copy files.",
      "hostname": "rmdb14",
      "id": "rmdb14:37017",
      "port": 37017,
      "rsId": "tgtShard_1",
      "state": "RECOVERY_IN_PROGRESS",
      "stateUpdateTime": 1790968879
    },
    {
      "error": "<tgtCluster_tgtShard_1_47> [15:27:20.116] Plan execution failed on step MakeBackupDataAvailable as part of move RestoreRsMemberFromBackupPhase1 : <tgtCluster_tgtShard_1_47> [15:27:20.116] Failed to apply action. Result = <nil> : <tgtCluster_tgtShard_1_47> [15:27:20.116] Failed to download the snapshot : <tgtCluster_tgtShard_1_47> [15:27:20.116] Error while waiting for third party to copy backup to /fimongo1/data : <tgtCluster_tgtShard_1_47> [15:27:20.116] Observed error when trying to mark node as ready for copy files. : <tgtCluster_tgtShard_1_47> [15:27:20.116] Got return status 404 Not Found when trying to mark node ready for copy files.",
      "hostname": "rmdb9",
      "id": "rmdb9:37017",
      "port": 37017,
      "rsId": "tgtShard_1",
      "state": "RECOVERY_IN_PROGRESS",
      "stateUpdateTime": 1790968923
    },
    {
      "error": "<tgtCluster_tgtShard_1_46> [15:27:04.705] Plan execution failed on step MakeBackupDataAvailable as part of move RestoreRsMemberFromBackupPhase1 : <tgtCluster_tgtShard_1_46> [15:27:04.705] Failed to apply action. Result = <nil> : <tgtCluster_tgtShard_1_46> [15:27:04.705] Failed to download the snapshot : <tgtCluster_tgtShard_1_46> [15:27:04.705] Error while waiting for third party to copy backup to /fimongo1/data : <tgtCluster_tgtShard_1_46> [15:27:04.705] Observed error when trying to mark node as ready for copy files. : <tgtCluster_tgtShard_1_46> [15:27:04.705] Got return status 404 Not Found when trying to mark node ready for copy files.",
      "hostname": "rmdb4",
      "id": "rmdb4:37017",
      "port": 37017,
      "rsId": "tgtShard_1",
      "state": "RECOVERY_IN_PROGRESS",
      "stateUpdateTime": 1790968901
    },
    {
      "error": "<tgtCluster_tgtShard_1_45> [15:27:04.777] Plan execution failed on step MakeBackupDataAvailable as part of move RestoreRsMemberFromBackupPhase1 : <tgtCluster_tgtShard_1_45> [15:27:04.777] Failed to apply action. Result = <nil> : <tgtCluster_tgtShard_1_45> [15:27:04.777] Failed to download the snapshot : <tgtCluster_tgtShard_1_45> [15:27:04.777] Error while waiting for third party to copy backup to /fimongo1/data : <tgtCluster_tgtShard_1_45> [15:27:04.777] Observed error when trying to mark node as ready for copy files. : <tgtCluster_tgtShard_1_45> [15:27:04.777] Got return status 404 Not Found when trying to mark node ready for copy files.",
      "hostname": "rmdb2",
      "id": "rmdb2:37017",
      "port": 37017,
      "rsId": "tgtShard_1",
      "state": "RECOVERY_IN_PROGRESS",
      "stateUpdateTime": 1790968681
    },
    {
      "error": "<tgtCluster_tgtShard_0_44> [15:26:55.254] Plan execution failed on step MakeBackupDataAvailable as part of move RestoreRsMemberFromBackupPhase1 : <tgtCluster_tgtShard_0_44> [15:26:55.254] Failed to apply action. Result = <nil> : <tgtCluster_tgtShard_0_44> [15:26:55.254] Failed to download the snapshot : <tgtCluster_tgtShard_0_44> [15:26:55.254] Error while waiting for third party to copy backup to /fimongo1/data : <tgtCluster_tgtShard_0_44> [15:26:55.254] Observed error when trying to mark node as ready for copy files. : <tgtCluster_tgtShard_0_44> [15:26:55.254] Got return status 404 Not Found when trying to mark node ready for copy files.",
      "hostname": "rmdb8",
      "id": "rmdb8:37017",
      "port": 37017,
      "rsId": "tgtShard_0",
      "state": "RECOVERY_IN_PROGRESS",
      "stateUpdateTime": 1790968530
    },
    {
      "error": null,
      "hostname": "rmdb13",
      "id": "rmdb13:37017",
      "port": 37017,
      "rsId": "tgtShard_0",
      "state": "RECOVERY_IN_PROGRESS",
      "stateUpdateTime": 1790917247
    },
    {
      "error": "<tgtCluster_tgtShard_0_42> [15:27:03.096] Plan execution failed on step MakeBackupDataAvailable as part of move RestoreRsMemberFromBackupPhase1 : <tgtCluster_tgtShard_0_42> [15:27:03.096] Failed to apply action. Result = <nil> : <tgtCluster_tgtShard_0_42> [15:27:03.096] Failed to download the snapshot : <tgtCluster_tgtShard_0_42> [15:27:03.096] Error while waiting for third party to copy backup to /fimongo1/data : <tgtCluster_tgtShard_0_42> [15:27:03.096] Observed error when trying to mark node as ready for copy files. : <tgtCluster_tgtShard_0_42> [15:27:03.095] Got return status 404 Not Found when trying to mark node ready for copy files.",
      "hostname": "rmdb1",
      "id": "rmdb1:37017",
      "port": 37017,
      "rsId": "tgtShard_0",
      "state": "RECOVERY_IN_PROGRESS",
      "stateUpdateTime": 1790963978
    },
    {
      "error": "<tgtCluster_tgtShard_0_43> [15:27:47.530] Plan execution failed on step MakeBackupDataAvailable as part of move RestoreRsMemberFromBackupPhase1 : <tgtCluster_tgtShard_0_43> [15:27:47.530] Failed to apply action. Result = <nil> : <tgtCluster_tgtShard_0_43> [15:27:47.530] Failed to download the snapshot : <tgtCluster_tgtShard_0_43> [15:27:47.530] Error while waiting for third party to copy backup to /fimongo1/data : <tgtCluster_tgtShard_0_43> [15:27:47.530] Observed error when trying to mark node as ready for copy files. : <tgtCluster_tgtShard_0_43> [15:27:47.530] Got return status 404 Not Found when trying to mark node ready for copy files.",
      "hostname": "rmdb3",
      "id": "rmdb3:37017",
      "port": 37017,
      "rsId": "tgtShard_0",
      "state": "RECOVERY_IN_PROGRESS",
      "stateUpdateTime": 1790967977
    },
    {
      "error": null,
      "hostname": "rmdb11",
      "id": "rmdb11:37017",
      "port": 37017,
      "rsId": "tgtShard_0",
      "state": "RECOVERY_IN_PROGRESS",
      "stateUpdateTime": 1790917218
    },
    {
      "error": null,
      "hostname": "rmdb7",
      "id": "rmdb7:37017",
      "port": 37017,
      "rsId": "tgtconfigRS",
      "state": "RECOVERY_IN_PROGRESS",
      "stateUpdateTime": 1790917195
    },
    {
      "error": null,
      "hostname": "rmdb-config1",
      "id": "rmdb-config1:37017",
      "port": 37017,
      "rsId": "tgtconfigRS",
      "state": "RECOVERY_IN_PROGRESS",
      "stateUpdateTime": 1790917145
    },
    {
      "error": null,
      "hostname": "rmdb-config2",
      "id": "rmdb-config2:37017",
      "port": 37017,
      "rsId": "tgtconfigRS",
      "state": "RECOVERY_IN_PROGRESS",
      "stateUpdateTime": 1790917166
    }
  ],
  "state": "RECOVERY_IN_PROGRESS"
}
2026-10-02 14:27:49,638 [INFO] Restore state: RECOVERY_IN_PROGRESS
2026-10-02 14:27:59,638 [DEBUG] API GET http://129.40.36.100:8080/api/public/v1.0/backup/third_party/group/6a386221ee19a6537cc68a97/restore/6abf3847457a6b80701899fb
2026-10-02 14:27:59,800 [DEBUG] STATUS 200
2026-10-02 14:27:59,800 [DEBUG] {
  "clusterMapping": [
    {
      "rsId": "sgcShard_0",
      "targetRsId": "tgtShard_0"
    },
    {
      "rsId": "sgcShard_1",
      "targetRsId": "tgtShard_1"
    },
    {
      "rsId": "configRS",
      "targetRsId": "tgtconfigRS"
    }
  ],
  "nodes": [
    {
      "error": "<tgtCluster_tgtShard_1_64> [15:27:26.775] Plan execution failed on step MakeBackupDataAvailable as part of move RestoreRsMemberFromBackupPhase1 : <tgtCluster_tgtShard_1_64> [15:27:26.775] Failed to apply action. Result = <nil> : <tgtCluster_tgtShard_1_64> [15:27:26.775] Failed to download the snapshot : <tgtCluster_tgtShard_1_64> [15:27:26.775] Error while waiting for third party to copy backup to /fimongo1/data : <tgtCluster_tgtShard_1_64> [15:27:26.775] Observed error when trying to mark node as ready for copy files. : <tgtCluster_tgtShard_1_64> [15:27:26.775] Got return status 404 Not Found when trying to mark node ready for copy files.",
      "hostname": "rmdb12",
      "id": "rmdb12:37017",
      "port": 37017,
      "rsId": "tgtShard_1",
      "state": "RECOVERY_IN_PROGRESS",
      "stateUpdateTime": 1790969076
    },
    {
      "error": "<tgtCluster_tgtShard_1_66> [15:27:56.721] Plan execution failed on step MakeBackupDataAvailable as part of move RestoreRsMemberFromBackupPhase1 : <tgtCluster_tgtShard_1_66> [15:27:56.721] Failed to apply action. Result = <nil> : <tgtCluster_tgtShard_1_66> [15:27:56.721] Failed to download the snapshot : <tgtCluster_tgtShard_1_66> [15:27:56.721] Error while waiting for third party to copy backup to /fimongo1/data : <tgtCluster_tgtShard_1_66> [15:27:56.721] Observed error when trying to mark node as ready for copy files. : <tgtCluster_tgtShard_1_66> [15:27:56.721] Got return status 404 Not Found when trying to mark node ready for copy files.",
      "hostname": "rmdb14",
      "id": "rmdb14:37017",
      "port": 37017,
      "rsId": "tgtShard_1",
      "state": "RECOVERY_IN_PROGRESS",
      "stateUpdateTime": 1790968879
    },
    {
      "error": "<tgtCluster_tgtShard_1_47> [15:27:20.116] Plan execution failed on step MakeBackupDataAvailable as part of move RestoreRsMemberFromBackupPhase1 : <tgtCluster_tgtShard_1_47> [15:27:20.116] Failed to apply action. Result = <nil> : <tgtCluster_tgtShard_1_47> [15:27:20.116] Failed to download the snapshot : <tgtCluster_tgtShard_1_47> [15:27:20.116] Error while waiting for third party to copy backup to /fimongo1/data : <tgtCluster_tgtShard_1_47> [15:27:20.116] Observed error when trying to mark node as ready for copy files. : <tgtCluster_tgtShard_1_47> [15:27:20.116] Got return status 404 Not Found when trying to mark node ready for copy files.",
      "hostname": "rmdb9",
      "id": "rmdb9:37017",
      "port": 37017,
      "rsId": "tgtShard_1",
      "state": "RECOVERY_IN_PROGRESS",
      "stateUpdateTime": 1790968923
    },
    {
      "error": "<tgtCluster_tgtShard_1_46> [15:27:04.705] Plan execution failed on step MakeBackupDataAvailable as part of move RestoreRsMemberFromBackupPhase1 : <tgtCluster_tgtShard_1_46> [15:27:04.705] Failed to apply action. Result = <nil> : <tgtCluster_tgtShard_1_46> [15:27:04.705] Failed to download the snapshot : <tgtCluster_tgtShard_1_46> [15:27:04.705] Error while waiting for third party to copy backup to /fimongo1/data : <tgtCluster_tgtShard_1_46> [15:27:04.705] Observed error when trying to mark node as ready for copy files. : <tgtCluster_tgtShard_1_46> [15:27:04.705] Got return status 404 Not Found when trying to mark node ready for copy files.",
      "hostname": "rmdb4",
      "id": "rmdb4:37017",
      "port": 37017,
      "rsId": "tgtShard_1",
      "state": "RECOVERY_IN_PROGRESS",
      "stateUpdateTime": 1790968901
    },
    {
      "error": "<tgtCluster_tgtShard_1_45> [15:27:04.777] Plan execution failed on step MakeBackupDataAvailable as part of move RestoreRsMemberFromBackupPhase1 : <tgtCluster_tgtShard_1_45> [15:27:04.777] Failed to apply action. Result = <nil> : <tgtCluster_tgtShard_1_45> [15:27:04.777] Failed to download the snapshot : <tgtCluster_tgtShard_1_45> [15:27:04.777] Error while waiting for third party to copy backup to /fimongo1/data : <tgtCluster_tgtShard_1_45> [15:27:04.777] Observed error when trying to mark node as ready for copy files. : <tgtCluster_tgtShard_1_45> [15:27:04.777] Got return status 404 Not Found when trying to mark node ready for copy files.",
      "hostname": "rmdb2",
      "id": "rmdb2:37017",
      "port": 37017,
      "rsId": "tgtShard_1",
      "state": "RECOVERY_IN_PROGRESS",
      "stateUpdateTime": 1790968681
    },
    {
      "error": "<tgtCluster_tgtShard_0_44> [15:27:56.491] Plan execution failed on step MakeBackupDataAvailable as part of move RestoreRsMemberFromBackupPhase1 : <tgtCluster_tgtShard_0_44> [15:27:56.491] Failed to apply action. Result = <nil> : <tgtCluster_tgtShard_0_44> [15:27:56.491] Failed to download the snapshot : <tgtCluster_tgtShard_0_44> [15:27:56.491] Error while waiting for third party to copy backup to /fimongo1/data : <tgtCluster_tgtShard_0_44> [15:27:56.491] Observed error when trying to mark node as ready for copy files. : <tgtCluster_tgtShard_0_44> [15:27:56.491] Got return status 404 Not Found when trying to mark node ready for copy files.",
      "hostname": "rmdb8",
      "id": "rmdb8:37017",
      "port": 37017,
      "rsId": "tgtShard_0",
      "state": "RECOVERY_IN_PROGRESS",
      "stateUpdateTime": 1790968530
    },
    {
      "error": null,
      "hostname": "rmdb13",
      "id": "rmdb13:37017",
      "port": 37017,
      "rsId": "tgtShard_0",
      "state": "RECOVERY_IN_PROGRESS",
      "stateUpdateTime": 1790917247
    },
    {
      "error": "<tgtCluster_tgtShard_0_42> [15:27:03.096] Plan execution failed on step MakeBackupDataAvailable as part of move RestoreRsMemberFromBackupPhase1 : <tgtCluster_tgtShard_0_42> [15:27:03.096] Failed to apply action. Result = <nil> : <tgtCluster_tgtShard_0_42> [15:27:03.096] Failed to download the snapshot : <tgtCluster_tgtShard_0_42> [15:27:03.096] Error while waiting for third party to copy backup to /fimongo1/data : <tgtCluster_tgtShard_0_42> [15:27:03.096] Observed error when trying to mark node as ready for copy files. : <tgtCluster_tgtShard_0_42> [15:27:03.095] Got return status 404 Not Found when trying to mark node ready for copy files.",
      "hostname": "rmdb1",
      "id": "rmdb1:37017",
      "port": 37017,
      "rsId": "tgtShard_0",
      "state": "RECOVERY_IN_PROGRESS",
      "stateUpdateTime": 1790963978
    },
    {
      "error": "<tgtCluster_tgtShard_0_43> [15:27:47.530] Plan execution failed on step MakeBackupDataAvailable as part of move RestoreRsMemberFromBackupPhase1 : <tgtCluster_tgtShard_0_43> [15:27:47.530] Failed to apply action. Result = <nil> : <tgtCluster_tgtShard_0_43> [15:27:47.530] Failed to download the snapshot : <tgtCluster_tgtShard_0_43> [15:27:47.530] Error while waiting for third party to copy backup to /fimongo1/data : <tgtCluster_tgtShard_0_43> [15:27:47.530] Observed error when trying to mark node as ready for copy files. : <tgtCluster_tgtShard_0_43> [15:27:47.530] Got return status 404 Not Found when trying to mark node ready for copy files.",
      "hostname": "rmdb3",
      "id": "rmdb3:37017",
      "port": 37017,
      "rsId": "tgtShard_0",
      "state": "RECOVERY_IN_PROGRESS",
      "stateUpdateTime": 1790967977
    },
    {
      "error": null,
      "hostname": "rmdb11",
      "id": "rmdb11:37017",
      "port": 37017,
      "rsId": "tgtShard_0",
      "state": "RECOVERY_IN_PROGRESS",
      "stateUpdateTime": 1790917218
    },
    {
      "error": null,
      "hostname": "rmdb7",
      "id": "rmdb7:37017",
      "port": 37017,
      "rsId": "tgtconfigRS",
      "state": "RECOVERY_IN_PROGRESS",
      "stateUpdateTime": 1790917195
    },
    {
      "error": null,
      "hostname": "rmdb-config1",
      "id": "rmdb-config1:37017",
      "port": 37017,
      "rsId": "tgtconfigRS",
      "state": "RECOVERY_IN_PROGRESS",
      "stateUpdateTime": 1790917145
    },
    {
      "error": null,
      "hostname": "rmdb-config2",
      "id": "rmdb-config2:37017",
      "port": 37017,
      "rsId": "tgtconfigRS",
      "state": "RECOVERY_IN_PROGRESS",
      "stateUpdateTime": 1790917166
    }
  ],
  "state": "RECOVERY_IN_PROGRESS"
}
2026-10-02 14:27:59,800 [INFO] Restore state: RECOVERY_IN_PROGRESS
2026-10-02 14:28:09,801 [DEBUG] API GET http://129.40.36.100:8080/api/public/v1.0/backup/third_party/group/6a386221ee19a6537cc68a97/restore/6abf3847457a6b80701899fb
2026-10-02 14:28:09,943 [DEBUG] STATUS 200
2026-10-02 14:28:09,943 [DEBUG] {
  "clusterMapping": [
    {
      "rsId": "sgcShard_0",
      "targetRsId": "tgtShard_0"
    },
    {
      "rsId": "sgcShard_1",
      "targetRsId": "tgtShard_1"
    },
    {
      "rsId": "configRS",
      "targetRsId": "tgtconfigRS"
    }
  ],
  "nodes": [
    {
      "error": "<tgtCluster_tgtShard_1_64> [15:27:26.775] Plan execution failed on step MakeBackupDataAvailable as part of move RestoreRsMemberFromBackupPhase1 : <tgtCluster_tgtShard_1_64> [15:27:26.775] Failed to apply action. Result = <nil> : <tgtCluster_tgtShard_1_64> [15:27:26.775] Failed to download the snapshot : <tgtCluster_tgtShard_1_64> [15:27:26.775] Error while waiting for third party to copy backup to /fimongo1/data : <tgtCluster_tgtShard_1_64> [15:27:26.775] Observed error when trying to mark node as ready for copy files. : <tgtCluster_tgtShard_1_64> [15:27:26.775] Got return status 404 Not Found when trying to mark node ready for copy files.",
      "hostname": "rmdb12",
      "id": "rmdb12:37017",
      "port": 37017,
      "rsId": "tgtShard_1",
      "state": "RECOVERY_IN_PROGRESS",
      "stateUpdateTime": 1790969076
    },
    {
      "error": "<tgtCluster_tgtShard_1_66> [15:27:56.721] Plan execution failed on step MakeBackupDataAvailable as part of move RestoreRsMemberFromBackupPhase1 : <tgtCluster_tgtShard_1_66> [15:27:56.721] Failed to apply action. Result = <nil> : <tgtCluster_tgtShard_1_66> [15:27:56.721] Failed to download the snapshot : <tgtCluster_tgtShard_1_66> [15:27:56.721] Error while waiting for third party to copy backup to /fimongo1/data : <tgtCluster_tgtShard_1_66> [15:27:56.721] Observed error when trying to mark node as ready for copy files. : <tgtCluster_tgtShard_1_66> [15:27:56.721] Got return status 404 Not Found when trying to mark node ready for copy files.",
      "hostname": "rmdb14",
      "id": "rmdb14:37017",
      "port": 37017,
      "rsId": "tgtShard_1",
      "state": "RECOVERY_IN_PROGRESS",
      "stateUpdateTime": 1790968879
    },
    {
      "error": "<tgtCluster_tgtShard_1_47> [15:27:20.116] Plan execution failed on step MakeBackupDataAvailable as part of move RestoreRsMemberFromBackupPhase1 : <tgtCluster_tgtShard_1_47> [15:27:20.116] Failed to apply action. Result = <nil> : <tgtCluster_tgtShard_1_47> [15:27:20.116] Failed to download the snapshot : <tgtCluster_tgtShard_1_47> [15:27:20.116] Error while waiting for third party to copy backup to /fimongo1/data : <tgtCluster_tgtShard_1_47> [15:27:20.116] Observed error when trying to mark node as ready for copy files. : <tgtCluster_tgtShard_1_47> [15:27:20.116] Got return status 404 Not Found when trying to mark node ready for copy files.",
      "hostname": "rmdb9",
      "id": "rmdb9:37017",
      "port": 37017,
      "rsId": "tgtShard_1",
      "state": "RECOVERY_IN_PROGRESS",
      "stateUpdateTime": 1790968923
    },
    {
      "error": "<tgtCluster_tgtShard_1_46> [15:27:04.705] Plan execution failed on step MakeBackupDataAvailable as part of move RestoreRsMemberFromBackupPhase1 : <tgtCluster_tgtShard_1_46> [15:27:04.705] Failed to apply action. Result = <nil> : <tgtCluster_tgtShard_1_46> [15:27:04.705] Failed to download the snapshot : <tgtCluster_tgtShard_1_46> [15:27:04.705] Error while waiting for third party to copy backup to /fimongo1/data : <tgtCluster_tgtShard_1_46> [15:27:04.705] Observed error when trying to mark node as ready for copy files. : <tgtCluster_tgtShard_1_46> [15:27:04.705] Got return status 404 Not Found when trying to mark node ready for copy files.",
      "hostname": "rmdb4",
      "id": "rmdb4:37017",
      "port": 37017,
      "rsId": "tgtShard_1",
      "state": "RECOVERY_IN_PROGRESS",
      "stateUpdateTime": 1790968901
    },
    {
      "error": "<tgtCluster_tgtShard_1_45> [15:28:06.214] Plan execution failed on step MakeBackupDataAvailable as part of move RestoreRsMemberFromBackupPhase1 : <tgtCluster_tgtShard_1_45> [15:28:06.214] Failed to apply action. Result = <nil> : <tgtCluster_tgtShard_1_45> [15:28:06.214] Failed to download the snapshot : <tgtCluster_tgtShard_1_45> [15:28:06.214] Error while waiting for third party to copy backup to /fimongo1/data : <tgtCluster_tgtShard_1_45> [15:28:06.214] Observed error when trying to mark node as ready for copy files. : <tgtCluster_tgtShard_1_45> [15:28:06.213] Got return status 404 Not Found when trying to mark node ready for copy files.",
      "hostname": "rmdb2",
      "id": "rmdb2:37017",
      "port": 37017,
      "rsId": "tgtShard_1",
      "state": "RECOVERY_IN_PROGRESS",
      "stateUpdateTime": 1790968681
    },
    {
      "error": "<tgtCluster_tgtShard_0_44> [15:27:56.491] Plan execution failed on step MakeBackupDataAvailable as part of move RestoreRsMemberFromBackupPhase1 : <tgtCluster_tgtShard_0_44> [15:27:56.491] Failed to apply action. Result = <nil> : <tgtCluster_tgtShard_0_44> [15:27:56.491] Failed to download the snapshot : <tgtCluster_tgtShard_0_44> [15:27:56.491] Error while waiting for third party to copy backup to /fimongo1/data : <tgtCluster_tgtShard_0_44> [15:27:56.491] Observed error when trying to mark node as ready for copy files. : <tgtCluster_tgtShard_0_44> [15:27:56.491] Got return status 404 Not Found when trying to mark node ready for copy files.",
      "hostname": "rmdb8",
      "id": "rmdb8:37017",
      "port": 37017,
      "rsId": "tgtShard_0",
      "state": "RECOVERY_IN_PROGRESS",
      "stateUpdateTime": 1790968530
    },
    {
      "error": null,
      "hostname": "rmdb13",
      "id": "rmdb13:37017",
      "port": 37017,
      "rsId": "tgtShard_0",
      "state": "RECOVERY_IN_PROGRESS",
      "stateUpdateTime": 1790917247
    },
    {
      "error": "<tgtCluster_tgtShard_0_42> [15:27:03.096] Plan execution failed on step MakeBackupDataAvailable as part of move RestoreRsMemberFromBackupPhase1 : <tgtCluster_tgtShard_0_42> [15:27:03.096] Failed to apply action. Result = <nil> : <tgtCluster_tgtShard_0_42> [15:27:03.096] Failed to download the snapshot : <tgtCluster_tgtShard_0_42> [15:27:03.096] Error while waiting for third party to copy backup to /fimongo1/data : <tgtCluster_tgtShard_0_42> [15:27:03.096] Observed error when trying to mark node as ready for copy files. : <tgtCluster_tgtShard_0_42> [15:27:03.095] Got return status 404 Not Found when trying to mark node ready for copy files.",
      "hostname": "rmdb1",
      "id": "rmdb1:37017",
      "port": 37017,
      "rsId": "tgtShard_0",
      "state": "RECOVERY_IN_PROGRESS",
      "stateUpdateTime": 1790963978
    },
    {
      "error": "<tgtCluster_tgtShard_0_43> [15:27:47.530] Plan execution failed on step MakeBackupDataAvailable as part of move RestoreRsMemberFromBackupPhase1 : <tgtCluster_tgtShard_0_43> [15:27:47.530] Failed to apply action. Result = <nil> : <tgtCluster_tgtShard_0_43> [15:27:47.530] Failed to download the snapshot : <tgtCluster_tgtShard_0_43> [15:27:47.530] Error while waiting for third party to copy backup to /fimongo1/data : <tgtCluster_tgtShard_0_43> [15:27:47.530] Observed error when trying to mark node as ready for copy files. : <tgtCluster_tgtShard_0_43> [15:27:47.530] Got return status 404 Not Found when trying to mark node ready for copy files.",
      "hostname": "rmdb3",
      "id": "rmdb3:37017",
      "port": 37017,
      "rsId": "tgtShard_0",
      "state": "RECOVERY_IN_PROGRESS",
      "stateUpdateTime": 1790967977
    },
    {
      "error": null,
      "hostname": "rmdb11",
      "id": "rmdb11:37017",
      "port": 37017,
      "rsId": "tgtShard_0",
      "state": "RECOVERY_IN_PROGRESS",
      "stateUpdateTime": 1790917218
    },
    {
      "error": null,
      "hostname": "rmdb7",
      "id": "rmdb7:37017",
      "port": 37017,
      "rsId": "tgtconfigRS",
      "state": "RECOVERY_IN_PROGRESS",
      "stateUpdateTime": 1790917195
    },
    {
      "error": null,
      "hostname": "rmdb-config1",
      "id": "rmdb-config1:37017",
      "port": 37017,
      "rsId": "tgtconfigRS",
      "state": "RECOVERY_IN_PROGRESS",
      "stateUpdateTime": 1790917145
    },
    {
      "error": null,
      "hostname": "rmdb-config2",
      "id": "rmdb-config2:37017",
      "port": 37017,
      "rsId": "tgtconfigRS",
      "state": "RECOVERY_IN_PROGRESS",
      "stateUpdateTime": 1790917166
    }
  ],
  "state": "RECOVERY_IN_PROGRESS"
}
2026-10-02 14:28:09,943 [INFO] Restore state: RECOVERY_IN_PROGRESS
2026-10-02 14:28:19,944 [DEBUG] API GET http://129.40.36.100:8080/api/public/v1.0/backup/third_party/group/6a386221ee19a6537cc68a97/restore/6abf3847457a6b80701899fb
2026-10-02 14:28:20,086 [DEBUG] STATUS 200
2026-10-02 14:28:20,086 [DEBUG] {
  "clusterMapping": [
    {
      "rsId": "sgcShard_0",
      "targetRsId": "tgtShard_0"
    },
    {
      "rsId": "sgcShard_1",
      "targetRsId": "tgtShard_1"
    },
    {
      "rsId": "configRS",
      "targetRsId": "tgtconfigRS"
    }
  ],
  "nodes": [
    {
      "error": "<tgtCluster_tgtShard_1_64> [15:27:26.775] Plan execution failed on step MakeBackupDataAvailable as part of move RestoreRsMemberFromBackupPhase1 : <tgtCluster_tgtShard_1_64> [15:27:26.775] Failed to apply action. Result = <nil> : <tgtCluster_tgtShard_1_64> [15:27:26.775] Failed to download the snapshot : <tgtCluster_tgtShard_1_64> [15:27:26.775] Error while waiting for third party to copy backup to /fimongo1/data : <tgtCluster_tgtShard_1_64> [15:27:26.775] Observed error when trying to mark node as ready for copy files. : <tgtCluster_tgtShard_1_64> [15:27:26.775] Got return status 404 Not Found when trying to mark node ready for copy files.",
      "hostname": "rmdb12",
      "id": "rmdb12:37017",
      "port": 37017,
      "rsId": "tgtShard_1",
      "state": "RECOVERY_IN_PROGRESS",
      "stateUpdateTime": 1790969076
    },
    {
      "error": "<tgtCluster_tgtShard_1_66> [15:27:56.721] Plan execution failed on step MakeBackupDataAvailable as part of move RestoreRsMemberFromBackupPhase1 : <tgtCluster_tgtShard_1_66> [15:27:56.721] Failed to apply action. Result = <nil> : <tgtCluster_tgtShard_1_66> [15:27:56.721] Failed to download the snapshot : <tgtCluster_tgtShard_1_66> [15:27:56.721] Error while waiting for third party to copy backup to /fimongo1/data : <tgtCluster_tgtShard_1_66> [15:27:56.721] Observed error when trying to mark node as ready for copy files. : <tgtCluster_tgtShard_1_66> [15:27:56.721] Got return status 404 Not Found when trying to mark node ready for copy files.",
      "hostname": "rmdb14",
      "id": "rmdb14:37017",
      "port": 37017,
      "rsId": "tgtShard_1",
      "state": "RECOVERY_IN_PROGRESS",
      "stateUpdateTime": 1790968879
    },
    {
      "error": "<tgtCluster_tgtShard_1_47> [15:27:20.116] Plan execution failed on step MakeBackupDataAvailable as part of move RestoreRsMemberFromBackupPhase1 : <tgtCluster_tgtShard_1_47> [15:27:20.116] Failed to apply action. Result = <nil> : <tgtCluster_tgtShard_1_47> [15:27:20.116] Failed to download the snapshot : <tgtCluster_tgtShard_1_47> [15:27:20.116] Error while waiting for third party to copy backup to /fimongo1/data : <tgtCluster_tgtShard_1_47> [15:27:20.116] Observed error when trying to mark node as ready for copy files. : <tgtCluster_tgtShard_1_47> [15:27:20.116] Got return status 404 Not Found when trying to mark node ready for copy files.",
      "hostname": "rmdb9",
      "id": "rmdb9:37017",
      "port": 37017,
      "rsId": "tgtShard_1",
      "state": "RECOVERY_IN_PROGRESS",
      "stateUpdateTime": 1790968923
    },
    {
      "error": "<tgtCluster_tgtShard_1_46> [15:28:06.140] Plan execution failed on step MakeBackupDataAvailable as part of move RestoreRsMemberFromBackupPhase1 : <tgtCluster_tgtShard_1_46> [15:28:06.140] Failed to apply action. Result = <nil> : <tgtCluster_tgtShard_1_46> [15:28:06.140] Failed to download the snapshot : <tgtCluster_tgtShard_1_46> [15:28:06.140] Error while waiting for third party to copy backup to /fimongo1/data : <tgtCluster_tgtShard_1_46> [15:28:06.140] Observed error when trying to mark node as ready for copy files. : <tgtCluster_tgtShard_1_46> [15:28:06.140] Got return status 404 Not Found when trying to mark node ready for copy files.",
      "hostname": "rmdb4",
      "id": "rmdb4:37017",
      "port": 37017,
      "rsId": "tgtShard_1",
      "state": "RECOVERY_IN_PROGRESS",
      "stateUpdateTime": 1790968901
    },
    {
      "error": "<tgtCluster_tgtShard_1_45> [15:28:06.214] Plan execution failed on step MakeBackupDataAvailable as part of move RestoreRsMemberFromBackupPhase1 : <tgtCluster_tgtShard_1_45> [15:28:06.214] Failed to apply action. Result = <nil> : <tgtCluster_tgtShard_1_45> [15:28:06.214] Failed to download the snapshot : <tgtCluster_tgtShard_1_45> [15:28:06.214] Error while waiting for third party to copy backup to /fimongo1/data : <tgtCluster_tgtShard_1_45> [15:28:06.214] Observed error when trying to mark node as ready for copy files. : <tgtCluster_tgtShard_1_45> [15:28:06.213] Got return status 404 Not Found when trying to mark node ready for copy files.",
      "hostname": "rmdb2",
      "id": "rmdb2:37017",
      "port": 37017,
      "rsId": "tgtShard_1",
      "state": "RECOVERY_IN_PROGRESS",
      "stateUpdateTime": 1790968681
    },
    {
      "error": "<tgtCluster_tgtShard_0_44> [15:27:56.491] Plan execution failed on step MakeBackupDataAvailable as part of move RestoreRsMemberFromBackupPhase1 : <tgtCluster_tgtShard_0_44> [15:27:56.491] Failed to apply action. Result = <nil> : <tgtCluster_tgtShard_0_44> [15:27:56.491] Failed to download the snapshot : <tgtCluster_tgtShard_0_44> [15:27:56.491] Error while waiting for third party to copy backup to /fimongo1/data : <tgtCluster_tgtShard_0_44> [15:27:56.491] Observed error when trying to mark node as ready for copy files. : <tgtCluster_tgtShard_0_44> [15:27:56.491] Got return status 404 Not Found when trying to mark node ready for copy files.",
      "hostname": "rmdb8",
      "id": "rmdb8:37017",
      "port": 37017,
      "rsId": "tgtShard_0",
      "state": "RECOVERY_IN_PROGRESS",
      "stateUpdateTime": 1790968530
    },
    {
      "error": null,
      "hostname": "rmdb13",
      "id": "rmdb13:37017",
      "port": 37017,
      "rsId": "tgtShard_0",
      "state": "RECOVERY_IN_PROGRESS",
      "stateUpdateTime": 1790917247
    },
    {
      "error": "<tgtCluster_tgtShard_0_42> [15:28:04.205] Plan execution failed on step MakeBackupDataAvailable as part of move RestoreRsMemberFromBackupPhase1 : <tgtCluster_tgtShard_0_42> [15:28:04.205] Failed to apply action. Result = <nil> : <tgtCluster_tgtShard_0_42> [15:28:04.205] Failed to download the snapshot : <tgtCluster_tgtShard_0_42> [15:28:04.205] Error while waiting for third party to copy backup to /fimongo1/data : <tgtCluster_tgtShard_0_42> [15:28:04.205] Observed error when trying to mark node as ready for copy files. : <tgtCluster_tgtShard_0_42> [15:28:04.205] Got return status 404 Not Found when trying to mark node ready for copy files.",
      "hostname": "rmdb1",
      "id": "rmdb1:37017",
      "port": 37017,
      "rsId": "tgtShard_0",
      "state": "RECOVERY_IN_PROGRESS",
      "stateUpdateTime": 1790963978
    },
    {
      "error": "<tgtCluster_tgtShard_0_43> [15:27:47.530] Plan execution failed on step MakeBackupDataAvailable as part of move RestoreRsMemberFromBackupPhase1 : <tgtCluster_tgtShard_0_43> [15:27:47.530] Failed to apply action. Result = <nil> : <tgtCluster_tgtShard_0_43> [15:27:47.530] Failed to download the snapshot : <tgtCluster_tgtShard_0_43> [15:27:47.530] Error while waiting for third party to copy backup to /fimongo1/data : <tgtCluster_tgtShard_0_43> [15:27:47.530] Observed error when trying to mark node as ready for copy files. : <tgtCluster_tgtShard_0_43> [15:27:47.530] Got return status 404 Not Found when trying to mark node ready for copy files.",
      "hostname": "rmdb3",
      "id": "rmdb3:37017",
      "port": 37017,
      "rsId": "tgtShard_0",
      "state": "RECOVERY_IN_PROGRESS",
      "stateUpdateTime": 1790967977
    },
    {
      "error": null,
      "hostname": "rmdb11",
      "id": "rmdb11:37017",
      "port": 37017,
      "rsId": "tgtShard_0",
      "state": "RECOVERY_IN_PROGRESS",
      "stateUpdateTime": 1790917218
    },
    {
      "error": null,
      "hostname": "rmdb7",
      "id": "rmdb7:37017",
      "port": 37017,
      "rsId": "tgtconfigRS",
      "state": "RECOVERY_IN_PROGRESS",
      "stateUpdateTime": 1790917195
    },
    {
      "error": null,
      "hostname": "rmdb-config1",
      "id": "rmdb-config1:37017",
      "port": 37017,
      "rsId": "tgtconfigRS",
      "state": "RECOVERY_IN_PROGRESS",
      "stateUpdateTime": 1790917145
    },
    {
      "error": null,
      "hostname": "rmdb-config2",
      "id": "rmdb-config2:37017",
      "port": 37017,
      "rsId": "tgtconfigRS",
      "state": "RECOVERY_IN_PROGRESS",
      "stateUpdateTime": 1790917166
    }
  ],
  "state": "RECOVERY_IN_PROGRESS"
}
2026-10-02 14:28:20,086 [INFO] Restore state: RECOVERY_IN_PROGRESS
2026-10-02 14:28:30,087 [DEBUG] API GET http://129.40.36.100:8080/api/public/v1.0/backup/third_party/group/6a386221ee19a6537cc68a97/restore/6abf3847457a6b80701899fb
2026-10-02 14:28:30,232 [DEBUG] STATUS 200
2026-10-02 14:28:30,232 [DEBUG] {
  "clusterMapping": [
    {
      "rsId": "sgcShard_0",
      "targetRsId": "tgtShard_0"
    },
    {
      "rsId": "sgcShard_1",
      "targetRsId": "tgtShard_1"
    },
    {
      "rsId": "configRS",
      "targetRsId": "tgtconfigRS"
    }
  ],
  "nodes": [
    {
      "error": "<tgtCluster_tgtShard_1_64> [15:28:29.118] Plan execution failed on step MakeBackupDataAvailable as part of move RestoreRsMemberFromBackupPhase1 : <tgtCluster_tgtShard_1_64> [15:28:29.118] Failed to apply action. Result = <nil> : <tgtCluster_tgtShard_1_64> [15:28:29.118] Failed to download the snapshot : <tgtCluster_tgtShard_1_64> [15:28:29.118] Error while waiting for third party to copy backup to /fimongo1/data : <tgtCluster_tgtShard_1_64> [15:28:29.118] Observed error when trying to mark node as ready for copy files. : <tgtCluster_tgtShard_1_64> [15:28:29.118] Got return status 404 Not Found when trying to mark node ready for copy files.",
      "hostname": "rmdb12",
      "id": "rmdb12:37017",
      "port": 37017,
      "rsId": "tgtShard_1",
      "state": "RECOVERY_IN_PROGRESS",
      "stateUpdateTime": 1790969076
    },
    {
      "error": "<tgtCluster_tgtShard_1_66> [15:27:56.721] Plan execution failed on step MakeBackupDataAvailable as part of move RestoreRsMemberFromBackupPhase1 : <tgtCluster_tgtShard_1_66> [15:27:56.721] Failed to apply action. Result = <nil> : <tgtCluster_tgtShard_1_66> [15:27:56.721] Failed to download the snapshot : <tgtCluster_tgtShard_1_66> [15:27:56.721] Error while waiting for third party to copy backup to /fimongo1/data : <tgtCluster_tgtShard_1_66> [15:27:56.721] Observed error when trying to mark node as ready for copy files. : <tgtCluster_tgtShard_1_66> [15:27:56.721] Got return status 404 Not Found when trying to mark node ready for copy files.",
      "hostname": "rmdb14",
      "id": "rmdb14:37017",
      "port": 37017,
      "rsId": "tgtShard_1",
      "state": "RECOVERY_IN_PROGRESS",
      "stateUpdateTime": 1790968879
    },
    {
      "error": "<tgtCluster_tgtShard_1_47> [15:28:21.660] Plan execution failed on step MakeBackupDataAvailable as part of move RestoreRsMemberFromBackupPhase1 : <tgtCluster_tgtShard_1_47> [15:28:21.660] Failed to apply action. Result = <nil> : <tgtCluster_tgtShard_1_47> [15:28:21.659] Failed to download the snapshot : <tgtCluster_tgtShard_1_47> [15:28:21.659] Error while waiting for third party to copy backup to /fimongo1/data : <tgtCluster_tgtShard_1_47> [15:28:21.659] Observed error when trying to mark node as ready for copy files. : <tgtCluster_tgtShard_1_47> [15:28:21.659] Got return status 404 Not Found when trying to mark node ready for copy files.",
      "hostname": "rmdb9",
      "id": "rmdb9:37017",
      "port": 37017,
      "rsId": "tgtShard_1",
      "state": "RECOVERY_IN_PROGRESS",
      "stateUpdateTime": 1790968923
    },
    {
      "error": "<tgtCluster_tgtShard_1_46> [15:28:06.140] Plan execution failed on step MakeBackupDataAvailable as part of move RestoreRsMemberFromBackupPhase1 : <tgtCluster_tgtShard_1_46> [15:28:06.140] Failed to apply action. Result = <nil> : <tgtCluster_tgtShard_1_46> [15:28:06.140] Failed to download the snapshot : <tgtCluster_tgtShard_1_46> [15:28:06.140] Error while waiting for third party to copy backup to /fimongo1/data : <tgtCluster_tgtShard_1_46> [15:28:06.140] Observed error when trying to mark node as ready for copy files. : <tgtCluster_tgtShard_1_46> [15:28:06.140] Got return status 404 Not Found when trying to mark node ready for copy files.",
      "hostname": "rmdb4",
      "id": "rmdb4:37017",
      "port": 37017,
      "rsId": "tgtShard_1",
      "state": "RECOVERY_IN_PROGRESS",
      "stateUpdateTime": 1790968901
    },
    {
      "error": "<tgtCluster_tgtShard_1_45> [15:28:06.214] Plan execution failed on step MakeBackupDataAvailable as part of move RestoreRsMemberFromBackupPhase1 : <tgtCluster_tgtShard_1_45> [15:28:06.214] Failed to apply action. Result = <nil> : <tgtCluster_tgtShard_1_45> [15:28:06.214] Failed to download the snapshot : <tgtCluster_tgtShard_1_45> [15:28:06.214] Error while waiting for third party to copy backup to /fimongo1/data : <tgtCluster_tgtShard_1_45> [15:28:06.214] Observed error when trying to mark node as ready for copy files. : <tgtCluster_tgtShard_1_45> [15:28:06.213] Got return status 404 Not Found when trying to mark node ready for copy files.",
      "hostname": "rmdb2",
      "id": "rmdb2:37017",
      "port": 37017,
      "rsId": "tgtShard_1",
      "state": "RECOVERY_IN_PROGRESS",
      "stateUpdateTime": 1790968681
    },
    {
      "error": "<tgtCluster_tgtShard_0_44> [15:27:56.491] Plan execution failed on step MakeBackupDataAvailable as part of move RestoreRsMemberFromBackupPhase1 : <tgtCluster_tgtShard_0_44> [15:27:56.491] Failed to apply action. Result = <nil> : <tgtCluster_tgtShard_0_44> [15:27:56.491] Failed to download the snapshot : <tgtCluster_tgtShard_0_44> [15:27:56.491] Error while waiting for third party to copy backup to /fimongo1/data : <tgtCluster_tgtShard_0_44> [15:27:56.491] Observed error when trying to mark node as ready for copy files. : <tgtCluster_tgtShard_0_44> [15:27:56.491] Got return status 404 Not Found when trying to mark node ready for copy files.",
      "hostname": "rmdb8",
      "id": "rmdb8:37017",
      "port": 37017,
      "rsId": "tgtShard_0",
      "state": "RECOVERY_IN_PROGRESS",
      "stateUpdateTime": 1790968530
    },
    {
      "error": null,
      "hostname": "rmdb13",
      "id": "rmdb13:37017",
      "port": 37017,
      "rsId": "tgtShard_0",
      "state": "RECOVERY_IN_PROGRESS",
      "stateUpdateTime": 1790917247
    },
    {
      "error": "<tgtCluster_tgtShard_0_42> [15:28:04.205] Plan execution failed on step MakeBackupDataAvailable as part of move RestoreRsMemberFromBackupPhase1 : <tgtCluster_tgtShard_0_42> [15:28:04.205] Failed to apply action. Result = <nil> : <tgtCluster_tgtShard_0_42> [15:28:04.205] Failed to download the snapshot : <tgtCluster_tgtShard_0_42> [15:28:04.205] Error while waiting for third party to copy backup to /fimongo1/data : <tgtCluster_tgtShard_0_42> [15:28:04.205] Observed error when trying to mark node as ready for copy files. : <tgtCluster_tgtShard_0_42> [15:28:04.205] Got return status 404 Not Found when trying to mark node ready for copy files.",
      "hostname": "rmdb1",
      "id": "rmdb1:37017",
      "port": 37017,
      "rsId": "tgtShard_0",
      "state": "RECOVERY_IN_PROGRESS",
      "stateUpdateTime": 1790963978
    },
    {
      "error": "<tgtCluster_tgtShard_0_43> [15:27:47.530] Plan execution failed on step MakeBackupDataAvailable as part of move RestoreRsMemberFromBackupPhase1 : <tgtCluster_tgtShard_0_43> [15:27:47.530] Failed to apply action. Result = <nil> : <tgtCluster_tgtShard_0_43> [15:27:47.530] Failed to download the snapshot : <tgtCluster_tgtShard_0_43> [15:27:47.530] Error while waiting for third party to copy backup to /fimongo1/data : <tgtCluster_tgtShard_0_43> [15:27:47.530] Observed error when trying to mark node as ready for copy files. : <tgtCluster_tgtShard_0_43> [15:27:47.530] Got return status 404 Not Found when trying to mark node ready for copy files.",
      "hostname": "rmdb3",
      "id": "rmdb3:37017",
      "port": 37017,
      "rsId": "tgtShard_0",
      "state": "RECOVERY_IN_PROGRESS",
      "stateUpdateTime": 1790967977
    },
    {
      "error": null,
      "hostname": "rmdb11",
      "id": "rmdb11:37017",
      "port": 37017,
      "rsId": "tgtShard_0",
      "state": "RECOVERY_IN_PROGRESS",
      "stateUpdateTime": 1790917218
    },
    {
      "error": null,
      "hostname": "rmdb7",
      "id": "rmdb7:37017",
      "port": 37017,
      "rsId": "tgtconfigRS",
      "state": "RECOVERY_IN_PROGRESS",
      "stateUpdateTime": 1790917195
    },
    {
      "error": null,
      "hostname": "rmdb-config1",
      "id": "rmdb-config1:37017",
      "port": 37017,
      "rsId": "tgtconfigRS",
      "state": "RECOVERY_IN_PROGRESS",
      "stateUpdateTime": 1790917145
    },
    {
      "error": null,
      "hostname": "rmdb-config2",
      "id": "rmdb-config2:37017",
      "port": 37017,
      "rsId": "tgtconfigRS",
      "state": "RECOVERY_IN_PROGRESS",
      "stateUpdateTime": 1790917166
    }
  ],
  "state": "RECOVERY_IN_PROGRESS"
}
2026-10-02 14:28:30,233 [INFO] Restore state: RECOVERY_IN_PROGRESS
2026-10-02 14:28:40,233 [DEBUG] API GET http://129.40.36.100:8080/api/public/v1.0/backup/third_party/group/6a386221ee19a6537cc68a97/restore/6abf3847457a6b80701899fb
2026-10-02 14:28:40,432 [DEBUG] STATUS 200
2026-10-02 14:28:40,433 [DEBUG] {
  "clusterMapping": [
    {
      "rsId": "sgcShard_0",
      "targetRsId": "tgtShard_0"
    },
    {
      "rsId": "sgcShard_1",
      "targetRsId": "tgtShard_1"
    },
    {
      "rsId": "configRS",
      "targetRsId": "tgtconfigRS"
    }
  ],
  "nodes": [
    {
      "error": "<tgtCluster_tgtShard_1_64> [15:28:29.118] Plan execution failed on step MakeBackupDataAvailable as part of move RestoreRsMemberFromBackupPhase1 : <tgtCluster_tgtShard_1_64> [15:28:29.118] Failed to apply action. Result = <nil> : <tgtCluster_tgtShard_1_64> [15:28:29.118] Failed to download the snapshot : <tgtCluster_tgtShard_1_64> [15:28:29.118] Error while waiting for third party to copy backup to /fimongo1/data : <tgtCluster_tgtShard_1_64> [15:28:29.118] Observed error when trying to mark node as ready for copy files. : <tgtCluster_tgtShard_1_64> [15:28:29.118] Got return status 404 Not Found when trying to mark node ready for copy files.",
      "hostname": "rmdb12",
      "id": "rmdb12:37017",
      "port": 37017,
      "rsId": "tgtShard_1",
      "state": "RECOVERY_IN_PROGRESS",
      "stateUpdateTime": 1790969076
    },
    {
      "error": "<tgtCluster_tgtShard_1_66> [15:27:56.721] Plan execution failed on step MakeBackupDataAvailable as part of move RestoreRsMemberFromBackupPhase1 : <tgtCluster_tgtShard_1_66> [15:27:56.721] Failed to apply action. Result = <nil> : <tgtCluster_tgtShard_1_66> [15:27:56.721] Failed to download the snapshot : <tgtCluster_tgtShard_1_66> [15:27:56.721] Error while waiting for third party to copy backup to /fimongo1/data : <tgtCluster_tgtShard_1_66> [15:27:56.721] Observed error when trying to mark node as ready for copy files. : <tgtCluster_tgtShard_1_66> [15:27:56.721] Got return status 404 Not Found when trying to mark node ready for copy files.",
      "hostname": "rmdb14",
      "id": "rmdb14:37017",
      "port": 37017,
      "rsId": "tgtShard_1",
      "state": "RECOVERY_IN_PROGRESS",
      "stateUpdateTime": 1790968879
    },
    {
      "error": "<tgtCluster_tgtShard_1_47> [15:28:21.660] Plan execution failed on step MakeBackupDataAvailable as part of move RestoreRsMemberFromBackupPhase1 : <tgtCluster_tgtShard_1_47> [15:28:21.660] Failed to apply action. Result = <nil> : <tgtCluster_tgtShard_1_47> [15:28:21.659] Failed to download the snapshot : <tgtCluster_tgtShard_1_47> [15:28:21.659] Error while waiting for third party to copy backup to /fimongo1/data : <tgtCluster_tgtShard_1_47> [15:28:21.659] Observed error when trying to mark node as ready for copy files. : <tgtCluster_tgtShard_1_47> [15:28:21.659] Got return status 404 Not Found when trying to mark node ready for copy files.",
      "hostname": "rmdb9",
      "id": "rmdb9:37017",
      "port": 37017,
      "rsId": "tgtShard_1",
      "state": "RECOVERY_IN_PROGRESS",
      "stateUpdateTime": 1790968923
    },
    {
      "error": "<tgtCluster_tgtShard_1_46> [15:28:06.140] Plan execution failed on step MakeBackupDataAvailable as part of move RestoreRsMemberFromBackupPhase1 : <tgtCluster_tgtShard_1_46> [15:28:06.140] Failed to apply action. Result = <nil> : <tgtCluster_tgtShard_1_46> [15:28:06.140] Failed to download the snapshot : <tgtCluster_tgtShard_1_46> [15:28:06.140] Error while waiting for third party to copy backup to /fimongo1/data : <tgtCluster_tgtShard_1_46> [15:28:06.140] Observed error when trying to mark node as ready for copy files. : <tgtCluster_tgtShard_1_46> [15:28:06.140] Got return status 404 Not Found when trying to mark node ready for copy files.",
      "hostname": "rmdb4",
      "id": "rmdb4:37017",
      "port": 37017,
      "rsId": "tgtShard_1",
      "state": "RECOVERY_IN_PROGRESS",
      "stateUpdateTime": 1790968901
    },
    {
      "error": "<tgtCluster_tgtShard_1_45> [15:28:06.214] Plan execution failed on step MakeBackupDataAvailable as part of move RestoreRsMemberFromBackupPhase1 : <tgtCluster_tgtShard_1_45> [15:28:06.214] Failed to apply action. Result = <nil> : <tgtCluster_tgtShard_1_45> [15:28:06.214] Failed to download the snapshot : <tgtCluster_tgtShard_1_45> [15:28:06.214] Error while waiting for third party to copy backup to /fimongo1/data : <tgtCluster_tgtShard_1_45> [15:28:06.214] Observed error when trying to mark node as ready for copy files. : <tgtCluster_tgtShard_1_45> [15:28:06.213] Got return status 404 Not Found when trying to mark node ready for copy files.",
      "hostname": "rmdb2",
      "id": "rmdb2:37017",
      "port": 37017,
      "rsId": "tgtShard_1",
      "state": "RECOVERY_IN_PROGRESS",
      "stateUpdateTime": 1790968681
    },
    {
      "error": "<tgtCluster_tgtShard_0_44> [15:27:56.491] Plan execution failed on step MakeBackupDataAvailable as part of move RestoreRsMemberFromBackupPhase1 : <tgtCluster_tgtShard_0_44> [15:27:56.491] Failed to apply action. Result = <nil> : <tgtCluster_tgtShard_0_44> [15:27:56.491] Failed to download the snapshot : <tgtCluster_tgtShard_0_44> [15:27:56.491] Error while waiting for third party to copy backup to /fimongo1/data : <tgtCluster_tgtShard_0_44> [15:27:56.491] Observed error when trying to mark node as ready for copy files. : <tgtCluster_tgtShard_0_44> [15:27:56.491] Got return status 404 Not Found when trying to mark node ready for copy files.",
      "hostname": "rmdb8",
      "id": "rmdb8:37017",
      "port": 37017,
      "rsId": "tgtShard_0",
      "state": "RECOVERY_IN_PROGRESS",
      "stateUpdateTime": 1790968530
    },
    {
      "error": null,
      "hostname": "rmdb13",
      "id": "rmdb13:37017",
      "port": 37017,
      "rsId": "tgtShard_0",
      "state": "RECOVERY_IN_PROGRESS",
      "stateUpdateTime": 1790917247
    },
    {
      "error": "<tgtCluster_tgtShard_0_42> [15:28:04.205] Plan execution failed on step MakeBackupDataAvailable as part of move RestoreRsMemberFromBackupPhase1 : <tgtCluster_tgtShard_0_42> [15:28:04.205] Failed to apply action. Result = <nil> : <tgtCluster_tgtShard_0_42> [15:28:04.205] Failed to download the snapshot : <tgtCluster_tgtShard_0_42> [15:28:04.205] Error while waiting for third party to copy backup to /fimongo1/data : <tgtCluster_tgtShard_0_42> [15:28:04.205] Observed error when trying to mark node as ready for copy files. : <tgtCluster_tgtShard_0_42> [15:28:04.205] Got return status 404 Not Found when trying to mark node ready for copy files.",
      "hostname": "rmdb1",
      "id": "rmdb1:37017",
      "port": 37017,
      "rsId": "tgtShard_0",
      "state": "RECOVERY_IN_PROGRESS",
      "stateUpdateTime": 1790963978
    },
    {
      "error": "<tgtCluster_tgtShard_0_43> [15:27:47.530] Plan execution failed on step MakeBackupDataAvailable as part of move RestoreRsMemberFromBackupPhase1 : <tgtCluster_tgtShard_0_43> [15:27:47.530] Failed to apply action. Result = <nil> : <tgtCluster_tgtShard_0_43> [15:27:47.530] Failed to download the snapshot : <tgtCluster_tgtShard_0_43> [15:27:47.530] Error while waiting for third party to copy backup to /fimongo1/data : <tgtCluster_tgtShard_0_43> [15:27:47.530] Observed error when trying to mark node as ready for copy files. : <tgtCluster_tgtShard_0_43> [15:27:47.530] Got return status 404 Not Found when trying to mark node ready for copy files.",
      "hostname": "rmdb3",
      "id": "rmdb3:37017",
      "port": 37017,
      "rsId": "tgtShard_0",
      "state": "RECOVERY_IN_PROGRESS",
      "stateUpdateTime": 1790967977
    },
    {
      "error": null,
      "hostname": "rmdb11",
      "id": "rmdb11:37017",
      "port": 37017,
      "rsId": "tgtShard_0",
      "state": "RECOVERY_IN_PROGRESS",
      "stateUpdateTime": 1790917218
    },
    {
      "error": null,
      "hostname": "rmdb7",
      "id": "rmdb7:37017",
      "port": 37017,
      "rsId": "tgtconfigRS",
      "state": "RECOVERY_IN_PROGRESS",
      "stateUpdateTime": 1790917195
    },
    {
      "error": null,
      "hostname": "rmdb-config1",
      "id": "rmdb-config1:37017",
      "port": 37017,
      "rsId": "tgtconfigRS",
      "state": "RECOVERY_IN_PROGRESS",
      "stateUpdateTime": 1790917145
    },
    {
      "error": null,
      "hostname": "rmdb-config2",
      "id": "rmdb-config2:37017",
      "port": 37017,
      "rsId": "tgtconfigRS",
      "state": "RECOVERY_IN_PROGRESS",
      "stateUpdateTime": 1790917166
    }
  ],
  "state": "RECOVERY_IN_PROGRESS"
}
2026-10-02 14:28:40,433 [INFO] Restore state: RECOVERY_IN_PROGRESS
2026-10-02 14:28:50,434 [DEBUG] API GET http://129.40.36.100:8080/api/public/v1.0/backup/third_party/group/6a386221ee19a6537cc68a97/restore/6abf3847457a6b80701899fb
2026-10-02 14:28:50,573 [DEBUG] STATUS 200
2026-10-02 14:28:50,574 [DEBUG] {
  "clusterMapping": [
    {
      "rsId": "sgcShard_0",
      "targetRsId": "tgtShard_0"
    },
    {
      "rsId": "sgcShard_1",
      "targetRsId": "tgtShard_1"
    },
    {
      "rsId": "configRS",
      "targetRsId": "tgtconfigRS"
    }
  ],
  "nodes": [
    {
      "error": "<tgtCluster_tgtShard_1_64> [15:28:29.118] Plan execution failed on step MakeBackupDataAvailable as part of move RestoreRsMemberFromBackupPhase1 : <tgtCluster_tgtShard_1_64> [15:28:29.118] Failed to apply action. Result = <nil> : <tgtCluster_tgtShard_1_64> [15:28:29.118] Failed to download the snapshot : <tgtCluster_tgtShard_1_64> [15:28:29.118] Error while waiting for third party to copy backup to /fimongo1/data : <tgtCluster_tgtShard_1_64> [15:28:29.118] Observed error when trying to mark node as ready for copy files. : <tgtCluster_tgtShard_1_64> [15:28:29.118] Got return status 404 Not Found when trying to mark node ready for copy files.",
      "hostname": "rmdb12",
      "id": "rmdb12:37017",
      "port": 37017,
      "rsId": "tgtShard_1",
      "state": "RECOVERY_IN_PROGRESS",
      "stateUpdateTime": 1790969076
    },
    {
      "error": "<tgtCluster_tgtShard_1_66> [15:27:56.721] Plan execution failed on step MakeBackupDataAvailable as part of move RestoreRsMemberFromBackupPhase1 : <tgtCluster_tgtShard_1_66> [15:27:56.721] Failed to apply action. Result = <nil> : <tgtCluster_tgtShard_1_66> [15:27:56.721] Failed to download the snapshot : <tgtCluster_tgtShard_1_66> [15:27:56.721] Error while waiting for third party to copy backup to /fimongo1/data : <tgtCluster_tgtShard_1_66> [15:27:56.721] Observed error when trying to mark node as ready for copy files. : <tgtCluster_tgtShard_1_66> [15:27:56.721] Got return status 404 Not Found when trying to mark node ready for copy files.",
      "hostname": "rmdb14",
      "id": "rmdb14:37017",
      "port": 37017,
      "rsId": "tgtShard_1",
      "state": "RECOVERY_IN_PROGRESS",
      "stateUpdateTime": 1790968879
    },
    {
      "error": "<tgtCluster_tgtShard_1_47> [15:28:21.660] Plan execution failed on step MakeBackupDataAvailable as part of move RestoreRsMemberFromBackupPhase1 : <tgtCluster_tgtShard_1_47> [15:28:21.660] Failed to apply action. Result = <nil> : <tgtCluster_tgtShard_1_47> [15:28:21.659] Failed to download the snapshot : <tgtCluster_tgtShard_1_47> [15:28:21.659] Error while waiting for third party to copy backup to /fimongo1/data : <tgtCluster_tgtShard_1_47> [15:28:21.659] Observed error when trying to mark node as ready for copy files. : <tgtCluster_tgtShard_1_47> [15:28:21.659] Got return status 404 Not Found when trying to mark node ready for copy files.",
      "hostname": "rmdb9",
      "id": "rmdb9:37017",
      "port": 37017,
      "rsId": "tgtShard_1",
      "state": "RECOVERY_IN_PROGRESS",
      "stateUpdateTime": 1790968923
    },
    {
      "error": "<tgtCluster_tgtShard_1_46> [15:28:06.140] Plan execution failed on step MakeBackupDataAvailable as part of move RestoreRsMemberFromBackupPhase1 : <tgtCluster_tgtShard_1_46> [15:28:06.140] Failed to apply action. Result = <nil> : <tgtCluster_tgtShard_1_46> [15:28:06.140] Failed to download the snapshot : <tgtCluster_tgtShard_1_46> [15:28:06.140] Error while waiting for third party to copy backup to /fimongo1/data : <tgtCluster_tgtShard_1_46> [15:28:06.140] Observed error when trying to mark node as ready for copy files. : <tgtCluster_tgtShard_1_46> [15:28:06.140] Got return status 404 Not Found when trying to mark node ready for copy files.",
      "hostname": "rmdb4",
      "id": "rmdb4:37017",
      "port": 37017,
      "rsId": "tgtShard_1",
      "state": "RECOVERY_IN_PROGRESS",
      "stateUpdateTime": 1790968901
    },
    {
      "error": "<tgtCluster_tgtShard_1_45> [15:28:06.214] Plan execution failed on step MakeBackupDataAvailable as part of move RestoreRsMemberFromBackupPhase1 : <tgtCluster_tgtShard_1_45> [15:28:06.214] Failed to apply action. Result = <nil> : <tgtCluster_tgtShard_1_45> [15:28:06.214] Failed to download the snapshot : <tgtCluster_tgtShard_1_45> [15:28:06.214] Error while waiting for third party to copy backup to /fimongo1/data : <tgtCluster_tgtShard_1_45> [15:28:06.214] Observed error when trying to mark node as ready for copy files. : <tgtCluster_tgtShard_1_45> [15:28:06.213] Got return status 404 Not Found when trying to mark node ready for copy files.",
      "hostname": "rmdb2",
      "id": "rmdb2:37017",
      "port": 37017,
      "rsId": "tgtShard_1",
      "state": "RECOVERY_IN_PROGRESS",
      "stateUpdateTime": 1790968681
    },
    {
      "error": "<tgtCluster_tgtShard_0_44> [15:27:56.491] Plan execution failed on step MakeBackupDataAvailable as part of move RestoreRsMemberFromBackupPhase1 : <tgtCluster_tgtShard_0_44> [15:27:56.491] Failed to apply action. Result = <nil> : <tgtCluster_tgtShard_0_44> [15:27:56.491] Failed to download the snapshot : <tgtCluster_tgtShard_0_44> [15:27:56.491] Error while waiting for third party to copy backup to /fimongo1/data : <tgtCluster_tgtShard_0_44> [15:27:56.491] Observed error when trying to mark node as ready for copy files. : <tgtCluster_tgtShard_0_44> [15:27:56.491] Got return status 404 Not Found when trying to mark node ready for copy files.",
      "hostname": "rmdb8",
      "id": "rmdb8:37017",
      "port": 37017,
      "rsId": "tgtShard_0",
      "state": "RECOVERY_IN_PROGRESS",
      "stateUpdateTime": 1790968530
    },
    {
      "error": null,
      "hostname": "rmdb13",
      "id": "rmdb13:37017",
      "port": 37017,
      "rsId": "tgtShard_0",
      "state": "RECOVERY_IN_PROGRESS",
      "stateUpdateTime": 1790917247
    },
    {
      "error": "<tgtCluster_tgtShard_0_42> [15:28:04.205] Plan execution failed on step MakeBackupDataAvailable as part of move RestoreRsMemberFromBackupPhase1 : <tgtCluster_tgtShard_0_42> [15:28:04.205] Failed to apply action. Result = <nil> : <tgtCluster_tgtShard_0_42> [15:28:04.205] Failed to download the snapshot : <tgtCluster_tgtShard_0_42> [15:28:04.205] Error while waiting for third party to copy backup to /fimongo1/data : <tgtCluster_tgtShard_0_42> [15:28:04.205] Observed error when trying to mark node as ready for copy files. : <tgtCluster_tgtShard_0_42> [15:28:04.205] Got return status 404 Not Found when trying to mark node ready for copy files.",
      "hostname": "rmdb1",
      "id": "rmdb1:37017",
      "port": 37017,
      "rsId": "tgtShard_0",
      "state": "RECOVERY_IN_PROGRESS",
      "stateUpdateTime": 1790963978
    },
    {
      "error": "<tgtCluster_tgtShard_0_43> [15:28:48.468] Plan execution failed on step MakeBackupDataAvailable as part of move RestoreRsMemberFromBackupPhase1 : <tgtCluster_tgtShard_0_43> [15:28:48.468] Failed to apply action. Result = <nil> : <tgtCluster_tgtShard_0_43> [15:28:48.468] Failed to download the snapshot : <tgtCluster_tgtShard_0_43> [15:28:48.468] Error while waiting for third party to copy backup to /fimongo1/data : <tgtCluster_tgtShard_0_43> [15:28:48.467] Observed error when trying to mark node as ready for copy files. : <tgtCluster_tgtShard_0_43> [15:28:48.467] Got return status 404 Not Found when trying to mark node ready for copy files.",
      "hostname": "rmdb3",
      "id": "rmdb3:37017",
      "port": 37017,
      "rsId": "tgtShard_0",
      "state": "RECOVERY_IN_PROGRESS",
      "stateUpdateTime": 1790967977
    },
    {
      "error": null,
      "hostname": "rmdb11",
      "id": "rmdb11:37017",
      "port": 37017,
      "rsId": "tgtShard_0",
      "state": "RECOVERY_IN_PROGRESS",
      "stateUpdateTime": 1790917218
    },
    {
      "error": null,
      "hostname": "rmdb7",
      "id": "rmdb7:37017",
      "port": 37017,
      "rsId": "tgtconfigRS",
      "state": "RECOVERY_IN_PROGRESS",
      "stateUpdateTime": 1790917195
    },
    {
      "error": null,
      "hostname": "rmdb-config1",
      "id": "rmdb-config1:37017",
      "port": 37017,
      "rsId": "tgtconfigRS",
      "state": "RECOVERY_IN_PROGRESS",
      "stateUpdateTime": 1790917145
    },
    {
      "error": null,
      "hostname": "rmdb-config2",
      "id": "rmdb-config2:37017",
      "port": 37017,
      "rsId": "tgtconfigRS",
      "state": "RECOVERY_IN_PROGRESS",
      "stateUpdateTime": 1790917166
    }
  ],
  "state": "RECOVERY_IN_PROGRESS"
}
2026-10-02 14:28:50,574 [INFO] Restore state: RECOVERY_IN_PROGRESS
2026-10-02 14:29:00,574 [DEBUG] API GET http://129.40.36.100:8080/api/public/v1.0/backup/third_party/group/6a386221ee19a6537cc68a97/restore/6abf3847457a6b80701899fb
2026-10-02 14:29:00,715 [DEBUG] STATUS 200
2026-10-02 14:29:00,716 [DEBUG] {
  "clusterMapping": [
    {
      "rsId": "sgcShard_0",
      "targetRsId": "tgtShard_0"
    },
    {
      "rsId": "sgcShard_1",
      "targetRsId": "tgtShard_1"
    },
    {
      "rsId": "configRS",
      "targetRsId": "tgtconfigRS"
    }
  ],
  "nodes": [
    {
      "error": "<tgtCluster_tgtShard_1_64> [15:28:29.118] Plan execution failed on step MakeBackupDataAvailable as part of move RestoreRsMemberFromBackupPhase1 : <tgtCluster_tgtShard_1_64> [15:28:29.118] Failed to apply action. Result = <nil> : <tgtCluster_tgtShard_1_64> [15:28:29.118] Failed to download the snapshot : <tgtCluster_tgtShard_1_64> [15:28:29.118] Error while waiting for third party to copy backup to /fimongo1/data : <tgtCluster_tgtShard_1_64> [15:28:29.118] Observed error when trying to mark node as ready for copy files. : <tgtCluster_tgtShard_1_64> [15:28:29.118] Got return status 404 Not Found when trying to mark node ready for copy files.",
      "hostname": "rmdb12",
      "id": "rmdb12:37017",
      "port": 37017,
      "rsId": "tgtShard_1",
      "state": "RECOVERY_IN_PROGRESS",
      "stateUpdateTime": 1790969076
    },
    {
      "error": "<tgtCluster_tgtShard_1_66> [15:27:56.721] Plan execution failed on step MakeBackupDataAvailable as part of move RestoreRsMemberFromBackupPhase1 : <tgtCluster_tgtShard_1_66> [15:27:56.721] Failed to apply action. Result = <nil> : <tgtCluster_tgtShard_1_66> [15:27:56.721] Failed to download the snapshot : <tgtCluster_tgtShard_1_66> [15:27:56.721] Error while waiting for third party to copy backup to /fimongo1/data : <tgtCluster_tgtShard_1_66> [15:27:56.721] Observed error when trying to mark node as ready for copy files. : <tgtCluster_tgtShard_1_66> [15:27:56.721] Got return status 404 Not Found when trying to mark node ready for copy files.",
      "hostname": "rmdb14",
      "id": "rmdb14:37017",
      "port": 37017,
      "rsId": "tgtShard_1",
      "state": "RECOVERY_IN_PROGRESS",
      "stateUpdateTime": 1790968879
    },
    {
      "error": "<tgtCluster_tgtShard_1_47> [15:28:21.660] Plan execution failed on step MakeBackupDataAvailable as part of move RestoreRsMemberFromBackupPhase1 : <tgtCluster_tgtShard_1_47> [15:28:21.660] Failed to apply action. Result = <nil> : <tgtCluster_tgtShard_1_47> [15:28:21.659] Failed to download the snapshot : <tgtCluster_tgtShard_1_47> [15:28:21.659] Error while waiting for third party to copy backup to /fimongo1/data : <tgtCluster_tgtShard_1_47> [15:28:21.659] Observed error when trying to mark node as ready for copy files. : <tgtCluster_tgtShard_1_47> [15:28:21.659] Got return status 404 Not Found when trying to mark node ready for copy files.",
      "hostname": "rmdb9",
      "id": "rmdb9:37017",
      "port": 37017,
      "rsId": "tgtShard_1",
      "state": "RECOVERY_IN_PROGRESS",
      "stateUpdateTime": 1790968923
    },
    {
      "error": "<tgtCluster_tgtShard_1_46> [15:28:06.140] Plan execution failed on step MakeBackupDataAvailable as part of move RestoreRsMemberFromBackupPhase1 : <tgtCluster_tgtShard_1_46> [15:28:06.140] Failed to apply action. Result = <nil> : <tgtCluster_tgtShard_1_46> [15:28:06.140] Failed to download the snapshot : <tgtCluster_tgtShard_1_46> [15:28:06.140] Error while waiting for third party to copy backup to /fimongo1/data : <tgtCluster_tgtShard_1_46> [15:28:06.140] Observed error when trying to mark node as ready for copy files. : <tgtCluster_tgtShard_1_46> [15:28:06.140] Got return status 404 Not Found when trying to mark node ready for copy files.",
      "hostname": "rmdb4",
      "id": "rmdb4:37017",
      "port": 37017,
      "rsId": "tgtShard_1",
      "state": "RECOVERY_IN_PROGRESS",
      "stateUpdateTime": 1790968901
    },
    {
      "error": "<tgtCluster_tgtShard_1_45> [15:28:06.214] Plan execution failed on step MakeBackupDataAvailable as part of move RestoreRsMemberFromBackupPhase1 : <tgtCluster_tgtShard_1_45> [15:28:06.214] Failed to apply action. Result = <nil> : <tgtCluster_tgtShard_1_45> [15:28:06.214] Failed to download the snapshot : <tgtCluster_tgtShard_1_45> [15:28:06.214] Error while waiting for third party to copy backup to /fimongo1/data : <tgtCluster_tgtShard_1_45> [15:28:06.214] Observed error when trying to mark node as ready for copy files. : <tgtCluster_tgtShard_1_45> [15:28:06.213] Got return status 404 Not Found when trying to mark node ready for copy files.",
      "hostname": "rmdb2",
      "id": "rmdb2:37017",
      "port": 37017,
      "rsId": "tgtShard_1",
      "state": "RECOVERY_IN_PROGRESS",
      "stateUpdateTime": 1790968681
    },
    {
      "error": "<tgtCluster_tgtShard_0_44> [15:27:56.491] Plan execution failed on step MakeBackupDataAvailable as part of move RestoreRsMemberFromBackupPhase1 : <tgtCluster_tgtShard_0_44> [15:27:56.491] Failed to apply action. Result = <nil> : <tgtCluster_tgtShard_0_44> [15:27:56.491] Failed to download the snapshot : <tgtCluster_tgtShard_0_44> [15:27:56.491] Error while waiting for third party to copy backup to /fimongo1/data : <tgtCluster_tgtShard_0_44> [15:27:56.491] Observed error when trying to mark node as ready for copy files. : <tgtCluster_tgtShard_0_44> [15:27:56.491] Got return status 404 Not Found when trying to mark node ready for copy files.",
      "hostname": "rmdb8",
      "id": "rmdb8:37017",
      "port": 37017,
      "rsId": "tgtShard_0",
      "state": "RECOVERY_IN_PROGRESS",
      "stateUpdateTime": 1790968530
    },
    {
      "error": null,
      "hostname": "rmdb13",
      "id": "rmdb13:37017",
      "port": 37017,
      "rsId": "tgtShard_0",
      "state": "RECOVERY_IN_PROGRESS",
      "stateUpdateTime": 1790917247
    },
    {
      "error": "<tgtCluster_tgtShard_0_42> [15:28:04.205] Plan execution failed on step MakeBackupDataAvailable as part of move RestoreRsMemberFromBackupPhase1 : <tgtCluster_tgtShard_0_42> [15:28:04.205] Failed to apply action. Result = <nil> : <tgtCluster_tgtShard_0_42> [15:28:04.205] Failed to download the snapshot : <tgtCluster_tgtShard_0_42> [15:28:04.205] Error while waiting for third party to copy backup to /fimongo1/data : <tgtCluster_tgtShard_0_42> [15:28:04.205] Observed error when trying to mark node as ready for copy files. : <tgtCluster_tgtShard_0_42> [15:28:04.205] Got return status 404 Not Found when trying to mark node ready for copy files.",
      "hostname": "rmdb1",
      "id": "rmdb1:37017",
      "port": 37017,
      "rsId": "tgtShard_0",
      "state": "RECOVERY_IN_PROGRESS",
      "stateUpdateTime": 1790963978
    },
    {
      "error": "<tgtCluster_tgtShard_0_43> [15:28:48.468] Plan execution failed on step MakeBackupDataAvailable as part of move RestoreRsMemberFromBackupPhase1 : <tgtCluster_tgtShard_0_43> [15:28:48.468] Failed to apply action. Result = <nil> : <tgtCluster_tgtShard_0_43> [15:28:48.468] Failed to download the snapshot : <tgtCluster_tgtShard_0_43> [15:28:48.468] Error while waiting for third party to copy backup to /fimongo1/data : <tgtCluster_tgtShard_0_43> [15:28:48.467] Observed error when trying to mark node as ready for copy files. : <tgtCluster_tgtShard_0_43> [15:28:48.467] Got return status 404 Not Found when trying to mark node ready for copy files.",
      "hostname": "rmdb3",
      "id": "rmdb3:37017",
      "port": 37017,
      "rsId": "tgtShard_0",
      "state": "RECOVERY_IN_PROGRESS",
      "stateUpdateTime": 1790967977
    },
    {
      "error": null,
      "hostname": "rmdb11",
      "id": "rmdb11:37017",
      "port": 37017,
      "rsId": "tgtShard_0",
      "state": "RECOVERY_IN_PROGRESS",
      "stateUpdateTime": 1790917218
    },
    {
      "error": null,
      "hostname": "rmdb7",
      "id": "rmdb7:37017",
      "port": 37017,
      "rsId": "tgtconfigRS",
      "state": "RECOVERY_IN_PROGRESS",
      "stateUpdateTime": 1790917195
    },
    {
      "error": null,
      "hostname": "rmdb-config1",
      "id": "rmdb-config1:37017",
      "port": 37017,
      "rsId": "tgtconfigRS",
      "state": "RECOVERY_IN_PROGRESS",
      "stateUpdateTime": 1790917145
    },
    {
      "error": null,
      "hostname": "rmdb-config2",
      "id": "rmdb-config2:37017",
      "port": 37017,
      "rsId": "tgtconfigRS",
      "state": "RECOVERY_IN_PROGRESS",
      "stateUpdateTime": 1790917166
    }
  ],
  "state": "RECOVERY_IN_PROGRESS"
}
2026-10-02 14:29:00,716 [INFO] Restore state: RECOVERY_IN_PROGRESS
2026-10-02 14:29:10,716 [DEBUG] API GET http://129.40.36.100:8080/api/public/v1.0/backup/third_party/group/6a386221ee19a6537cc68a97/restore/6abf3847457a6b80701899fb
2026-10-02 14:29:10,855 [DEBUG] STATUS 200
2026-10-02 14:29:10,855 [DEBUG] {
  "clusterMapping": [
    {
      "rsId": "sgcShard_0",
      "targetRsId": "tgtShard_0"
    },
    {
      "rsId": "sgcShard_1",
      "targetRsId": "tgtShard_1"
    },
    {
      "rsId": "configRS",
      "targetRsId": "tgtconfigRS"
    }
  ],
  "nodes": [
    {
      "error": "<tgtCluster_tgtShard_1_64> [15:28:29.118] Plan execution failed on step MakeBackupDataAvailable as part of move RestoreRsMemberFromBackupPhase1 : <tgtCluster_tgtShard_1_64> [15:28:29.118] Failed to apply action. Result = <nil> : <tgtCluster_tgtShard_1_64> [15:28:29.118] Failed to download the snapshot : <tgtCluster_tgtShard_1_64> [15:28:29.118] Error while waiting for third party to copy backup to /fimongo1/data : <tgtCluster_tgtShard_1_64> [15:28:29.118] Observed error when trying to mark node as ready for copy files. : <tgtCluster_tgtShard_1_64> [15:28:29.118] Got return status 404 Not Found when trying to mark node ready for copy files.",
      "hostname": "rmdb12",
      "id": "rmdb12:37017",
      "port": 37017,
      "rsId": "tgtShard_1",
      "state": "FAILING",
      "stateUpdateTime": 1790969349
    },
    {
      "error": "<tgtCluster_tgtShard_1_66> [15:28:58.159] Plan execution failed on step MakeBackupDataAvailable as part of move RestoreRsMemberFromBackupPhase1 : <tgtCluster_tgtShard_1_66> [15:28:58.159] Failed to apply action. Result = <nil> : <tgtCluster_tgtShard_1_66> [15:28:58.159] Failed to download the snapshot : <tgtCluster_tgtShard_1_66> [15:28:58.159] Error while waiting for third party to copy backup to /fimongo1/data : <tgtCluster_tgtShard_1_66> [15:28:58.159] Observed error when trying to mark node as ready for copy files. : <tgtCluster_tgtShard_1_66> [15:28:58.159] Got return status 404 Not Found when trying to mark node ready for copy files.",
      "hostname": "rmdb14",
      "id": "rmdb14:37017",
      "port": 37017,
      "rsId": "tgtShard_1",
      "state": "FAILING",
      "stateUpdateTime": 1790969349
    },
    {
      "error": "<tgtCluster_tgtShard_1_47> [15:28:21.660] Plan execution failed on step MakeBackupDataAvailable as part of move RestoreRsMemberFromBackupPhase1 : <tgtCluster_tgtShard_1_47> [15:28:21.660] Failed to apply action. Result = <nil> : <tgtCluster_tgtShard_1_47> [15:28:21.659] Failed to download the snapshot : <tgtCluster_tgtShard_1_47> [15:28:21.659] Error while waiting for third party to copy backup to /fimongo1/data : <tgtCluster_tgtShard_1_47> [15:28:21.659] Observed error when trying to mark node as ready for copy files. : <tgtCluster_tgtShard_1_47> [15:28:21.659] Got return status 404 Not Found when trying to mark node ready for copy files.",
      "hostname": "rmdb9",
      "id": "rmdb9:37017",
      "port": 37017,
      "rsId": "tgtShard_1",
      "state": "FAILING",
      "stateUpdateTime": 1790969349
    },
    {
      "error": "<tgtCluster_tgtShard_1_46> [15:28:06.140] Plan execution failed on step MakeBackupDataAvailable as part of move RestoreRsMemberFromBackupPhase1 : <tgtCluster_tgtShard_1_46> [15:28:06.140] Failed to apply action. Result = <nil> : <tgtCluster_tgtShard_1_46> [15:28:06.140] Failed to download the snapshot : <tgtCluster_tgtShard_1_46> [15:28:06.140] Error while waiting for third party to copy backup to /fimongo1/data : <tgtCluster_tgtShard_1_46> [15:28:06.140] Observed error when trying to mark node as ready for copy files. : <tgtCluster_tgtShard_1_46> [15:28:06.140] Got return status 404 Not Found when trying to mark node ready for copy files.",
      "hostname": "rmdb4",
      "id": "rmdb4:37017",
      "port": 37017,
      "rsId": "tgtShard_1",
      "state": "FAILING",
      "stateUpdateTime": 1790969349
    },
    {
      "error": "<tgtCluster_tgtShard_1_45> [15:29:07.651] Plan execution failed on step MakeBackupDataAvailable as part of move RestoreRsMemberFromBackupPhase1 : <tgtCluster_tgtShard_1_45> [15:29:07.651] Failed to apply action. Result = <nil> : <tgtCluster_tgtShard_1_45> [15:29:07.650] Failed to download the snapshot : <tgtCluster_tgtShard_1_45> [15:29:07.650] Error while waiting for third party to copy backup to /fimongo1/data : <tgtCluster_tgtShard_1_45> [15:29:07.650] Observed error when trying to mark node as ready for copy files. : <tgtCluster_tgtShard_1_45> [15:29:07.650] Got return status 404 Not Found when trying to mark node ready for copy files.",
      "hostname": "rmdb2",
      "id": "rmdb2:37017",
      "port": 37017,
      "rsId": "tgtShard_1",
      "state": "FAILING",
      "stateUpdateTime": 1790969349
    },
    {
      "error": "<tgtCluster_tgtShard_0_44> [15:28:57.223] Plan execution failed on step MakeBackupDataAvailable as part of move RestoreRsMemberFromBackupPhase1 : <tgtCluster_tgtShard_0_44> [15:28:57.223] Failed to apply action. Result = <nil> : <tgtCluster_tgtShard_0_44> [15:28:57.223] Failed to download the snapshot : <tgtCluster_tgtShard_0_44> [15:28:57.223] Error while waiting for third party to copy backup to /fimongo1/data : <tgtCluster_tgtShard_0_44> [15:28:57.223] Observed error when trying to mark node as ready for copy files. : <tgtCluster_tgtShard_0_44> [15:28:57.223] Got return status 404 Not Found when trying to mark node ready for copy files.",
      "hostname": "rmdb8",
      "id": "rmdb8:37017",
      "port": 37017,
      "rsId": "tgtShard_0",
      "state": "FAILING",
      "stateUpdateTime": 1790969349
    },
    {
      "error": null,
      "hostname": "rmdb13",
      "id": "rmdb13:37017",
      "port": 37017,
      "rsId": "tgtShard_0",
      "state": "FAILING",
      "stateUpdateTime": 1790969349
    },
    {
      "error": "<tgtCluster_tgtShard_0_42> [15:28:04.205] Plan execution failed on step MakeBackupDataAvailable as part of move RestoreRsMemberFromBackupPhase1 : <tgtCluster_tgtShard_0_42> [15:28:04.205] Failed to apply action. Result = <nil> : <tgtCluster_tgtShard_0_42> [15:28:04.205] Failed to download the snapshot : <tgtCluster_tgtShard_0_42> [15:28:04.205] Error while waiting for third party to copy backup to /fimongo1/data : <tgtCluster_tgtShard_0_42> [15:28:04.205] Observed error when trying to mark node as ready for copy files. : <tgtCluster_tgtShard_0_42> [15:28:04.205] Got return status 404 Not Found when trying to mark node ready for copy files.",
      "hostname": "rmdb1",
      "id": "rmdb1:37017",
      "port": 37017,
      "rsId": "tgtShard_0",
      "state": "FAILING",
      "stateUpdateTime": 1790969349
    },
    {
      "error": "<tgtCluster_tgtShard_0_43> [15:28:48.468] Plan execution failed on step MakeBackupDataAvailable as part of move RestoreRsMemberFromBackupPhase1 : <tgtCluster_tgtShard_0_43> [15:28:48.468] Failed to apply action. Result = <nil> : <tgtCluster_tgtShard_0_43> [15:28:48.468] Failed to download the snapshot : <tgtCluster_tgtShard_0_43> [15:28:48.468] Error while waiting for third party to copy backup to /fimongo1/data : <tgtCluster_tgtShard_0_43> [15:28:48.467] Observed error when trying to mark node as ready for copy files. : <tgtCluster_tgtShard_0_43> [15:28:48.467] Got return status 404 Not Found when trying to mark node ready for copy files.",
      "hostname": "rmdb3",
      "id": "rmdb3:37017",
      "port": 37017,
      "rsId": "tgtShard_0",
      "state": "FAILING",
      "stateUpdateTime": 1790969349
    },
    {
      "error": null,
      "hostname": "rmdb11",
      "id": "rmdb11:37017",
      "port": 37017,
      "rsId": "tgtShard_0",
      "state": "FAILING",
      "stateUpdateTime": 1790969349
    },
    {
      "error": null,
      "hostname": "rmdb7",
      "id": "rmdb7:37017",
      "port": 37017,
      "rsId": "tgtconfigRS",
      "state": "FAILING",
      "stateUpdateTime": 1790969349
    },
    {
      "error": null,
      "hostname": "rmdb-config1",
      "id": "rmdb-config1:37017",
      "port": 37017,
      "rsId": "tgtconfigRS",
      "state": "FAILING",
      "stateUpdateTime": 1790969349
    },
    {
      "error": null,
      "hostname": "rmdb-config2",
      "id": "rmdb-config2:37017",
      "port": 37017,
      "rsId": "tgtconfigRS",
      "state": "FAILING",
      "stateUpdateTime": 1790969349
    }
  ],
  "state": "FAILING"
}
2026-10-02 14:29:10,855 [INFO] Restore state: FAILING
2026-10-02 14:29:20,856 [DEBUG] API GET http://129.40.36.100:8080/api/public/v1.0/backup/third_party/group/6a386221ee19a6537cc68a97/restore/6abf3847457a6b80701899fb
2026-10-02 14:29:20,997 [DEBUG] STATUS 200
2026-10-02 14:29:20,998 [DEBUG] {
  "clusterMapping": [
    {
      "rsId": "sgcShard_0",
      "targetRsId": "tgtShard_0"
    },
    {
      "rsId": "sgcShard_1",
      "targetRsId": "tgtShard_1"
    },
    {
      "rsId": "configRS",
      "targetRsId": "tgtconfigRS"
    }
  ],
  "nodes": [
    {
      "error": "<tgtCluster_tgtShard_1_64> [15:28:29.118] Plan execution failed on step MakeBackupDataAvailable as part of move RestoreRsMemberFromBackupPhase1 : <tgtCluster_tgtShard_1_64> [15:28:29.118] Failed to apply action. Result = <nil> : <tgtCluster_tgtShard_1_64> [15:28:29.118] Failed to download the snapshot : <tgtCluster_tgtShard_1_64> [15:28:29.118] Error while waiting for third party to copy backup to /fimongo1/data : <tgtCluster_tgtShard_1_64> [15:28:29.118] Observed error when trying to mark node as ready for copy files. : <tgtCluster_tgtShard_1_64> [15:28:29.118] Got return status 404 Not Found when trying to mark node ready for copy files.",
      "hostname": "rmdb12",
      "id": "rmdb12:37017",
      "port": 37017,
      "rsId": "tgtShard_1",
      "state": "FAILING",
      "stateUpdateTime": 1790969349
    },
    {
      "error": "<tgtCluster_tgtShard_1_66> [15:28:58.159] Plan execution failed on step MakeBackupDataAvailable as part of move RestoreRsMemberFromBackupPhase1 : <tgtCluster_tgtShard_1_66> [15:28:58.159] Failed to apply action. Result = <nil> : <tgtCluster_tgtShard_1_66> [15:28:58.159] Failed to download the snapshot : <tgtCluster_tgtShard_1_66> [15:28:58.159] Error while waiting for third party to copy backup to /fimongo1/data : <tgtCluster_tgtShard_1_66> [15:28:58.159] Observed error when trying to mark node as ready for copy files. : <tgtCluster_tgtShard_1_66> [15:28:58.159] Got return status 404 Not Found when trying to mark node ready for copy files.",
      "hostname": "rmdb14",
      "id": "rmdb14:37017",
      "port": 37017,
      "rsId": "tgtShard_1",
      "state": "FAILING",
      "stateUpdateTime": 1790969349
    },
    {
      "error": "<tgtCluster_tgtShard_1_47> [15:28:21.660] Plan execution failed on step MakeBackupDataAvailable as part of move RestoreRsMemberFromBackupPhase1 : <tgtCluster_tgtShard_1_47> [15:28:21.660] Failed to apply action. Result = <nil> : <tgtCluster_tgtShard_1_47> [15:28:21.659] Failed to download the snapshot : <tgtCluster_tgtShard_1_47> [15:28:21.659] Error while waiting for third party to copy backup to /fimongo1/data : <tgtCluster_tgtShard_1_47> [15:28:21.659] Observed error when trying to mark node as ready for copy files. : <tgtCluster_tgtShard_1_47> [15:28:21.659] Got return status 404 Not Found when trying to mark node ready for copy files.",
      "hostname": "rmdb9",
      "id": "rmdb9:37017",
      "port": 37017,
      "rsId": "tgtShard_1",
      "state": "FAILING",
      "stateUpdateTime": 1790969349
    },
    {
      "error": "<tgtCluster_tgtShard_1_46> [15:29:07.859] Plan execution failed on step MakeBackupDataAvailable as part of move RestoreRsMemberFromBackupPhase1 : <tgtCluster_tgtShard_1_46> [15:29:07.859] Failed to apply action. Result = <nil> : <tgtCluster_tgtShard_1_46> [15:29:07.858] Failed to download the snapshot : <tgtCluster_tgtShard_1_46> [15:29:07.858] Error while waiting for third party to copy backup to /fimongo1/data : <tgtCluster_tgtShard_1_46> [15:29:07.858] Observed error when trying to mark node as ready for copy files. : <tgtCluster_tgtShard_1_46> [15:29:07.858] Got return status 404 Not Found when trying to mark node ready for copy files.",
      "hostname": "rmdb4",
      "id": "rmdb4:37017",
      "port": 37017,
      "rsId": "tgtShard_1",
      "state": "FAILING",
      "stateUpdateTime": 1790969349
    },
    {
      "error": "<tgtCluster_tgtShard_1_45> [15:29:07.651] Plan execution failed on step MakeBackupDataAvailable as part of move RestoreRsMemberFromBackupPhase1 : <tgtCluster_tgtShard_1_45> [15:29:07.651] Failed to apply action. Result = <nil> : <tgtCluster_tgtShard_1_45> [15:29:07.650] Failed to download the snapshot : <tgtCluster_tgtShard_1_45> [15:29:07.650] Error while waiting for third party to copy backup to /fimongo1/data : <tgtCluster_tgtShard_1_45> [15:29:07.650] Observed error when trying to mark node as ready for copy files. : <tgtCluster_tgtShard_1_45> [15:29:07.650] Got return status 404 Not Found when trying to mark node ready for copy files.",
      "hostname": "rmdb2",
      "id": "rmdb2:37017",
      "port": 37017,
      "rsId": "tgtShard_1",
      "state": "FAILING",
      "stateUpdateTime": 1790969349
    },
    {
      "error": "<tgtCluster_tgtShard_0_44> [15:28:57.223] Plan execution failed on step MakeBackupDataAvailable as part of move RestoreRsMemberFromBackupPhase1 : <tgtCluster_tgtShard_0_44> [15:28:57.223] Failed to apply action. Result = <nil> : <tgtCluster_tgtShard_0_44> [15:28:57.223] Failed to download the snapshot : <tgtCluster_tgtShard_0_44> [15:28:57.223] Error while waiting for third party to copy backup to /fimongo1/data : <tgtCluster_tgtShard_0_44> [15:28:57.223] Observed error when trying to mark node as ready for copy files. : <tgtCluster_tgtShard_0_44> [15:28:57.223] Got return status 404 Not Found when trying to mark node ready for copy files.",
      "hostname": "rmdb8",
      "id": "rmdb8:37017",
      "port": 37017,
      "rsId": "tgtShard_0",
      "state": "FAILING",
      "stateUpdateTime": 1790969349
    },
    {
      "error": null,
      "hostname": "rmdb13",
      "id": "rmdb13:37017",
      "port": 37017,
      "rsId": "tgtShard_0",
      "state": "FAILING",
      "stateUpdateTime": 1790969349
    },
    {
      "error": "<tgtCluster_tgtShard_0_42> [15:29:05.042] Plan execution failed on step MakeBackupDataAvailable as part of move RestoreRsMemberFromBackupPhase1 : <tgtCluster_tgtShard_0_42> [15:29:05.042] Failed to apply action. Result = <nil> : <tgtCluster_tgtShard_0_42> [15:29:05.042] Failed to download the snapshot : <tgtCluster_tgtShard_0_42> [15:29:05.042] Error while waiting for third party to copy backup to /fimongo1/data : <tgtCluster_tgtShard_0_42> [15:29:05.042] Observed error when trying to mark node as ready for copy files. : <tgtCluster_tgtShard_0_42> [15:29:05.042] Got return status 404 Not Found when trying to mark node ready for copy files.",
      "hostname": "rmdb1",
      "id": "rmdb1:37017",
      "port": 37017,
      "rsId": "tgtShard_0",
      "state": "FAILING",
      "stateUpdateTime": 1790969349
    },
    {
      "error": "<tgtCluster_tgtShard_0_43> [15:28:48.468] Plan execution failed on step MakeBackupDataAvailable as part of move RestoreRsMemberFromBackupPhase1 : <tgtCluster_tgtShard_0_43> [15:28:48.468] Failed to apply action. Result = <nil> : <tgtCluster_tgtShard_0_43> [15:28:48.468] Failed to download the snapshot : <tgtCluster_tgtShard_0_43> [15:28:48.468] Error while waiting for third party to copy backup to /fimongo1/data : <tgtCluster_tgtShard_0_43> [15:28:48.467] Observed error when trying to mark node as ready for copy files. : <tgtCluster_tgtShard_0_43> [15:28:48.467] Got return status 404 Not Found when trying to mark node ready for copy files.",
      "hostname": "rmdb3",
      "id": "rmdb3:37017",
      "port": 37017,
      "rsId": "tgtShard_0",
      "state": "FAILING",
      "stateUpdateTime": 1790969349
    },
    {
      "error": null,
      "hostname": "rmdb11",
      "id": "rmdb11:37017",
      "port": 37017,
      "rsId": "tgtShard_0",
      "state": "FAILING",
      "stateUpdateTime": 1790969349
    },
    {
      "error": null,
      "hostname": "rmdb7",
      "id": "rmdb7:37017",
      "port": 37017,
      "rsId": "tgtconfigRS",
      "state": "FAILING",
      "stateUpdateTime": 1790969349
    },
    {
      "error": null,
      "hostname": "rmdb-config1",
      "id": "rmdb-config1:37017",
      "port": 37017,
      "rsId": "tgtconfigRS",
      "state": "FAILING",
      "stateUpdateTime": 1790969349
    },
    {
      "error": null,
      "hostname": "rmdb-config2",
      "id": "rmdb-config2:37017",
      "port": 37017,
      "rsId": "tgtconfigRS",
      "state": "FAILING",
      "stateUpdateTime": 1790969349
    }
  ],
  "state": "FAILING"
}
2026-10-02 14:29:20,998 [INFO] Restore state: FAILING
2026-10-02 14:29:30,999 [DEBUG] API GET http://129.40.36.100:8080/api/public/v1.0/backup/third_party/group/6a386221ee19a6537cc68a97/restore/6abf3847457a6b80701899fb
2026-10-02 14:29:31,148 [DEBUG] STATUS 200
2026-10-02 14:29:31,148 [DEBUG] {
  "clusterMapping": [
    {
      "rsId": "sgcShard_0",
      "targetRsId": "tgtShard_0"
    },
    {
      "rsId": "sgcShard_1",
      "targetRsId": "tgtShard_1"
    },
    {
      "rsId": "configRS",
      "targetRsId": "tgtconfigRS"
    }
  ],
  "nodes": [
    {
      "error": "<tgtCluster_tgtShard_1_64> [15:28:29.118] Plan execution failed on step MakeBackupDataAvailable as part of move RestoreRsMemberFromBackupPhase1 : <tgtCluster_tgtShard_1_64> [15:28:29.118] Failed to apply action. Result = <nil> : <tgtCluster_tgtShard_1_64> [15:28:29.118] Failed to download the snapshot : <tgtCluster_tgtShard_1_64> [15:28:29.118] Error while waiting for third party to copy backup to /fimongo1/data : <tgtCluster_tgtShard_1_64> [15:28:29.118] Observed error when trying to mark node as ready for copy files. : <tgtCluster_tgtShard_1_64> [15:28:29.118] Got return status 404 Not Found when trying to mark node ready for copy files.",
      "hostname": "rmdb12",
      "id": "rmdb12:37017",
      "port": 37017,
      "rsId": "tgtShard_1",
      "state": "FAILING",
      "stateUpdateTime": 1790969349
    },
    {
      "error": null,
      "hostname": "rmdb14",
      "id": "rmdb14:37017",
      "port": 37017,
      "rsId": "tgtShard_1",
      "state": "FAILING",
      "stateUpdateTime": 1790969349
    },
    {
      "error": "<tgtCluster_tgtShard_1_47> [15:28:21.660] Plan execution failed on step MakeBackupDataAvailable as part of move RestoreRsMemberFromBackupPhase1 : <tgtCluster_tgtShard_1_47> [15:28:21.660] Failed to apply action. Result = <nil> : <tgtCluster_tgtShard_1_47> [15:28:21.659] Failed to download the snapshot : <tgtCluster_tgtShard_1_47> [15:28:21.659] Error while waiting for third party to copy backup to /fimongo1/data : <tgtCluster_tgtShard_1_47> [15:28:21.659] Observed error when trying to mark node as ready for copy files. : <tgtCluster_tgtShard_1_47> [15:28:21.659] Got return status 404 Not Found when trying to mark node ready for copy files.",
      "hostname": "rmdb9",
      "id": "rmdb9:37017",
      "port": 37017,
      "rsId": "tgtShard_1",
      "state": "FAILING",
      "stateUpdateTime": 1790969349
    },
    {
      "error": null,
      "hostname": "rmdb4",
      "id": "rmdb4:37017",
      "port": 37017,
      "rsId": "tgtShard_1",
      "state": "FAILING",
      "stateUpdateTime": 1790969349
    },
    {
      "error": "<tgtCluster_tgtShard_1_45> [15:29:07.651] Plan execution failed on step MakeBackupDataAvailable as part of move RestoreRsMemberFromBackupPhase1 : <tgtCluster_tgtShard_1_45> [15:29:07.651] Failed to apply action. Result = <nil> : <tgtCluster_tgtShard_1_45> [15:29:07.650] Failed to download the snapshot : <tgtCluster_tgtShard_1_45> [15:29:07.650] Error while waiting for third party to copy backup to /fimongo1/data : <tgtCluster_tgtShard_1_45> [15:29:07.650] Observed error when trying to mark node as ready for copy files. : <tgtCluster_tgtShard_1_45> [15:29:07.650] Got return status 404 Not Found when trying to mark node ready for copy files.",
      "hostname": "rmdb2",
      "id": "rmdb2:37017",
      "port": 37017,
      "rsId": "tgtShard_1",
      "state": "FAILING",
      "stateUpdateTime": 1790969349
    },
    {
      "error": null,
      "hostname": "rmdb8",
      "id": "rmdb8:37017",
      "port": 37017,
      "rsId": "tgtShard_0",
      "state": "FAILING",
      "stateUpdateTime": 1790969349
    },
    {
      "error": null,
      "hostname": "rmdb13",
      "id": "rmdb13:37017",
      "port": 37017,
      "rsId": "tgtShard_0",
      "state": "FAILING",
      "stateUpdateTime": 1790969349
    },
    {
      "error": "<tgtCluster_tgtShard_0_42> [15:29:05.042] Plan execution failed on step MakeBackupDataAvailable as part of move RestoreRsMemberFromBackupPhase1 : <tgtCluster_tgtShard_0_42> [15:29:05.042] Failed to apply action. Result = <nil> : <tgtCluster_tgtShard_0_42> [15:29:05.042] Failed to download the snapshot : <tgtCluster_tgtShard_0_42> [15:29:05.042] Error while waiting for third party to copy backup to /fimongo1/data : <tgtCluster_tgtShard_0_42> [15:29:05.042] Observed error when trying to mark node as ready for copy files. : <tgtCluster_tgtShard_0_42> [15:29:05.042] Got return status 404 Not Found when trying to mark node ready for copy files.",
      "hostname": "rmdb1",
      "id": "rmdb1:37017",
      "port": 37017,
      "rsId": "tgtShard_0",
      "state": "FAILING",
      "stateUpdateTime": 1790969349
    },
    {
      "error": "<tgtCluster_tgtShard_0_43> [15:28:48.468] Plan execution failed on step MakeBackupDataAvailable as part of move RestoreRsMemberFromBackupPhase1 : <tgtCluster_tgtShard_0_43> [15:28:48.468] Failed to apply action. Result = <nil> : <tgtCluster_tgtShard_0_43> [15:28:48.468] Failed to download the snapshot : <tgtCluster_tgtShard_0_43> [15:28:48.468] Error while waiting for third party to copy backup to /fimongo1/data : <tgtCluster_tgtShard_0_43> [15:28:48.467] Observed error when trying to mark node as ready for copy files. : <tgtCluster_tgtShard_0_43> [15:28:48.467] Got return status 404 Not Found when trying to mark node ready for copy files.",
      "hostname": "rmdb3",
      "id": "rmdb3:37017",
      "port": 37017,
      "rsId": "tgtShard_0",
      "state": "FAILING",
      "stateUpdateTime": 1790969349
    },
    {
      "error": null,
      "hostname": "rmdb11",
      "id": "rmdb11:37017",
      "port": 37017,
      "rsId": "tgtShard_0",
      "state": "FAILING",
      "stateUpdateTime": 1790969349
    },
    {
      "error": null,
      "hostname": "rmdb7",
      "id": "rmdb7:37017",
      "port": 37017,
      "rsId": "tgtconfigRS",
      "state": "FAILING",
      "stateUpdateTime": 1790969349
    },
    {
      "error": null,
      "hostname": "rmdb-config1",
      "id": "rmdb-config1:37017",
      "port": 37017,
      "rsId": "tgtconfigRS",
      "state": "FAILING",
      "stateUpdateTime": 1790969349
    },
    {
      "error": null,
      "hostname": "rmdb-config2",
      "id": "rmdb-config2:37017",
      "port": 37017,
      "rsId": "tgtconfigRS",
      "state": "FAILING",
      "stateUpdateTime": 1790969349
    }
  ],
  "state": "FAILING"
}
2026-10-02 14:29:31,148 [INFO] Restore state: FAILING
2026-10-02 14:29:41,149 [DEBUG] API GET http://129.40.36.100:8080/api/public/v1.0/backup/third_party/group/6a386221ee19a6537cc68a97/restore/6abf3847457a6b80701899fb
2026-10-02 14:29:41,343 [DEBUG] STATUS 200
2026-10-02 14:29:41,343 [DEBUG] {
  "clusterMapping": [
    {
      "rsId": "sgcShard_0",
      "targetRsId": "tgtShard_0"
    },
    {
      "rsId": "sgcShard_1",
      "targetRsId": "tgtShard_1"
    },
    {
      "rsId": "configRS",
      "targetRsId": "tgtconfigRS"
    }
  ],
  "nodes": [
    {
      "error": null,
      "hostname": "rmdb12",
      "id": "rmdb12:37017",
      "port": 37017,
      "rsId": "tgtShard_1",
      "state": "FAILING",
      "stateUpdateTime": 1790969349
    },
    {
      "error": null,
      "hostname": "rmdb14",
      "id": "rmdb14:37017",
      "port": 37017,
      "rsId": "tgtShard_1",
      "state": "FAILING",
      "stateUpdateTime": 1790969349
    },
    {
      "error": null,
      "hostname": "rmdb9",
      "id": "rmdb9:37017",
      "port": 37017,
      "rsId": "tgtShard_1",
      "state": "FAILING",
      "stateUpdateTime": 1790969349
    },
    {
      "error": null,
      "hostname": "rmdb4",
      "id": "rmdb4:37017",
      "port": 37017,
      "rsId": "tgtShard_1",
      "state": "FAILING",
      "stateUpdateTime": 1790969349
    },
    {
      "error": null,
      "hostname": "rmdb2",
      "id": "rmdb2:37017",
      "port": 37017,
      "rsId": "tgtShard_1",
      "state": "FAILING",
      "stateUpdateTime": 1790969349
    },
    {
      "error": null,
      "hostname": "rmdb8",
      "id": "rmdb8:37017",
      "port": 37017,
      "rsId": "tgtShard_0",
      "state": "FAILING",
      "stateUpdateTime": 1790969349
    },
    {
      "error": null,
      "hostname": "rmdb13",
      "id": "rmdb13:37017",
      "port": 37017,
      "rsId": "tgtShard_0",
      "state": "FAILING",
      "stateUpdateTime": 1790969349
    },
    {
      "error": "<tgtCluster_tgtShard_0_42> [15:29:05.042] Plan execution failed on step MakeBackupDataAvailable as part of move RestoreRsMemberFromBackupPhase1 : <tgtCluster_tgtShard_0_42> [15:29:05.042] Failed to apply action. Result = <nil> : <tgtCluster_tgtShard_0_42> [15:29:05.042] Failed to download the snapshot : <tgtCluster_tgtShard_0_42> [15:29:05.042] Error while waiting for third party to copy backup to /fimongo1/data : <tgtCluster_tgtShard_0_42> [15:29:05.042] Observed error when trying to mark node as ready for copy files. : <tgtCluster_tgtShard_0_42> [15:29:05.042] Got return status 404 Not Found when trying to mark node ready for copy files.",
      "hostname": "rmdb1",
      "id": "rmdb1:37017",
      "port": 37017,
      "rsId": "tgtShard_0",
      "state": "FAILING",
      "stateUpdateTime": 1790969349
    },
    {
      "error": null,
      "hostname": "rmdb3",
      "id": "rmdb3:37017",
      "port": 37017,
      "rsId": "tgtShard_0",
      "state": "FAILING",
      "stateUpdateTime": 1790969349
    },
    {
      "error": null,
      "hostname": "rmdb11",
      "id": "rmdb11:37017",
      "port": 37017,
      "rsId": "tgtShard_0",
      "state": "FAILING",
      "stateUpdateTime": 1790969349
    },
    {
      "error": null,
      "hostname": "rmdb7",
      "id": "rmdb7:37017",
      "port": 37017,
      "rsId": "tgtconfigRS",
      "state": "FAILING",
      "stateUpdateTime": 1790969349
    },
    {
      "error": null,
      "hostname": "rmdb-config1",
      "id": "rmdb-config1:37017",
      "port": 37017,
      "rsId": "tgtconfigRS",
      "state": "FAILING",
      "stateUpdateTime": 1790969349
    },
    {
      "error": null,
      "hostname": "rmdb-config2",
      "id": "rmdb-config2:37017",
      "port": 37017,
      "rsId": "tgtconfigRS",
      "state": "FAILING",
      "stateUpdateTime": 1790969349
    }
  ],
  "state": "FAILING"
}
2026-10-02 14:29:41,343 [INFO] Restore state: FAILING
2026-10-02 14:29:51,344 [DEBUG] API GET http://129.40.36.100:8080/api/public/v1.0/backup/third_party/group/6a386221ee19a6537cc68a97/restore/6abf3847457a6b80701899fb
2026-10-02 14:29:51,509 [DEBUG] STATUS 200
2026-10-02 14:29:51,509 [DEBUG] {
  "clusterMapping": [
    {
      "rsId": "sgcShard_0",
      "targetRsId": "tgtShard_0"
    },
    {
      "rsId": "sgcShard_1",
      "targetRsId": "tgtShard_1"
    },
    {
      "rsId": "configRS",
      "targetRsId": "tgtconfigRS"
    }
  ],
  "nodes": [
    {
      "error": null,
      "hostname": "rmdb12",
      "id": "rmdb12:37017",
      "port": 37017,
      "rsId": "tgtShard_1",
      "state": "FAILING",
      "stateUpdateTime": 1790969349
    },
    {
      "error": null,
      "hostname": "rmdb14",
      "id": "rmdb14:37017",
      "port": 37017,
      "rsId": "tgtShard_1",
      "state": "FAILING",
      "stateUpdateTime": 1790969349
    },
    {
      "error": null,
      "hostname": "rmdb9",
      "id": "rmdb9:37017",
      "port": 37017,
      "rsId": "tgtShard_1",
      "state": "FAILING",
      "stateUpdateTime": 1790969349
    },
    {
      "error": null,
      "hostname": "rmdb4",
      "id": "rmdb4:37017",
      "port": 37017,
      "rsId": "tgtShard_1",
      "state": "FAILING",
      "stateUpdateTime": 1790969349
    },
    {
      "error": null,
      "hostname": "rmdb2",
      "id": "rmdb2:37017",
      "port": 37017,
      "rsId": "tgtShard_1",
      "state": "FAILING",
      "stateUpdateTime": 1790969349
    },
    {
      "error": null,
      "hostname": "rmdb8",
      "id": "rmdb8:37017",
      "port": 37017,
      "rsId": "tgtShard_0",
      "state": "FAILING",
      "stateUpdateTime": 1790969349
    },
    {
      "error": null,
      "hostname": "rmdb13",
      "id": "rmdb13:37017",
      "port": 37017,
      "rsId": "tgtShard_0",
      "state": "FAILING",
      "stateUpdateTime": 1790969349
    },
    {
      "error": "<tgtCluster_tgtShard_0_42> [15:29:05.042] Plan execution failed on step MakeBackupDataAvailable as part of move RestoreRsMemberFromBackupPhase1 : <tgtCluster_tgtShard_0_42> [15:29:05.042] Failed to apply action. Result = <nil> : <tgtCluster_tgtShard_0_42> [15:29:05.042] Failed to download the snapshot : <tgtCluster_tgtShard_0_42> [15:29:05.042] Error while waiting for third party to copy backup to /fimongo1/data : <tgtCluster_tgtShard_0_42> [15:29:05.042] Observed error when trying to mark node as ready for copy files. : <tgtCluster_tgtShard_0_42> [15:29:05.042] Got return status 404 Not Found when trying to mark node ready for copy files.",
      "hostname": "rmdb1",
      "id": "rmdb1:37017",
      "port": 37017,
      "rsId": "tgtShard_0",
      "state": "FAILING",
      "stateUpdateTime": 1790969349
    },
    {
      "error": null,
      "hostname": "rmdb3",
      "id": "rmdb3:37017",
      "port": 37017,
      "rsId": "tgtShard_0",
      "state": "FAILING",
      "stateUpdateTime": 1790969349
    },
    {
      "error": null,
      "hostname": "rmdb11",
      "id": "rmdb11:37017",
      "port": 37017,
      "rsId": "tgtShard_0",
      "state": "FAILING",
      "stateUpdateTime": 1790969349
    },
    {
      "error": null,
      "hostname": "rmdb7",
      "id": "rmdb7:37017",
      "port": 37017,
      "rsId": "tgtconfigRS",
      "state": "FAILING",
      "stateUpdateTime": 1790969349
    },
    {
      "error": null,
      "hostname": "rmdb-config1",
      "id": "rmdb-config1:37017",
      "port": 37017,
      "rsId": "tgtconfigRS",
      "state": "FAILING",
      "stateUpdateTime": 1790969349
    },
    {
      "error": null,
      "hostname": "rmdb-config2",
      "id": "rmdb-config2:37017",
      "port": 37017,
      "rsId": "tgtconfigRS",
      "state": "FAILING",
      "stateUpdateTime": 1790969349
    }
  ],
  "state": "FAILING"
}
2026-10-02 14:29:51,509 [INFO] Restore state: FAILING
2026-10-02 14:30:01,510 [DEBUG] API GET http://129.40.36.100:8080/api/public/v1.0/backup/third_party/group/6a386221ee19a6537cc68a97/restore/6abf3847457a6b80701899fb
2026-10-02 14:30:01,660 [DEBUG] STATUS 200
2026-10-02 14:30:01,661 [DEBUG] {
  "clusterMapping": [
    {
      "rsId": "sgcShard_0",
      "targetRsId": "tgtShard_0"
    },
    {
      "rsId": "sgcShard_1",
      "targetRsId": "tgtShard_1"
    },
    {
      "rsId": "configRS",
      "targetRsId": "tgtconfigRS"
    }
  ],
  "nodes": [
    {
      "error": null,
      "hostname": "rmdb12",
      "id": "rmdb12:37017",
      "port": 37017,
      "rsId": "tgtShard_1",
      "state": "FAILING",
      "stateUpdateTime": 1790969349
    },
    {
      "error": null,
      "hostname": "rmdb14",
      "id": "rmdb14:37017",
      "port": 37017,
      "rsId": "tgtShard_1",
      "state": "FAILING",
      "stateUpdateTime": 1790969349
    },
    {
      "error": null,
      "hostname": "rmdb9",
      "id": "rmdb9:37017",
      "port": 37017,
      "rsId": "tgtShard_1",
      "state": "FAILING",
      "stateUpdateTime": 1790969349
    },
    {
      "error": null,
      "hostname": "rmdb4",
      "id": "rmdb4:37017",
      "port": 37017,
      "rsId": "tgtShard_1",
      "state": "FAILING",
      "stateUpdateTime": 1790969349
    },
    {
      "error": null,
      "hostname": "rmdb2",
      "id": "rmdb2:37017",
      "port": 37017,
      "rsId": "tgtShard_1",
      "state": "FAILING",
      "stateUpdateTime": 1790969349
    },
    {
      "error": null,
      "hostname": "rmdb8",
      "id": "rmdb8:37017",
      "port": 37017,
      "rsId": "tgtShard_0",
      "state": "FAILING",
      "stateUpdateTime": 1790969349
    },
    {
      "error": null,
      "hostname": "rmdb13",
      "id": "rmdb13:37017",
      "port": 37017,
      "rsId": "tgtShard_0",
      "state": "FAILING",
      "stateUpdateTime": 1790969349
    },
    {
      "error": "<tgtCluster_tgtShard_0_42> [15:29:05.042] Plan execution failed on step MakeBackupDataAvailable as part of move RestoreRsMemberFromBackupPhase1 : <tgtCluster_tgtShard_0_42> [15:29:05.042] Failed to apply action. Result = <nil> : <tgtCluster_tgtShard_0_42> [15:29:05.042] Failed to download the snapshot : <tgtCluster_tgtShard_0_42> [15:29:05.042] Error while waiting for third party to copy backup to /fimongo1/data : <tgtCluster_tgtShard_0_42> [15:29:05.042] Observed error when trying to mark node as ready for copy files. : <tgtCluster_tgtShard_0_42> [15:29:05.042] Got return status 404 Not Found when trying to mark node ready for copy files.",
      "hostname": "rmdb1",
      "id": "rmdb1:37017",
      "port": 37017,
      "rsId": "tgtShard_0",
      "state": "FAILING",
      "stateUpdateTime": 1790969349
    },
    {
      "error": null,
      "hostname": "rmdb3",
      "id": "rmdb3:37017",
      "port": 37017,
      "rsId": "tgtShard_0",
      "state": "FAILING",
      "stateUpdateTime": 1790969349
    },
    {
      "error": null,
      "hostname": "rmdb11",
      "id": "rmdb11:37017",
      "port": 37017,
      "rsId": "tgtShard_0",
      "state": "FAILING",
      "stateUpdateTime": 1790969349
    },
    {
      "error": null,
      "hostname": "rmdb7",
      "id": "rmdb7:37017",
      "port": 37017,
      "rsId": "tgtconfigRS",
      "state": "FAILING",
      "stateUpdateTime": 1790969349
    },
    {
      "error": null,
      "hostname": "rmdb-config1",
      "id": "rmdb-config1:37017",
      "port": 37017,
      "rsId": "tgtconfigRS",
      "state": "FAILING",
      "stateUpdateTime": 1790969349
    },
    {
      "error": null,
      "hostname": "rmdb-config2",
      "id": "rmdb-config2:37017",
      "port": 37017,
      "rsId": "tgtconfigRS",
      "state": "FAILING",
      "stateUpdateTime": 1790969349
    }
  ],
  "state": "FAILING"
}
2026-10-02 14:30:01,661 [INFO] Restore state: FAILING
2026-10-02 14:30:11,661 [DEBUG] API GET http://129.40.36.100:8080/api/public/v1.0/backup/third_party/group/6a386221ee19a6537cc68a97/restore/6abf3847457a6b80701899fb
2026-10-02 14:30:11,804 [DEBUG] STATUS 200
2026-10-02 14:30:11,804 [DEBUG] {
  "clusterMapping": [
    {
      "rsId": "sgcShard_0",
      "targetRsId": "tgtShard_0"
    },
    {
      "rsId": "sgcShard_1",
      "targetRsId": "tgtShard_1"
    },
    {
      "rsId": "configRS",
      "targetRsId": "tgtconfigRS"
    }
  ],
  "nodes": [
    {
      "error": null,
      "hostname": "rmdb12",
      "id": "rmdb12:37017",
      "port": 37017,
      "rsId": "tgtShard_1",
      "state": "FAILING",
      "stateUpdateTime": 1790969349
    },
    {
      "error": null,
      "hostname": "rmdb14",
      "id": "rmdb14:37017",
      "port": 37017,
      "rsId": "tgtShard_1",
      "state": "FAILING",
      "stateUpdateTime": 1790969349
    },
    {
      "error": null,
      "hostname": "rmdb9",
      "id": "rmdb9:37017",
      "port": 37017,
      "rsId": "tgtShard_1",
      "state": "FAILING",
      "stateUpdateTime": 1790969349
    },
    {
      "error": null,
      "hostname": "rmdb4",
      "id": "rmdb4:37017",
      "port": 37017,
      "rsId": "tgtShard_1",
      "state": "FAILING",
      "stateUpdateTime": 1790969349
    },
    {
      "error": null,
      "hostname": "rmdb2",
      "id": "rmdb2:37017",
      "port": 37017,
      "rsId": "tgtShard_1",
      "state": "FAILING",
      "stateUpdateTime": 1790969349
    },
    {
      "error": null,
      "hostname": "rmdb8",
      "id": "rmdb8:37017",
      "port": 37017,
      "rsId": "tgtShard_0",
      "state": "FAILING",
      "stateUpdateTime": 1790969349
    },
    {
      "error": null,
      "hostname": "rmdb13",
      "id": "rmdb13:37017",
      "port": 37017,
      "rsId": "tgtShard_0",
      "state": "FAILING",
      "stateUpdateTime": 1790969349
    },
    {
      "error": "<tgtCluster_tgtShard_0_42> [15:29:05.042] Plan execution failed on step MakeBackupDataAvailable as part of move RestoreRsMemberFromBackupPhase1 : <tgtCluster_tgtShard_0_42> [15:29:05.042] Failed to apply action. Result = <nil> : <tgtCluster_tgtShard_0_42> [15:29:05.042] Failed to download the snapshot : <tgtCluster_tgtShard_0_42> [15:29:05.042] Error while waiting for third party to copy backup to /fimongo1/data : <tgtCluster_tgtShard_0_42> [15:29:05.042] Observed error when trying to mark node as ready for copy files. : <tgtCluster_tgtShard_0_42> [15:29:05.042] Got return status 404 Not Found when trying to mark node ready for copy files.",
      "hostname": "rmdb1",
      "id": "rmdb1:37017",
      "port": 37017,
      "rsId": "tgtShard_0",
      "state": "FAILING",
      "stateUpdateTime": 1790969349
    },
    {
      "error": null,
      "hostname": "rmdb3",
      "id": "rmdb3:37017",
      "port": 37017,
      "rsId": "tgtShard_0",
      "state": "FAILING",
      "stateUpdateTime": 1790969349
    },
    {
      "error": null,
      "hostname": "rmdb11",
      "id": "rmdb11:37017",
      "port": 37017,
      "rsId": "tgtShard_0",
      "state": "FAILING",
      "stateUpdateTime": 1790969349
    },
    {
      "error": null,
      "hostname": "rmdb7",
      "id": "rmdb7:37017",
      "port": 37017,
      "rsId": "tgtconfigRS",
      "state": "FAILING",
      "stateUpdateTime": 1790969349
    },
    {
      "error": null,
      "hostname": "rmdb-config1",
      "id": "rmdb-config1:37017",
      "port": 37017,
      "rsId": "tgtconfigRS",
      "state": "FAILING",
      "stateUpdateTime": 1790969349
    },
    {
      "error": null,
      "hostname": "rmdb-config2",
      "id": "rmdb-config2:37017",
      "port": 37017,
      "rsId": "tgtconfigRS",
      "state": "FAILING",
      "stateUpdateTime": 1790969349
    }
  ],
  "state": "FAILING"
}
2026-10-02 14:30:11,805 [INFO] Restore state: FAILING
2026-10-02 14:30:21,805 [DEBUG] API GET http://129.40.36.100:8080/api/public/v1.0/backup/third_party/group/6a386221ee19a6537cc68a97/restore/6abf3847457a6b80701899fb
2026-10-02 14:30:21,970 [DEBUG] STATUS 200
2026-10-02 14:30:21,971 [DEBUG] {
  "clusterMapping": [
    {
      "rsId": "sgcShard_0",
      "targetRsId": "tgtShard_0"
    },
    {
      "rsId": "sgcShard_1",
      "targetRsId": "tgtShard_1"
    },
    {
      "rsId": "configRS",
      "targetRsId": "tgtconfigRS"
    }
  ],
  "nodes": [
    {
      "error": null,
      "hostname": "rmdb12",
      "id": "rmdb12:37017",
      "port": 37017,
      "rsId": "tgtShard_1",
      "state": "FAILING",
      "stateUpdateTime": 1790969349
    },
    {
      "error": null,
      "hostname": "rmdb14",
      "id": "rmdb14:37017",
      "port": 37017,
      "rsId": "tgtShard_1",
      "state": "FAILING",
      "stateUpdateTime": 1790969349
    },
    {
      "error": null,
      "hostname": "rmdb9",
      "id": "rmdb9:37017",
      "port": 37017,
      "rsId": "tgtShard_1",
      "state": "FAILING",
      "stateUpdateTime": 1790969349
    },
    {
      "error": null,
      "hostname": "rmdb4",
      "id": "rmdb4:37017",
      "port": 37017,
      "rsId": "tgtShard_1",
      "state": "FAILING",
      "stateUpdateTime": 1790969349
    },
    {
      "error": null,
      "hostname": "rmdb2",
      "id": "rmdb2:37017",
      "port": 37017,
      "rsId": "tgtShard_1",
      "state": "FAILING",
      "stateUpdateTime": 1790969349
    },
    {
      "error": null,
      "hostname": "rmdb8",
      "id": "rmdb8:37017",
      "port": 37017,
      "rsId": "tgtShard_0",
      "state": "FAILING",
      "stateUpdateTime": 1790969349
    },
    {
      "error": null,
      "hostname": "rmdb13",
      "id": "rmdb13:37017",
      "port": 37017,
      "rsId": "tgtShard_0",
      "state": "FAILING",
      "stateUpdateTime": 1790969349
    },
    {
      "error": "<tgtCluster_tgtShard_0_42> [15:29:05.042] Plan execution failed on step MakeBackupDataAvailable as part of move RestoreRsMemberFromBackupPhase1 : <tgtCluster_tgtShard_0_42> [15:29:05.042] Failed to apply action. Result = <nil> : <tgtCluster_tgtShard_0_42> [15:29:05.042] Failed to download the snapshot : <tgtCluster_tgtShard_0_42> [15:29:05.042] Error while waiting for third party to copy backup to /fimongo1/data : <tgtCluster_tgtShard_0_42> [15:29:05.042] Observed error when trying to mark node as ready for copy files. : <tgtCluster_tgtShard_0_42> [15:29:05.042] Got return status 404 Not Found when trying to mark node ready for copy files.",
      "hostname": "rmdb1",
      "id": "rmdb1:37017",
      "port": 37017,
      "rsId": "tgtShard_0",
      "state": "FAILING",
      "stateUpdateTime": 1790969349
    },
    {
      "error": null,
      "hostname": "rmdb3",
      "id": "rmdb3:37017",
      "port": 37017,
      "rsId": "tgtShard_0",
      "state": "FAILING",
      "stateUpdateTime": 1790969349
    },
    {
      "error": null,
      "hostname": "rmdb11",
      "id": "rmdb11:37017",
      "port": 37017,
      "rsId": "tgtShard_0",
      "state": "FAILING",
      "stateUpdateTime": 1790969349
    },
    {
      "error": null,
      "hostname": "rmdb7",
      "id": "rmdb7:37017",
      "port": 37017,
      "rsId": "tgtconfigRS",
      "state": "FAILING",
      "stateUpdateTime": 1790969349
    },
    {
      "error": null,
      "hostname": "rmdb-config1",
      "id": "rmdb-config1:37017",
      "port": 37017,
      "rsId": "tgtconfigRS",
      "state": "FAILING",
      "stateUpdateTime": 1790969349
    },
    {
      "error": null,
      "hostname": "rmdb-config2",
      "id": "rmdb-config2:37017",
      "port": 37017,
      "rsId": "tgtconfigRS",
      "state": "FAILING",
      "stateUpdateTime": 1790969349
    }
  ],
  "state": "FAILING"
}
2026-10-02 14:30:21,971 [INFO] Restore state: FAILING
2026-10-02 14:30:31,971 [DEBUG] API GET http://129.40.36.100:8080/api/public/v1.0/backup/third_party/group/6a386221ee19a6537cc68a97/restore/6abf3847457a6b80701899fb
2026-10-02 14:30:32,109 [DEBUG] STATUS 200
2026-10-02 14:30:32,109 [DEBUG] {
  "clusterMapping": [
    {
      "rsId": "sgcShard_0",
      "targetRsId": "tgtShard_0"
    },
    {
      "rsId": "sgcShard_1",
      "targetRsId": "tgtShard_1"
    },
    {
      "rsId": "configRS",
      "targetRsId": "tgtconfigRS"
    }
  ],
  "nodes": [
    {
      "error": null,
      "hostname": "rmdb12",
      "id": "rmdb12:37017",
      "port": 37017,
      "rsId": "tgtShard_1",
      "state": "FAILING",
      "stateUpdateTime": 1790969349
    },
    {
      "error": null,
      "hostname": "rmdb14",
      "id": "rmdb14:37017",
      "port": 37017,
      "rsId": "tgtShard_1",
      "state": "FAILING",
      "stateUpdateTime": 1790969349
    },
    {
      "error": null,
      "hostname": "rmdb9",
      "id": "rmdb9:37017",
      "port": 37017,
      "rsId": "tgtShard_1",
      "state": "FAILING",
      "stateUpdateTime": 1790969349
    },
    {
      "error": null,
      "hostname": "rmdb4",
      "id": "rmdb4:37017",
      "port": 37017,
      "rsId": "tgtShard_1",
      "state": "FAILING",
      "stateUpdateTime": 1790969349
    },
    {
      "error": null,
      "hostname": "rmdb2",
      "id": "rmdb2:37017",
      "port": 37017,
      "rsId": "tgtShard_1",
      "state": "FAILING",
      "stateUpdateTime": 1790969349
    },
    {
      "error": null,
      "hostname": "rmdb8",
      "id": "rmdb8:37017",
      "port": 37017,
      "rsId": "tgtShard_0",
      "state": "FAILING",
      "stateUpdateTime": 1790969349
    },
    {
      "error": null,
      "hostname": "rmdb13",
      "id": "rmdb13:37017",
      "port": 37017,
      "rsId": "tgtShard_0",
      "state": "FAILING",
      "stateUpdateTime": 1790969349
    },
    {
      "error": "<tgtCluster_tgtShard_0_42> [15:29:05.042] Plan execution failed on step MakeBackupDataAvailable as part of move RestoreRsMemberFromBackupPhase1 : <tgtCluster_tgtShard_0_42> [15:29:05.042] Failed to apply action. Result = <nil> : <tgtCluster_tgtShard_0_42> [15:29:05.042] Failed to download the snapshot : <tgtCluster_tgtShard_0_42> [15:29:05.042] Error while waiting for third party to copy backup to /fimongo1/data : <tgtCluster_tgtShard_0_42> [15:29:05.042] Observed error when trying to mark node as ready for copy files. : <tgtCluster_tgtShard_0_42> [15:29:05.042] Got return status 404 Not Found when trying to mark node ready for copy files.",
      "hostname": "rmdb1",
      "id": "rmdb1:37017",
      "port": 37017,
      "rsId": "tgtShard_0",
      "state": "FAILING",
      "stateUpdateTime": 1790969349
    },
    {
      "error": null,
      "hostname": "rmdb3",
      "id": "rmdb3:37017",
      "port": 37017,
      "rsId": "tgtShard_0",
      "state": "FAILING",
      "stateUpdateTime": 1790969349
    },
    {
      "error": null,
      "hostname": "rmdb11",
      "id": "rmdb11:37017",
      "port": 37017,
      "rsId": "tgtShard_0",
      "state": "FAILING",
      "stateUpdateTime": 1790969349
    },
    {
      "error": null,
      "hostname": "rmdb7",
      "id": "rmdb7:37017",
      "port": 37017,
      "rsId": "tgtconfigRS",
      "state": "FAILING",
      "stateUpdateTime": 1790969349
    },
    {
      "error": null,
      "hostname": "rmdb-config1",
      "id": "rmdb-config1:37017",
      "port": 37017,
      "rsId": "tgtconfigRS",
      "state": "FAILING",
      "stateUpdateTime": 1790969349
    },
    {
      "error": null,
      "hostname": "rmdb-config2",
      "id": "rmdb-config2:37017",
      "port": 37017,
      "rsId": "tgtconfigRS",
      "state": "FAILING",
      "stateUpdateTime": 1790969349
    }
  ],
  "state": "FAILING"
}
2026-10-02 14:30:32,110 [INFO] Restore state: FAILING
2026-10-02 14:30:42,110 [DEBUG] API GET http://129.40.36.100:8080/api/public/v1.0/backup/third_party/group/6a386221ee19a6537cc68a97/restore/6abf3847457a6b80701899fb
2026-10-02 14:30:42,306 [DEBUG] STATUS 200
2026-10-02 14:30:42,306 [DEBUG] {
  "clusterMapping": [
    {
      "rsId": "sgcShard_0",
      "targetRsId": "tgtShard_0"
    },
    {
      "rsId": "sgcShard_1",
      "targetRsId": "tgtShard_1"
    },
    {
      "rsId": "configRS",
      "targetRsId": "tgtconfigRS"
    }
  ],
  "nodes": [
    {
      "error": null,
      "hostname": "rmdb12",
      "id": "rmdb12:37017",
      "port": 37017,
      "rsId": "tgtShard_1",
      "state": "FAILING",
      "stateUpdateTime": 1790969349
    },
    {
      "error": null,
      "hostname": "rmdb14",
      "id": "rmdb14:37017",
      "port": 37017,
      "rsId": "tgtShard_1",
      "state": "FAILING",
      "stateUpdateTime": 1790969349
    },
    {
      "error": null,
      "hostname": "rmdb9",
      "id": "rmdb9:37017",
      "port": 37017,
      "rsId": "tgtShard_1",
      "state": "FAILING",
      "stateUpdateTime": 1790969349
    },
    {
      "error": null,
      "hostname": "rmdb4",
      "id": "rmdb4:37017",
      "port": 37017,
      "rsId": "tgtShard_1",
      "state": "FAILING",
      "stateUpdateTime": 1790969349
    },
    {
      "error": null,
      "hostname": "rmdb2",
      "id": "rmdb2:37017",
      "port": 37017,
      "rsId": "tgtShard_1",
      "state": "FAILING",
      "stateUpdateTime": 1790969349
    },
    {
      "error": null,
      "hostname": "rmdb8",
      "id": "rmdb8:37017",
      "port": 37017,
      "rsId": "tgtShard_0",
      "state": "FAILING",
      "stateUpdateTime": 1790969349
    },
    {
      "error": null,
      "hostname": "rmdb13",
      "id": "rmdb13:37017",
      "port": 37017,
      "rsId": "tgtShard_0",
      "state": "FAILING",
      "stateUpdateTime": 1790969349
    },
    {
      "error": "<tgtCluster_tgtShard_0_42> [15:29:05.042] Plan execution failed on step MakeBackupDataAvailable as part of move RestoreRsMemberFromBackupPhase1 : <tgtCluster_tgtShard_0_42> [15:29:05.042] Failed to apply action. Result = <nil> : <tgtCluster_tgtShard_0_42> [15:29:05.042] Failed to download the snapshot : <tgtCluster_tgtShard_0_42> [15:29:05.042] Error while waiting for third party to copy backup to /fimongo1/data : <tgtCluster_tgtShard_0_42> [15:29:05.042] Observed error when trying to mark node as ready for copy files. : <tgtCluster_tgtShard_0_42> [15:29:05.042] Got return status 404 Not Found when trying to mark node ready for copy files.",
      "hostname": "rmdb1",
      "id": "rmdb1:37017",
      "port": 37017,
      "rsId": "tgtShard_0",
      "state": "FAILING",
      "stateUpdateTime": 1790969349
    },
    {
      "error": null,
      "hostname": "rmdb3",
      "id": "rmdb3:37017",
      "port": 37017,
      "rsId": "tgtShard_0",
      "state": "FAILING",
      "stateUpdateTime": 1790969349
    },
    {
      "error": null,
      "hostname": "rmdb11",
      "id": "rmdb11:37017",
      "port": 37017,
      "rsId": "tgtShard_0",
      "state": "FAILING",
      "stateUpdateTime": 1790969349
    },
    {
      "error": null,
      "hostname": "rmdb7",
      "id": "rmdb7:37017",
      "port": 37017,
      "rsId": "tgtconfigRS",
      "state": "FAILING",
      "stateUpdateTime": 1790969349
    },
    {
      "error": null,
      "hostname": "rmdb-config1",
      "id": "rmdb-config1:37017",
      "port": 37017,
      "rsId": "tgtconfigRS",
      "state": "FAILING",
      "stateUpdateTime": 1790969349
    },
    {
      "error": null,
      "hostname": "rmdb-config2",
      "id": "rmdb-config2:37017",
      "port": 37017,
      "rsId": "tgtconfigRS",
      "state": "FAILING",
      "stateUpdateTime": 1790969349
    }
  ],
  "state": "FAILING"
}
2026-10-02 14:30:42,307 [INFO] Restore state: FAILING
2026-10-02 14:30:52,307 [DEBUG] API GET http://129.40.36.100:8080/api/public/v1.0/backup/third_party/group/6a386221ee19a6537cc68a97/restore/6abf3847457a6b80701899fb
2026-10-02 14:30:52,448 [DEBUG] STATUS 200
2026-10-02 14:30:52,448 [DEBUG] {
  "clusterMapping": [
    {
      "rsId": "sgcShard_0",
      "targetRsId": "tgtShard_0"
    },
    {
      "rsId": "sgcShard_1",
      "targetRsId": "tgtShard_1"
    },
    {
      "rsId": "configRS",
      "targetRsId": "tgtconfigRS"
    }
  ],
  "nodes": [
    {
      "error": null,
      "hostname": "rmdb12",
      "id": "rmdb12:37017",
      "port": 37017,
      "rsId": "tgtShard_1",
      "state": "FAILING",
      "stateUpdateTime": 1790969349
    },
    {
      "error": null,
      "hostname": "rmdb14",
      "id": "rmdb14:37017",
      "port": 37017,
      "rsId": "tgtShard_1",
      "state": "FAILING",
      "stateUpdateTime": 1790969349
    },
    {
      "error": null,
      "hostname": "rmdb9",
      "id": "rmdb9:37017",
      "port": 37017,
      "rsId": "tgtShard_1",
      "state": "FAILING",
      "stateUpdateTime": 1790969349
    },
    {
      "error": null,
      "hostname": "rmdb4",
      "id": "rmdb4:37017",
      "port": 37017,
      "rsId": "tgtShard_1",
      "state": "FAILING",
      "stateUpdateTime": 1790969349
    },
    {
      "error": null,
      "hostname": "rmdb2",
      "id": "rmdb2:37017",
      "port": 37017,
      "rsId": "tgtShard_1",
      "state": "FAILING",
      "stateUpdateTime": 1790969349
    },
    {
      "error": null,
      "hostname": "rmdb8",
      "id": "rmdb8:37017",
      "port": 37017,
      "rsId": "tgtShard_0",
      "state": "FAILING",
      "stateUpdateTime": 1790969349
    },
    {
      "error": null,
      "hostname": "rmdb13",
      "id": "rmdb13:37017",
      "port": 37017,
      "rsId": "tgtShard_0",
      "state": "FAILING",
      "stateUpdateTime": 1790969349
    },
    {
      "error": "<tgtCluster_tgtShard_0_42> [15:29:05.042] Plan execution failed on step MakeBackupDataAvailable as part of move RestoreRsMemberFromBackupPhase1 : <tgtCluster_tgtShard_0_42> [15:29:05.042] Failed to apply action. Result = <nil> : <tgtCluster_tgtShard_0_42> [15:29:05.042] Failed to download the snapshot : <tgtCluster_tgtShard_0_42> [15:29:05.042] Error while waiting for third party to copy backup to /fimongo1/data : <tgtCluster_tgtShard_0_42> [15:29:05.042] Observed error when trying to mark node as ready for copy files. : <tgtCluster_tgtShard_0_42> [15:29:05.042] Got return status 404 Not Found when trying to mark node ready for copy files.",
      "hostname": "rmdb1",
      "id": "rmdb1:37017",
      "port": 37017,
      "rsId": "tgtShard_0",
      "state": "FAILING",
      "stateUpdateTime": 1790969349
    },
    {
      "error": null,
      "hostname": "rmdb3",
      "id": "rmdb3:37017",
      "port": 37017,
      "rsId": "tgtShard_0",
      "state": "FAILING",
      "stateUpdateTime": 1790969349
    },
    {
      "error": null,
      "hostname": "rmdb11",
      "id": "rmdb11:37017",
      "port": 37017,
      "rsId": "tgtShard_0",
      "state": "FAILING",
      "stateUpdateTime": 1790969349
    },
    {
      "error": null,
      "hostname": "rmdb7",
      "id": "rmdb7:37017",
      "port": 37017,
      "rsId": "tgtconfigRS",
      "state": "FAILING",
      "stateUpdateTime": 1790969349
    },
    {
      "error": null,
      "hostname": "rmdb-config1",
      "id": "rmdb-config1:37017",
      "port": 37017,
      "rsId": "tgtconfigRS",
      "state": "FAILING",
      "stateUpdateTime": 1790969349
    },
    {
      "error": null,
      "hostname": "rmdb-config2",
      "id": "rmdb-config2:37017",
      "port": 37017,
      "rsId": "tgtconfigRS",
      "state": "FAILING",
      "stateUpdateTime": 1790969349
    }
  ],
  "state": "FAILING"
}
2026-10-02 14:30:52,449 [INFO] Restore state: FAILING
2026-10-02 14:31:02,450 [DEBUG] API GET http://129.40.36.100:8080/api/public/v1.0/backup/third_party/group/6a386221ee19a6537cc68a97/restore/6abf3847457a6b80701899fb
2026-10-02 14:31:02,601 [DEBUG] STATUS 200
2026-10-02 14:31:02,601 [DEBUG] {
  "clusterMapping": [
    {
      "rsId": "sgcShard_0",
      "targetRsId": "tgtShard_0"
    },
    {
      "rsId": "sgcShard_1",
      "targetRsId": "tgtShard_1"
    },
    {
      "rsId": "configRS",
      "targetRsId": "tgtconfigRS"
    }
  ],
  "nodes": [
    {
      "error": null,
      "hostname": "rmdb12",
      "id": "rmdb12:37017",
      "port": 37017,
      "rsId": "tgtShard_1",
      "state": "FAILING",
      "stateUpdateTime": 1790969349
    },
    {
      "error": null,
      "hostname": "rmdb14",
      "id": "rmdb14:37017",
      "port": 37017,
      "rsId": "tgtShard_1",
      "state": "FAILING",
      "stateUpdateTime": 1790969349
    },
    {
      "error": null,
      "hostname": "rmdb9",
      "id": "rmdb9:37017",
      "port": 37017,
      "rsId": "tgtShard_1",
      "state": "FAILING",
      "stateUpdateTime": 1790969349
    },
    {
      "error": null,
      "hostname": "rmdb4",
      "id": "rmdb4:37017",
      "port": 37017,
      "rsId": "tgtShard_1",
      "state": "FAILING",
      "stateUpdateTime": 1790969349
    },
    {
      "error": null,
      "hostname": "rmdb2",
      "id": "rmdb2:37017",
      "port": 37017,
      "rsId": "tgtShard_1",
      "state": "FAILING",
      "stateUpdateTime": 1790969349
    },
    {
      "error": null,
      "hostname": "rmdb8",
      "id": "rmdb8:37017",
      "port": 37017,
      "rsId": "tgtShard_0",
      "state": "FAILING",
      "stateUpdateTime": 1790969349
    },
    {
      "error": null,
      "hostname": "rmdb13",
      "id": "rmdb13:37017",
      "port": 37017,
      "rsId": "tgtShard_0",
      "state": "FAILING",
      "stateUpdateTime": 1790969349
    },
    {
      "error": "<tgtCluster_tgtShard_0_42> [15:29:05.042] Plan execution failed on step MakeBackupDataAvailable as part of move RestoreRsMemberFromBackupPhase1 : <tgtCluster_tgtShard_0_42> [15:29:05.042] Failed to apply action. Result = <nil> : <tgtCluster_tgtShard_0_42> [15:29:05.042] Failed to download the snapshot : <tgtCluster_tgtShard_0_42> [15:29:05.042] Error while waiting for third party to copy backup to /fimongo1/data : <tgtCluster_tgtShard_0_42> [15:29:05.042] Observed error when trying to mark node as ready for copy files. : <tgtCluster_tgtShard_0_42> [15:29:05.042] Got return status 404 Not Found when trying to mark node ready for copy files.",
      "hostname": "rmdb1",
      "id": "rmdb1:37017",
      "port": 37017,
      "rsId": "tgtShard_0",
      "state": "FAILING",
      "stateUpdateTime": 1790969349
    },
    {
      "error": null,
      "hostname": "rmdb3",
      "id": "rmdb3:37017",
      "port": 37017,
      "rsId": "tgtShard_0",
      "state": "FAILING",
      "stateUpdateTime": 1790969349
    },
    {
      "error": null,
      "hostname": "rmdb11",
      "id": "rmdb11:37017",
      "port": 37017,
      "rsId": "tgtShard_0",
      "state": "FAILING",
      "stateUpdateTime": 1790969349
    },
    {
      "error": null,
      "hostname": "rmdb7",
      "id": "rmdb7:37017",
      "port": 37017,
      "rsId": "tgtconfigRS",
      "state": "FAILING",
      "stateUpdateTime": 1790969349
    },
    {
      "error": null,
      "hostname": "rmdb-config1",
      "id": "rmdb-config1:37017",
      "port": 37017,
      "rsId": "tgtconfigRS",
      "state": "FAILING",
      "stateUpdateTime": 1790969349
    },
    {
      "error": null,
      "hostname": "rmdb-config2",
      "id": "rmdb-config2:37017",
      "port": 37017,
      "rsId": "tgtconfigRS",
      "state": "FAILING",
      "stateUpdateTime": 1790969349
    }
  ],
  "state": "FAILING"
}
2026-10-02 14:31:02,601 [INFO] Restore state: FAILING
2026-10-02 14:31:12,602 [DEBUG] API GET http://129.40.36.100:8080/api/public/v1.0/backup/third_party/group/6a386221ee19a6537cc68a97/restore/6abf3847457a6b80701899fb
2026-10-02 14:31:12,745 [DEBUG] STATUS 200
2026-10-02 14:31:12,746 [DEBUG] {
  "clusterMapping": [
    {
      "rsId": "sgcShard_0",
      "targetRsId": "tgtShard_0"
    },
    {
      "rsId": "sgcShard_1",
      "targetRsId": "tgtShard_1"
    },
    {
      "rsId": "configRS",
      "targetRsId": "tgtconfigRS"
    }
  ],
  "nodes": [
    {
      "error": null,
      "hostname": "rmdb12",
      "id": "rmdb12:37017",
      "port": 37017,
      "rsId": "tgtShard_1",
      "state": "FAILING",
      "stateUpdateTime": 1790969349
    },
    {
      "error": null,
      "hostname": "rmdb14",
      "id": "rmdb14:37017",
      "port": 37017,
      "rsId": "tgtShard_1",
      "state": "FAILING",
      "stateUpdateTime": 1790969349
    },
    {
      "error": null,
      "hostname": "rmdb9",
      "id": "rmdb9:37017",
      "port": 37017,
      "rsId": "tgtShard_1",
      "state": "FAILING",
      "stateUpdateTime": 1790969349
    },
    {
      "error": null,
      "hostname": "rmdb4",
      "id": "rmdb4:37017",
      "port": 37017,
      "rsId": "tgtShard_1",
      "state": "FAILING",
      "stateUpdateTime": 1790969349
    },
    {
      "error": null,
      "hostname": "rmdb2",
      "id": "rmdb2:37017",
      "port": 37017,
      "rsId": "tgtShard_1",
      "state": "FAILING",
      "stateUpdateTime": 1790969349
    },
    {
      "error": null,
      "hostname": "rmdb8",
      "id": "rmdb8:37017",
      "port": 37017,
      "rsId": "tgtShard_0",
      "state": "FAILING",
      "stateUpdateTime": 1790969349
    },
    {
      "error": null,
      "hostname": "rmdb13",
      "id": "rmdb13:37017",
      "port": 37017,
      "rsId": "tgtShard_0",
      "state": "FAILING",
      "stateUpdateTime": 1790969349
    },
    {
      "error": "<tgtCluster_tgtShard_0_42> [15:29:05.042] Plan execution failed on step MakeBackupDataAvailable as part of move RestoreRsMemberFromBackupPhase1 : <tgtCluster_tgtShard_0_42> [15:29:05.042] Failed to apply action. Result = <nil> : <tgtCluster_tgtShard_0_42> [15:29:05.042] Failed to download the snapshot : <tgtCluster_tgtShard_0_42> [15:29:05.042] Error while waiting for third party to copy backup to /fimongo1/data : <tgtCluster_tgtShard_0_42> [15:29:05.042] Observed error when trying to mark node as ready for copy files. : <tgtCluster_tgtShard_0_42> [15:29:05.042] Got return status 404 Not Found when trying to mark node ready for copy files.",
      "hostname": "rmdb1",
      "id": "rmdb1:37017",
      "port": 37017,
      "rsId": "tgtShard_0",
      "state": "FAILING",
      "stateUpdateTime": 1790969349
    },
    {
      "error": null,
      "hostname": "rmdb3",
      "id": "rmdb3:37017",
      "port": 37017,
      "rsId": "tgtShard_0",
      "state": "FAILING",
      "stateUpdateTime": 1790969349
    },
    {
      "error": null,
      "hostname": "rmdb11",
      "id": "rmdb11:37017",
      "port": 37017,
      "rsId": "tgtShard_0",
      "state": "FAILING",
      "stateUpdateTime": 1790969349
    },
    {
      "error": null,
      "hostname": "rmdb7",
      "id": "rmdb7:37017",
      "port": 37017,
      "rsId": "tgtconfigRS",
      "state": "FAILING",
      "stateUpdateTime": 1790969349
    },
    {
      "error": null,
      "hostname": "rmdb-config1",
      "id": "rmdb-config1:37017",
      "port": 37017,
      "rsId": "tgtconfigRS",
      "state": "FAILING",
      "stateUpdateTime": 1790969349
    },
    {
      "error": null,
      "hostname": "rmdb-config2",
      "id": "rmdb-config2:37017",
      "port": 37017,
      "rsId": "tgtconfigRS",
      "state": "FAILING",
      "stateUpdateTime": 1790969349
    }
  ],
  "state": "FAILING"
}
2026-10-02 14:31:12,746 [INFO] Restore state: FAILING
2026-10-02 14:31:22,747 [DEBUG] API GET http://129.40.36.100:8080/api/public/v1.0/backup/third_party/group/6a386221ee19a6537cc68a97/restore/6abf3847457a6b80701899fb
2026-10-02 14:31:22,889 [DEBUG] STATUS 200
2026-10-02 14:31:22,890 [DEBUG] {
  "clusterMapping": [
    {
      "rsId": "sgcShard_0",
      "targetRsId": "tgtShard_0"
    },
    {
      "rsId": "sgcShard_1",
      "targetRsId": "tgtShard_1"
    },
    {
      "rsId": "configRS",
      "targetRsId": "tgtconfigRS"
    }
  ],
  "nodes": [
    {
      "error": null,
      "hostname": "rmdb12",
      "id": "rmdb12:37017",
      "port": 37017,
      "rsId": "tgtShard_1",
      "state": "FAILING",
      "stateUpdateTime": 1790969349
    },
    {
      "error": null,
      "hostname": "rmdb14",
      "id": "rmdb14:37017",
      "port": 37017,
      "rsId": "tgtShard_1",
      "state": "FAILING",
      "stateUpdateTime": 1790969349
    },
    {
      "error": null,
      "hostname": "rmdb9",
      "id": "rmdb9:37017",
      "port": 37017,
      "rsId": "tgtShard_1",
      "state": "FAILING",
      "stateUpdateTime": 1790969349
    },
    {
      "error": null,
      "hostname": "rmdb4",
      "id": "rmdb4:37017",
      "port": 37017,
      "rsId": "tgtShard_1",
      "state": "FAILING",
      "stateUpdateTime": 1790969349
    },
    {
      "error": null,
      "hostname": "rmdb2",
      "id": "rmdb2:37017",
      "port": 37017,
      "rsId": "tgtShard_1",
      "state": "FAILING",
      "stateUpdateTime": 1790969349
    },
    {
      "error": null,
      "hostname": "rmdb8",
      "id": "rmdb8:37017",
      "port": 37017,
      "rsId": "tgtShard_0",
      "state": "FAILING",
      "stateUpdateTime": 1790969349
    },
    {
      "error": null,
      "hostname": "rmdb13",
      "id": "rmdb13:37017",
      "port": 37017,
      "rsId": "tgtShard_0",
      "state": "FAILING",
      "stateUpdateTime": 1790969349
    },
    {
      "error": "<tgtCluster_tgtShard_0_42> [15:29:05.042] Plan execution failed on step MakeBackupDataAvailable as part of move RestoreRsMemberFromBackupPhase1 : <tgtCluster_tgtShard_0_42> [15:29:05.042] Failed to apply action. Result = <nil> : <tgtCluster_tgtShard_0_42> [15:29:05.042] Failed to download the snapshot : <tgtCluster_tgtShard_0_42> [15:29:05.042] Error while waiting for third party to copy backup to /fimongo1/data : <tgtCluster_tgtShard_0_42> [15:29:05.042] Observed error when trying to mark node as ready for copy files. : <tgtCluster_tgtShard_0_42> [15:29:05.042] Got return status 404 Not Found when trying to mark node ready for copy files.",
      "hostname": "rmdb1",
      "id": "rmdb1:37017",
      "port": 37017,
      "rsId": "tgtShard_0",
      "state": "FAILING",
      "stateUpdateTime": 1790969349
    },
    {
      "error": null,
      "hostname": "rmdb3",
      "id": "rmdb3:37017",
      "port": 37017,
      "rsId": "tgtShard_0",
      "state": "FAILING",
      "stateUpdateTime": 1790969349
    },
    {
      "error": null,
      "hostname": "rmdb11",
      "id": "rmdb11:37017",
      "port": 37017,
      "rsId": "tgtShard_0",
      "state": "FAILING",
      "stateUpdateTime": 1790969349
    },
    {
      "error": null,
      "hostname": "rmdb7",
      "id": "rmdb7:37017",
      "port": 37017,
      "rsId": "tgtconfigRS",
      "state": "FAILING",
      "stateUpdateTime": 1790969349
    },
    {
      "error": null,
      "hostname": "rmdb-config1",
      "id": "rmdb-config1:37017",
      "port": 37017,
      "rsId": "tgtconfigRS",
      "state": "FAILING",
      "stateUpdateTime": 1790969349
    },
    {
      "error": null,
      "hostname": "rmdb-config2",
      "id": "rmdb-config2:37017",
      "port": 37017,
      "rsId": "tgtconfigRS",
      "state": "FAILING",
      "stateUpdateTime": 1790969349
    }
  ],
  "state": "FAILING"
}
2026-10-02 14:31:22,890 [INFO] Restore state: FAILING
2026-10-02 14:31:32,891 [DEBUG] API GET http://129.40.36.100:8080/api/public/v1.0/backup/third_party/group/6a386221ee19a6537cc68a97/restore/6abf3847457a6b80701899fb
2026-10-02 14:31:33,033 [DEBUG] STATUS 200
2026-10-02 14:31:33,033 [DEBUG] {
  "clusterMapping": [
    {
      "rsId": "sgcShard_0",
      "targetRsId": "tgtShard_0"
    },
    {
      "rsId": "sgcShard_1",
      "targetRsId": "tgtShard_1"
    },
    {
      "rsId": "configRS",
      "targetRsId": "tgtconfigRS"
    }
  ],
  "nodes": [
    {
      "error": null,
      "hostname": "rmdb12",
      "id": "rmdb12:37017",
      "port": 37017,
      "rsId": "tgtShard_1",
      "state": "FAILING",
      "stateUpdateTime": 1790969349
    },
    {
      "error": null,
      "hostname": "rmdb14",
      "id": "rmdb14:37017",
      "port": 37017,
      "rsId": "tgtShard_1",
      "state": "FAILING",
      "stateUpdateTime": 1790969349
    },
    {
      "error": null,
      "hostname": "rmdb9",
      "id": "rmdb9:37017",
      "port": 37017,
      "rsId": "tgtShard_1",
      "state": "FAILING",
      "stateUpdateTime": 1790969349
    },
    {
      "error": null,
      "hostname": "rmdb4",
      "id": "rmdb4:37017",
      "port": 37017,
      "rsId": "tgtShard_1",
      "state": "FAILING",
      "stateUpdateTime": 1790969349
    },
    {
      "error": null,
      "hostname": "rmdb2",
      "id": "rmdb2:37017",
      "port": 37017,
      "rsId": "tgtShard_1",
      "state": "FAILING",
      "stateUpdateTime": 1790969349
    },
    {
      "error": null,
      "hostname": "rmdb8",
      "id": "rmdb8:37017",
      "port": 37017,
      "rsId": "tgtShard_0",
      "state": "FAILING",
      "stateUpdateTime": 1790969349
    },
    {
      "error": null,
      "hostname": "rmdb13",
      "id": "rmdb13:37017",
      "port": 37017,
      "rsId": "tgtShard_0",
      "state": "FAILING",
      "stateUpdateTime": 1790969349
    },
    {
      "error": "<tgtCluster_tgtShard_0_42> [15:29:05.042] Plan execution failed on step MakeBackupDataAvailable as part of move RestoreRsMemberFromBackupPhase1 : <tgtCluster_tgtShard_0_42> [15:29:05.042] Failed to apply action. Result = <nil> : <tgtCluster_tgtShard_0_42> [15:29:05.042] Failed to download the snapshot : <tgtCluster_tgtShard_0_42> [15:29:05.042] Error while waiting for third party to copy backup to /fimongo1/data : <tgtCluster_tgtShard_0_42> [15:29:05.042] Observed error when trying to mark node as ready for copy files. : <tgtCluster_tgtShard_0_42> [15:29:05.042] Got return status 404 Not Found when trying to mark node ready for copy files.",
      "hostname": "rmdb1",
      "id": "rmdb1:37017",
      "port": 37017,
      "rsId": "tgtShard_0",
      "state": "FAILING",
      "stateUpdateTime": 1790969349
    },
    {
      "error": null,
      "hostname": "rmdb3",
      "id": "rmdb3:37017",
      "port": 37017,
      "rsId": "tgtShard_0",
      "state": "FAILING",
      "stateUpdateTime": 1790969349
    },
    {
      "error": null,
      "hostname": "rmdb11",
      "id": "rmdb11:37017",
      "port": 37017,
      "rsId": "tgtShard_0",
      "state": "FAILING",
      "stateUpdateTime": 1790969349
    },
    {
      "error": null,
      "hostname": "rmdb7",
      "id": "rmdb7:37017",
      "port": 37017,
      "rsId": "tgtconfigRS",
      "state": "FAILING",
      "stateUpdateTime": 1790969349
    },
    {
      "error": null,
      "hostname": "rmdb-config1",
      "id": "rmdb-config1:37017",
      "port": 37017,
      "rsId": "tgtconfigRS",
      "state": "FAILING",
      "stateUpdateTime": 1790969349
    },
    {
      "error": null,
      "hostname": "rmdb-config2",
      "id": "rmdb-config2:37017",
      "port": 37017,
      "rsId": "tgtconfigRS",
      "state": "FAILING",
      "stateUpdateTime": 1790969349
    }
  ],
  "state": "FAILING"
}
2026-10-02 14:31:33,034 [INFO] Restore state: FAILING
2026-10-02 14:31:43,035 [DEBUG] API GET http://129.40.36.100:8080/api/public/v1.0/backup/third_party/group/6a386221ee19a6537cc68a97/restore/6abf3847457a6b80701899fb
2026-10-02 14:31:43,234 [DEBUG] STATUS 200
2026-10-02 14:31:43,234 [DEBUG] {
  "clusterMapping": [
    {
      "rsId": "sgcShard_0",
      "targetRsId": "tgtShard_0"
    },
    {
      "rsId": "sgcShard_1",
      "targetRsId": "tgtShard_1"
    },
    {
      "rsId": "configRS",
      "targetRsId": "tgtconfigRS"
    }
  ],
  "nodes": [
    {
      "error": null,
      "hostname": "rmdb12",
      "id": "rmdb12:37017",
      "port": 37017,
      "rsId": "tgtShard_1",
      "state": "FAILING",
      "stateUpdateTime": 1790969349
    },
    {
      "error": null,
      "hostname": "rmdb14",
      "id": "rmdb14:37017",
      "port": 37017,
      "rsId": "tgtShard_1",
      "state": "FAILING",
      "stateUpdateTime": 1790969349
    },
    {
      "error": null,
      "hostname": "rmdb9",
      "id": "rmdb9:37017",
      "port": 37017,
      "rsId": "tgtShard_1",
      "state": "FAILING",
      "stateUpdateTime": 1790969349
    },
    {
      "error": null,
      "hostname": "rmdb4",
      "id": "rmdb4:37017",
      "port": 37017,
      "rsId": "tgtShard_1",
      "state": "FAILING",
      "stateUpdateTime": 1790969349
    },
    {
      "error": null,
      "hostname": "rmdb2",
      "id": "rmdb2:37017",
      "port": 37017,
      "rsId": "tgtShard_1",
      "state": "FAILING",
      "stateUpdateTime": 1790969349
    },
    {
      "error": null,
      "hostname": "rmdb8",
      "id": "rmdb8:37017",
      "port": 37017,
      "rsId": "tgtShard_0",
      "state": "FAILING",
      "stateUpdateTime": 1790969349
    },
    {
      "error": null,
      "hostname": "rmdb13",
      "id": "rmdb13:37017",
      "port": 37017,
      "rsId": "tgtShard_0",
      "state": "FAILING",
      "stateUpdateTime": 1790969349
    },
    {
      "error": "<tgtCluster_tgtShard_0_42> [15:29:05.042] Plan execution failed on step MakeBackupDataAvailable as part of move RestoreRsMemberFromBackupPhase1 : <tgtCluster_tgtShard_0_42> [15:29:05.042] Failed to apply action. Result = <nil> : <tgtCluster_tgtShard_0_42> [15:29:05.042] Failed to download the snapshot : <tgtCluster_tgtShard_0_42> [15:29:05.042] Error while waiting for third party to copy backup to /fimongo1/data : <tgtCluster_tgtShard_0_42> [15:29:05.042] Observed error when trying to mark node as ready for copy files. : <tgtCluster_tgtShard_0_42> [15:29:05.042] Got return status 404 Not Found when trying to mark node ready for copy files.",
      "hostname": "rmdb1",
      "id": "rmdb1:37017",
      "port": 37017,
      "rsId": "tgtShard_0",
      "state": "FAILING",
      "stateUpdateTime": 1790969349
    },
    {
      "error": null,
      "hostname": "rmdb3",
      "id": "rmdb3:37017",
      "port": 37017,
      "rsId": "tgtShard_0",
      "state": "FAILING",
      "stateUpdateTime": 1790969349
    },
    {
      "error": null,
      "hostname": "rmdb11",
      "id": "rmdb11:37017",
      "port": 37017,
      "rsId": "tgtShard_0",
      "state": "FAILING",
      "stateUpdateTime": 1790969349
    },
    {
      "error": null,
      "hostname": "rmdb7",
      "id": "rmdb7:37017",
      "port": 37017,
      "rsId": "tgtconfigRS",
      "state": "FAILING",
      "stateUpdateTime": 1790969349
    },
    {
      "error": null,
      "hostname": "rmdb-config1",
      "id": "rmdb-config1:37017",
      "port": 37017,
      "rsId": "tgtconfigRS",
      "state": "FAILING",
      "stateUpdateTime": 1790969349
    },
    {
      "error": null,
      "hostname": "rmdb-config2",
      "id": "rmdb-config2:37017",
      "port": 37017,
      "rsId": "tgtconfigRS",
      "state": "FAILING",
      "stateUpdateTime": 1790969349
    }
  ],
  "state": "FAILING"
}
2026-10-02 14:31:43,234 [INFO] Restore state: FAILING
2026-10-02 14:31:53,235 [DEBUG] API GET http://129.40.36.100:8080/api/public/v1.0/backup/third_party/group/6a386221ee19a6537cc68a97/restore/6abf3847457a6b80701899fb
2026-10-02 14:31:53,375 [DEBUG] STATUS 200
2026-10-02 14:31:53,375 [DEBUG] {
  "clusterMapping": [
    {
      "rsId": "sgcShard_0",
      "targetRsId": "tgtShard_0"
    },
    {
      "rsId": "sgcShard_1",
      "targetRsId": "tgtShard_1"
    },
    {
      "rsId": "configRS",
      "targetRsId": "tgtconfigRS"
    }
  ],
  "nodes": [
    {
      "error": null,
      "hostname": "rmdb12",
      "id": "rmdb12:37017",
      "port": 37017,
      "rsId": "tgtShard_1",
      "state": "FAILING",
      "stateUpdateTime": 1790969349
    },
    {
      "error": null,
      "hostname": "rmdb14",
      "id": "rmdb14:37017",
      "port": 37017,
      "rsId": "tgtShard_1",
      "state": "FAILING",
      "stateUpdateTime": 1790969349
    },
    {
      "error": null,
      "hostname": "rmdb9",
      "id": "rmdb9:37017",
      "port": 37017,
      "rsId": "tgtShard_1",
      "state": "FAILING",
      "stateUpdateTime": 1790969349
    },
    {
      "error": null,
      "hostname": "rmdb4",
      "id": "rmdb4:37017",
      "port": 37017,
      "rsId": "tgtShard_1",
      "state": "FAILING",
      "stateUpdateTime": 1790969349
    },
    {
      "error": null,
      "hostname": "rmdb2",
      "id": "rmdb2:37017",
      "port": 37017,
      "rsId": "tgtShard_1",
      "state": "FAILING",
      "stateUpdateTime": 1790969349
    },
    {
      "error": null,
      "hostname": "rmdb8",
      "id": "rmdb8:37017",
      "port": 37017,
      "rsId": "tgtShard_0",
      "state": "FAILING",
      "stateUpdateTime": 1790969349
    },
    {
      "error": null,
      "hostname": "rmdb13",
      "id": "rmdb13:37017",
      "port": 37017,
      "rsId": "tgtShard_0",
      "state": "FAILING",
      "stateUpdateTime": 1790969349
    },
    {
      "error": "<tgtCluster_tgtShard_0_42> [15:29:05.042] Plan execution failed on step MakeBackupDataAvailable as part of move RestoreRsMemberFromBackupPhase1 : <tgtCluster_tgtShard_0_42> [15:29:05.042] Failed to apply action. Result = <nil> : <tgtCluster_tgtShard_0_42> [15:29:05.042] Failed to download the snapshot : <tgtCluster_tgtShard_0_42> [15:29:05.042] Error while waiting for third party to copy backup to /fimongo1/data : <tgtCluster_tgtShard_0_42> [15:29:05.042] Observed error when trying to mark node as ready for copy files. : <tgtCluster_tgtShard_0_42> [15:29:05.042] Got return status 404 Not Found when trying to mark node ready for copy files.",
      "hostname": "rmdb1",
      "id": "rmdb1:37017",
      "port": 37017,
      "rsId": "tgtShard_0",
      "state": "FAILING",
      "stateUpdateTime": 1790969349
    },
    {
      "error": null,
      "hostname": "rmdb3",
      "id": "rmdb3:37017",
      "port": 37017,
      "rsId": "tgtShard_0",
      "state": "FAILING",
      "stateUpdateTime": 1790969349
    },
    {
      "error": null,
      "hostname": "rmdb11",
      "id": "rmdb11:37017",
      "port": 37017,
      "rsId": "tgtShard_0",
      "state": "FAILING",
      "stateUpdateTime": 1790969349
    },
    {
      "error": null,
      "hostname": "rmdb7",
      "id": "rmdb7:37017",
      "port": 37017,
      "rsId": "tgtconfigRS",
      "state": "FAILING",
      "stateUpdateTime": 1790969349
    },
    {
      "error": null,
      "hostname": "rmdb-config1",
      "id": "rmdb-config1:37017",
      "port": 37017,
      "rsId": "tgtconfigRS",
      "state": "FAILING",
      "stateUpdateTime": 1790969349
    },
    {
      "error": null,
      "hostname": "rmdb-config2",
      "id": "rmdb-config2:37017",
      "port": 37017,
      "rsId": "tgtconfigRS",
      "state": "FAILING",
      "stateUpdateTime": 1790969349
    }
  ],
  "state": "FAILING"
}
2026-10-02 14:31:53,376 [INFO] Restore state: FAILING
2026-10-02 14:32:03,376 [DEBUG] API GET http://129.40.36.100:8080/api/public/v1.0/backup/third_party/group/6a386221ee19a6537cc68a97/restore/6abf3847457a6b80701899fb
2026-10-02 14:32:03,518 [DEBUG] STATUS 200
2026-10-02 14:32:03,518 [DEBUG] {
  "clusterMapping": [
    {
      "rsId": "sgcShard_0",
      "targetRsId": "tgtShard_0"
    },
    {
      "rsId": "sgcShard_1",
      "targetRsId": "tgtShard_1"
    },
    {
      "rsId": "configRS",
      "targetRsId": "tgtconfigRS"
    }
  ],
  "nodes": [
    {
      "error": null,
      "hostname": "rmdb12",
      "id": "rmdb12:37017",
      "port": 37017,
      "rsId": "tgtShard_1",
      "state": "FAILED",
      "stateUpdateTime": 1790969516
    },
    {
      "error": null,
      "hostname": "rmdb14",
      "id": "rmdb14:37017",
      "port": 37017,
      "rsId": "tgtShard_1",
      "state": "FAILED",
      "stateUpdateTime": 1790969516
    },
    {
      "error": null,
      "hostname": "rmdb9",
      "id": "rmdb9:37017",
      "port": 37017,
      "rsId": "tgtShard_1",
      "state": "FAILED",
      "stateUpdateTime": 1790969516
    },
    {
      "error": null,
      "hostname": "rmdb4",
      "id": "rmdb4:37017",
      "port": 37017,
      "rsId": "tgtShard_1",
      "state": "FAILED",
      "stateUpdateTime": 1790969516
    },
    {
      "error": null,
      "hostname": "rmdb2",
      "id": "rmdb2:37017",
      "port": 37017,
      "rsId": "tgtShard_1",
      "state": "FAILED",
      "stateUpdateTime": 1790969516
    },
    {
      "error": null,
      "hostname": "rmdb8",
      "id": "rmdb8:37017",
      "port": 37017,
      "rsId": "tgtShard_0",
      "state": "FAILED",
      "stateUpdateTime": 1790969516
    },
    {
      "error": null,
      "hostname": "rmdb13",
      "id": "rmdb13:37017",
      "port": 37017,
      "rsId": "tgtShard_0",
      "state": "FAILED",
      "stateUpdateTime": 1790969516
    },
    {
      "error": "<tgtCluster_tgtShard_0_42> [15:29:05.042] Plan execution failed on step MakeBackupDataAvailable as part of move RestoreRsMemberFromBackupPhase1 : <tgtCluster_tgtShard_0_42> [15:29:05.042] Failed to apply action. Result = <nil> : <tgtCluster_tgtShard_0_42> [15:29:05.042] Failed to download the snapshot : <tgtCluster_tgtShard_0_42> [15:29:05.042] Error while waiting for third party to copy backup to /fimongo1/data : <tgtCluster_tgtShard_0_42> [15:29:05.042] Observed error when trying to mark node as ready for copy files. : <tgtCluster_tgtShard_0_42> [15:29:05.042] Got return status 404 Not Found when trying to mark node ready for copy files.",
      "hostname": "rmdb1",
      "id": "rmdb1:37017",
      "port": 37017,
      "rsId": "tgtShard_0",
      "state": "FAILED",
      "stateUpdateTime": 1790969516
    },
    {
      "error": null,
      "hostname": "rmdb3",
      "id": "rmdb3:37017",
      "port": 37017,
      "rsId": "tgtShard_0",
      "state": "FAILED",
      "stateUpdateTime": 1790969516
    },
    {
      "error": null,
      "hostname": "rmdb11",
      "id": "rmdb11:37017",
      "port": 37017,
      "rsId": "tgtShard_0",
      "state": "FAILED",
      "stateUpdateTime": 1790969516
    },
    {
      "error": null,
      "hostname": "rmdb7",
      "id": "rmdb7:37017",
      "port": 37017,
      "rsId": "tgtconfigRS",
      "state": "FAILED",
      "stateUpdateTime": 1790969516
    },
    {
      "error": null,
      "hostname": "rmdb-config1",
      "id": "rmdb-config1:37017",
      "port": 37017,
      "rsId": "tgtconfigRS",
      "state": "FAILED",
      "stateUpdateTime": 1790969516
    },
    {
      "error": null,
      "hostname": "rmdb-config2",
      "id": "rmdb-config2:37017",
      "port": 37017,
      "rsId": "tgtconfigRS",
      "state": "FAILED",
      "stateUpdateTime": 1790969516
    }
  ],
  "state": "FAILED"
}
2026-10-02 14:32:03,518 [INFO] Restore state: FAILED
2026-10-02 14:32:13,519 [DEBUG] API GET http://129.40.36.100:8080/api/public/v1.0/backup/third_party/group/6a386221ee19a6537cc68a97/restore/6abf3847457a6b80701899fb
2026-10-02 14:32:13,678 [DEBUG] STATUS 200
2026-10-02 14:32:13,678 [DEBUG] {
  "clusterMapping": [
    {
      "rsId": "sgcShard_0",
      "targetRsId": "tgtShard_0"
    },
    {
      "rsId": "sgcShard_1",
      "targetRsId": "tgtShard_1"
    },
    {
      "rsId": "configRS",
      "targetRsId": "tgtconfigRS"
    }
  ],
  "nodes": [
    {
      "error": null,
      "hostname": "rmdb12",
      "id": "rmdb12:37017",
      "port": 37017,
      "rsId": "tgtShard_1",
      "state": "FAILED",
      "stateUpdateTime": 1790969516
    },
    {
      "error": null,
      "hostname": "rmdb14",
      "id": "rmdb14:37017",
      "port": 37017,
      "rsId": "tgtShard_1",
      "state": "FAILED",
      "stateUpdateTime": 1790969516
    },
    {
      "error": null,
      "hostname": "rmdb9",
      "id": "rmdb9:37017",
      "port": 37017,
      "rsId": "tgtShard_1",
      "state": "FAILED",
      "stateUpdateTime": 1790969516
    },
    {
      "error": null,
      "hostname": "rmdb4",
      "id": "rmdb4:37017",
      "port": 37017,
      "rsId": "tgtShard_1",
      "state": "FAILED",
      "stateUpdateTime": 1790969516
    },
    {
      "error": null,
      "hostname": "rmdb2",
      "id": "rmdb2:37017",
      "port": 37017,
      "rsId": "tgtShard_1",
      "state": "FAILED",
      "stateUpdateTime": 1790969516
    },
    {
      "error": null,
      "hostname": "rmdb8",
      "id": "rmdb8:37017",
      "port": 37017,
      "rsId": "tgtShard_0",
      "state": "FAILED",
      "stateUpdateTime": 1790969516
    },
    {
      "error": null,
      "hostname": "rmdb13",
      "id": "rmdb13:37017",
      "port": 37017,
      "rsId": "tgtShard_0",
      "state": "FAILED",
      "stateUpdateTime": 1790969516
    },
    {
      "error": "<tgtCluster_tgtShard_0_42> [15:29:05.042] Plan execution failed on step MakeBackupDataAvailable as part of move RestoreRsMemberFromBackupPhase1 : <tgtCluster_tgtShard_0_42> [15:29:05.042] Failed to apply action. Result = <nil> : <tgtCluster_tgtShard_0_42> [15:29:05.042] Failed to download the snapshot : <tgtCluster_tgtShard_0_42> [15:29:05.042] Error while waiting for third party to copy backup to /fimongo1/data : <tgtCluster_tgtShard_0_42> [15:29:05.042] Observed error when trying to mark node as ready for copy files. : <tgtCluster_tgtShard_0_42> [15:29:05.042] Got return status 404 Not Found when trying to mark node ready for copy files.",
      "hostname": "rmdb1",
      "id": "rmdb1:37017",
      "port": 37017,
      "rsId": "tgtShard_0",
      "state": "FAILED",
      "stateUpdateTime": 1790969516
    },
    {
      "error": null,
      "hostname": "rmdb3",
      "id": "rmdb3:37017",
      "port": 37017,
      "rsId": "tgtShard_0",
      "state": "FAILED",
      "stateUpdateTime": 1790969516
    },
    {
      "error": null,
      "hostname": "rmdb11",
      "id": "rmdb11:37017",
      "port": 37017,
      "rsId": "tgtShard_0",
      "state": "FAILED",
      "stateUpdateTime": 1790969516
    },
    {
      "error": null,
      "hostname": "rmdb7",
      "id": "rmdb7:37017",
      "port": 37017,
      "rsId": "tgtconfigRS",
      "state": "FAILED",
      "stateUpdateTime": 1790969516
    },
    {
      "error": null,
      "hostname": "rmdb-config1",
      "id": "rmdb-config1:37017",
      "port": 37017,
      "rsId": "tgtconfigRS",
      "state": "FAILED",
      "stateUpdateTime": 1790969516
    },
    {
      "error": null,
      "hostname": "rmdb-config2",
      "id": "rmdb-config2:37017",
      "port": 37017,
      "rsId": "tgtconfigRS",
      "state": "FAILED",
      "stateUpdateTime": 1790969516
    }
  ],
  "state": "FAILED"
}
2026-10-02 14:32:13,679 [INFO] Restore state: FAILED
2026-10-02 14:32:23,680 [DEBUG] API GET http://129.40.36.100:8080/api/public/v1.0/backup/third_party/group/6a386221ee19a6537cc68a97/restore/6abf3847457a6b80701899fb
2026-10-02 14:32:23,824 [DEBUG] STATUS 200
2026-10-02 14:32:23,824 [DEBUG] {
  "clusterMapping": [
    {
      "rsId": "sgcShard_0",
      "targetRsId": "tgtShard_0"
    },
    {
      "rsId": "sgcShard_1",
      "targetRsId": "tgtShard_1"
    },
    {
      "rsId": "configRS",
      "targetRsId": "tgtconfigRS"
    }
  ],
  "nodes": [
    {
      "error": null,
      "hostname": "rmdb12",
      "id": "rmdb12:37017",
      "port": 37017,
      "rsId": "tgtShard_1",
      "state": "FAILED",
      "stateUpdateTime": 1790969516
    },
    {
      "error": null,
      "hostname": "rmdb14",
      "id": "rmdb14:37017",
      "port": 37017,
      "rsId": "tgtShard_1",
      "state": "FAILED",
      "stateUpdateTime": 1790969516
    },
    {
      "error": null,
      "hostname": "rmdb9",
      "id": "rmdb9:37017",
      "port": 37017,
      "rsId": "tgtShard_1",
      "state": "FAILED",
      "stateUpdateTime": 1790969516
    },
    {
      "error": null,
      "hostname": "rmdb4",
      "id": "rmdb4:37017",
      "port": 37017,
      "rsId": "tgtShard_1",
      "state": "FAILED",
      "stateUpdateTime": 1790969516
    },
    {
      "error": null,
      "hostname": "rmdb2",
      "id": "rmdb2:37017",
      "port": 37017,
      "rsId": "tgtShard_1",
      "state": "FAILED",
      "stateUpdateTime": 1790969516
    },
    {
      "error": null,
      "hostname": "rmdb8",
      "id": "rmdb8:37017",
      "port": 37017,
      "rsId": "tgtShard_0",
      "state": "FAILED",
      "stateUpdateTime": 1790969516
    },
    {
      "error": null,
      "hostname": "rmdb13",
      "id": "rmdb13:37017",
      "port": 37017,
      "rsId": "tgtShard_0",
      "state": "FAILED",
      "stateUpdateTime": 1790969516
    },
    {
      "error": "<tgtCluster_tgtShard_0_42> [15:29:05.042] Plan execution failed on step MakeBackupDataAvailable as part of move RestoreRsMemberFromBackupPhase1 : <tgtCluster_tgtShard_0_42> [15:29:05.042] Failed to apply action. Result = <nil> : <tgtCluster_tgtShard_0_42> [15:29:05.042] Failed to download the snapshot : <tgtCluster_tgtShard_0_42> [15:29:05.042] Error while waiting for third party to copy backup to /fimongo1/data : <tgtCluster_tgtShard_0_42> [15:29:05.042] Observed error when trying to mark node as ready for copy files. : <tgtCluster_tgtShard_0_42> [15:29:05.042] Got return status 404 Not Found when trying to mark node ready for copy files.",
      "hostname": "rmdb1",
      "id": "rmdb1:37017",
      "port": 37017,
      "rsId": "tgtShard_0",
      "state": "FAILED",
      "stateUpdateTime": 1790969516
    },
    {
      "error": null,
      "hostname": "rmdb3",
      "id": "rmdb3:37017",
      "port": 37017,
      "rsId": "tgtShard_0",
      "state": "FAILED",
      "stateUpdateTime": 1790969516
    },
    {
      "error": null,
      "hostname": "rmdb11",
      "id": "rmdb11:37017",
      "port": 37017,
      "rsId": "tgtShard_0",
      "state": "FAILED",
      "stateUpdateTime": 1790969516
    },
    {
      "error": null,
      "hostname": "rmdb7",
      "id": "rmdb7:37017",
      "port": 37017,
      "rsId": "tgtconfigRS",
      "state": "FAILED",
      "stateUpdateTime": 1790969516
    },
    {
      "error": null,
      "hostname": "rmdb-config1",
      "id": "rmdb-config1:37017",
      "port": 37017,
      "rsId": "tgtconfigRS",
      "state": "FAILED",
      "stateUpdateTime": 1790969516
    },
    {
      "error": null,
      "hostname": "rmdb-config2",
      "id": "rmdb-config2:37017",
      "port": 37017,
      "rsId": "tgtconfigRS",
      "state": "FAILED",
      "stateUpdateTime": 1790969516
    }
  ],
  "state": "FAILED"
}
2026-10-02 14:32:23,825 [INFO] Restore state: FAILED
2026-10-02 14:32:33,825 [DEBUG] API GET http://129.40.36.100:8080/api/public/v1.0/backup/third_party/group/6a386221ee19a6537cc68a97/restore/6abf3847457a6b80701899fb
2026-10-02 14:32:33,969 [DEBUG] STATUS 200
2026-10-02 14:32:33,969 [DEBUG] {
  "clusterMapping": [
    {
      "rsId": "sgcShard_0",
      "targetRsId": "tgtShard_0"
    },
    {
      "rsId": "sgcShard_1",
      "targetRsId": "tgtShard_1"
    },
    {
      "rsId": "configRS",
      "targetRsId": "tgtconfigRS"
    }
  ],
  "nodes": [
    {
      "error": null,
      "hostname": "rmdb12",
      "id": "rmdb12:37017",
      "port": 37017,
      "rsId": "tgtShard_1",
      "state": "FAILED",
      "stateUpdateTime": 1790969516
    },
    {
      "error": null,
      "hostname": "rmdb14",
      "id": "rmdb14:37017",
      "port": 37017,
      "rsId": "tgtShard_1",
      "state": "FAILED",
      "stateUpdateTime": 1790969516
    },
    {
      "error": null,
      "hostname": "rmdb9",
      "id": "rmdb9:37017",
      "port": 37017,
      "rsId": "tgtShard_1",
      "state": "FAILED",
      "stateUpdateTime": 1790969516
    },
    {
      "error": null,
      "hostname": "rmdb4",
      "id": "rmdb4:37017",
      "port": 37017,
      "rsId": "tgtShard_1",
      "state": "FAILED",
      "stateUpdateTime": 1790969516
    },
    {
      "error": null,
      "hostname": "rmdb2",
      "id": "rmdb2:37017",
      "port": 37017,
      "rsId": "tgtShard_1",
      "state": "FAILED",
      "stateUpdateTime": 1790969516
    },
    {
      "error": null,
      "hostname": "rmdb8",
      "id": "rmdb8:37017",
      "port": 37017,
      "rsId": "tgtShard_0",
      "state": "FAILED",
      "stateUpdateTime": 1790969516
    },
    {
      "error": null,
      "hostname": "rmdb13",
      "id": "rmdb13:37017",
      "port": 37017,
      "rsId": "tgtShard_0",
      "state": "FAILED",
      "stateUpdateTime": 1790969516
    },
    {
      "error": "<tgtCluster_tgtShard_0_42> [15:29:05.042] Plan execution failed on step MakeBackupDataAvailable as part of move RestoreRsMemberFromBackupPhase1 : <tgtCluster_tgtShard_0_42> [15:29:05.042] Failed to apply action. Result = <nil> : <tgtCluster_tgtShard_0_42> [15:29:05.042] Failed to download the snapshot : <tgtCluster_tgtShard_0_42> [15:29:05.042] Error while waiting for third party to copy backup to /fimongo1/data : <tgtCluster_tgtShard_0_42> [15:29:05.042] Observed error when trying to mark node as ready for copy files. : <tgtCluster_tgtShard_0_42> [15:29:05.042] Got return status 404 Not Found when trying to mark node ready for copy files.",
      "hostname": "rmdb1",
      "id": "rmdb1:37017",
      "port": 37017,
      "rsId": "tgtShard_0",
      "state": "FAILED",
      "stateUpdateTime": 1790969516
    },
    {
      "error": null,
      "hostname": "rmdb3",
      "id": "rmdb3:37017",
      "port": 37017,
      "rsId": "tgtShard_0",
      "state": "FAILED",
      "stateUpdateTime": 1790969516
    },
    {
      "error": null,
      "hostname": "rmdb11",
      "id": "rmdb11:37017",
      "port": 37017,
      "rsId": "tgtShard_0",
      "state": "FAILED",
      "stateUpdateTime": 1790969516
    },
    {
      "error": null,
      "hostname": "rmdb7",
      "id": "rmdb7:37017",
      "port": 37017,
      "rsId": "tgtconfigRS",
      "state": "FAILED",
      "stateUpdateTime": 1790969516
    },
    {
      "error": null,
      "hostname": "rmdb-config1",
      "id": "rmdb-config1:37017",
      "port": 37017,
      "rsId": "tgtconfigRS",
      "state": "FAILED",
      "stateUpdateTime": 1790969516
    },
    {
      "error": null,
      "hostname": "rmdb-config2",
      "id": "rmdb-config2:37017",
      "port": 37017,
      "rsId": "tgtconfigRS",
      "state": "FAILED",
      "stateUpdateTime": 1790969516
    }
  ],
  "state": "FAILED"
}
2026-10-02 14:32:33,970 [INFO] Restore state: FAILED
2026-10-02 14:32:43,970 [DEBUG] API GET http://129.40.36.100:8080/api/public/v1.0/backup/third_party/group/6a386221ee19a6537cc68a97/restore/6abf3847457a6b80701899fb
2026-10-02 14:32:44,180 [DEBUG] STATUS 200
2026-10-02 14:32:44,181 [DEBUG] {
  "clusterMapping": [
    {
      "rsId": "sgcShard_0",
      "targetRsId": "tgtShard_0"
    },
    {
      "rsId": "sgcShard_1",
      "targetRsId": "tgtShard_1"
    },
    {
      "rsId": "configRS",
      "targetRsId": "tgtconfigRS"
    }
  ],
  "nodes": [
    {
      "error": null,
      "hostname": "rmdb12",
      "id": "rmdb12:37017",
      "port": 37017,
      "rsId": "tgtShard_1",
      "state": "FAILED",
      "stateUpdateTime": 1790969516
    },
    {
      "error": null,
      "hostname": "rmdb14",
      "id": "rmdb14:37017",
      "port": 37017,
      "rsId": "tgtShard_1",
      "state": "FAILED",
      "stateUpdateTime": 1790969516
    },
    {
      "error": null,
      "hostname": "rmdb9",
      "id": "rmdb9:37017",
      "port": 37017,
      "rsId": "tgtShard_1",
      "state": "FAILED",
      "stateUpdateTime": 1790969516
    },
    {
      "error": null,
      "hostname": "rmdb4",
      "id": "rmdb4:37017",
      "port": 37017,
      "rsId": "tgtShard_1",
      "state": "FAILED",
      "stateUpdateTime": 1790969516
    },
    {
      "error": null,
      "hostname": "rmdb2",
      "id": "rmdb2:37017",
      "port": 37017,
      "rsId": "tgtShard_1",
      "state": "FAILED",
      "stateUpdateTime": 1790969516
    },
    {
      "error": null,
      "hostname": "rmdb8",
      "id": "rmdb8:37017",
      "port": 37017,
      "rsId": "tgtShard_0",
      "state": "FAILED",
      "stateUpdateTime": 1790969516
    },
    {
      "error": null,
      "hostname": "rmdb13",
      "id": "rmdb13:37017",
      "port": 37017,
      "rsId": "tgtShard_0",
      "state": "FAILED",
      "stateUpdateTime": 1790969516
    },
    {
      "error": "<tgtCluster_tgtShard_0_42> [15:29:05.042] Plan execution failed on step MakeBackupDataAvailable as part of move RestoreRsMemberFromBackupPhase1 : <tgtCluster_tgtShard_0_42> [15:29:05.042] Failed to apply action. Result = <nil> : <tgtCluster_tgtShard_0_42> [15:29:05.042] Failed to download the snapshot : <tgtCluster_tgtShard_0_42> [15:29:05.042] Error while waiting for third party to copy backup to /fimongo1/data : <tgtCluster_tgtShard_0_42> [15:29:05.042] Observed error when trying to mark node as ready for copy files. : <tgtCluster_tgtShard_0_42> [15:29:05.042] Got return status 404 Not Found when trying to mark node ready for copy files.",
      "hostname": "rmdb1",
      "id": "rmdb1:37017",
      "port": 37017,
      "rsId": "tgtShard_0",
      "state": "FAILED",
      "stateUpdateTime": 1790969516
    },
    {
      "error": null,
      "hostname": "rmdb3",
      "id": "rmdb3:37017",
      "port": 37017,
      "rsId": "tgtShard_0",
      "state": "FAILED",
      "stateUpdateTime": 1790969516
    },
    {
      "error": null,
      "hostname": "rmdb11",
      "id": "rmdb11:37017",
      "port": 37017,
      "rsId": "tgtShard_0",
      "state": "FAILED",
      "stateUpdateTime": 1790969516
    },
    {
      "error": null,
      "hostname": "rmdb7",
      "id": "rmdb7:37017",
      "port": 37017,
      "rsId": "tgtconfigRS",
      "state": "FAILED",
      "stateUpdateTime": 1790969516
    },
    {
      "error": null,
      "hostname": "rmdb-config1",
      "id": "rmdb-config1:37017",
      "port": 37017,
      "rsId": "tgtconfigRS",
      "state": "FAILED",
      "stateUpdateTime": 1790969516
    },
    {
      "error": null,
      "hostname": "rmdb-config2",
      "id": "rmdb-config2:37017",
      "port": 37017,
      "rsId": "tgtconfigRS",
      "state": "FAILED",
      "stateUpdateTime": 1790969516
    }
  ],
  "state": "FAILED"
}
2026-10-02 14:32:44,182 [INFO] Restore state: FAILED
2026-10-02 14:32:54,183 [DEBUG] API GET http://129.40.36.100:8080/api/public/v1.0/backup/third_party/group/6a386221ee19a6537cc68a97/restore/6abf3847457a6b80701899fb
2026-10-02 14:32:54,323 [DEBUG] STATUS 200
2026-10-02 14:32:54,323 [DEBUG] {
  "clusterMapping": [
    {
      "rsId": "sgcShard_0",
      "targetRsId": "tgtShard_0"
    },
    {
      "rsId": "sgcShard_1",
      "targetRsId": "tgtShard_1"
    },
    {
      "rsId": "configRS",
      "targetRsId": "tgtconfigRS"
    }
  ],
  "nodes": [
    {
      "error": null,
      "hostname": "rmdb12",
      "id": "rmdb12:37017",
      "port": 37017,
      "rsId": "tgtShard_1",
      "state": "FAILED",
      "stateUpdateTime": 1790969516
    },
    {
      "error": null,
      "hostname": "rmdb14",
      "id": "rmdb14:37017",
      "port": 37017,
      "rsId": "tgtShard_1",
      "state": "FAILED",
      "stateUpdateTime": 1790969516
    },
    {
      "error": null,
      "hostname": "rmdb9",
      "id": "rmdb9:37017",
      "port": 37017,
      "rsId": "tgtShard_1",
      "state": "FAILED",
      "stateUpdateTime": 1790969516
    },
    {
      "error": null,
      "hostname": "rmdb4",
      "id": "rmdb4:37017",
      "port": 37017,
      "rsId": "tgtShard_1",
      "state": "FAILED",
      "stateUpdateTime": 1790969516
    },
    {
      "error": null,
      "hostname": "rmdb2",
      "id": "rmdb2:37017",
      "port": 37017,
      "rsId": "tgtShard_1",
      "state": "FAILED",
      "stateUpdateTime": 1790969516
    },
    {
      "error": null,
      "hostname": "rmdb8",
      "id": "rmdb8:37017",
      "port": 37017,
      "rsId": "tgtShard_0",
      "state": "FAILED",
      "stateUpdateTime": 1790969516
    },
    {
      "error": null,
      "hostname": "rmdb13",
      "id": "rmdb13:37017",
      "port": 37017,
      "rsId": "tgtShard_0",
      "state": "FAILED",
      "stateUpdateTime": 1790969516
    },
    {
      "error": "<tgtCluster_tgtShard_0_42> [15:29:05.042] Plan execution failed on step MakeBackupDataAvailable as part of move RestoreRsMemberFromBackupPhase1 : <tgtCluster_tgtShard_0_42> [15:29:05.042] Failed to apply action. Result = <nil> : <tgtCluster_tgtShard_0_42> [15:29:05.042] Failed to download the snapshot : <tgtCluster_tgtShard_0_42> [15:29:05.042] Error while waiting for third party to copy backup to /fimongo1/data : <tgtCluster_tgtShard_0_42> [15:29:05.042] Observed error when trying to mark node as ready for copy files. : <tgtCluster_tgtShard_0_42> [15:29:05.042] Got return status 404 Not Found when trying to mark node ready for copy files.",
      "hostname": "rmdb1",
      "id": "rmdb1:37017",
      "port": 37017,
      "rsId": "tgtShard_0",
      "state": "FAILED",
      "stateUpdateTime": 1790969516
    },
    {
      "error": null,
      "hostname": "rmdb3",
      "id": "rmdb3:37017",
      "port": 37017,
      "rsId": "tgtShard_0",
      "state": "FAILED",
      "stateUpdateTime": 1790969516
    },
    {
      "error": null,
      "hostname": "rmdb11",
      "id": "rmdb11:37017",
      "port": 37017,
      "rsId": "tgtShard_0",
      "state": "FAILED",
      "stateUpdateTime": 1790969516
    },
    {
      "error": null,
      "hostname": "rmdb7",
      "id": "rmdb7:37017",
      "port": 37017,
      "rsId": "tgtconfigRS",
      "state": "FAILED",
      "stateUpdateTime": 1790969516
    },
    {
      "error": null,
      "hostname": "rmdb-config1",
      "id": "rmdb-config1:37017",
      "port": 37017,
      "rsId": "tgtconfigRS",
      "state": "FAILED",
      "stateUpdateTime": 1790969516
    },
    {
      "error": null,
      "hostname": "rmdb-config2",
      "id": "rmdb-config2:37017",
      "port": 37017,
      "rsId": "tgtconfigRS",
      "state": "FAILED",
      "stateUpdateTime": 1790969516
    }
  ],
  "state": "FAILED"
}
2026-10-02 14:32:54,323 [INFO] Restore state: FAILED
2026-10-02 14:33:04,324 [DEBUG] API GET http://129.40.36.100:8080/api/public/v1.0/backup/third_party/group/6a386221ee19a6537cc68a97/restore/6abf3847457a6b80701899fb
2026-10-02 14:33:04,465 [DEBUG] STATUS 200
2026-10-02 14:33:04,466 [DEBUG] {
  "clusterMapping": [
    {
      "rsId": "sgcShard_0",
      "targetRsId": "tgtShard_0"
    },
    {
      "rsId": "sgcShard_1",
      "targetRsId": "tgtShard_1"
    },
    {
      "rsId": "configRS",
      "targetRsId": "tgtconfigRS"
    }
  ],
  "nodes": [
    {
      "error": null,
      "hostname": "rmdb12",
      "id": "rmdb12:37017",
      "port": 37017,
      "rsId": "tgtShard_1",
      "state": "FAILED",
      "stateUpdateTime": 1790969516
    },
    {
      "error": null,
      "hostname": "rmdb14",
      "id": "rmdb14:37017",
      "port": 37017,
      "rsId": "tgtShard_1",
      "state": "FAILED",
      "stateUpdateTime": 1790969516
    },
    {
      "error": null,
      "hostname": "rmdb9",
      "id": "rmdb9:37017",
      "port": 37017,
      "rsId": "tgtShard_1",
      "state": "FAILED",
      "stateUpdateTime": 1790969516
    },
    {
      "error": null,
      "hostname": "rmdb4",
      "id": "rmdb4:37017",
      "port": 37017,
      "rsId": "tgtShard_1",
      "state": "FAILED",
      "stateUpdateTime": 1790969516
    },
    {
      "error": null,
      "hostname": "rmdb2",
      "id": "rmdb2:37017",
      "port": 37017,
      "rsId": "tgtShard_1",
      "state": "FAILED",
      "stateUpdateTime": 1790969516
    },
    {
      "error": null,
      "hostname": "rmdb8",
      "id": "rmdb8:37017",
      "port": 37017,
      "rsId": "tgtShard_0",
      "state": "FAILED",
      "stateUpdateTime": 1790969516
    },
    {
      "error": null,
      "hostname": "rmdb13",
      "id": "rmdb13:37017",
      "port": 37017,
      "rsId": "tgtShard_0",
      "state": "FAILED",
      "stateUpdateTime": 1790969516
    },
    {
      "error": "<tgtCluster_tgtShard_0_42> [15:29:05.042] Plan execution failed on step MakeBackupDataAvailable as part of move RestoreRsMemberFromBackupPhase1 : <tgtCluster_tgtShard_0_42> [15:29:05.042] Failed to apply action. Result = <nil> : <tgtCluster_tgtShard_0_42> [15:29:05.042] Failed to download the snapshot : <tgtCluster_tgtShard_0_42> [15:29:05.042] Error while waiting for third party to copy backup to /fimongo1/data : <tgtCluster_tgtShard_0_42> [15:29:05.042] Observed error when trying to mark node as ready for copy files. : <tgtCluster_tgtShard_0_42> [15:29:05.042] Got return status 404 Not Found when trying to mark node ready for copy files.",
      "hostname": "rmdb1",
      "id": "rmdb1:37017",
      "port": 37017,
      "rsId": "tgtShard_0",
      "state": "FAILED",
      "stateUpdateTime": 1790969516
    },
    {
      "error": null,
      "hostname": "rmdb3",
      "id": "rmdb3:37017",
      "port": 37017,
      "rsId": "tgtShard_0",
      "state": "FAILED",
      "stateUpdateTime": 1790969516
    },
    {
      "error": null,
      "hostname": "rmdb11",
      "id": "rmdb11:37017",
      "port": 37017,
      "rsId": "tgtShard_0",
      "state": "FAILED",
      "stateUpdateTime": 1790969516
    },
    {
      "error": null,
      "hostname": "rmdb7",
      "id": "rmdb7:37017",
      "port": 37017,
      "rsId": "tgtconfigRS",
      "state": "FAILED",
      "stateUpdateTime": 1790969516
    },
    {
      "error": null,
      "hostname": "rmdb-config1",
      "id": "rmdb-config1:37017",
      "port": 37017,
      "rsId": "tgtconfigRS",
      "state": "FAILED",
      "stateUpdateTime": 1790969516
    },
    {
      "error": null,
      "hostname": "rmdb-config2",
      "id": "rmdb-config2:37017",
      "port": 37017,
      "rsId": "tgtconfigRS",
      "state": "FAILED",
      "stateUpdateTime": 1790969516
    }
  ],
  "state": "FAILED"
}
2026-10-02 14:33:04,466 [INFO] Restore state: FAILED
2026-10-02 14:33:14,466 [DEBUG] API GET http://129.40.36.100:8080/api/public/v1.0/backup/third_party/group/6a386221ee19a6537cc68a97/restore/6abf3847457a6b80701899fb
2026-10-02 14:33:14,609 [DEBUG] STATUS 200
2026-10-02 14:33:14,610 [DEBUG] {
  "clusterMapping": [
    {
      "rsId": "sgcShard_0",
      "targetRsId": "tgtShard_0"
    },
    {
      "rsId": "sgcShard_1",
      "targetRsId": "tgtShard_1"
    },
    {
      "rsId": "configRS",
      "targetRsId": "tgtconfigRS"
    }
  ],
  "nodes": [
    {
      "error": null,
      "hostname": "rmdb12",
      "id": "rmdb12:37017",
      "port": 37017,
      "rsId": "tgtShard_1",
      "state": "FAILED",
      "stateUpdateTime": 1790969516
    },
    {
      "error": null,
      "hostname": "rmdb14",
      "id": "rmdb14:37017",
      "port": 37017,
      "rsId": "tgtShard_1",
      "state": "FAILED",
      "stateUpdateTime": 1790969516
    },
    {
      "error": null,
      "hostname": "rmdb9",
      "id": "rmdb9:37017",
      "port": 37017,
      "rsId": "tgtShard_1",
      "state": "FAILED",
      "stateUpdateTime": 1790969516
    },
    {
      "error": null,
      "hostname": "rmdb4",
      "id": "rmdb4:37017",
      "port": 37017,
      "rsId": "tgtShard_1",
      "state": "FAILED",
      "stateUpdateTime": 1790969516
    },
    {
      "error": null,
      "hostname": "rmdb2",
      "id": "rmdb2:37017",
      "port": 37017,
      "rsId": "tgtShard_1",
      "state": "FAILED",
      "stateUpdateTime": 1790969516
    },
    {
      "error": null,
      "hostname": "rmdb8",
      "id": "rmdb8:37017",
      "port": 37017,
      "rsId": "tgtShard_0",
      "state": "FAILED",
      "stateUpdateTime": 1790969516
    },
    {
      "error": null,
      "hostname": "rmdb13",
      "id": "rmdb13:37017",
      "port": 37017,
      "rsId": "tgtShard_0",
      "state": "FAILED",
      "stateUpdateTime": 1790969516
    },
    {
      "error": "<tgtCluster_tgtShard_0_42> [15:29:05.042] Plan execution failed on step MakeBackupDataAvailable as part of move RestoreRsMemberFromBackupPhase1 : <tgtCluster_tgtShard_0_42> [15:29:05.042] Failed to apply action. Result = <nil> : <tgtCluster_tgtShard_0_42> [15:29:05.042] Failed to download the snapshot : <tgtCluster_tgtShard_0_42> [15:29:05.042] Error while waiting for third party to copy backup to /fimongo1/data : <tgtCluster_tgtShard_0_42> [15:29:05.042] Observed error when trying to mark node as ready for copy files. : <tgtCluster_tgtShard_0_42> [15:29:05.042] Got return status 404 Not Found when trying to mark node ready for copy files.",
      "hostname": "rmdb1",
      "id": "rmdb1:37017",
      "port": 37017,
      "rsId": "tgtShard_0",
      "state": "FAILED",
      "stateUpdateTime": 1790969516
    },
    {
      "error": null,
      "hostname": "rmdb3",
      "id": "rmdb3:37017",
      "port": 37017,
      "rsId": "tgtShard_0",
      "state": "FAILED",
      "stateUpdateTime": 1790969516
    },
    {
      "error": null,
      "hostname": "rmdb11",
      "id": "rmdb11:37017",
      "port": 37017,
      "rsId": "tgtShard_0",
      "state": "FAILED",
      "stateUpdateTime": 1790969516
    },
    {
      "error": null,
      "hostname": "rmdb7",
      "id": "rmdb7:37017",
      "port": 37017,
      "rsId": "tgtconfigRS",
      "state": "FAILED",
      "stateUpdateTime": 1790969516
    },
    {
      "error": null,
      "hostname": "rmdb-config1",
      "id": "rmdb-config1:37017",
      "port": 37017,
      "rsId": "tgtconfigRS",
      "state": "FAILED",
      "stateUpdateTime": 1790969516
    },
    {
      "error": null,
      "hostname": "rmdb-config2",
      "id": "rmdb-config2:37017",
      "port": 37017,
      "rsId": "tgtconfigRS",
      "state": "FAILED",
      "stateUpdateTime": 1790969516
    }
  ],
  "state": "FAILED"
}
2026-10-02 14:33:14,610 [INFO] Restore state: FAILED
2026-10-02 14:33:24,611 [DEBUG] API GET http://129.40.36.100:8080/api/public/v1.0/backup/third_party/group/6a386221ee19a6537cc68a97/restore/6abf3847457a6b80701899fb
2026-10-02 14:33:24,767 [DEBUG] STATUS 200
2026-10-02 14:33:24,767 [DEBUG] {
  "clusterMapping": [
    {
      "rsId": "sgcShard_0",
      "targetRsId": "tgtShard_0"
    },
    {
      "rsId": "sgcShard_1",
      "targetRsId": "tgtShard_1"
    },
    {
      "rsId": "configRS",
      "targetRsId": "tgtconfigRS"
    }
  ],
  "nodes": [
    {
      "error": null,
      "hostname": "rmdb12",
      "id": "rmdb12:37017",
      "port": 37017,
      "rsId": "tgtShard_1",
      "state": "FAILED",
      "stateUpdateTime": 1790969516
    },
    {
      "error": null,
      "hostname": "rmdb14",
      "id": "rmdb14:37017",
      "port": 37017,
      "rsId": "tgtShard_1",
      "state": "FAILED",
      "stateUpdateTime": 1790969516
    },
    {
      "error": null,
      "hostname": "rmdb9",
      "id": "rmdb9:37017",
      "port": 37017,
      "rsId": "tgtShard_1",
      "state": "FAILED",
      "stateUpdateTime": 1790969516
    },
    {
      "error": null,
      "hostname": "rmdb4",
      "id": "rmdb4:37017",
      "port": 37017,
      "rsId": "tgtShard_1",
      "state": "FAILED",
      "stateUpdateTime": 1790969516
    },
    {
      "error": null,
      "hostname": "rmdb2",
      "id": "rmdb2:37017",
      "port": 37017,
      "rsId": "tgtShard_1",
      "state": "FAILED",
      "stateUpdateTime": 1790969516
    },
    {
      "error": null,
      "hostname": "rmdb8",
      "id": "rmdb8:37017",
      "port": 37017,
      "rsId": "tgtShard_0",
      "state": "FAILED",
      "stateUpdateTime": 1790969516
    },
    {
      "error": null,
      "hostname": "rmdb13",
      "id": "rmdb13:37017",
      "port": 37017,
      "rsId": "tgtShard_0",
      "state": "FAILED",
      "stateUpdateTime": 1790969516
    },
    {
      "error": "<tgtCluster_tgtShard_0_42> [15:29:05.042] Plan execution failed on step MakeBackupDataAvailable as part of move RestoreRsMemberFromBackupPhase1 : <tgtCluster_tgtShard_0_42> [15:29:05.042] Failed to apply action. Result = <nil> : <tgtCluster_tgtShard_0_42> [15:29:05.042] Failed to download the snapshot : <tgtCluster_tgtShard_0_42> [15:29:05.042] Error while waiting for third party to copy backup to /fimongo1/data : <tgtCluster_tgtShard_0_42> [15:29:05.042] Observed error when trying to mark node as ready for copy files. : <tgtCluster_tgtShard_0_42> [15:29:05.042] Got return status 404 Not Found when trying to mark node ready for copy files.",
      "hostname": "rmdb1",
      "id": "rmdb1:37017",
      "port": 37017,
      "rsId": "tgtShard_0",
      "state": "FAILED",
      "stateUpdateTime": 1790969516
    },
    {
      "error": null,
      "hostname": "rmdb3",
      "id": "rmdb3:37017",
      "port": 37017,
      "rsId": "tgtShard_0",
      "state": "FAILED",
      "stateUpdateTime": 1790969516
    },
    {
      "error": null,
      "hostname": "rmdb11",
      "id": "rmdb11:37017",
      "port": 37017,
      "rsId": "tgtShard_0",
      "state": "FAILED",
      "stateUpdateTime": 1790969516
    },
    {
      "error": null,
      "hostname": "rmdb7",
      "id": "rmdb7:37017",
      "port": 37017,
      "rsId": "tgtconfigRS",
      "state": "FAILED",
      "stateUpdateTime": 1790969516
    },
    {
      "error": null,
      "hostname": "rmdb-config1",
      "id": "rmdb-config1:37017",
      "port": 37017,
      "rsId": "tgtconfigRS",
      "state": "FAILED",
      "stateUpdateTime": 1790969516
    },
    {
      "error": null,
      "hostname": "rmdb-config2",
      "id": "rmdb-config2:37017",
      "port": 37017,
      "rsId": "tgtconfigRS",
      "state": "FAILED",
      "stateUpdateTime": 1790969516
    }
  ],
  "state": "FAILED"
}
2026-10-02 14:33:24,768 [INFO] Restore state: FAILED
2026-10-02 14:33:34,768 [DEBUG] API GET http://129.40.36.100:8080/api/public/v1.0/backup/third_party/group/6a386221ee19a6537cc68a97/restore/6abf3847457a6b80701899fb
2026-10-02 14:33:34,936 [DEBUG] STATUS 200
2026-10-02 14:33:34,936 [DEBUG] {
  "clusterMapping": [
    {
      "rsId": "sgcShard_0",
      "targetRsId": "tgtShard_0"
    },
    {
      "rsId": "sgcShard_1",
      "targetRsId": "tgtShard_1"
    },
    {
      "rsId": "configRS",
      "targetRsId": "tgtconfigRS"
    }
  ],
  "nodes": [
    {
      "error": null,
      "hostname": "rmdb12",
      "id": "rmdb12:37017",
      "port": 37017,
      "rsId": "tgtShard_1",
      "state": "FAILED",
      "stateUpdateTime": 1790969516
    },
    {
      "error": null,
      "hostname": "rmdb14",
      "id": "rmdb14:37017",
      "port": 37017,
      "rsId": "tgtShard_1",
      "state": "FAILED",
      "stateUpdateTime": 1790969516
    },
    {
      "error": null,
      "hostname": "rmdb9",
      "id": "rmdb9:37017",
      "port": 37017,
      "rsId": "tgtShard_1",
      "state": "FAILED",
      "stateUpdateTime": 1790969516
    },
    {
      "error": null,
      "hostname": "rmdb4",
      "id": "rmdb4:37017",
      "port": 37017,
      "rsId": "tgtShard_1",
      "state": "FAILED",
      "stateUpdateTime": 1790969516
    },
    {
      "error": null,
      "hostname": "rmdb2",
      "id": "rmdb2:37017",
      "port": 37017,
      "rsId": "tgtShard_1",
      "state": "FAILED",
      "stateUpdateTime": 1790969516
    },
    {
      "error": null,
      "hostname": "rmdb8",
      "id": "rmdb8:37017",
      "port": 37017,
      "rsId": "tgtShard_0",
      "state": "FAILED",
      "stateUpdateTime": 1790969516
    },
    {
      "error": null,
      "hostname": "rmdb13",
      "id": "rmdb13:37017",
      "port": 37017,
      "rsId": "tgtShard_0",
      "state": "FAILED",
      "stateUpdateTime": 1790969516
    },
    {
      "error": "<tgtCluster_tgtShard_0_42> [15:29:05.042] Plan execution failed on step MakeBackupDataAvailable as part of move RestoreRsMemberFromBackupPhase1 : <tgtCluster_tgtShard_0_42> [15:29:05.042] Failed to apply action. Result = <nil> : <tgtCluster_tgtShard_0_42> [15:29:05.042] Failed to download the snapshot : <tgtCluster_tgtShard_0_42> [15:29:05.042] Error while waiting for third party to copy backup to /fimongo1/data : <tgtCluster_tgtShard_0_42> [15:29:05.042] Observed error when trying to mark node as ready for copy files. : <tgtCluster_tgtShard_0_42> [15:29:05.042] Got return status 404 Not Found when trying to mark node ready for copy files.",
      "hostname": "rmdb1",
      "id": "rmdb1:37017",
      "port": 37017,
      "rsId": "tgtShard_0",
      "state": "FAILED",
      "stateUpdateTime": 1790969516
    },
    {
      "error": null,
      "hostname": "rmdb3",
      "id": "rmdb3:37017",
      "port": 37017,
      "rsId": "tgtShard_0",
      "state": "FAILED",
      "stateUpdateTime": 1790969516
    },
    {
      "error": null,
      "hostname": "rmdb11",
      "id": "rmdb11:37017",
      "port": 37017,
      "rsId": "tgtShard_0",
      "state": "FAILED",
      "stateUpdateTime": 1790969516
    },
    {
      "error": null,
      "hostname": "rmdb7",
      "id": "rmdb7:37017",
      "port": 37017,
      "rsId": "tgtconfigRS",
      "state": "FAILED",
      "stateUpdateTime": 1790969516
    },
    {
      "error": null,
      "hostname": "rmdb-config1",
      "id": "rmdb-config1:37017",
      "port": 37017,
      "rsId": "tgtconfigRS",
      "state": "FAILED",
      "stateUpdateTime": 1790969516
    },
    {
      "error": null,
      "hostname": "rmdb-config2",
      "id": "rmdb-config2:37017",
      "port": 37017,
      "rsId": "tgtconfigRS",
      "state": "FAILED",
      "stateUpdateTime": 1790969516
    }
  ],
  "state": "FAILED"
}
2026-10-02 14:33:34,937 [INFO] Restore state: FAILED
2026-10-02 14:33:44,937 [DEBUG] API GET http://129.40.36.100:8080/api/public/v1.0/backup/third_party/group/6a386221ee19a6537cc68a97/restore/6abf3847457a6b80701899fb
2026-10-02 14:33:45,133 [DEBUG] STATUS 200
2026-10-02 14:33:45,133 [DEBUG] {
  "clusterMapping": [
    {
      "rsId": "sgcShard_0",
      "targetRsId": "tgtShard_0"
    },
    {
      "rsId": "sgcShard_1",
      "targetRsId": "tgtShard_1"
    },
    {
      "rsId": "configRS",
      "targetRsId": "tgtconfigRS"
    }
  ],
  "nodes": [
    {
      "error": null,
      "hostname": "rmdb12",
      "id": "rmdb12:37017",
      "port": 37017,
      "rsId": "tgtShard_1",
      "state": "FAILED",
      "stateUpdateTime": 1790969516
    },
    {
      "error": null,
      "hostname": "rmdb14",
      "id": "rmdb14:37017",
      "port": 37017,
      "rsId": "tgtShard_1",
      "state": "FAILED",
      "stateUpdateTime": 1790969516
    },
    {
      "error": null,
      "hostname": "rmdb9",
      "id": "rmdb9:37017",
      "port": 37017,
      "rsId": "tgtShard_1",
      "state": "FAILED",
      "stateUpdateTime": 1790969516
    },
    {
      "error": null,
      "hostname": "rmdb4",
      "id": "rmdb4:37017",
      "port": 37017,
      "rsId": "tgtShard_1",
      "state": "FAILED",
      "stateUpdateTime": 1790969516
    },
    {
      "error": null,
      "hostname": "rmdb2",
      "id": "rmdb2:37017",
      "port": 37017,
      "rsId": "tgtShard_1",
      "state": "FAILED",
      "stateUpdateTime": 1790969516
    },
    {
      "error": null,
      "hostname": "rmdb8",
      "id": "rmdb8:37017",
      "port": 37017,
      "rsId": "tgtShard_0",
      "state": "FAILED",
      "stateUpdateTime": 1790969516
    },
    {
      "error": null,
      "hostname": "rmdb13",
      "id": "rmdb13:37017",
      "port": 37017,
      "rsId": "tgtShard_0",
      "state": "FAILED",
      "stateUpdateTime": 1790969516
    },
    {
      "error": "<tgtCluster_tgtShard_0_42> [15:29:05.042] Plan execution failed on step MakeBackupDataAvailable as part of move RestoreRsMemberFromBackupPhase1 : <tgtCluster_tgtShard_0_42> [15:29:05.042] Failed to apply action. Result = <nil> : <tgtCluster_tgtShard_0_42> [15:29:05.042] Failed to download the snapshot : <tgtCluster_tgtShard_0_42> [15:29:05.042] Error while waiting for third party to copy backup to /fimongo1/data : <tgtCluster_tgtShard_0_42> [15:29:05.042] Observed error when trying to mark node as ready for copy files. : <tgtCluster_tgtShard_0_42> [15:29:05.042] Got return status 404 Not Found when trying to mark node ready for copy files.",
      "hostname": "rmdb1",
      "id": "rmdb1:37017",
      "port": 37017,
      "rsId": "tgtShard_0",
      "state": "FAILED",
      "stateUpdateTime": 1790969516
    },
    {
      "error": null,
      "hostname": "rmdb3",
      "id": "rmdb3:37017",
      "port": 37017,
      "rsId": "tgtShard_0",
      "state": "FAILED",
      "stateUpdateTime": 1790969516
    },
    {
      "error": null,
      "hostname": "rmdb11",
      "id": "rmdb11:37017",
      "port": 37017,
      "rsId": "tgtShard_0",
      "state": "FAILED",
      "stateUpdateTime": 1790969516
    },
    {
      "error": null,
      "hostname": "rmdb7",
      "id": "rmdb7:37017",
      "port": 37017,
      "rsId": "tgtconfigRS",
      "state": "FAILED",
      "stateUpdateTime": 1790969516
    },
    {
      "error": null,
      "hostname": "rmdb-config1",
      "id": "rmdb-config1:37017",
      "port": 37017,
      "rsId": "tgtconfigRS",
      "state": "FAILED",
      "stateUpdateTime": 1790969516
    },
    {
      "error": null,
      "hostname": "rmdb-config2",
      "id": "rmdb-config2:37017",
      "port": 37017,
      "rsId": "tgtconfigRS",
      "state": "FAILED",
      "stateUpdateTime": 1790969516
    }
  ],
  "state": "FAILED"
}
2026-10-02 14:33:45,133 [INFO] Restore state: FAILED
2026-10-02 14:33:55,134 [DEBUG] API GET http://129.40.36.100:8080/api/public/v1.0/backup/third_party/group/6a386221ee19a6537cc68a97/restore/6abf3847457a6b80701899fb
2026-10-02 14:33:55,275 [DEBUG] STATUS 200
2026-10-02 14:33:55,276 [DEBUG] {
  "clusterMapping": [
    {
      "rsId": "sgcShard_0",
      "targetRsId": "tgtShard_0"
    },
    {
      "rsId": "sgcShard_1",
      "targetRsId": "tgtShard_1"
    },
    {
      "rsId": "configRS",
      "targetRsId": "tgtconfigRS"
    }
  ],
  "nodes": [
    {
      "error": null,
      "hostname": "rmdb12",
      "id": "rmdb12:37017",
      "port": 37017,
      "rsId": "tgtShard_1",
      "state": "FAILED",
      "stateUpdateTime": 1790969516
    },
    {
      "error": null,
      "hostname": "rmdb14",
      "id": "rmdb14:37017",
      "port": 37017,
      "rsId": "tgtShard_1",
      "state": "FAILED",
      "stateUpdateTime": 1790969516
    },
    {
      "error": null,
      "hostname": "rmdb9",
      "id": "rmdb9:37017",
      "port": 37017,
      "rsId": "tgtShard_1",
      "state": "FAILED",
      "stateUpdateTime": 1790969516
    },
    {
      "error": null,
      "hostname": "rmdb4",
      "id": "rmdb4:37017",
      "port": 37017,
      "rsId": "tgtShard_1",
      "state": "FAILED",
      "stateUpdateTime": 1790969516
    },
    {
      "error": null,
      "hostname": "rmdb2",
      "id": "rmdb2:37017",
      "port": 37017,
      "rsId": "tgtShard_1",
      "state": "FAILED",
      "stateUpdateTime": 1790969516
    },
    {
      "error": null,
      "hostname": "rmdb8",
      "id": "rmdb8:37017",
      "port": 37017,
      "rsId": "tgtShard_0",
      "state": "FAILED",
      "stateUpdateTime": 1790969516
    },
    {
      "error": null,
      "hostname": "rmdb13",
      "id": "rmdb13:37017",
      "port": 37017,
      "rsId": "tgtShard_0",
      "state": "FAILED",
      "stateUpdateTime": 1790969516
    },
    {
      "error": "<tgtCluster_tgtShard_0_42> [15:29:05.042] Plan execution failed on step MakeBackupDataAvailable as part of move RestoreRsMemberFromBackupPhase1 : <tgtCluster_tgtShard_0_42> [15:29:05.042] Failed to apply action. Result = <nil> : <tgtCluster_tgtShard_0_42> [15:29:05.042] Failed to download the snapshot : <tgtCluster_tgtShard_0_42> [15:29:05.042] Error while waiting for third party to copy backup to /fimongo1/data : <tgtCluster_tgtShard_0_42> [15:29:05.042] Observed error when trying to mark node as ready for copy files. : <tgtCluster_tgtShard_0_42> [15:29:05.042] Got return status 404 Not Found when trying to mark node ready for copy files.",
      "hostname": "rmdb1",
      "id": "rmdb1:37017",
      "port": 37017,
      "rsId": "tgtShard_0",
      "state": "FAILED",
      "stateUpdateTime": 1790969516
    },
    {
      "error": null,
      "hostname": "rmdb3",
      "id": "rmdb3:37017",
      "port": 37017,
      "rsId": "tgtShard_0",
      "state": "FAILED",
      "stateUpdateTime": 1790969516
    },
    {
      "error": null,
      "hostname": "rmdb11",
      "id": "rmdb11:37017",
      "port": 37017,
      "rsId": "tgtShard_0",
      "state": "FAILED",
      "stateUpdateTime": 1790969516
    },
    {
      "error": null,
      "hostname": "rmdb7",
      "id": "rmdb7:37017",
      "port": 37017,
      "rsId": "tgtconfigRS",
      "state": "FAILED",
      "stateUpdateTime": 1790969516
    },
    {
      "error": null,
      "hostname": "rmdb-config1",
      "id": "rmdb-config1:37017",
      "port": 37017,
      "rsId": "tgtconfigRS",
      "state": "FAILED",
      "stateUpdateTime": 1790969516
    },
    {
      "error": null,
      "hostname": "rmdb-config2",
      "id": "rmdb-config2:37017",
      "port": 37017,
      "rsId": "tgtconfigRS",
      "state": "FAILED",
      "stateUpdateTime": 1790969516
    }
  ],
  "state": "FAILED"
}
2026-10-02 14:33:55,276 [INFO] Restore state: FAILED
2026-10-02 14:34:05,276 [DEBUG] API GET http://129.40.36.100:8080/api/public/v1.0/backup/third_party/group/6a386221ee19a6537cc68a97/restore/6abf3847457a6b80701899fb
2026-10-02 14:34:05,418 [DEBUG] STATUS 200
2026-10-02 14:34:05,418 [DEBUG] {
  "clusterMapping": [
    {
      "rsId": "sgcShard_0",
      "targetRsId": "tgtShard_0"
    },
    {
      "rsId": "sgcShard_1",
      "targetRsId": "tgtShard_1"
    },
    {
      "rsId": "configRS",
      "targetRsId": "tgtconfigRS"
    }
  ],
  "nodes": [
    {
      "error": null,
      "hostname": "rmdb12",
      "id": "rmdb12:37017",
      "port": 37017,
      "rsId": "tgtShard_1",
      "state": "FAILED",
      "stateUpdateTime": 1790969516
    },
    {
      "error": null,
      "hostname": "rmdb14",
      "id": "rmdb14:37017",
      "port": 37017,
      "rsId": "tgtShard_1",
      "state": "FAILED",
      "stateUpdateTime": 1790969516
    },
    {
      "error": null,
      "hostname": "rmdb9",
      "id": "rmdb9:37017",
      "port": 37017,
      "rsId": "tgtShard_1",
      "state": "FAILED",
      "stateUpdateTime": 1790969516
    },
    {
      "error": null,
      "hostname": "rmdb4",
      "id": "rmdb4:37017",
      "port": 37017,
      "rsId": "tgtShard_1",
      "state": "FAILED",
      "stateUpdateTime": 1790969516
    },
    {
      "error": null,
      "hostname": "rmdb2",
      "id": "rmdb2:37017",
      "port": 37017,
      "rsId": "tgtShard_1",
      "state": "FAILED",
      "stateUpdateTime": 1790969516
    },
    {
      "error": null,
      "hostname": "rmdb8",
      "id": "rmdb8:37017",
      "port": 37017,
      "rsId": "tgtShard_0",
      "state": "FAILED",
      "stateUpdateTime": 1790969516
    },
    {
      "error": null,
      "hostname": "rmdb13",
      "id": "rmdb13:37017",
      "port": 37017,
      "rsId": "tgtShard_0",
      "state": "FAILED",
      "stateUpdateTime": 1790969516
    },
    {
      "error": "<tgtCluster_tgtShard_0_42> [15:29:05.042] Plan execution failed on step MakeBackupDataAvailable as part of move RestoreRsMemberFromBackupPhase1 : <tgtCluster_tgtShard_0_42> [15:29:05.042] Failed to apply action. Result = <nil> : <tgtCluster_tgtShard_0_42> [15:29:05.042] Failed to download the snapshot : <tgtCluster_tgtShard_0_42> [15:29:05.042] Error while waiting for third party to copy backup to /fimongo1/data : <tgtCluster_tgtShard_0_42> [15:29:05.042] Observed error when trying to mark node as ready for copy files. : <tgtCluster_tgtShard_0_42> [15:29:05.042] Got return status 404 Not Found when trying to mark node ready for copy files.",
      "hostname": "rmdb1",
      "id": "rmdb1:37017",
      "port": 37017,
      "rsId": "tgtShard_0",
      "state": "FAILED",
      "stateUpdateTime": 1790969516
    },
    {
      "error": null,
      "hostname": "rmdb3",
      "id": "rmdb3:37017",
      "port": 37017,
      "rsId": "tgtShard_0",
      "state": "FAILED",
      "stateUpdateTime": 1790969516
    },
    {
      "error": null,
      "hostname": "rmdb11",
      "id": "rmdb11:37017",
      "port": 37017,
      "rsId": "tgtShard_0",
      "state": "FAILED",
      "stateUpdateTime": 1790969516
    },
    {
      "error": null,
      "hostname": "rmdb7",
      "id": "rmdb7:37017",
      "port": 37017,
      "rsId": "tgtconfigRS",
      "state": "FAILED",
      "stateUpdateTime": 1790969516
    },
    {
      "error": null,
      "hostname": "rmdb-config1",
      "id": "rmdb-config1:37017",
      "port": 37017,
      "rsId": "tgtconfigRS",
      "state": "FAILED",
      "stateUpdateTime": 1790969516
    },
    {
      "error": null,
      "hostname": "rmdb-config2",
      "id": "rmdb-config2:37017",
      "port": 37017,
      "rsId": "tgtconfigRS",
      "state": "FAILED",
      "stateUpdateTime": 1790969516
    }
  ],
  "state": "FAILED"
}
2026-10-02 14:34:05,419 [INFO] Restore state: FAILED
2026-10-02 14:34:15,419 [DEBUG] API GET http://129.40.36.100:8080/api/public/v1.0/backup/third_party/group/6a386221ee19a6537cc68a97/restore/6abf3847457a6b80701899fb
2026-10-02 14:34:15,562 [DEBUG] STATUS 200
2026-10-02 14:34:15,562 [DEBUG] {
  "clusterMapping": [
    {
      "rsId": "sgcShard_0",
      "targetRsId": "tgtShard_0"
    },
    {
      "rsId": "sgcShard_1",
      "targetRsId": "tgtShard_1"
    },
    {
      "rsId": "configRS",
      "targetRsId": "tgtconfigRS"
    }
  ],
  "nodes": [
    {
      "error": null,
      "hostname": "rmdb12",
      "id": "rmdb12:37017",
      "port": 37017,
      "rsId": "tgtShard_1",
      "state": "FAILED",
      "stateUpdateTime": 1790969516
    },
    {
      "error": null,
      "hostname": "rmdb14",
      "id": "rmdb14:37017",
      "port": 37017,
      "rsId": "tgtShard_1",
      "state": "FAILED",
      "stateUpdateTime": 1790969516
    },
    {
      "error": null,
      "hostname": "rmdb9",
      "id": "rmdb9:37017",
      "port": 37017,
      "rsId": "tgtShard_1",
      "state": "FAILED",
      "stateUpdateTime": 1790969516
    },
    {
      "error": null,
      "hostname": "rmdb4",
      "id": "rmdb4:37017",
      "port": 37017,
      "rsId": "tgtShard_1",
      "state": "FAILED",
      "stateUpdateTime": 1790969516
    },
    {
      "error": null,
      "hostname": "rmdb2",
      "id": "rmdb2:37017",
      "port": 37017,
      "rsId": "tgtShard_1",
      "state": "FAILED",
      "stateUpdateTime": 1790969516
    },
    {
      "error": null,
      "hostname": "rmdb8",
      "id": "rmdb8:37017",
      "port": 37017,
      "rsId": "tgtShard_0",
      "state": "FAILED",
      "stateUpdateTime": 1790969516
    },
    {
      "error": null,
      "hostname": "rmdb13",
      "id": "rmdb13:37017",
      "port": 37017,
      "rsId": "tgtShard_0",
      "state": "FAILED",
      "stateUpdateTime": 1790969516
    },
    {
      "error": "<tgtCluster_tgtShard_0_42> [15:29:05.042] Plan execution failed on step MakeBackupDataAvailable as part of move RestoreRsMemberFromBackupPhase1 : <tgtCluster_tgtShard_0_42> [15:29:05.042] Failed to apply action. Result = <nil> : <tgtCluster_tgtShard_0_42> [15:29:05.042] Failed to download the snapshot : <tgtCluster_tgtShard_0_42> [15:29:05.042] Error while waiting for third party to copy backup to /fimongo1/data : <tgtCluster_tgtShard_0_42> [15:29:05.042] Observed error when trying to mark node as ready for copy files. : <tgtCluster_tgtShard_0_42> [15:29:05.042] Got return status 404 Not Found when trying to mark node ready for copy files.",
      "hostname": "rmdb1",
      "id": "rmdb1:37017",
      "port": 37017,
      "rsId": "tgtShard_0",
      "state": "FAILED",
      "stateUpdateTime": 1790969516
    },
    {
      "error": null,
      "hostname": "rmdb3",
      "id": "rmdb3:37017",
      "port": 37017,
      "rsId": "tgtShard_0",
      "state": "FAILED",
      "stateUpdateTime": 1790969516
    },
    {
      "error": null,
      "hostname": "rmdb11",
      "id": "rmdb11:37017",
      "port": 37017,
      "rsId": "tgtShard_0",
      "state": "FAILED",
      "stateUpdateTime": 1790969516
    },
    {
      "error": null,
      "hostname": "rmdb7",
      "id": "rmdb7:37017",
      "port": 37017,
      "rsId": "tgtconfigRS",
      "state": "FAILED",
      "stateUpdateTime": 1790969516
    },
    {
      "error": null,
      "hostname": "rmdb-config1",
      "id": "rmdb-config1:37017",
      "port": 37017,
      "rsId": "tgtconfigRS",
      "state": "FAILED",
      "stateUpdateTime": 1790969516
    },
    {
      "error": null,
      "hostname": "rmdb-config2",
      "id": "rmdb-config2:37017",
      "port": 37017,
      "rsId": "tgtconfigRS",
      "state": "FAILED",
      "stateUpdateTime": 1790969516
    }
  ],
  "state": "FAILED"
}
2026-10-02 14:34:15,562 [INFO] Restore state: FAILED
2026-10-02 14:34:25,563 [DEBUG] API GET http://129.40.36.100:8080/api/public/v1.0/backup/third_party/group/6a386221ee19a6537cc68a97/restore/6abf3847457a6b80701899fb
2026-10-02 14:34:25,720 [DEBUG] STATUS 200
2026-10-02 14:34:25,720 [DEBUG] {
  "clusterMapping": [
    {
      "rsId": "sgcShard_0",
      "targetRsId": "tgtShard_0"
    },
    {
      "rsId": "sgcShard_1",
      "targetRsId": "tgtShard_1"
    },
    {
      "rsId": "configRS",
      "targetRsId": "tgtconfigRS"
    }
  ],
  "nodes": [
    {
      "error": null,
      "hostname": "rmdb12",
      "id": "rmdb12:37017",
      "port": 37017,
      "rsId": "tgtShard_1",
      "state": "FAILED",
      "stateUpdateTime": 1790969516
    },
    {
      "error": null,
      "hostname": "rmdb14",
      "id": "rmdb14:37017",
      "port": 37017,
      "rsId": "tgtShard_1",
      "state": "FAILED",
      "stateUpdateTime": 1790969516
    },
    {
      "error": null,
      "hostname": "rmdb9",
      "id": "rmdb9:37017",
      "port": 37017,
      "rsId": "tgtShard_1",
      "state": "FAILED",
      "stateUpdateTime": 1790969516
    },
    {
      "error": null,
      "hostname": "rmdb4",
      "id": "rmdb4:37017",
      "port": 37017,
      "rsId": "tgtShard_1",
      "state": "FAILED",
      "stateUpdateTime": 1790969516
    },
    {
      "error": null,
      "hostname": "rmdb2",
      "id": "rmdb2:37017",
      "port": 37017,
      "rsId": "tgtShard_1",
      "state": "FAILED",
      "stateUpdateTime": 1790969516
    },
    {
      "error": null,
      "hostname": "rmdb8",
      "id": "rmdb8:37017",
      "port": 37017,
      "rsId": "tgtShard_0",
      "state": "FAILED",
      "stateUpdateTime": 1790969516
    },
    {
      "error": null,
      "hostname": "rmdb13",
      "id": "rmdb13:37017",
      "port": 37017,
      "rsId": "tgtShard_0",
      "state": "FAILED",
      "stateUpdateTime": 1790969516
    },
    {
      "error": "<tgtCluster_tgtShard_0_42> [15:29:05.042] Plan execution failed on step MakeBackupDataAvailable as part of move RestoreRsMemberFromBackupPhase1 : <tgtCluster_tgtShard_0_42> [15:29:05.042] Failed to apply action. Result = <nil> : <tgtCluster_tgtShard_0_42> [15:29:05.042] Failed to download the snapshot : <tgtCluster_tgtShard_0_42> [15:29:05.042] Error while waiting for third party to copy backup to /fimongo1/data : <tgtCluster_tgtShard_0_42> [15:29:05.042] Observed error when trying to mark node as ready for copy files. : <tgtCluster_tgtShard_0_42> [15:29:05.042] Got return status 404 Not Found when trying to mark node ready for copy files.",
      "hostname": "rmdb1",
      "id": "rmdb1:37017",
      "port": 37017,
      "rsId": "tgtShard_0",
      "state": "FAILED",
      "stateUpdateTime": 1790969516
    },
    {
      "error": null,
      "hostname": "rmdb3",
      "id": "rmdb3:37017",
      "port": 37017,
      "rsId": "tgtShard_0",
      "state": "FAILED",
      "stateUpdateTime": 1790969516
    },
    {
      "error": null,
      "hostname": "rmdb11",
      "id": "rmdb11:37017",
      "port": 37017,
      "rsId": "tgtShard_0",
      "state": "FAILED",
      "stateUpdateTime": 1790969516
    },
    {
      "error": null,
      "hostname": "rmdb7",
      "id": "rmdb7:37017",
      "port": 37017,
      "rsId": "tgtconfigRS",
      "state": "FAILED",
      "stateUpdateTime": 1790969516
    },
    {
      "error": null,
      "hostname": "rmdb-config1",
      "id": "rmdb-config1:37017",
      "port": 37017,
      "rsId": "tgtconfigRS",
      "state": "FAILED",
      "stateUpdateTime": 1790969516
    },
    {
      "error": null,
      "hostname": "rmdb-config2",
      "id": "rmdb-config2:37017",
      "port": 37017,
      "rsId": "tgtconfigRS",
      "state": "FAILED",
      "stateUpdateTime": 1790969516
    }
  ],
  "state": "FAILED"
}
2026-10-02 14:34:25,720 [INFO] Restore state: FAILED
2026-10-02 14:34:35,721 [DEBUG] API GET http://129.40.36.100:8080/api/public/v1.0/backup/third_party/group/6a386221ee19a6537cc68a97/restore/6abf3847457a6b80701899fb
2026-10-02 14:34:35,864 [DEBUG] STATUS 200
2026-10-02 14:34:35,864 [DEBUG] {
  "clusterMapping": [
    {
      "rsId": "sgcShard_0",
      "targetRsId": "tgtShard_0"
    },
    {
      "rsId": "sgcShard_1",
      "targetRsId": "tgtShard_1"
    },
    {
      "rsId": "configRS",
      "targetRsId": "tgtconfigRS"
    }
  ],
  "nodes": [
    {
      "error": null,
      "hostname": "rmdb12",
      "id": "rmdb12:37017",
      "port": 37017,
      "rsId": "tgtShard_1",
      "state": "FAILED",
      "stateUpdateTime": 1790969516
    },
    {
      "error": null,
      "hostname": "rmdb14",
      "id": "rmdb14:37017",
      "port": 37017,
      "rsId": "tgtShard_1",
      "state": "FAILED",
      "stateUpdateTime": 1790969516
    },
    {
      "error": null,
      "hostname": "rmdb9",
      "id": "rmdb9:37017",
      "port": 37017,
      "rsId": "tgtShard_1",
      "state": "FAILED",
      "stateUpdateTime": 1790969516
    },
    {
      "error": null,
      "hostname": "rmdb4",
      "id": "rmdb4:37017",
      "port": 37017,
      "rsId": "tgtShard_1",
      "state": "FAILED",
      "stateUpdateTime": 1790969516
    },
    {
      "error": null,
      "hostname": "rmdb2",
      "id": "rmdb2:37017",
      "port": 37017,
      "rsId": "tgtShard_1",
      "state": "FAILED",
      "stateUpdateTime": 1790969516
    },
    {
      "error": null,
      "hostname": "rmdb8",
      "id": "rmdb8:37017",
      "port": 37017,
      "rsId": "tgtShard_0",
      "state": "FAILED",
      "stateUpdateTime": 1790969516
    },
    {
      "error": null,
      "hostname": "rmdb13",
      "id": "rmdb13:37017",
      "port": 37017,
      "rsId": "tgtShard_0",
      "state": "FAILED",
      "stateUpdateTime": 1790969516
    },
    {
      "error": "<tgtCluster_tgtShard_0_42> [15:29:05.042] Plan execution failed on step MakeBackupDataAvailable as part of move RestoreRsMemberFromBackupPhase1 : <tgtCluster_tgtShard_0_42> [15:29:05.042] Failed to apply action. Result = <nil> : <tgtCluster_tgtShard_0_42> [15:29:05.042] Failed to download the snapshot : <tgtCluster_tgtShard_0_42> [15:29:05.042] Error while waiting for third party to copy backup to /fimongo1/data : <tgtCluster_tgtShard_0_42> [15:29:05.042] Observed error when trying to mark node as ready for copy files. : <tgtCluster_tgtShard_0_42> [15:29:05.042] Got return status 404 Not Found when trying to mark node ready for copy files.",
      "hostname": "rmdb1",
      "id": "rmdb1:37017",
      "port": 37017,
      "rsId": "tgtShard_0",
      "state": "FAILED",
      "stateUpdateTime": 1790969516
    },
    {
      "error": null,
      "hostname": "rmdb3",
      "id": "rmdb3:37017",
      "port": 37017,
      "rsId": "tgtShard_0",
      "state": "FAILED",
      "stateUpdateTime": 1790969516
    },
    {
      "error": null,
      "hostname": "rmdb11",
      "id": "rmdb11:37017",
      "port": 37017,
      "rsId": "tgtShard_0",
      "state": "FAILED",
      "stateUpdateTime": 1790969516
    },
    {
      "error": null,
      "hostname": "rmdb7",
      "id": "rmdb7:37017",
      "port": 37017,
      "rsId": "tgtconfigRS",
      "state": "FAILED",
      "stateUpdateTime": 1790969516
    },
    {
      "error": null,
      "hostname": "rmdb-config1",
      "id": "rmdb-config1:37017",
      "port": 37017,
      "rsId": "tgtconfigRS",
      "state": "FAILED",
      "stateUpdateTime": 1790969516
    },
    {
      "error": null,
      "hostname": "rmdb-config2",
      "id": "rmdb-config2:37017",
      "port": 37017,
      "rsId": "tgtconfigRS",
      "state": "FAILED",
      "stateUpdateTime": 1790969516
    }
  ],
  "state": "FAILED"
}
2026-10-02 14:34:35,864 [INFO] Restore state: FAILED
2026-10-02 14:34:45,865 [DEBUG] API GET http://129.40.36.100:8080/api/public/v1.0/backup/third_party/group/6a386221ee19a6537cc68a97/restore/6abf3847457a6b80701899fb
2026-10-02 14:34:46,060 [DEBUG] STATUS 200
2026-10-02 14:34:46,060 [DEBUG] {
  "clusterMapping": [
    {
      "rsId": "sgcShard_0",
      "targetRsId": "tgtShard_0"
    },
    {
      "rsId": "sgcShard_1",
      "targetRsId": "tgtShard_1"
    },
    {
      "rsId": "configRS",
      "targetRsId": "tgtconfigRS"
    }
  ],
  "nodes": [
    {
      "error": null,
      "hostname": "rmdb12",
      "id": "rmdb12:37017",
      "port": 37017,
      "rsId": "tgtShard_1",
      "state": "FAILED",
      "stateUpdateTime": 1790969516
    },
    {
      "error": null,
      "hostname": "rmdb14",
      "id": "rmdb14:37017",
      "port": 37017,
      "rsId": "tgtShard_1",
      "state": "FAILED",
      "stateUpdateTime": 1790969516
    },
    {
      "error": null,
      "hostname": "rmdb9",
      "id": "rmdb9:37017",
      "port": 37017,
      "rsId": "tgtShard_1",
      "state": "FAILED",
      "stateUpdateTime": 1790969516
    },
    {
      "error": null,
      "hostname": "rmdb4",
      "id": "rmdb4:37017",
      "port": 37017,
      "rsId": "tgtShard_1",
      "state": "FAILED",
      "stateUpdateTime": 1790969516
    },
    {
      "error": null,
      "hostname": "rmdb2",
      "id": "rmdb2:37017",
      "port": 37017,
      "rsId": "tgtShard_1",
      "state": "FAILED",
      "stateUpdateTime": 1790969516
    },
    {
      "error": null,
      "hostname": "rmdb8",
      "id": "rmdb8:37017",
      "port": 37017,
      "rsId": "tgtShard_0",
      "state": "FAILED",
      "stateUpdateTime": 1790969516
    },
    {
      "error": null,
      "hostname": "rmdb13",
      "id": "rmdb13:37017",
      "port": 37017,
      "rsId": "tgtShard_0",
      "state": "FAILED",
      "stateUpdateTime": 1790969516
    },
    {
      "error": "<tgtCluster_tgtShard_0_42> [15:29:05.042] Plan execution failed on step MakeBackupDataAvailable as part of move RestoreRsMemberFromBackupPhase1 : <tgtCluster_tgtShard_0_42> [15:29:05.042] Failed to apply action. Result = <nil> : <tgtCluster_tgtShard_0_42> [15:29:05.042] Failed to download the snapshot : <tgtCluster_tgtShard_0_42> [15:29:05.042] Error while waiting for third party to copy backup to /fimongo1/data : <tgtCluster_tgtShard_0_42> [15:29:05.042] Observed error when trying to mark node as ready for copy files. : <tgtCluster_tgtShard_0_42> [15:29:05.042] Got return status 404 Not Found when trying to mark node ready for copy files.",
      "hostname": "rmdb1",
      "id": "rmdb1:37017",
      "port": 37017,
      "rsId": "tgtShard_0",
      "state": "FAILED",
      "stateUpdateTime": 1790969516
    },
    {
      "error": null,
      "hostname": "rmdb3",
      "id": "rmdb3:37017",
      "port": 37017,
      "rsId": "tgtShard_0",
      "state": "FAILED",
      "stateUpdateTime": 1790969516
    },
    {
      "error": null,
      "hostname": "rmdb11",
      "id": "rmdb11:37017",
      "port": 37017,
      "rsId": "tgtShard_0",
      "state": "FAILED",
      "stateUpdateTime": 1790969516
    },
    {
      "error": null,
      "hostname": "rmdb7",
      "id": "rmdb7:37017",
      "port": 37017,
      "rsId": "tgtconfigRS",
      "state": "FAILED",
      "stateUpdateTime": 1790969516
    },
    {
      "error": null,
      "hostname": "rmdb-config1",
      "id": "rmdb-config1:37017",
      "port": 37017,
      "rsId": "tgtconfigRS",
      "state": "FAILED",
      "stateUpdateTime": 1790969516
    },
    {
      "error": null,
      "hostname": "rmdb-config2",
      "id": "rmdb-config2:37017",
      "port": 37017,
      "rsId": "tgtconfigRS",
      "state": "FAILED",
      "stateUpdateTime": 1790969516
    }
  ],
  "state": "FAILED"
}
2026-10-02 14:34:46,060 [INFO] Restore state: FAILED
2026-10-02 14:34:56,061 [DEBUG] API GET http://129.40.36.100:8080/api/public/v1.0/backup/third_party/group/6a386221ee19a6537cc68a97/restore/6abf3847457a6b80701899fb
2026-10-02 14:34:56,201 [DEBUG] STATUS 200
2026-10-02 14:34:56,202 [DEBUG] {
  "clusterMapping": [
    {
      "rsId": "sgcShard_0",
      "targetRsId": "tgtShard_0"
    },
    {
      "rsId": "sgcShard_1",
      "targetRsId": "tgtShard_1"
    },
    {
      "rsId": "configRS",
      "targetRsId": "tgtconfigRS"
    }
  ],
  "nodes": [
    {
      "error": null,
      "hostname": "rmdb12",
      "id": "rmdb12:37017",
      "port": 37017,
      "rsId": "tgtShard_1",
      "state": "FAILED",
      "stateUpdateTime": 1790969516
    },
    {
      "error": null,
      "hostname": "rmdb14",
      "id": "rmdb14:37017",
      "port": 37017,
      "rsId": "tgtShard_1",
      "state": "FAILED",
      "stateUpdateTime": 1790969516
    },
    {
      "error": null,
      "hostname": "rmdb9",
      "id": "rmdb9:37017",
      "port": 37017,
      "rsId": "tgtShard_1",
      "state": "FAILED",
      "stateUpdateTime": 1790969516
    },
    {
      "error": null,
      "hostname": "rmdb4",
      "id": "rmdb4:37017",
      "port": 37017,
      "rsId": "tgtShard_1",
      "state": "FAILED",
      "stateUpdateTime": 1790969516
    },
    {
      "error": null,
      "hostname": "rmdb2",
      "id": "rmdb2:37017",
      "port": 37017,
      "rsId": "tgtShard_1",
      "state": "FAILED",
      "stateUpdateTime": 1790969516
    },
    {
      "error": null,
      "hostname": "rmdb8",
      "id": "rmdb8:37017",
      "port": 37017,
      "rsId": "tgtShard_0",
      "state": "FAILED",
      "stateUpdateTime": 1790969516
    },
    {
      "error": null,
      "hostname": "rmdb13",
      "id": "rmdb13:37017",
      "port": 37017,
      "rsId": "tgtShard_0",
      "state": "FAILED",
      "stateUpdateTime": 1790969516
    },
    {
      "error": "<tgtCluster_tgtShard_0_42> [15:29:05.042] Plan execution failed on step MakeBackupDataAvailable as part of move RestoreRsMemberFromBackupPhase1 : <tgtCluster_tgtShard_0_42> [15:29:05.042] Failed to apply action. Result = <nil> : <tgtCluster_tgtShard_0_42> [15:29:05.042] Failed to download the snapshot : <tgtCluster_tgtShard_0_42> [15:29:05.042] Error while waiting for third party to copy backup to /fimongo1/data : <tgtCluster_tgtShard_0_42> [15:29:05.042] Observed error when trying to mark node as ready for copy files. : <tgtCluster_tgtShard_0_42> [15:29:05.042] Got return status 404 Not Found when trying to mark node ready for copy files.",
      "hostname": "rmdb1",
      "id": "rmdb1:37017",
      "port": 37017,
      "rsId": "tgtShard_0",
      "state": "FAILED",
      "stateUpdateTime": 1790969516
    },
    {
      "error": null,
      "hostname": "rmdb3",
      "id": "rmdb3:37017",
      "port": 37017,
      "rsId": "tgtShard_0",
      "state": "FAILED",
      "stateUpdateTime": 1790969516
    },
    {
      "error": null,
      "hostname": "rmdb11",
      "id": "rmdb11:37017",
      "port": 37017,
      "rsId": "tgtShard_0",
      "state": "FAILED",
      "stateUpdateTime": 1790969516
    },
    {
      "error": null,
      "hostname": "rmdb7",
      "id": "rmdb7:37017",
      "port": 37017,
      "rsId": "tgtconfigRS",
      "state": "FAILED",
      "stateUpdateTime": 1790969516
    },
    {
      "error": null,
      "hostname": "rmdb-config1",
      "id": "rmdb-config1:37017",
      "port": 37017,
      "rsId": "tgtconfigRS",
      "state": "FAILED",
      "stateUpdateTime": 1790969516
    },
    {
      "error": null,
      "hostname": "rmdb-config2",
      "id": "rmdb-config2:37017",
      "port": 37017,
      "rsId": "tgtconfigRS",
      "state": "FAILED",
      "stateUpdateTime": 1790969516
    }
  ],
  "state": "FAILED"
}
2026-10-02 14:34:56,202 [INFO] Restore state: FAILED
2026-10-02 14:35:06,202 [DEBUG] API GET http://129.40.36.100:8080/api/public/v1.0/backup/third_party/group/6a386221ee19a6537cc68a97/restore/6abf3847457a6b80701899fb
2026-10-02 14:35:06,346 [DEBUG] STATUS 200
2026-10-02 14:35:06,346 [DEBUG] {
  "clusterMapping": [
    {
      "rsId": "sgcShard_0",
      "targetRsId": "tgtShard_0"
    },
    {
      "rsId": "sgcShard_1",
      "targetRsId": "tgtShard_1"
    },
    {
      "rsId": "configRS",
      "targetRsId": "tgtconfigRS"
    }
  ],
  "nodes": [
    {
      "error": null,
      "hostname": "rmdb12",
      "id": "rmdb12:37017",
      "port": 37017,
      "rsId": "tgtShard_1",
      "state": "FAILED",
      "stateUpdateTime": 1790969516
    },
    {
      "error": null,
      "hostname": "rmdb14",
      "id": "rmdb14:37017",
      "port": 37017,
      "rsId": "tgtShard_1",
      "state": "FAILED",
      "stateUpdateTime": 1790969516
    },
    {
      "error": null,
      "hostname": "rmdb9",
      "id": "rmdb9:37017",
      "port": 37017,
      "rsId": "tgtShard_1",
      "state": "FAILED",
      "stateUpdateTime": 1790969516
    },
    {
      "error": null,
      "hostname": "rmdb4",
      "id": "rmdb4:37017",
      "port": 37017,
      "rsId": "tgtShard_1",
      "state": "FAILED",
      "stateUpdateTime": 1790969516
    },
    {
      "error": null,
      "hostname": "rmdb2",
      "id": "rmdb2:37017",
      "port": 37017,
      "rsId": "tgtShard_1",
      "state": "FAILED",
      "stateUpdateTime": 1790969516
    },
    {
      "error": null,
      "hostname": "rmdb8",
      "id": "rmdb8:37017",
      "port": 37017,
      "rsId": "tgtShard_0",
      "state": "FAILED",
      "stateUpdateTime": 1790969516
    },
    {
      "error": null,
      "hostname": "rmdb13",
      "id": "rmdb13:37017",
      "port": 37017,
      "rsId": "tgtShard_0",
      "state": "FAILED",
      "stateUpdateTime": 1790969516
    },
    {
      "error": "<tgtCluster_tgtShard_0_42> [15:29:05.042] Plan execution failed on step MakeBackupDataAvailable as part of move RestoreRsMemberFromBackupPhase1 : <tgtCluster_tgtShard_0_42> [15:29:05.042] Failed to apply action. Result = <nil> : <tgtCluster_tgtShard_0_42> [15:29:05.042] Failed to download the snapshot : <tgtCluster_tgtShard_0_42> [15:29:05.042] Error while waiting for third party to copy backup to /fimongo1/data : <tgtCluster_tgtShard_0_42> [15:29:05.042] Observed error when trying to mark node as ready for copy files. : <tgtCluster_tgtShard_0_42> [15:29:05.042] Got return status 404 Not Found when trying to mark node ready for copy files.",
      "hostname": "rmdb1",
      "id": "rmdb1:37017",
      "port": 37017,
      "rsId": "tgtShard_0",
      "state": "FAILED",
      "stateUpdateTime": 1790969516
    },
    {
      "error": null,
      "hostname": "rmdb3",
      "id": "rmdb3:37017",
      "port": 37017,
      "rsId": "tgtShard_0",
      "state": "FAILED",
      "stateUpdateTime": 1790969516
    },
    {
      "error": null,
      "hostname": "rmdb11",
      "id": "rmdb11:37017",
      "port": 37017,
      "rsId": "tgtShard_0",
      "state": "FAILED",
      "stateUpdateTime": 1790969516
    },
    {
      "error": null,
      "hostname": "rmdb7",
      "id": "rmdb7:37017",
      "port": 37017,
      "rsId": "tgtconfigRS",
      "state": "FAILED",
      "stateUpdateTime": 1790969516
    },
    {
      "error": null,
      "hostname": "rmdb-config1",
      "id": "rmdb-config1:37017",
      "port": 37017,
      "rsId": "tgtconfigRS",
      "state": "FAILED",
      "stateUpdateTime": 1790969516
    },
    {
      "error": null,
      "hostname": "rmdb-config2",
      "id": "rmdb-config2:37017",
      "port": 37017,
      "rsId": "tgtconfigRS",
      "state": "FAILED",
      "stateUpdateTime": 1790969516
    }
  ],
  "state": "FAILED"
}
2026-10-02 14:35:06,346 [INFO] Restore state: FAILED
2026-10-02 14:35:16,347 [DEBUG] API GET http://129.40.36.100:8080/api/public/v1.0/backup/third_party/group/6a386221ee19a6537cc68a97/restore/6abf3847457a6b80701899fb
2026-10-02 14:35:16,487 [DEBUG] STATUS 200
2026-10-02 14:35:16,487 [DEBUG] {
  "clusterMapping": [
    {
      "rsId": "sgcShard_0",
      "targetRsId": "tgtShard_0"
    },
    {
      "rsId": "sgcShard_1",
      "targetRsId": "tgtShard_1"
    },
    {
      "rsId": "configRS",
      "targetRsId": "tgtconfigRS"
    }
  ],
  "nodes": [
    {
      "error": null,
      "hostname": "rmdb12",
      "id": "rmdb12:37017",
      "port": 37017,
      "rsId": "tgtShard_1",
      "state": "FAILED",
      "stateUpdateTime": 1790969516
    },
    {
      "error": null,
      "hostname": "rmdb14",
      "id": "rmdb14:37017",
      "port": 37017,
      "rsId": "tgtShard_1",
      "state": "FAILED",
      "stateUpdateTime": 1790969516
    },
    {
      "error": null,
      "hostname": "rmdb9",
      "id": "rmdb9:37017",
      "port": 37017,
      "rsId": "tgtShard_1",
      "state": "FAILED",
      "stateUpdateTime": 1790969516
    },
    {
      "error": null,
      "hostname": "rmdb4",
      "id": "rmdb4:37017",
      "port": 37017,
      "rsId": "tgtShard_1",
      "state": "FAILED",
      "stateUpdateTime": 1790969516
    },
    {
      "error": null,
      "hostname": "rmdb2",
      "id": "rmdb2:37017",
      "port": 37017,
      "rsId": "tgtShard_1",
      "state": "FAILED",
      "stateUpdateTime": 1790969516
    },
    {
      "error": null,
      "hostname": "rmdb8",
      "id": "rmdb8:37017",
      "port": 37017,
      "rsId": "tgtShard_0",
      "state": "FAILED",
      "stateUpdateTime": 1790969516
    },
    {
      "error": null,
      "hostname": "rmdb13",
      "id": "rmdb13:37017",
      "port": 37017,
      "rsId": "tgtShard_0",
      "state": "FAILED",
      "stateUpdateTime": 1790969516
    },
    {
      "error": "<tgtCluster_tgtShard_0_42> [15:29:05.042] Plan execution failed on step MakeBackupDataAvailable as part of move RestoreRsMemberFromBackupPhase1 : <tgtCluster_tgtShard_0_42> [15:29:05.042] Failed to apply action. Result = <nil> : <tgtCluster_tgtShard_0_42> [15:29:05.042] Failed to download the snapshot : <tgtCluster_tgtShard_0_42> [15:29:05.042] Error while waiting for third party to copy backup to /fimongo1/data : <tgtCluster_tgtShard_0_42> [15:29:05.042] Observed error when trying to mark node as ready for copy files. : <tgtCluster_tgtShard_0_42> [15:29:05.042] Got return status 404 Not Found when trying to mark node ready for copy files.",
      "hostname": "rmdb1",
      "id": "rmdb1:37017",
      "port": 37017,
      "rsId": "tgtShard_0",
      "state": "FAILED",
      "stateUpdateTime": 1790969516
    },
    {
      "error": null,
      "hostname": "rmdb3",
      "id": "rmdb3:37017",
      "port": 37017,
      "rsId": "tgtShard_0",
      "state": "FAILED",
      "stateUpdateTime": 1790969516
    },
    {
      "error": null,
      "hostname": "rmdb11",
      "id": "rmdb11:37017",
      "port": 37017,
      "rsId": "tgtShard_0",
      "state": "FAILED",
      "stateUpdateTime": 1790969516
    },
    {
      "error": null,
      "hostname": "rmdb7",
      "id": "rmdb7:37017",
      "port": 37017,
      "rsId": "tgtconfigRS",
      "state": "FAILED",
      "stateUpdateTime": 1790969516
    },
    {
      "error": null,
      "hostname": "rmdb-config1",
      "id": "rmdb-config1:37017",
      "port": 37017,
      "rsId": "tgtconfigRS",
      "state": "FAILED",
      "stateUpdateTime": 1790969516
    },
    {
      "error": null,
      "hostname": "rmdb-config2",
      "id": "rmdb-config2:37017",
      "port": 37017,
      "rsId": "tgtconfigRS",
      "state": "FAILED",
      "stateUpdateTime": 1790969516
    }
  ],
  "state": "FAILED"
}
2026-10-02 14:35:16,487 [INFO] Restore state: FAILED
2026-10-02 14:35:26,488 [DEBUG] API GET http://129.40.36.100:8080/api/public/v1.0/backup/third_party/group/6a386221ee19a6537cc68a97/restore/6abf3847457a6b80701899fb
2026-10-02 14:35:26,629 [DEBUG] STATUS 200
2026-10-02 14:35:26,629 [DEBUG] {
  "clusterMapping": [
    {
      "rsId": "sgcShard_0",
      "targetRsId": "tgtShard_0"
    },
    {
      "rsId": "sgcShard_1",
      "targetRsId": "tgtShard_1"
    },
    {
      "rsId": "configRS",
      "targetRsId": "tgtconfigRS"
    }
  ],
  "nodes": [
    {
      "error": null,
      "hostname": "rmdb12",
      "id": "rmdb12:37017",
      "port": 37017,
      "rsId": "tgtShard_1",
      "state": "FAILED",
      "stateUpdateTime": 1790969516
    },
    {
      "error": null,
      "hostname": "rmdb14",
      "id": "rmdb14:37017",
      "port": 37017,
      "rsId": "tgtShard_1",
      "state": "FAILED",
      "stateUpdateTime": 1790969516
    },
    {
      "error": null,
      "hostname": "rmdb9",
      "id": "rmdb9:37017",
      "port": 37017,
      "rsId": "tgtShard_1",
      "state": "FAILED",
      "stateUpdateTime": 1790969516
    },
    {
      "error": null,
      "hostname": "rmdb4",
      "id": "rmdb4:37017",
      "port": 37017,
      "rsId": "tgtShard_1",
      "state": "FAILED",
      "stateUpdateTime": 1790969516
    },
    {
      "error": null,
      "hostname": "rmdb2",
      "id": "rmdb2:37017",
      "port": 37017,
      "rsId": "tgtShard_1",
      "state": "FAILED",
      "stateUpdateTime": 1790969516
    },
    {
      "error": null,
      "hostname": "rmdb8",
      "id": "rmdb8:37017",
      "port": 37017,
      "rsId": "tgtShard_0",
      "state": "FAILED",
      "stateUpdateTime": 1790969516
    },
    {
      "error": null,
      "hostname": "rmdb13",
      "id": "rmdb13:37017",
      "port": 37017,
      "rsId": "tgtShard_0",
      "state": "FAILED",
      "stateUpdateTime": 1790969516
    },
    {
      "error": "<tgtCluster_tgtShard_0_42> [15:29:05.042] Plan execution failed on step MakeBackupDataAvailable as part of move RestoreRsMemberFromBackupPhase1 : <tgtCluster_tgtShard_0_42> [15:29:05.042] Failed to apply action. Result = <nil> : <tgtCluster_tgtShard_0_42> [15:29:05.042] Failed to download the snapshot : <tgtCluster_tgtShard_0_42> [15:29:05.042] Error while waiting for third party to copy backup to /fimongo1/data : <tgtCluster_tgtShard_0_42> [15:29:05.042] Observed error when trying to mark node as ready for copy files. : <tgtCluster_tgtShard_0_42> [15:29:05.042] Got return status 404 Not Found when trying to mark node ready for copy files.",
      "hostname": "rmdb1",
      "id": "rmdb1:37017",
      "port": 37017,
      "rsId": "tgtShard_0",
      "state": "FAILED",
      "stateUpdateTime": 1790969516
    },
    {
      "error": null,
      "hostname": "rmdb3",
      "id": "rmdb3:37017",
      "port": 37017,
      "rsId": "tgtShard_0",
      "state": "FAILED",
      "stateUpdateTime": 1790969516
    },
    {
      "error": null,
      "hostname": "rmdb11",
      "id": "rmdb11:37017",
      "port": 37017,
      "rsId": "tgtShard_0",
      "state": "FAILED",
      "stateUpdateTime": 1790969516
    },
    {
      "error": null,
      "hostname": "rmdb7",
      "id": "rmdb7:37017",
      "port": 37017,
      "rsId": "tgtconfigRS",
      "state": "FAILED",
      "stateUpdateTime": 1790969516
    },
    {
      "error": null,
      "hostname": "rmdb-config1",
      "id": "rmdb-config1:37017",
      "port": 37017,
      "rsId": "tgtconfigRS",
      "state": "FAILED",
      "stateUpdateTime": 1790969516
    },
    {
      "error": null,
      "hostname": "rmdb-config2",
      "id": "rmdb-config2:37017",
      "port": 37017,
      "rsId": "tgtconfigRS",
      "state": "FAILED",
      "stateUpdateTime": 1790969516
    }
  ],
  "state": "FAILED"
}
2026-10-02 14:35:26,629 [INFO] Restore state: FAILED
2026-10-02 14:35:36,630 [DEBUG] API GET http://129.40.36.100:8080/api/public/v1.0/backup/third_party/group/6a386221ee19a6537cc68a97/restore/6abf3847457a6b80701899fb
2026-10-02 14:35:36,772 [DEBUG] STATUS 200
2026-10-02 14:35:36,772 [DEBUG] {
  "clusterMapping": [
    {
      "rsId": "sgcShard_0",
      "targetRsId": "tgtShard_0"
    },
    {
      "rsId": "sgcShard_1",
      "targetRsId": "tgtShard_1"
    },
    {
      "rsId": "configRS",
      "targetRsId": "tgtconfigRS"
    }
  ],
  "nodes": [
    {
      "error": null,
      "hostname": "rmdb12",
      "id": "rmdb12:37017",
      "port": 37017,
      "rsId": "tgtShard_1",
      "state": "FAILED",
      "stateUpdateTime": 1790969516
    },
    {
      "error": null,
      "hostname": "rmdb14",
      "id": "rmdb14:37017",
      "port": 37017,
      "rsId": "tgtShard_1",
      "state": "FAILED",
      "stateUpdateTime": 1790969516
    },
    {
      "error": null,
      "hostname": "rmdb9",
      "id": "rmdb9:37017",
      "port": 37017,
      "rsId": "tgtShard_1",
      "state": "FAILED",
      "stateUpdateTime": 1790969516
    },
    {
      "error": null,
      "hostname": "rmdb4",
      "id": "rmdb4:37017",
      "port": 37017,
      "rsId": "tgtShard_1",
      "state": "FAILED",
      "stateUpdateTime": 1790969516
    },
    {
      "error": null,
      "hostname": "rmdb2",
      "id": "rmdb2:37017",
      "port": 37017,
      "rsId": "tgtShard_1",
      "state": "FAILED",
      "stateUpdateTime": 1790969516
    },
    {
      "error": null,
      "hostname": "rmdb8",
      "id": "rmdb8:37017",
      "port": 37017,
      "rsId": "tgtShard_0",
      "state": "FAILED",
      "stateUpdateTime": 1790969516
    },
    {
      "error": null,
      "hostname": "rmdb13",
      "id": "rmdb13:37017",
      "port": 37017,
      "rsId": "tgtShard_0",
      "state": "FAILED",
      "stateUpdateTime": 1790969516
    },
    {
      "error": "<tgtCluster_tgtShard_0_42> [15:29:05.042] Plan execution failed on step MakeBackupDataAvailable as part of move RestoreRsMemberFromBackupPhase1 : <tgtCluster_tgtShard_0_42> [15:29:05.042] Failed to apply action. Result = <nil> : <tgtCluster_tgtShard_0_42> [15:29:05.042] Failed to download the snapshot : <tgtCluster_tgtShard_0_42> [15:29:05.042] Error while waiting for third party to copy backup to /fimongo1/data : <tgtCluster_tgtShard_0_42> [15:29:05.042] Observed error when trying to mark node as ready for copy files. : <tgtCluster_tgtShard_0_42> [15:29:05.042] Got return status 404 Not Found when trying to mark node ready for copy files.",
      "hostname": "rmdb1",
      "id": "rmdb1:37017",
      "port": 37017,
      "rsId": "tgtShard_0",
      "state": "FAILED",
      "stateUpdateTime": 1790969516
    },
    {
      "error": null,
      "hostname": "rmdb3",
      "id": "rmdb3:37017",
      "port": 37017,
      "rsId": "tgtShard_0",
      "state": "FAILED",
      "stateUpdateTime": 1790969516
    },
    {
      "error": null,
      "hostname": "rmdb11",
      "id": "rmdb11:37017",
      "port": 37017,
      "rsId": "tgtShard_0",
      "state": "FAILED",
      "stateUpdateTime": 1790969516
    },
    {
      "error": null,
      "hostname": "rmdb7",
      "id": "rmdb7:37017",
      "port": 37017,
      "rsId": "tgtconfigRS",
      "state": "FAILED",
      "stateUpdateTime": 1790969516
    },
    {
      "error": null,
      "hostname": "rmdb-config1",
      "id": "rmdb-config1:37017",
      "port": 37017,
      "rsId": "tgtconfigRS",
      "state": "FAILED",
      "stateUpdateTime": 1790969516
    },
    {
      "error": null,
      "hostname": "rmdb-config2",
      "id": "rmdb-config2:37017",
      "port": 37017,
      "rsId": "tgtconfigRS",
      "state": "FAILED",
      "stateUpdateTime": 1790969516
    }
  ],
  "state": "FAILED"
}
2026-10-02 14:35:36,773 [INFO] Restore state: FAILED
2026-10-02 14:35:46,774 [DEBUG] API GET http://129.40.36.100:8080/api/public/v1.0/backup/third_party/group/6a386221ee19a6537cc68a97/restore/6abf3847457a6b80701899fb
2026-10-02 14:35:46,983 [DEBUG] STATUS 200
2026-10-02 14:35:46,983 [DEBUG] {
  "clusterMapping": [
    {
      "rsId": "sgcShard_0",
      "targetRsId": "tgtShard_0"
    },
    {
      "rsId": "sgcShard_1",
      "targetRsId": "tgtShard_1"
    },
    {
      "rsId": "configRS",
      "targetRsId": "tgtconfigRS"
    }
  ],
  "nodes": [
    {
      "error": null,
      "hostname": "rmdb12",
      "id": "rmdb12:37017",
      "port": 37017,
      "rsId": "tgtShard_1",
      "state": "FAILED",
      "stateUpdateTime": 1790969516
    },
    {
      "error": null,
      "hostname": "rmdb14",
      "id": "rmdb14:37017",
      "port": 37017,
      "rsId": "tgtShard_1",
      "state": "FAILED",
      "stateUpdateTime": 1790969516
    },
    {
      "error": null,
      "hostname": "rmdb9",
      "id": "rmdb9:37017",
      "port": 37017,
      "rsId": "tgtShard_1",
      "state": "FAILED",
      "stateUpdateTime": 1790969516
    },
    {
      "error": null,
      "hostname": "rmdb4",
      "id": "rmdb4:37017",
      "port": 37017,
      "rsId": "tgtShard_1",
      "state": "FAILED",
      "stateUpdateTime": 1790969516
    },
    {
      "error": null,
      "hostname": "rmdb2",
      "id": "rmdb2:37017",
      "port": 37017,
      "rsId": "tgtShard_1",
      "state": "FAILED",
      "stateUpdateTime": 1790969516
    },
    {
      "error": null,
      "hostname": "rmdb8",
      "id": "rmdb8:37017",
      "port": 37017,
      "rsId": "tgtShard_0",
      "state": "FAILED",
      "stateUpdateTime": 1790969516
    },
    {
      "error": null,
      "hostname": "rmdb13",
      "id": "rmdb13:37017",
      "port": 37017,
      "rsId": "tgtShard_0",
      "state": "FAILED",
      "stateUpdateTime": 1790969516
    },
    {
      "error": "<tgtCluster_tgtShard_0_42> [15:29:05.042] Plan execution failed on step MakeBackupDataAvailable as part of move RestoreRsMemberFromBackupPhase1 : <tgtCluster_tgtShard_0_42> [15:29:05.042] Failed to apply action. Result = <nil> : <tgtCluster_tgtShard_0_42> [15:29:05.042] Failed to download the snapshot : <tgtCluster_tgtShard_0_42> [15:29:05.042] Error while waiting for third party to copy backup to /fimongo1/data : <tgtCluster_tgtShard_0_42> [15:29:05.042] Observed error when trying to mark node as ready for copy files. : <tgtCluster_tgtShard_0_42> [15:29:05.042] Got return status 404 Not Found when trying to mark node ready for copy files.",
      "hostname": "rmdb1",
      "id": "rmdb1:37017",
      "port": 37017,
      "rsId": "tgtShard_0",
      "state": "FAILED",
      "stateUpdateTime": 1790969516
    },
    {
      "error": null,
      "hostname": "rmdb3",
      "id": "rmdb3:37017",
      "port": 37017,
      "rsId": "tgtShard_0",
      "state": "FAILED",
      "stateUpdateTime": 1790969516
    },
    {
      "error": null,
      "hostname": "rmdb11",
      "id": "rmdb11:37017",
      "port": 37017,
      "rsId": "tgtShard_0",
      "state": "FAILED",
      "stateUpdateTime": 1790969516
    },
    {
      "error": null,
      "hostname": "rmdb7",
      "id": "rmdb7:37017",
      "port": 37017,
      "rsId": "tgtconfigRS",
      "state": "FAILED",
      "stateUpdateTime": 1790969516
    },
    {
      "error": null,
      "hostname": "rmdb-config1",
      "id": "rmdb-config1:37017",
      "port": 37017,
      "rsId": "tgtconfigRS",
      "state": "FAILED",
      "stateUpdateTime": 1790969516
    },
    {
      "error": null,
      "hostname": "rmdb-config2",
      "id": "rmdb-config2:37017",
      "port": 37017,
      "rsId": "tgtconfigRS",
      "state": "FAILED",
      "stateUpdateTime": 1790969516
    }
  ],
  "state": "FAILED"
}
2026-10-02 14:35:46,984 [INFO] Restore state: FAILED
2026-10-02 14:35:56,984 [DEBUG] API GET http://129.40.36.100:8080/api/public/v1.0/backup/third_party/group/6a386221ee19a6537cc68a97/restore/6abf3847457a6b80701899fb
2026-10-02 14:35:57,148 [DEBUG] STATUS 200
2026-10-02 14:35:57,149 [DEBUG] {
  "clusterMapping": [
    {
      "rsId": "sgcShard_0",
      "targetRsId": "tgtShard_0"
    },
    {
      "rsId": "sgcShard_1",
      "targetRsId": "tgtShard_1"
    },
    {
      "rsId": "configRS",
      "targetRsId": "tgtconfigRS"
    }
  ],
  "nodes": [
    {
      "error": null,
      "hostname": "rmdb12",
      "id": "rmdb12:37017",
      "port": 37017,
      "rsId": "tgtShard_1",
      "state": "FAILED",
      "stateUpdateTime": 1790969516
    },
    {
      "error": null,
      "hostname": "rmdb14",
      "id": "rmdb14:37017",
      "port": 37017,
      "rsId": "tgtShard_1",
      "state": "FAILED",
      "stateUpdateTime": 1790969516
    },
    {
      "error": null,
      "hostname": "rmdb9",
      "id": "rmdb9:37017",
      "port": 37017,
      "rsId": "tgtShard_1",
      "state": "FAILED",
      "stateUpdateTime": 1790969516
    },
    {
      "error": null,
      "hostname": "rmdb4",
      "id": "rmdb4:37017",
      "port": 37017,
      "rsId": "tgtShard_1",
      "state": "FAILED",
      "stateUpdateTime": 1790969516
    },
    {
      "error": null,
      "hostname": "rmdb2",
      "id": "rmdb2:37017",
      "port": 37017,
      "rsId": "tgtShard_1",
      "state": "FAILED",
      "stateUpdateTime": 1790969516
    },
    {
      "error": null,
      "hostname": "rmdb8",
      "id": "rmdb8:37017",
      "port": 37017,
      "rsId": "tgtShard_0",
      "state": "FAILED",
      "stateUpdateTime": 1790969516
    },
    {
      "error": null,
      "hostname": "rmdb13",
      "id": "rmdb13:37017",
      "port": 37017,
      "rsId": "tgtShard_0",
      "state": "FAILED",
      "stateUpdateTime": 1790969516
    },
    {
      "error": "<tgtCluster_tgtShard_0_42> [15:29:05.042] Plan execution failed on step MakeBackupDataAvailable as part of move RestoreRsMemberFromBackupPhase1 : <tgtCluster_tgtShard_0_42> [15:29:05.042] Failed to apply action. Result = <nil> : <tgtCluster_tgtShard_0_42> [15:29:05.042] Failed to download the snapshot : <tgtCluster_tgtShard_0_42> [15:29:05.042] Error while waiting for third party to copy backup to /fimongo1/data : <tgtCluster_tgtShard_0_42> [15:29:05.042] Observed error when trying to mark node as ready for copy files. : <tgtCluster_tgtShard_0_42> [15:29:05.042] Got return status 404 Not Found when trying to mark node ready for copy files.",
      "hostname": "rmdb1",
      "id": "rmdb1:37017",
      "port": 37017,
      "rsId": "tgtShard_0",
      "state": "FAILED",
      "stateUpdateTime": 1790969516
    },
    {
      "error": null,
      "hostname": "rmdb3",
      "id": "rmdb3:37017",
      "port": 37017,
      "rsId": "tgtShard_0",
      "state": "FAILED",
      "stateUpdateTime": 1790969516
    },
    {
      "error": null,
      "hostname": "rmdb11",
      "id": "rmdb11:37017",
      "port": 37017,
      "rsId": "tgtShard_0",
      "state": "FAILED",
      "stateUpdateTime": 1790969516
    },
    {
      "error": null,
      "hostname": "rmdb7",
      "id": "rmdb7:37017",
      "port": 37017,
      "rsId": "tgtconfigRS",
      "state": "FAILED",
      "stateUpdateTime": 1790969516
    },
    {
      "error": null,
      "hostname": "rmdb-config1",
      "id": "rmdb-config1:37017",
      "port": 37017,
      "rsId": "tgtconfigRS",
      "state": "FAILED",
      "stateUpdateTime": 1790969516
    },
    {
      "error": null,
      "hostname": "rmdb-config2",
      "id": "rmdb-config2:37017",
      "port": 37017,
      "rsId": "tgtconfigRS",
      "state": "FAILED",
      "stateUpdateTime": 1790969516
    }
  ],
  "state": "FAILED"
}
2026-10-02 14:35:57,149 [INFO] Restore state: FAILED
2026-10-02 14:36:07,149 [DEBUG] API GET http://129.40.36.100:8080/api/public/v1.0/backup/third_party/group/6a386221ee19a6537cc68a97/restore/6abf3847457a6b80701899fb
2026-10-02 14:36:07,290 [DEBUG] STATUS 200
2026-10-02 14:36:07,291 [DEBUG] {
  "clusterMapping": [
    {
      "rsId": "sgcShard_0",
      "targetRsId": "tgtShard_0"
    },
    {
      "rsId": "sgcShard_1",
      "targetRsId": "tgtShard_1"
    },
    {
      "rsId": "configRS",
      "targetRsId": "tgtconfigRS"
    }
  ],
  "nodes": [
    {
      "error": null,
      "hostname": "rmdb12",
      "id": "rmdb12:37017",
      "port": 37017,
      "rsId": "tgtShard_1",
      "state": "FAILED",
      "stateUpdateTime": 1790969516
    },
    {
      "error": null,
      "hostname": "rmdb14",
      "id": "rmdb14:37017",
      "port": 37017,
      "rsId": "tgtShard_1",
      "state": "FAILED",
      "stateUpdateTime": 1790969516
    },
    {
      "error": null,
      "hostname": "rmdb9",
      "id": "rmdb9:37017",
      "port": 37017,
      "rsId": "tgtShard_1",
      "state": "FAILED",
      "stateUpdateTime": 1790969516
    },
    {
      "error": null,
      "hostname": "rmdb4",
      "id": "rmdb4:37017",
      "port": 37017,
      "rsId": "tgtShard_1",
      "state": "FAILED",
      "stateUpdateTime": 1790969516
    },
    {
      "error": null,
      "hostname": "rmdb2",
      "id": "rmdb2:37017",
      "port": 37017,
      "rsId": "tgtShard_1",
      "state": "FAILED",
      "stateUpdateTime": 1790969516
    },
    {
      "error": null,
      "hostname": "rmdb8",
      "id": "rmdb8:37017",
      "port": 37017,
      "rsId": "tgtShard_0",
      "state": "FAILED",
      "stateUpdateTime": 1790969516
    },
    {
      "error": null,
      "hostname": "rmdb13",
      "id": "rmdb13:37017",
      "port": 37017,
      "rsId": "tgtShard_0",
      "state": "FAILED",
      "stateUpdateTime": 1790969516
    },
    {
      "error": "<tgtCluster_tgtShard_0_42> [15:29:05.042] Plan execution failed on step MakeBackupDataAvailable as part of move RestoreRsMemberFromBackupPhase1 : <tgtCluster_tgtShard_0_42> [15:29:05.042] Failed to apply action. Result = <nil> : <tgtCluster_tgtShard_0_42> [15:29:05.042] Failed to download the snapshot : <tgtCluster_tgtShard_0_42> [15:29:05.042] Error while waiting for third party to copy backup to /fimongo1/data : <tgtCluster_tgtShard_0_42> [15:29:05.042] Observed error when trying to mark node as ready for copy files. : <tgtCluster_tgtShard_0_42> [15:29:05.042] Got return status 404 Not Found when trying to mark node ready for copy files.",
      "hostname": "rmdb1",
      "id": "rmdb1:37017",
      "port": 37017,
      "rsId": "tgtShard_0",
      "state": "FAILED",
      "stateUpdateTime": 1790969516
    },
    {
      "error": null,
      "hostname": "rmdb3",
      "id": "rmdb3:37017",
      "port": 37017,
      "rsId": "tgtShard_0",
      "state": "FAILED",
      "stateUpdateTime": 1790969516
    },
    {
      "error": null,
      "hostname": "rmdb11",
      "id": "rmdb11:37017",
      "port": 37017,
      "rsId": "tgtShard_0",
      "state": "FAILED",
      "stateUpdateTime": 1790969516
    },
    {
      "error": null,
      "hostname": "rmdb7",
      "id": "rmdb7:37017",
      "port": 37017,
      "rsId": "tgtconfigRS",
      "state": "FAILED",
      "stateUpdateTime": 1790969516
    },
    {
      "error": null,
      "hostname": "rmdb-config1",
      "id": "rmdb-config1:37017",
      "port": 37017,
      "rsId": "tgtconfigRS",
      "state": "FAILED",
      "stateUpdateTime": 1790969516
    },
    {
      "error": null,
      "hostname": "rmdb-config2",
      "id": "rmdb-config2:37017",
      "port": 37017,
      "rsId": "tgtconfigRS",
      "state": "FAILED",
      "stateUpdateTime": 1790969516
    }
  ],
  "state": "FAILED"
}
2026-10-02 14:36:07,291 [INFO] Restore state: FAILED
2026-10-02 14:36:17,291 [DEBUG] API GET http://129.40.36.100:8080/api/public/v1.0/backup/third_party/group/6a386221ee19a6537cc68a97/restore/6abf3847457a6b80701899fb
2026-10-02 14:36:17,433 [DEBUG] STATUS 200
2026-10-02 14:36:17,433 [DEBUG] {
  "clusterMapping": [
    {
      "rsId": "sgcShard_0",
      "targetRsId": "tgtShard_0"
    },
    {
      "rsId": "sgcShard_1",
      "targetRsId": "tgtShard_1"
    },
    {
      "rsId": "configRS",
      "targetRsId": "tgtconfigRS"
    }
  ],
  "nodes": [
    {
      "error": null,
      "hostname": "rmdb12",
      "id": "rmdb12:37017",
      "port": 37017,
      "rsId": "tgtShard_1",
      "state": "FAILED",
      "stateUpdateTime": 1790969516
    },
    {
      "error": null,
      "hostname": "rmdb14",
      "id": "rmdb14:37017",
      "port": 37017,
      "rsId": "tgtShard_1",
      "state": "FAILED",
      "stateUpdateTime": 1790969516
    },
    {
      "error": null,
      "hostname": "rmdb9",
      "id": "rmdb9:37017",
      "port": 37017,
      "rsId": "tgtShard_1",
      "state": "FAILED",
      "stateUpdateTime": 1790969516
    },
    {
      "error": null,
      "hostname": "rmdb4",
      "id": "rmdb4:37017",
      "port": 37017,
      "rsId": "tgtShard_1",
      "state": "FAILED",
      "stateUpdateTime": 1790969516
    },
    {
      "error": null,
      "hostname": "rmdb2",
      "id": "rmdb2:37017",
      "port": 37017,
      "rsId": "tgtShard_1",
      "state": "FAILED",
      "stateUpdateTime": 1790969516
    },
    {
      "error": null,
      "hostname": "rmdb8",
      "id": "rmdb8:37017",
      "port": 37017,
      "rsId": "tgtShard_0",
      "state": "FAILED",
      "stateUpdateTime": 1790969516
    },
    {
      "error": null,
      "hostname": "rmdb13",
      "id": "rmdb13:37017",
      "port": 37017,
      "rsId": "tgtShard_0",
      "state": "FAILED",
      "stateUpdateTime": 1790969516
    },
    {
      "error": "<tgtCluster_tgtShard_0_42> [15:29:05.042] Plan execution failed on step MakeBackupDataAvailable as part of move RestoreRsMemberFromBackupPhase1 : <tgtCluster_tgtShard_0_42> [15:29:05.042] Failed to apply action. Result = <nil> : <tgtCluster_tgtShard_0_42> [15:29:05.042] Failed to download the snapshot : <tgtCluster_tgtShard_0_42> [15:29:05.042] Error while waiting for third party to copy backup to /fimongo1/data : <tgtCluster_tgtShard_0_42> [15:29:05.042] Observed error when trying to mark node as ready for copy files. : <tgtCluster_tgtShard_0_42> [15:29:05.042] Got return status 404 Not Found when trying to mark node ready for copy files.",
      "hostname": "rmdb1",
      "id": "rmdb1:37017",
      "port": 37017,
      "rsId": "tgtShard_0",
      "state": "FAILED",
      "stateUpdateTime": 1790969516
    },
    {
      "error": null,
      "hostname": "rmdb3",
      "id": "rmdb3:37017",
      "port": 37017,
      "rsId": "tgtShard_0",
      "state": "FAILED",
      "stateUpdateTime": 1790969516
    },
    {
      "error": null,
      "hostname": "rmdb11",
      "id": "rmdb11:37017",
      "port": 37017,
      "rsId": "tgtShard_0",
      "state": "FAILED",
      "stateUpdateTime": 1790969516
    },
    {
      "error": null,
      "hostname": "rmdb7",
      "id": "rmdb7:37017",
      "port": 37017,
      "rsId": "tgtconfigRS",
      "state": "FAILED",
      "stateUpdateTime": 1790969516
    },
    {
      "error": null,
      "hostname": "rmdb-config1",
      "id": "rmdb-config1:37017",
      "port": 37017,
      "rsId": "tgtconfigRS",
      "state": "FAILED",
      "stateUpdateTime": 1790969516
    },
    {
      "error": null,
      "hostname": "rmdb-config2",
      "id": "rmdb-config2:37017",
      "port": 37017,
      "rsId": "tgtconfigRS",
      "state": "FAILED",
      "stateUpdateTime": 1790969516
    }
  ],
  "state": "FAILED"
}
2026-10-02 14:36:17,434 [INFO] Restore state: FAILED
2026-10-02 14:36:27,435 [DEBUG] API GET http://129.40.36.100:8080/api/public/v1.0/backup/third_party/group/6a386221ee19a6537cc68a97/restore/6abf3847457a6b80701899fb
2026-10-02 14:36:27,602 [DEBUG] STATUS 200
2026-10-02 14:36:27,603 [DEBUG] {
  "clusterMapping": [
    {
      "rsId": "sgcShard_0",
      "targetRsId": "tgtShard_0"
    },
    {
      "rsId": "sgcShard_1",
      "targetRsId": "tgtShard_1"
    },
    {
      "rsId": "configRS",
      "targetRsId": "tgtconfigRS"
    }
  ],
  "nodes": [
    {
      "error": null,
      "hostname": "rmdb12",
      "id": "rmdb12:37017",
      "port": 37017,
      "rsId": "tgtShard_1",
      "state": "FAILED",
      "stateUpdateTime": 1790969516
    },
    {
      "error": null,
      "hostname": "rmdb14",
      "id": "rmdb14:37017",
      "port": 37017,
      "rsId": "tgtShard_1",
      "state": "FAILED",
      "stateUpdateTime": 1790969516
    },
    {
      "error": null,
      "hostname": "rmdb9",
      "id": "rmdb9:37017",
      "port": 37017,
      "rsId": "tgtShard_1",
      "state": "FAILED",
      "stateUpdateTime": 1790969516
    },
    {
      "error": null,
      "hostname": "rmdb4",
      "id": "rmdb4:37017",
      "port": 37017,
      "rsId": "tgtShard_1",
      "state": "FAILED",
      "stateUpdateTime": 1790969516
    },
    {
      "error": null,
      "hostname": "rmdb2",
      "id": "rmdb2:37017",
      "port": 37017,
      "rsId": "tgtShard_1",
      "state": "FAILED",
      "stateUpdateTime": 1790969516
    },
    {
      "error": null,
      "hostname": "rmdb8",
      "id": "rmdb8:37017",
      "port": 37017,
      "rsId": "tgtShard_0",
      "state": "FAILED",
      "stateUpdateTime": 1790969516
    },
    {
      "error": null,
      "hostname": "rmdb13",
      "id": "rmdb13:37017",
      "port": 37017,
      "rsId": "tgtShard_0",
      "state": "FAILED",
      "stateUpdateTime": 1790969516
    },
    {
      "error": "<tgtCluster_tgtShard_0_42> [15:29:05.042] Plan execution failed on step MakeBackupDataAvailable as part of move RestoreRsMemberFromBackupPhase1 : <tgtCluster_tgtShard_0_42> [15:29:05.042] Failed to apply action. Result = <nil> : <tgtCluster_tgtShard_0_42> [15:29:05.042] Failed to download the snapshot : <tgtCluster_tgtShard_0_42> [15:29:05.042] Error while waiting for third party to copy backup to /fimongo1/data : <tgtCluster_tgtShard_0_42> [15:29:05.042] Observed error when trying to mark node as ready for copy files. : <tgtCluster_tgtShard_0_42> [15:29:05.042] Got return status 404 Not Found when trying to mark node ready for copy files.",
      "hostname": "rmdb1",
      "id": "rmdb1:37017",
      "port": 37017,
      "rsId": "tgtShard_0",
      "state": "FAILED",
      "stateUpdateTime": 1790969516
    },
    {
      "error": null,
      "hostname": "rmdb3",
      "id": "rmdb3:37017",
      "port": 37017,
      "rsId": "tgtShard_0",
      "state": "FAILED",
      "stateUpdateTime": 1790969516
    },
    {
      "error": null,
      "hostname": "rmdb11",
      "id": "rmdb11:37017",
      "port": 37017,
      "rsId": "tgtShard_0",
      "state": "FAILED",
      "stateUpdateTime": 1790969516
    },
    {
      "error": null,
      "hostname": "rmdb7",
      "id": "rmdb7:37017",
      "port": 37017,
      "rsId": "tgtconfigRS",
      "state": "FAILED",
      "stateUpdateTime": 1790969516
    },
    {
      "error": null,
      "hostname": "rmdb-config1",
      "id": "rmdb-config1:37017",
      "port": 37017,
      "rsId": "tgtconfigRS",
      "state": "FAILED",
      "stateUpdateTime": 1790969516
    },
    {
      "error": null,
      "hostname": "rmdb-config2",
      "id": "rmdb-config2:37017",
      "port": 37017,
      "rsId": "tgtconfigRS",
      "state": "FAILED",
      "stateUpdateTime": 1790969516
    }
  ],
  "state": "FAILED"
}
2026-10-02 14:36:27,603 [INFO] Restore state: FAILED
2026-10-02 14:36:37,603 [DEBUG] API GET http://129.40.36.100:8080/api/public/v1.0/backup/third_party/group/6a386221ee19a6537cc68a97/restore/6abf3847457a6b80701899fb
2026-10-02 14:36:37,745 [DEBUG] STATUS 200
2026-10-02 14:36:37,746 [DEBUG] {
  "clusterMapping": [
    {
      "rsId": "sgcShard_0",
      "targetRsId": "tgtShard_0"
    },
    {
      "rsId": "sgcShard_1",
      "targetRsId": "tgtShard_1"
    },
    {
      "rsId": "configRS",
      "targetRsId": "tgtconfigRS"
    }
  ],
  "nodes": [
    {
      "error": null,
      "hostname": "rmdb12",
      "id": "rmdb12:37017",
      "port": 37017,
      "rsId": "tgtShard_1",
      "state": "FAILED",
      "stateUpdateTime": 1790969516
    },
    {
      "error": null,
      "hostname": "rmdb14",
      "id": "rmdb14:37017",
      "port": 37017,
      "rsId": "tgtShard_1",
      "state": "FAILED",
      "stateUpdateTime": 1790969516
    },
    {
      "error": null,
      "hostname": "rmdb9",
      "id": "rmdb9:37017",
      "port": 37017,
      "rsId": "tgtShard_1",
      "state": "FAILED",
      "stateUpdateTime": 1790969516
    },
    {
      "error": null,
      "hostname": "rmdb4",
      "id": "rmdb4:37017",
      "port": 37017,
      "rsId": "tgtShard_1",
      "state": "FAILED",
      "stateUpdateTime": 1790969516
    },
    {
      "error": null,
      "hostname": "rmdb2",
      "id": "rmdb2:37017",
      "port": 37017,
      "rsId": "tgtShard_1",
      "state": "FAILED",
      "stateUpdateTime": 1790969516
    },
    {
      "error": null,
      "hostname": "rmdb8",
      "id": "rmdb8:37017",
      "port": 37017,
      "rsId": "tgtShard_0",
      "state": "FAILED",
      "stateUpdateTime": 1790969516
    },
    {
      "error": null,
      "hostname": "rmdb13",
      "id": "rmdb13:37017",
      "port": 37017,
      "rsId": "tgtShard_0",
      "state": "FAILED",
      "stateUpdateTime": 1790969516
    },
    {
      "error": "<tgtCluster_tgtShard_0_42> [15:29:05.042] Plan execution failed on step MakeBackupDataAvailable as part of move RestoreRsMemberFromBackupPhase1 : <tgtCluster_tgtShard_0_42> [15:29:05.042] Failed to apply action. Result = <nil> : <tgtCluster_tgtShard_0_42> [15:29:05.042] Failed to download the snapshot : <tgtCluster_tgtShard_0_42> [15:29:05.042] Error while waiting for third party to copy backup to /fimongo1/data : <tgtCluster_tgtShard_0_42> [15:29:05.042] Observed error when trying to mark node as ready for copy files. : <tgtCluster_tgtShard_0_42> [15:29:05.042] Got return status 404 Not Found when trying to mark node ready for copy files.",
      "hostname": "rmdb1",
      "id": "rmdb1:37017",
      "port": 37017,
      "rsId": "tgtShard_0",
      "state": "FAILED",
      "stateUpdateTime": 1790969516
    },
    {
      "error": null,
      "hostname": "rmdb3",
      "id": "rmdb3:37017",
      "port": 37017,
      "rsId": "tgtShard_0",
      "state": "FAILED",
      "stateUpdateTime": 1790969516
    },
    {
      "error": null,
      "hostname": "rmdb11",
      "id": "rmdb11:37017",
      "port": 37017,
      "rsId": "tgtShard_0",
      "state": "FAILED",
      "stateUpdateTime": 1790969516
    },
    {
      "error": null,
      "hostname": "rmdb7",
      "id": "rmdb7:37017",
      "port": 37017,
      "rsId": "tgtconfigRS",
      "state": "FAILED",
      "stateUpdateTime": 1790969516
    },
    {
      "error": null,
      "hostname": "rmdb-config1",
      "id": "rmdb-config1:37017",
      "port": 37017,
      "rsId": "tgtconfigRS",
      "state": "FAILED",
      "stateUpdateTime": 1790969516
    },
    {
      "error": null,
      "hostname": "rmdb-config2",
      "id": "rmdb-config2:37017",
      "port": 37017,
      "rsId": "tgtconfigRS",
      "state": "FAILED",
      "stateUpdateTime": 1790969516
    }
  ],
  "state": "FAILED"
}
2026-10-02 14:36:37,747 [INFO] Restore state: FAILED
2026-10-02 14:36:47,748 [DEBUG] API GET http://129.40.36.100:8080/api/public/v1.0/backup/third_party/group/6a386221ee19a6537cc68a97/restore/6abf3847457a6b80701899fb
2026-10-02 14:36:47,944 [DEBUG] STATUS 200
2026-10-02 14:36:47,944 [DEBUG] {
  "clusterMapping": [
    {
      "rsId": "sgcShard_0",
      "targetRsId": "tgtShard_0"
    },
    {
      "rsId": "sgcShard_1",
      "targetRsId": "tgtShard_1"
    },
    {
      "rsId": "configRS",
      "targetRsId": "tgtconfigRS"
    }
  ],
  "nodes": [
    {
      "error": null,
      "hostname": "rmdb12",
      "id": "rmdb12:37017",
      "port": 37017,
      "rsId": "tgtShard_1",
      "state": "FAILED",
      "stateUpdateTime": 1790969516
    },
    {
      "error": null,
      "hostname": "rmdb14",
      "id": "rmdb14:37017",
      "port": 37017,
      "rsId": "tgtShard_1",
      "state": "FAILED",
      "stateUpdateTime": 1790969516
    },
    {
      "error": null,
      "hostname": "rmdb9",
      "id": "rmdb9:37017",
      "port": 37017,
      "rsId": "tgtShard_1",
      "state": "FAILED",
      "stateUpdateTime": 1790969516
    },
    {
      "error": null,
      "hostname": "rmdb4",
      "id": "rmdb4:37017",
      "port": 37017,
      "rsId": "tgtShard_1",
      "state": "FAILED",
      "stateUpdateTime": 1790969516
    },
    {
      "error": null,
      "hostname": "rmdb2",
      "id": "rmdb2:37017",
      "port": 37017,
      "rsId": "tgtShard_1",
      "state": "FAILED",
      "stateUpdateTime": 1790969516
    },
    {
      "error": null,
      "hostname": "rmdb8",
      "id": "rmdb8:37017",
      "port": 37017,
      "rsId": "tgtShard_0",
      "state": "FAILED",
      "stateUpdateTime": 1790969516
    },
    {
      "error": null,
      "hostname": "rmdb13",
      "id": "rmdb13:37017",
      "port": 37017,
      "rsId": "tgtShard_0",
      "state": "FAILED",
      "stateUpdateTime": 1790969516
    },
    {
      "error": "<tgtCluster_tgtShard_0_42> [15:29:05.042] Plan execution failed on step MakeBackupDataAvailable as part of move RestoreRsMemberFromBackupPhase1 : <tgtCluster_tgtShard_0_42> [15:29:05.042] Failed to apply action. Result = <nil> : <tgtCluster_tgtShard_0_42> [15:29:05.042] Failed to download the snapshot : <tgtCluster_tgtShard_0_42> [15:29:05.042] Error while waiting for third party to copy backup to /fimongo1/data : <tgtCluster_tgtShard_0_42> [15:29:05.042] Observed error when trying to mark node as ready for copy files. : <tgtCluster_tgtShard_0_42> [15:29:05.042] Got return status 404 Not Found when trying to mark node ready for copy files.",
      "hostname": "rmdb1",
      "id": "rmdb1:37017",
      "port": 37017,
      "rsId": "tgtShard_0",
      "state": "FAILED",
      "stateUpdateTime": 1790969516
    },
    {
      "error": null,
      "hostname": "rmdb3",
      "id": "rmdb3:37017",
      "port": 37017,
      "rsId": "tgtShard_0",
      "state": "FAILED",
      "stateUpdateTime": 1790969516
    },
    {
      "error": null,
      "hostname": "rmdb11",
      "id": "rmdb11:37017",
      "port": 37017,
      "rsId": "tgtShard_0",
      "state": "FAILED",
      "stateUpdateTime": 1790969516
    },
    {
      "error": null,
      "hostname": "rmdb7",
      "id": "rmdb7:37017",
      "port": 37017,
      "rsId": "tgtconfigRS",
      "state": "FAILED",
      "stateUpdateTime": 1790969516
    },
    {
      "error": null,
      "hostname": "rmdb-config1",
      "id": "rmdb-config1:37017",
      "port": 37017,
      "rsId": "tgtconfigRS",
      "state": "FAILED",
      "stateUpdateTime": 1790969516
    },
    {
      "error": null,
      "hostname": "rmdb-config2",
      "id": "rmdb-config2:37017",
      "port": 37017,
      "rsId": "tgtconfigRS",
      "state": "FAILED",
      "stateUpdateTime": 1790969516
    }
  ],
  "state": "FAILED"
}
2026-10-02 14:36:47,945 [INFO] Restore state: FAILED
2026-10-02 14:36:57,945 [DEBUG] API GET http://129.40.36.100:8080/api/public/v1.0/backup/third_party/group/6a386221ee19a6537cc68a97/restore/6abf3847457a6b80701899fb
2026-10-02 14:36:58,086 [DEBUG] STATUS 200
2026-10-02 14:36:58,087 [DEBUG] {
  "clusterMapping": [
    {
      "rsId": "sgcShard_0",
      "targetRsId": "tgtShard_0"
    },
    {
      "rsId": "sgcShard_1",
      "targetRsId": "tgtShard_1"
    },
    {
      "rsId": "configRS",
      "targetRsId": "tgtconfigRS"
    }
  ],
  "nodes": [
    {
      "error": null,
      "hostname": "rmdb12",
      "id": "rmdb12:37017",
      "port": 37017,
      "rsId": "tgtShard_1",
      "state": "FAILED",
      "stateUpdateTime": 1790969516
    },
    {
      "error": null,
      "hostname": "rmdb14",
      "id": "rmdb14:37017",
      "port": 37017,
      "rsId": "tgtShard_1",
      "state": "FAILED",
      "stateUpdateTime": 1790969516
    },
    {
      "error": null,
      "hostname": "rmdb9",
      "id": "rmdb9:37017",
      "port": 37017,
      "rsId": "tgtShard_1",
      "state": "FAILED",
      "stateUpdateTime": 1790969516
    },
    {
      "error": null,
      "hostname": "rmdb4",
      "id": "rmdb4:37017",
      "port": 37017,
      "rsId": "tgtShard_1",
      "state": "FAILED",
      "stateUpdateTime": 1790969516
    },
    {
      "error": null,
      "hostname": "rmdb2",
      "id": "rmdb2:37017",
      "port": 37017,
      "rsId": "tgtShard_1",
      "state": "FAILED",
      "stateUpdateTime": 1790969516
    },
    {
      "error": null,
      "hostname": "rmdb8",
      "id": "rmdb8:37017",
      "port": 37017,
      "rsId": "tgtShard_0",
      "state": "FAILED",
      "stateUpdateTime": 1790969516
    },
    {
      "error": null,
      "hostname": "rmdb13",
      "id": "rmdb13:37017",
      "port": 37017,
      "rsId": "tgtShard_0",
      "state": "FAILED",
      "stateUpdateTime": 1790969516
    },
    {
      "error": "<tgtCluster_tgtShard_0_42> [15:29:05.042] Plan execution failed on step MakeBackupDataAvailable as part of move RestoreRsMemberFromBackupPhase1 : <tgtCluster_tgtShard_0_42> [15:29:05.042] Failed to apply action. Result = <nil> : <tgtCluster_tgtShard_0_42> [15:29:05.042] Failed to download the snapshot : <tgtCluster_tgtShard_0_42> [15:29:05.042] Error while waiting for third party to copy backup to /fimongo1/data : <tgtCluster_tgtShard_0_42> [15:29:05.042] Observed error when trying to mark node as ready for copy files. : <tgtCluster_tgtShard_0_42> [15:29:05.042] Got return status 404 Not Found when trying to mark node ready for copy files.",
      "hostname": "rmdb1",
      "id": "rmdb1:37017",
      "port": 37017,
      "rsId": "tgtShard_0",
      "state": "FAILED",
      "stateUpdateTime": 1790969516
    },
    {
      "error": null,
      "hostname": "rmdb3",
      "id": "rmdb3:37017",
      "port": 37017,
      "rsId": "tgtShard_0",
      "state": "FAILED",
      "stateUpdateTime": 1790969516
    },
    {
      "error": null,
      "hostname": "rmdb11",
      "id": "rmdb11:37017",
      "port": 37017,
      "rsId": "tgtShard_0",
      "state": "FAILED",
      "stateUpdateTime": 1790969516
    },
    {
      "error": null,
      "hostname": "rmdb7",
      "id": "rmdb7:37017",
      "port": 37017,
      "rsId": "tgtconfigRS",
      "state": "FAILED",
      "stateUpdateTime": 1790969516
    },
    {
      "error": null,
      "hostname": "rmdb-config1",
      "id": "rmdb-config1:37017",
      "port": 37017,
      "rsId": "tgtconfigRS",
      "state": "FAILED",
      "stateUpdateTime": 1790969516
    },
    {
      "error": null,
      "hostname": "rmdb-config2",
      "id": "rmdb-config2:37017",
      "port": 37017,
      "rsId": "tgtconfigRS",
      "state": "FAILED",
      "stateUpdateTime": 1790969516
    }
  ],
  "state": "FAILED"
}
2026-10-02 14:36:58,087 [INFO] Restore state: FAILED
2026-10-02 14:37:08,088 [DEBUG] API GET http://129.40.36.100:8080/api/public/v1.0/backup/third_party/group/6a386221ee19a6537cc68a97/restore/6abf3847457a6b80701899fb
2026-10-02 14:37:08,231 [DEBUG] STATUS 200
2026-10-02 14:37:08,231 [DEBUG] {
  "clusterMapping": [
    {
      "rsId": "sgcShard_0",
      "targetRsId": "tgtShard_0"
    },
    {
      "rsId": "sgcShard_1",
      "targetRsId": "tgtShard_1"
    },
    {
      "rsId": "configRS",
      "targetRsId": "tgtconfigRS"
    }
  ],
  "nodes": [
    {
      "error": null,
      "hostname": "rmdb12",
      "id": "rmdb12:37017",
      "port": 37017,
      "rsId": "tgtShard_1",
      "state": "FAILED",
      "stateUpdateTime": 1790969516
    },
    {
      "error": null,
      "hostname": "rmdb14",
      "id": "rmdb14:37017",
      "port": 37017,
      "rsId": "tgtShard_1",
      "state": "FAILED",
      "stateUpdateTime": 1790969516
    },
    {
      "error": null,
      "hostname": "rmdb9",
      "id": "rmdb9:37017",
      "port": 37017,
      "rsId": "tgtShard_1",
      "state": "FAILED",
      "stateUpdateTime": 1790969516
    },
    {
      "error": null,
      "hostname": "rmdb4",
      "id": "rmdb4:37017",
      "port": 37017,
      "rsId": "tgtShard_1",
      "state": "FAILED",
      "stateUpdateTime": 1790969516
    },
    {
      "error": null,
      "hostname": "rmdb2",
      "id": "rmdb2:37017",
      "port": 37017,
      "rsId": "tgtShard_1",
      "state": "FAILED",
      "stateUpdateTime": 1790969516
    },
    {
      "error": null,
      "hostname": "rmdb8",
      "id": "rmdb8:37017",
      "port": 37017,
      "rsId": "tgtShard_0",
      "state": "FAILED",
      "stateUpdateTime": 1790969516
    },
    {
      "error": null,
      "hostname": "rmdb13",
      "id": "rmdb13:37017",
      "port": 37017,
      "rsId": "tgtShard_0",
      "state": "FAILED",
      "stateUpdateTime": 1790969516
    },
    {
      "error": "<tgtCluster_tgtShard_0_42> [15:29:05.042] Plan execution failed on step MakeBackupDataAvailable as part of move RestoreRsMemberFromBackupPhase1 : <tgtCluster_tgtShard_0_42> [15:29:05.042] Failed to apply action. Result = <nil> : <tgtCluster_tgtShard_0_42> [15:29:05.042] Failed to download the snapshot : <tgtCluster_tgtShard_0_42> [15:29:05.042] Error while waiting for third party to copy backup to /fimongo1/data : <tgtCluster_tgtShard_0_42> [15:29:05.042] Observed error when trying to mark node as ready for copy files. : <tgtCluster_tgtShard_0_42> [15:29:05.042] Got return status 404 Not Found when trying to mark node ready for copy files.",
      "hostname": "rmdb1",
      "id": "rmdb1:37017",
      "port": 37017,
      "rsId": "tgtShard_0",
      "state": "FAILED",
      "stateUpdateTime": 1790969516
    },
    {
      "error": null,
      "hostname": "rmdb3",
      "id": "rmdb3:37017",
      "port": 37017,
      "rsId": "tgtShard_0",
      "state": "FAILED",
      "stateUpdateTime": 1790969516
    },
    {
      "error": null,
      "hostname": "rmdb11",
      "id": "rmdb11:37017",
      "port": 37017,
      "rsId": "tgtShard_0",
      "state": "FAILED",
      "stateUpdateTime": 1790969516
    },
    {
      "error": null,
      "hostname": "rmdb7",
      "id": "rmdb7:37017",
      "port": 37017,
      "rsId": "tgtconfigRS",
      "state": "FAILED",
      "stateUpdateTime": 1790969516
    },
    {
      "error": null,
      "hostname": "rmdb-config1",
      "id": "rmdb-config1:37017",
      "port": 37017,
      "rsId": "tgtconfigRS",
      "state": "FAILED",
      "stateUpdateTime": 1790969516
    },
    {
      "error": null,
      "hostname": "rmdb-config2",
      "id": "rmdb-config2:37017",
      "port": 37017,
      "rsId": "tgtconfigRS",
      "state": "FAILED",
      "stateUpdateTime": 1790969516
    }
  ],
  "state": "FAILED"
}
2026-10-02 14:37:08,232 [INFO] Restore state: FAILED
2026-10-02 14:37:18,232 [DEBUG] API GET http://129.40.36.100:8080/api/public/v1.0/backup/third_party/group/6a386221ee19a6537cc68a97/restore/6abf3847457a6b80701899fb
2026-10-02 14:37:18,375 [DEBUG] STATUS 200
2026-10-02 14:37:18,376 [DEBUG] {
  "clusterMapping": [
    {
      "rsId": "sgcShard_0",
      "targetRsId": "tgtShard_0"
    },
    {
      "rsId": "sgcShard_1",
      "targetRsId": "tgtShard_1"
    },
    {
      "rsId": "configRS",
      "targetRsId": "tgtconfigRS"
    }
  ],
  "nodes": [
    {
      "error": null,
      "hostname": "rmdb12",
      "id": "rmdb12:37017",
      "port": 37017,
      "rsId": "tgtShard_1",
      "state": "FAILED",
      "stateUpdateTime": 1790969516
    },
    {
      "error": null,
      "hostname": "rmdb14",
      "id": "rmdb14:37017",
      "port": 37017,
      "rsId": "tgtShard_1",
      "state": "FAILED",
      "stateUpdateTime": 1790969516
    },
    {
      "error": null,
      "hostname": "rmdb9",
      "id": "rmdb9:37017",
      "port": 37017,
      "rsId": "tgtShard_1",
      "state": "FAILED",
      "stateUpdateTime": 1790969516
    },
    {
      "error": null,
      "hostname": "rmdb4",
      "id": "rmdb4:37017",
      "port": 37017,
      "rsId": "tgtShard_1",
      "state": "FAILED",
      "stateUpdateTime": 1790969516
    },
    {
      "error": null,
      "hostname": "rmdb2",
      "id": "rmdb2:37017",
      "port": 37017,
      "rsId": "tgtShard_1",
      "state": "FAILED",
      "stateUpdateTime": 1790969516
    },
    {
      "error": null,
      "hostname": "rmdb8",
      "id": "rmdb8:37017",
      "port": 37017,
      "rsId": "tgtShard_0",
      "state": "FAILED",
      "stateUpdateTime": 1790969516
    },
    {
      "error": null,
      "hostname": "rmdb13",
      "id": "rmdb13:37017",
      "port": 37017,
      "rsId": "tgtShard_0",
      "state": "FAILED",
      "stateUpdateTime": 1790969516
    },
    {
      "error": "<tgtCluster_tgtShard_0_42> [15:29:05.042] Plan execution failed on step MakeBackupDataAvailable as part of move RestoreRsMemberFromBackupPhase1 : <tgtCluster_tgtShard_0_42> [15:29:05.042] Failed to apply action. Result = <nil> : <tgtCluster_tgtShard_0_42> [15:29:05.042] Failed to download the snapshot : <tgtCluster_tgtShard_0_42> [15:29:05.042] Error while waiting for third party to copy backup to /fimongo1/data : <tgtCluster_tgtShard_0_42> [15:29:05.042] Observed error when trying to mark node as ready for copy files. : <tgtCluster_tgtShard_0_42> [15:29:05.042] Got return status 404 Not Found when trying to mark node ready for copy files.",
      "hostname": "rmdb1",
      "id": "rmdb1:37017",
      "port": 37017,
      "rsId": "tgtShard_0",
      "state": "FAILED",
      "stateUpdateTime": 1790969516
    },
    {
      "error": null,
      "hostname": "rmdb3",
      "id": "rmdb3:37017",
      "port": 37017,
      "rsId": "tgtShard_0",
      "state": "FAILED",
      "stateUpdateTime": 1790969516
    },
    {
      "error": null,
      "hostname": "rmdb11",
      "id": "rmdb11:37017",
      "port": 37017,
      "rsId": "tgtShard_0",
      "state": "FAILED",
      "stateUpdateTime": 1790969516
    },
    {
      "error": null,
      "hostname": "rmdb7",
      "id": "rmdb7:37017",
      "port": 37017,
      "rsId": "tgtconfigRS",
      "state": "FAILED",
      "stateUpdateTime": 1790969516
    },
    {
      "error": null,
      "hostname": "rmdb-config1",
      "id": "rmdb-config1:37017",
      "port": 37017,
      "rsId": "tgtconfigRS",
      "state": "FAILED",
      "stateUpdateTime": 1790969516
    },
    {
      "error": null,
      "hostname": "rmdb-config2",
      "id": "rmdb-config2:37017",
      "port": 37017,
      "rsId": "tgtconfigRS",
      "state": "FAILED",
      "stateUpdateTime": 1790969516
    }
  ],
  "state": "FAILED"
}
2026-10-02 14:37:18,376 [INFO] Restore state: FAILED
2026-10-02 14:37:28,377 [DEBUG] API GET http://129.40.36.100:8080/api/public/v1.0/backup/third_party/group/6a386221ee19a6537cc68a97/restore/6abf3847457a6b80701899fb
2026-10-02 14:37:28,516 [DEBUG] STATUS 200
2026-10-02 14:37:28,517 [DEBUG] {
  "clusterMapping": [
    {
      "rsId": "sgcShard_0",
      "targetRsId": "tgtShard_0"
    },
    {
      "rsId": "sgcShard_1",
      "targetRsId": "tgtShard_1"
    },
    {
      "rsId": "configRS",
      "targetRsId": "tgtconfigRS"
    }
  ],
  "nodes": [
    {
      "error": null,
      "hostname": "rmdb12",
      "id": "rmdb12:37017",
      "port": 37017,
      "rsId": "tgtShard_1",
      "state": "FAILED",
      "stateUpdateTime": 1790969516
    },
    {
      "error": null,
      "hostname": "rmdb14",
      "id": "rmdb14:37017",
      "port": 37017,
      "rsId": "tgtShard_1",
      "state": "FAILED",
      "stateUpdateTime": 1790969516
    },
    {
      "error": null,
      "hostname": "rmdb9",
      "id": "rmdb9:37017",
      "port": 37017,
      "rsId": "tgtShard_1",
      "state": "FAILED",
      "stateUpdateTime": 1790969516
    },
    {
      "error": null,
      "hostname": "rmdb4",
      "id": "rmdb4:37017",
      "port": 37017,
      "rsId": "tgtShard_1",
      "state": "FAILED",
      "stateUpdateTime": 1790969516
    },
    {
      "error": null,
      "hostname": "rmdb2",
      "id": "rmdb2:37017",
      "port": 37017,
      "rsId": "tgtShard_1",
      "state": "FAILED",
      "stateUpdateTime": 1790969516
    },
    {
      "error": null,
      "hostname": "rmdb8",
      "id": "rmdb8:37017",
      "port": 37017,
      "rsId": "tgtShard_0",
      "state": "FAILED",
      "stateUpdateTime": 1790969516
    },
    {
      "error": null,
      "hostname": "rmdb13",
      "id": "rmdb13:37017",
      "port": 37017,
      "rsId": "tgtShard_0",
      "state": "FAILED",
      "stateUpdateTime": 1790969516
    },
    {
      "error": "<tgtCluster_tgtShard_0_42> [15:29:05.042] Plan execution failed on step MakeBackupDataAvailable as part of move RestoreRsMemberFromBackupPhase1 : <tgtCluster_tgtShard_0_42> [15:29:05.042] Failed to apply action. Result = <nil> : <tgtCluster_tgtShard_0_42> [15:29:05.042] Failed to download the snapshot : <tgtCluster_tgtShard_0_42> [15:29:05.042] Error while waiting for third party to copy backup to /fimongo1/data : <tgtCluster_tgtShard_0_42> [15:29:05.042] Observed error when trying to mark node as ready for copy files. : <tgtCluster_tgtShard_0_42> [15:29:05.042] Got return status 404 Not Found when trying to mark node ready for copy files.",
      "hostname": "rmdb1",
      "id": "rmdb1:37017",
      "port": 37017,
      "rsId": "tgtShard_0",
      "state": "FAILED",
      "stateUpdateTime": 1790969516
    },
    {
      "error": null,
      "hostname": "rmdb3",
      "id": "rmdb3:37017",
      "port": 37017,
      "rsId": "tgtShard_0",
      "state": "FAILED",
      "stateUpdateTime": 1790969516
    },
    {
      "error": null,
      "hostname": "rmdb11",
      "id": "rmdb11:37017",
      "port": 37017,
      "rsId": "tgtShard_0",
      "state": "FAILED",
      "stateUpdateTime": 1790969516
    },
    {
      "error": null,
      "hostname": "rmdb7",
      "id": "rmdb7:37017",
      "port": 37017,
      "rsId": "tgtconfigRS",
      "state": "FAILED",
      "stateUpdateTime": 1790969516
    },
    {
      "error": null,
      "hostname": "rmdb-config1",
      "id": "rmdb-config1:37017",
      "port": 37017,
      "rsId": "tgtconfigRS",
      "state": "FAILED",
      "stateUpdateTime": 1790969516
    },
    {
      "error": null,
      "hostname": "rmdb-config2",
      "id": "rmdb-config2:37017",
      "port": 37017,
      "rsId": "tgtconfigRS",
      "state": "FAILED",
      "stateUpdateTime": 1790969516
    }
  ],
  "state": "FAILED"
}
2026-10-02 14:37:28,517 [INFO] Restore state: FAILED
2026-10-02 14:37:38,518 [DEBUG] API GET http://129.40.36.100:8080/api/public/v1.0/backup/third_party/group/6a386221ee19a6537cc68a97/restore/6abf3847457a6b80701899fb
2026-10-02 14:37:38,661 [DEBUG] STATUS 200
2026-10-02 14:37:38,662 [DEBUG] {
  "clusterMapping": [
    {
      "rsId": "sgcShard_0",
      "targetRsId": "tgtShard_0"
    },
    {
      "rsId": "sgcShard_1",
      "targetRsId": "tgtShard_1"
    },
    {
      "rsId": "configRS",
      "targetRsId": "tgtconfigRS"
    }
  ],
  "nodes": [
    {
      "error": null,
      "hostname": "rmdb12",
      "id": "rmdb12:37017",
      "port": 37017,
      "rsId": "tgtShard_1",
      "state": "FAILED",
      "stateUpdateTime": 1790969516
    },
    {
      "error": null,
      "hostname": "rmdb14",
      "id": "rmdb14:37017",
      "port": 37017,
      "rsId": "tgtShard_1",
      "state": "FAILED",
      "stateUpdateTime": 1790969516
    },
    {
      "error": null,
      "hostname": "rmdb9",
      "id": "rmdb9:37017",
      "port": 37017,
      "rsId": "tgtShard_1",
      "state": "FAILED",
      "stateUpdateTime": 1790969516
    },
    {
      "error": null,
      "hostname": "rmdb4",
      "id": "rmdb4:37017",
      "port": 37017,
      "rsId": "tgtShard_1",
      "state": "FAILED",
      "stateUpdateTime": 1790969516
    },
    {
      "error": null,
      "hostname": "rmdb2",
      "id": "rmdb2:37017",
      "port": 37017,
      "rsId": "tgtShard_1",
      "state": "FAILED",
      "stateUpdateTime": 1790969516
    },
    {
      "error": null,
      "hostname": "rmdb8",
      "id": "rmdb8:37017",
      "port": 37017,
      "rsId": "tgtShard_0",
      "state": "FAILED",
      "stateUpdateTime": 1790969516
    },
    {
      "error": null,
      "hostname": "rmdb13",
      "id": "rmdb13:37017",
      "port": 37017,
      "rsId": "tgtShard_0",
      "state": "FAILED",
      "stateUpdateTime": 1790969516
    },
    {
      "error": "<tgtCluster_tgtShard_0_42> [15:29:05.042] Plan execution failed on step MakeBackupDataAvailable as part of move RestoreRsMemberFromBackupPhase1 : <tgtCluster_tgtShard_0_42> [15:29:05.042] Failed to apply action. Result = <nil> : <tgtCluster_tgtShard_0_42> [15:29:05.042] Failed to download the snapshot : <tgtCluster_tgtShard_0_42> [15:29:05.042] Error while waiting for third party to copy backup to /fimongo1/data : <tgtCluster_tgtShard_0_42> [15:29:05.042] Observed error when trying to mark node as ready for copy files. : <tgtCluster_tgtShard_0_42> [15:29:05.042] Got return status 404 Not Found when trying to mark node ready for copy files.",
      "hostname": "rmdb1",
      "id": "rmdb1:37017",
      "port": 37017,
      "rsId": "tgtShard_0",
      "state": "FAILED",
      "stateUpdateTime": 1790969516
    },
    {
      "error": null,
      "hostname": "rmdb3",
      "id": "rmdb3:37017",
      "port": 37017,
      "rsId": "tgtShard_0",
      "state": "FAILED",
      "stateUpdateTime": 1790969516
    },
    {
      "error": null,
      "hostname": "rmdb11",
      "id": "rmdb11:37017",
      "port": 37017,
      "rsId": "tgtShard_0",
      "state": "FAILED",
      "stateUpdateTime": 1790969516
    },
    {
      "error": null,
      "hostname": "rmdb7",
      "id": "rmdb7:37017",
      "port": 37017,
      "rsId": "tgtconfigRS",
      "state": "FAILED",
      "stateUpdateTime": 1790969516
    },
    {
      "error": null,
      "hostname": "rmdb-config1",
      "id": "rmdb-config1:37017",
      "port": 37017,
      "rsId": "tgtconfigRS",
      "state": "FAILED",
      "stateUpdateTime": 1790969516
    },
    {
      "error": null,
      "hostname": "rmdb-config2",
      "id": "rmdb-config2:37017",
      "port": 37017,
      "rsId": "tgtconfigRS",
      "state": "FAILED",
      "stateUpdateTime": 1790969516
    }
  ],
  "state": "FAILED"
}
2026-10-02 14:37:38,662 [INFO] Restore state: FAILED
2026-10-02 14:37:48,663 [DEBUG] API GET http://129.40.36.100:8080/api/public/v1.0/backup/third_party/group/6a386221ee19a6537cc68a97/restore/6abf3847457a6b80701899fb
2026-10-02 14:37:48,905 [DEBUG] STATUS 200
2026-10-02 14:37:48,905 [DEBUG] {
  "clusterMapping": [
    {
      "rsId": "sgcShard_0",
      "targetRsId": "tgtShard_0"
    },
    {
      "rsId": "sgcShard_1",
      "targetRsId": "tgtShard_1"
    },
    {
      "rsId": "configRS",
      "targetRsId": "tgtconfigRS"
    }
  ],
  "nodes": [
    {
      "error": null,
      "hostname": "rmdb12",
      "id": "rmdb12:37017",
      "port": 37017,
      "rsId": "tgtShard_1",
      "state": "FAILED",
      "stateUpdateTime": 1790969516
    },
    {
      "error": null,
      "hostname": "rmdb14",
      "id": "rmdb14:37017",
      "port": 37017,
      "rsId": "tgtShard_1",
      "state": "FAILED",
      "stateUpdateTime": 1790969516
    },
    {
      "error": null,
      "hostname": "rmdb9",
      "id": "rmdb9:37017",
      "port": 37017,
      "rsId": "tgtShard_1",
      "state": "FAILED",
      "stateUpdateTime": 1790969516
    },
    {
      "error": null,
      "hostname": "rmdb4",
      "id": "rmdb4:37017",
      "port": 37017,
      "rsId": "tgtShard_1",
      "state": "FAILED",
      "stateUpdateTime": 1790969516
    },
    {
      "error": null,
      "hostname": "rmdb2",
      "id": "rmdb2:37017",
      "port": 37017,
      "rsId": "tgtShard_1",
      "state": "FAILED",
      "stateUpdateTime": 1790969516
    },
    {
      "error": null,
      "hostname": "rmdb8",
      "id": "rmdb8:37017",
      "port": 37017,
      "rsId": "tgtShard_0",
      "state": "FAILED",
      "stateUpdateTime": 1790969516
    },
    {
      "error": null,
      "hostname": "rmdb13",
      "id": "rmdb13:37017",
      "port": 37017,
      "rsId": "tgtShard_0",
      "state": "FAILED",
      "stateUpdateTime": 1790969516
    },
    {
      "error": "<tgtCluster_tgtShard_0_42> [15:29:05.042] Plan execution failed on step MakeBackupDataAvailable as part of move RestoreRsMemberFromBackupPhase1 : <tgtCluster_tgtShard_0_42> [15:29:05.042] Failed to apply action. Result = <nil> : <tgtCluster_tgtShard_0_42> [15:29:05.042] Failed to download the snapshot : <tgtCluster_tgtShard_0_42> [15:29:05.042] Error while waiting for third party to copy backup to /fimongo1/data : <tgtCluster_tgtShard_0_42> [15:29:05.042] Observed error when trying to mark node as ready for copy files. : <tgtCluster_tgtShard_0_42> [15:29:05.042] Got return status 404 Not Found when trying to mark node ready for copy files.",
      "hostname": "rmdb1",
      "id": "rmdb1:37017",
      "port": 37017,
      "rsId": "tgtShard_0",
      "state": "FAILED",
      "stateUpdateTime": 1790969516
    },
    {
      "error": null,
      "hostname": "rmdb3",
      "id": "rmdb3:37017",
      "port": 37017,
      "rsId": "tgtShard_0",
      "state": "FAILED",
      "stateUpdateTime": 1790969516
    },
    {
      "error": null,
      "hostname": "rmdb11",
      "id": "rmdb11:37017",
      "port": 37017,
      "rsId": "tgtShard_0",
      "state": "FAILED",
      "stateUpdateTime": 1790969516
    },
    {
      "error": null,
      "hostname": "rmdb7",
      "id": "rmdb7:37017",
      "port": 37017,
      "rsId": "tgtconfigRS",
      "state": "FAILED",
      "stateUpdateTime": 1790969516
    },
    {
      "error": null,
      "hostname": "rmdb-config1",
      "id": "rmdb-config1:37017",
      "port": 37017,
      "rsId": "tgtconfigRS",
      "state": "FAILED",
      "stateUpdateTime": 1790969516
    },
    {
      "error": null,
      "hostname": "rmdb-config2",
      "id": "rmdb-config2:37017",
      "port": 37017,
      "rsId": "tgtconfigRS",
      "state": "FAILED",
      "stateUpdateTime": 1790969516
    }
  ],
  "state": "FAILED"
}
2026-10-02 14:37:48,906 [INFO] Restore state: FAILED
2026-10-02 14:37:58,906 [DEBUG] API GET http://129.40.36.100:8080/api/public/v1.0/backup/third_party/group/6a386221ee19a6537cc68a97/restore/6abf3847457a6b80701899fb
2026-10-02 14:37:59,049 [DEBUG] STATUS 200
2026-10-02 14:37:59,049 [DEBUG] {
  "clusterMapping": [
    {
      "rsId": "sgcShard_0",
      "targetRsId": "tgtShard_0"
    },
    {
      "rsId": "sgcShard_1",
      "targetRsId": "tgtShard_1"
    },
    {
      "rsId": "configRS",
      "targetRsId": "tgtconfigRS"
    }
  ],
  "nodes": [
    {
      "error": null,
      "hostname": "rmdb12",
      "id": "rmdb12:37017",
      "port": 37017,
      "rsId": "tgtShard_1",
      "state": "FAILED",
      "stateUpdateTime": 1790969516
    },
    {
      "error": null,
      "hostname": "rmdb14",
      "id": "rmdb14:37017",
      "port": 37017,
      "rsId": "tgtShard_1",
      "state": "FAILED",
      "stateUpdateTime": 1790969516
    },
    {
      "error": null,
      "hostname": "rmdb9",
      "id": "rmdb9:37017",
      "port": 37017,
      "rsId": "tgtShard_1",
      "state": "FAILED",
      "stateUpdateTime": 1790969516
    },
    {
      "error": null,
      "hostname": "rmdb4",
      "id": "rmdb4:37017",
      "port": 37017,
      "rsId": "tgtShard_1",
      "state": "FAILED",
      "stateUpdateTime": 1790969516
    },
    {
      "error": null,
      "hostname": "rmdb2",
      "id": "rmdb2:37017",
      "port": 37017,
      "rsId": "tgtShard_1",
      "state": "FAILED",
      "stateUpdateTime": 1790969516
    },
    {
      "error": null,
      "hostname": "rmdb8",
      "id": "rmdb8:37017",
      "port": 37017,
      "rsId": "tgtShard_0",
      "state": "FAILED",
      "stateUpdateTime": 1790969516
    },
    {
      "error": null,
      "hostname": "rmdb13",
      "id": "rmdb13:37017",
      "port": 37017,
      "rsId": "tgtShard_0",
      "state": "FAILED",
      "stateUpdateTime": 1790969516
    },
    {
      "error": "<tgtCluster_tgtShard_0_42> [15:29:05.042] Plan execution failed on step MakeBackupDataAvailable as part of move RestoreRsMemberFromBackupPhase1 : <tgtCluster_tgtShard_0_42> [15:29:05.042] Failed to apply action. Result = <nil> : <tgtCluster_tgtShard_0_42> [15:29:05.042] Failed to download the snapshot : <tgtCluster_tgtShard_0_42> [15:29:05.042] Error while waiting for third party to copy backup to /fimongo1/data : <tgtCluster_tgtShard_0_42> [15:29:05.042] Observed error when trying to mark node as ready for copy files. : <tgtCluster_tgtShard_0_42> [15:29:05.042] Got return status 404 Not Found when trying to mark node ready for copy files.",
      "hostname": "rmdb1",
      "id": "rmdb1:37017",
      "port": 37017,
      "rsId": "tgtShard_0",
      "state": "FAILED",
      "stateUpdateTime": 1790969516
    },
    {
      "error": null,
      "hostname": "rmdb3",
      "id": "rmdb3:37017",
      "port": 37017,
      "rsId": "tgtShard_0",
      "state": "FAILED",
      "stateUpdateTime": 1790969516
    },
    {
      "error": null,
      "hostname": "rmdb11",
      "id": "rmdb11:37017",
      "port": 37017,
      "rsId": "tgtShard_0",
      "state": "FAILED",
      "stateUpdateTime": 1790969516
    },
    {
      "error": null,
      "hostname": "rmdb7",
      "id": "rmdb7:37017",
      "port": 37017,
      "rsId": "tgtconfigRS",
      "state": "FAILED",
      "stateUpdateTime": 1790969516
    },
    {
      "error": null,
      "hostname": "rmdb-config1",
      "id": "rmdb-config1:37017",
      "port": 37017,
      "rsId": "tgtconfigRS",
      "state": "FAILED",
      "stateUpdateTime": 1790969516
    },
    {
      "error": null,
      "hostname": "rmdb-config2",
      "id": "rmdb-config2:37017",
      "port": 37017,
      "rsId": "tgtconfigRS",
      "state": "FAILED",
      "stateUpdateTime": 1790969516
    }
  ],
  "state": "FAILED"
}
2026-10-02 14:37:59,050 [INFO] Restore state: FAILED
2026-10-02 14:38:09,050 [DEBUG] API GET http://129.40.36.100:8080/api/public/v1.0/backup/third_party/group/6a386221ee19a6537cc68a97/restore/6abf3847457a6b80701899fb
2026-10-02 14:38:09,213 [DEBUG] STATUS 200
2026-10-02 14:38:09,213 [DEBUG] {
  "clusterMapping": [
    {
      "rsId": "sgcShard_0",
      "targetRsId": "tgtShard_0"
    },
    {
      "rsId": "sgcShard_1",
      "targetRsId": "tgtShard_1"
    },
    {
      "rsId": "configRS",
      "targetRsId": "tgtconfigRS"
    }
  ],
  "nodes": [
    {
      "error": null,
      "hostname": "rmdb12",
      "id": "rmdb12:37017",
      "port": 37017,
      "rsId": "tgtShard_1",
      "state": "FAILED",
      "stateUpdateTime": 1790969516
    },
    {
      "error": null,
      "hostname": "rmdb14",
      "id": "rmdb14:37017",
      "port": 37017,
      "rsId": "tgtShard_1",
      "state": "FAILED",
      "stateUpdateTime": 1790969516
    },
    {
      "error": null,
      "hostname": "rmdb9",
      "id": "rmdb9:37017",
      "port": 37017,
      "rsId": "tgtShard_1",
      "state": "FAILED",
      "stateUpdateTime": 1790969516
    },
    {
      "error": null,
      "hostname": "rmdb4",
      "id": "rmdb4:37017",
      "port": 37017,
      "rsId": "tgtShard_1",
      "state": "FAILED",
      "stateUpdateTime": 1790969516
    },
    {
      "error": null,
      "hostname": "rmdb2",
      "id": "rmdb2:37017",
      "port": 37017,
      "rsId": "tgtShard_1",
      "state": "FAILED",
      "stateUpdateTime": 1790969516
    },
    {
      "error": null,
      "hostname": "rmdb8",
      "id": "rmdb8:37017",
      "port": 37017,
      "rsId": "tgtShard_0",
      "state": "FAILED",
      "stateUpdateTime": 1790969516
    },
    {
      "error": null,
      "hostname": "rmdb13",
      "id": "rmdb13:37017",
      "port": 37017,
      "rsId": "tgtShard_0",
      "state": "FAILED",
      "stateUpdateTime": 1790969516
    },
    {
      "error": "<tgtCluster_tgtShard_0_42> [15:29:05.042] Plan execution failed on step MakeBackupDataAvailable as part of move RestoreRsMemberFromBackupPhase1 : <tgtCluster_tgtShard_0_42> [15:29:05.042] Failed to apply action. Result = <nil> : <tgtCluster_tgtShard_0_42> [15:29:05.042] Failed to download the snapshot : <tgtCluster_tgtShard_0_42> [15:29:05.042] Error while waiting for third party to copy backup to /fimongo1/data : <tgtCluster_tgtShard_0_42> [15:29:05.042] Observed error when trying to mark node as ready for copy files. : <tgtCluster_tgtShard_0_42> [15:29:05.042] Got return status 404 Not Found when trying to mark node ready for copy files.",
      "hostname": "rmdb1",
      "id": "rmdb1:37017",
      "port": 37017,
      "rsId": "tgtShard_0",
      "state": "FAILED",
      "stateUpdateTime": 1790969516
    },
    {
      "error": null,
      "hostname": "rmdb3",
      "id": "rmdb3:37017",
      "port": 37017,
      "rsId": "tgtShard_0",
      "state": "FAILED",
      "stateUpdateTime": 1790969516
    },
    {
      "error": null,
      "hostname": "rmdb11",
      "id": "rmdb11:37017",
      "port": 37017,
      "rsId": "tgtShard_0",
      "state": "FAILED",
      "stateUpdateTime": 1790969516
    },
    {
      "error": null,
      "hostname": "rmdb7",
      "id": "rmdb7:37017",
      "port": 37017,
      "rsId": "tgtconfigRS",
      "state": "FAILED",
      "stateUpdateTime": 1790969516
    },
    {
      "error": null,
      "hostname": "rmdb-config1",
      "id": "rmdb-config1:37017",
      "port": 37017,
      "rsId": "tgtconfigRS",
      "state": "FAILED",
      "stateUpdateTime": 1790969516
    },
    {
      "error": null,
      "hostname": "rmdb-config2",
      "id": "rmdb-config2:37017",
      "port": 37017,
      "rsId": "tgtconfigRS",
      "state": "FAILED",
      "stateUpdateTime": 1790969516
    }
  ],
  "state": "FAILED"
}
2026-10-02 14:38:09,213 [INFO] Restore state: FAILED
2026-10-02 14:38:19,214 [DEBUG] API GET http://129.40.36.100:8080/api/public/v1.0/backup/third_party/group/6a386221ee19a6537cc68a97/restore/6abf3847457a6b80701899fb
2026-10-02 14:38:19,354 [DEBUG] STATUS 200
2026-10-02 14:38:19,354 [DEBUG] {
  "clusterMapping": [
    {
      "rsId": "sgcShard_0",
      "targetRsId": "tgtShard_0"
    },
    {
      "rsId": "sgcShard_1",
      "targetRsId": "tgtShard_1"
    },
    {
      "rsId": "configRS",
      "targetRsId": "tgtconfigRS"
    }
  ],
  "nodes": [
    {
      "error": null,
      "hostname": "rmdb12",
      "id": "rmdb12:37017",
      "port": 37017,
      "rsId": "tgtShard_1",
      "state": "FAILED",
      "stateUpdateTime": 1790969516
    },
    {
      "error": null,
      "hostname": "rmdb14",
      "id": "rmdb14:37017",
      "port": 37017,
      "rsId": "tgtShard_1",
      "state": "FAILED",
      "stateUpdateTime": 1790969516
    },
    {
      "error": null,
      "hostname": "rmdb9",
      "id": "rmdb9:37017",
      "port": 37017,
      "rsId": "tgtShard_1",
      "state": "FAILED",
      "stateUpdateTime": 1790969516
    },
    {
      "error": null,
      "hostname": "rmdb4",
      "id": "rmdb4:37017",
      "port": 37017,
      "rsId": "tgtShard_1",
      "state": "FAILED",
      "stateUpdateTime": 1790969516
    },
    {
      "error": null,
      "hostname": "rmdb2",
      "id": "rmdb2:37017",
      "port": 37017,
      "rsId": "tgtShard_1",
      "state": "FAILED",
      "stateUpdateTime": 1790969516
    },
    {
      "error": null,
      "hostname": "rmdb8",
      "id": "rmdb8:37017",
      "port": 37017,
      "rsId": "tgtShard_0",
      "state": "FAILED",
      "stateUpdateTime": 1790969516
    },
    {
      "error": null,
      "hostname": "rmdb13",
      "id": "rmdb13:37017",
      "port": 37017,
      "rsId": "tgtShard_0",
      "state": "FAILED",
      "stateUpdateTime": 1790969516
    },
    {
      "error": "<tgtCluster_tgtShard_0_42> [15:29:05.042] Plan execution failed on step MakeBackupDataAvailable as part of move RestoreRsMemberFromBackupPhase1 : <tgtCluster_tgtShard_0_42> [15:29:05.042] Failed to apply action. Result = <nil> : <tgtCluster_tgtShard_0_42> [15:29:05.042] Failed to download the snapshot : <tgtCluster_tgtShard_0_42> [15:29:05.042] Error while waiting for third party to copy backup to /fimongo1/data : <tgtCluster_tgtShard_0_42> [15:29:05.042] Observed error when trying to mark node as ready for copy files. : <tgtCluster_tgtShard_0_42> [15:29:05.042] Got return status 404 Not Found when trying to mark node ready for copy files.",
      "hostname": "rmdb1",
      "id": "rmdb1:37017",
      "port": 37017,
      "rsId": "tgtShard_0",
      "state": "FAILED",
      "stateUpdateTime": 1790969516
    },
    {
      "error": null,
      "hostname": "rmdb3",
      "id": "rmdb3:37017",
      "port": 37017,
      "rsId": "tgtShard_0",
      "state": "FAILED",
      "stateUpdateTime": 1790969516
    },
    {
      "error": null,
      "hostname": "rmdb11",
      "id": "rmdb11:37017",
      "port": 37017,
      "rsId": "tgtShard_0",
      "state": "FAILED",
      "stateUpdateTime": 1790969516
    },
    {
      "error": null,
      "hostname": "rmdb7",
      "id": "rmdb7:37017",
      "port": 37017,
      "rsId": "tgtconfigRS",
      "state": "FAILED",
      "stateUpdateTime": 1790969516
    },
    {
      "error": null,
      "hostname": "rmdb-config1",
      "id": "rmdb-config1:37017",
      "port": 37017,
      "rsId": "tgtconfigRS",
      "state": "FAILED",
      "stateUpdateTime": 1790969516
    },
    {
      "error": null,
      "hostname": "rmdb-config2",
      "id": "rmdb-config2:37017",
      "port": 37017,
      "rsId": "tgtconfigRS",
      "state": "FAILED",
      "stateUpdateTime": 1790969516
    }
  ],
  "state": "FAILED"
}
2026-10-02 14:38:19,354 [INFO] Restore state: FAILED
2026-10-02 14:38:29,355 [DEBUG] API GET http://129.40.36.100:8080/api/public/v1.0/backup/third_party/group/6a386221ee19a6537cc68a97/restore/6abf3847457a6b80701899fb
2026-10-02 14:38:29,511 [DEBUG] STATUS 200
2026-10-02 14:38:29,511 [DEBUG] {
  "clusterMapping": [
    {
      "rsId": "sgcShard_0",
      "targetRsId": "tgtShard_0"
    },
    {
      "rsId": "sgcShard_1",
      "targetRsId": "tgtShard_1"
    },
    {
      "rsId": "configRS",
      "targetRsId": "tgtconfigRS"
    }
  ],
  "nodes": [
    {
      "error": null,
      "hostname": "rmdb12",
      "id": "rmdb12:37017",
      "port": 37017,
      "rsId": "tgtShard_1",
      "state": "FAILED",
      "stateUpdateTime": 1790969516
    },
    {
      "error": null,
      "hostname": "rmdb14",
      "id": "rmdb14:37017",
      "port": 37017,
      "rsId": "tgtShard_1",
      "state": "FAILED",
      "stateUpdateTime": 1790969516
    },
    {
      "error": null,
      "hostname": "rmdb9",
      "id": "rmdb9:37017",
      "port": 37017,
      "rsId": "tgtShard_1",
      "state": "FAILED",
      "stateUpdateTime": 1790969516
    },
    {
      "error": null,
      "hostname": "rmdb4",
      "id": "rmdb4:37017",
      "port": 37017,
      "rsId": "tgtShard_1",
      "state": "FAILED",
      "stateUpdateTime": 1790969516
    },
    {
      "error": null,
      "hostname": "rmdb2",
      "id": "rmdb2:37017",
      "port": 37017,
      "rsId": "tgtShard_1",
      "state": "FAILED",
      "stateUpdateTime": 1790969516
    },
    {
      "error": null,
      "hostname": "rmdb8",
      "id": "rmdb8:37017",
      "port": 37017,
      "rsId": "tgtShard_0",
      "state": "FAILED",
      "stateUpdateTime": 1790969516
    },
    {
      "error": null,
      "hostname": "rmdb13",
      "id": "rmdb13:37017",
      "port": 37017,
      "rsId": "tgtShard_0",
      "state": "FAILED",
      "stateUpdateTime": 1790969516
    },
    {
      "error": "<tgtCluster_tgtShard_0_42> [15:29:05.042] Plan execution failed on step MakeBackupDataAvailable as part of move RestoreRsMemberFromBackupPhase1 : <tgtCluster_tgtShard_0_42> [15:29:05.042] Failed to apply action. Result = <nil> : <tgtCluster_tgtShard_0_42> [15:29:05.042] Failed to download the snapshot : <tgtCluster_tgtShard_0_42> [15:29:05.042] Error while waiting for third party to copy backup to /fimongo1/data : <tgtCluster_tgtShard_0_42> [15:29:05.042] Observed error when trying to mark node as ready for copy files. : <tgtCluster_tgtShard_0_42> [15:29:05.042] Got return status 404 Not Found when trying to mark node ready for copy files.",
      "hostname": "rmdb1",
      "id": "rmdb1:37017",
      "port": 37017,
      "rsId": "tgtShard_0",
      "state": "FAILED",
      "stateUpdateTime": 1790969516
    },
    {
      "error": null,
      "hostname": "rmdb3",
      "id": "rmdb3:37017",
      "port": 37017,
      "rsId": "tgtShard_0",
      "state": "FAILED",
      "stateUpdateTime": 1790969516
    },
    {
      "error": null,
      "hostname": "rmdb11",
      "id": "rmdb11:37017",
      "port": 37017,
      "rsId": "tgtShard_0",
      "state": "FAILED",
      "stateUpdateTime": 1790969516
    },
    {
      "error": null,
      "hostname": "rmdb7",
      "id": "rmdb7:37017",
      "port": 37017,
      "rsId": "tgtconfigRS",
      "state": "FAILED",
      "stateUpdateTime": 1790969516
    },
    {
      "error": null,
      "hostname": "rmdb-config1",
      "id": "rmdb-config1:37017",
      "port": 37017,
      "rsId": "tgtconfigRS",
      "state": "FAILED",
      "stateUpdateTime": 1790969516
    },
    {
      "error": null,
      "hostname": "rmdb-config2",
      "id": "rmdb-config2:37017",
      "port": 37017,
      "rsId": "tgtconfigRS",
      "state": "FAILED",
      "stateUpdateTime": 1790969516
    }
  ],
  "state": "FAILED"
}
2026-10-02 14:38:29,511 [INFO] Restore state: FAILED
2026-10-02 14:38:39,512 [DEBUG] API GET http://129.40.36.100:8080/api/public/v1.0/backup/third_party/group/6a386221ee19a6537cc68a97/restore/6abf3847457a6b80701899fb
2026-10-02 14:38:39,654 [DEBUG] STATUS 200
2026-10-02 14:38:39,655 [DEBUG] {
  "clusterMapping": [
    {
      "rsId": "sgcShard_0",
      "targetRsId": "tgtShard_0"
    },
    {
      "rsId": "sgcShard_1",
      "targetRsId": "tgtShard_1"
    },
    {
      "rsId": "configRS",
      "targetRsId": "tgtconfigRS"
    }
  ],
  "nodes": [
    {
      "error": null,
      "hostname": "rmdb12",
      "id": "rmdb12:37017",
      "port": 37017,
      "rsId": "tgtShard_1",
      "state": "FAILED",
      "stateUpdateTime": 1790969516
    },
    {
      "error": null,
      "hostname": "rmdb14",
      "id": "rmdb14:37017",
      "port": 37017,
      "rsId": "tgtShard_1",
      "state": "FAILED",
      "stateUpdateTime": 1790969516
    },
    {
      "error": null,
      "hostname": "rmdb9",
      "id": "rmdb9:37017",
      "port": 37017,
      "rsId": "tgtShard_1",
      "state": "FAILED",
      "stateUpdateTime": 1790969516
    },
    {
      "error": null,
      "hostname": "rmdb4",
      "id": "rmdb4:37017",
      "port": 37017,
      "rsId": "tgtShard_1",
      "state": "FAILED",
      "stateUpdateTime": 1790969516
    },
    {
      "error": null,
      "hostname": "rmdb2",
      "id": "rmdb2:37017",
      "port": 37017,
      "rsId": "tgtShard_1",
      "state": "FAILED",
      "stateUpdateTime": 1790969516
    },
    {
      "error": null,
      "hostname": "rmdb8",
      "id": "rmdb8:37017",
      "port": 37017,
      "rsId": "tgtShard_0",
      "state": "FAILED",
      "stateUpdateTime": 1790969516
    },
    {
      "error": null,
      "hostname": "rmdb13",
      "id": "rmdb13:37017",
      "port": 37017,
      "rsId": "tgtShard_0",
      "state": "FAILED",
      "stateUpdateTime": 1790969516
    },
    {
      "error": "<tgtCluster_tgtShard_0_42> [15:29:05.042] Plan execution failed on step MakeBackupDataAvailable as part of move RestoreRsMemberFromBackupPhase1 : <tgtCluster_tgtShard_0_42> [15:29:05.042] Failed to apply action. Result = <nil> : <tgtCluster_tgtShard_0_42> [15:29:05.042] Failed to download the snapshot : <tgtCluster_tgtShard_0_42> [15:29:05.042] Error while waiting for third party to copy backup to /fimongo1/data : <tgtCluster_tgtShard_0_42> [15:29:05.042] Observed error when trying to mark node as ready for copy files. : <tgtCluster_tgtShard_0_42> [15:29:05.042] Got return status 404 Not Found when trying to mark node ready for copy files.",
      "hostname": "rmdb1",
      "id": "rmdb1:37017",
      "port": 37017,
      "rsId": "tgtShard_0",
      "state": "FAILED",
      "stateUpdateTime": 1790969516
    },
    {
      "error": null,
      "hostname": "rmdb3",
      "id": "rmdb3:37017",
      "port": 37017,
      "rsId": "tgtShard_0",
      "state": "FAILED",
      "stateUpdateTime": 1790969516
    },
    {
      "error": null,
      "hostname": "rmdb11",
      "id": "rmdb11:37017",
      "port": 37017,
      "rsId": "tgtShard_0",
      "state": "FAILED",
      "stateUpdateTime": 1790969516
    },
    {
      "error": null,
      "hostname": "rmdb7",
      "id": "rmdb7:37017",
      "port": 37017,
      "rsId": "tgtconfigRS",
      "state": "FAILED",
      "stateUpdateTime": 1790969516
    },
    {
      "error": null,
      "hostname": "rmdb-config1",
      "id": "rmdb-config1:37017",
      "port": 37017,
      "rsId": "tgtconfigRS",
      "state": "FAILED",
      "stateUpdateTime": 1790969516
    },
    {
      "error": null,
      "hostname": "rmdb-config2",
      "id": "rmdb-config2:37017",
      "port": 37017,
      "rsId": "tgtconfigRS",
      "state": "FAILED",
      "stateUpdateTime": 1790969516
    }
  ],
  "state": "FAILED"
}
2026-10-02 14:38:39,655 [INFO] Restore state: FAILED
2026-10-02 14:38:49,655 [DEBUG] API GET http://129.40.36.100:8080/api/public/v1.0/backup/third_party/group/6a386221ee19a6537cc68a97/restore/6abf3847457a6b80701899fb
2026-10-02 14:38:49,850 [DEBUG] STATUS 200
2026-10-02 14:38:49,851 [DEBUG] {
  "clusterMapping": [
    {
      "rsId": "sgcShard_0",
      "targetRsId": "tgtShard_0"
    },
    {
      "rsId": "sgcShard_1",
      "targetRsId": "tgtShard_1"
    },
    {
      "rsId": "configRS",
      "targetRsId": "tgtconfigRS"
    }
  ],
  "nodes": [
    {
      "error": null,
      "hostname": "rmdb12",
      "id": "rmdb12:37017",
      "port": 37017,
      "rsId": "tgtShard_1",
      "state": "FAILED",
      "stateUpdateTime": 1790969516
    },
    {
      "error": null,
      "hostname": "rmdb14",
      "id": "rmdb14:37017",
      "port": 37017,
      "rsId": "tgtShard_1",
      "state": "FAILED",
      "stateUpdateTime": 1790969516
    },
    {
      "error": null,
      "hostname": "rmdb9",
      "id": "rmdb9:37017",
      "port": 37017,
      "rsId": "tgtShard_1",
      "state": "FAILED",
      "stateUpdateTime": 1790969516
    },
    {
      "error": null,
      "hostname": "rmdb4",
      "id": "rmdb4:37017",
      "port": 37017,
      "rsId": "tgtShard_1",
      "state": "FAILED",
      "stateUpdateTime": 1790969516
    },
    {
      "error": null,
      "hostname": "rmdb2",
      "id": "rmdb2:37017",
      "port": 37017,
      "rsId": "tgtShard_1",
      "state": "FAILED",
      "stateUpdateTime": 1790969516
    },
    {
      "error": null,
      "hostname": "rmdb8",
      "id": "rmdb8:37017",
      "port": 37017,
      "rsId": "tgtShard_0",
      "state": "FAILED",
      "stateUpdateTime": 1790969516
    },
    {
      "error": null,
      "hostname": "rmdb13",
      "id": "rmdb13:37017",
      "port": 37017,
      "rsId": "tgtShard_0",
      "state": "FAILED",
      "stateUpdateTime": 1790969516
    },
    {
      "error": "<tgtCluster_tgtShard_0_42> [15:29:05.042] Plan execution failed on step MakeBackupDataAvailable as part of move RestoreRsMemberFromBackupPhase1 : <tgtCluster_tgtShard_0_42> [15:29:05.042] Failed to apply action. Result = <nil> : <tgtCluster_tgtShard_0_42> [15:29:05.042] Failed to download the snapshot : <tgtCluster_tgtShard_0_42> [15:29:05.042] Error while waiting for third party to copy backup to /fimongo1/data : <tgtCluster_tgtShard_0_42> [15:29:05.042] Observed error when trying to mark node as ready for copy files. : <tgtCluster_tgtShard_0_42> [15:29:05.042] Got return status 404 Not Found when trying to mark node ready for copy files.",
      "hostname": "rmdb1",
      "id": "rmdb1:37017",
      "port": 37017,
      "rsId": "tgtShard_0",
      "state": "FAILED",
      "stateUpdateTime": 1790969516
    },
    {
      "error": null,
      "hostname": "rmdb3",
      "id": "rmdb3:37017",
      "port": 37017,
      "rsId": "tgtShard_0",
      "state": "FAILED",
      "stateUpdateTime": 1790969516
    },
    {
      "error": null,
      "hostname": "rmdb11",
      "id": "rmdb11:37017",
      "port": 37017,
      "rsId": "tgtShard_0",
      "state": "FAILED",
      "stateUpdateTime": 1790969516
    },
    {
      "error": null,
      "hostname": "rmdb7",
      "id": "rmdb7:37017",
      "port": 37017,
      "rsId": "tgtconfigRS",
      "state": "FAILED",
      "stateUpdateTime": 1790969516
    },
    {
      "error": null,
      "hostname": "rmdb-config1",
      "id": "rmdb-config1:37017",
      "port": 37017,
      "rsId": "tgtconfigRS",
      "state": "FAILED",
      "stateUpdateTime": 1790969516
    },
    {
      "error": null,
      "hostname": "rmdb-config2",
      "id": "rmdb-config2:37017",
      "port": 37017,
      "rsId": "tgtconfigRS",
      "state": "FAILED",
      "stateUpdateTime": 1790969516
    }
  ],
  "state": "FAILED"
}
2026-10-02 14:38:49,851 [INFO] Restore state: FAILED
2026-10-02 14:38:59,851 [DEBUG] API GET http://129.40.36.100:8080/api/public/v1.0/backup/third_party/group/6a386221ee19a6537cc68a97/restore/6abf3847457a6b80701899fb
2026-10-02 14:38:59,993 [DEBUG] STATUS 200
2026-10-02 14:38:59,993 [DEBUG] {
  "clusterMapping": [
    {
      "rsId": "sgcShard_0",
      "targetRsId": "tgtShard_0"
    },
    {
      "rsId": "sgcShard_1",
      "targetRsId": "tgtShard_1"
    },
    {
      "rsId": "configRS",
      "targetRsId": "tgtconfigRS"
    }
  ],
  "nodes": [
    {
      "error": null,
      "hostname": "rmdb12",
      "id": "rmdb12:37017",
      "port": 37017,
      "rsId": "tgtShard_1",
      "state": "FAILED",
      "stateUpdateTime": 1790969516
    },
    {
      "error": null,
      "hostname": "rmdb14",
      "id": "rmdb14:37017",
      "port": 37017,
      "rsId": "tgtShard_1",
      "state": "FAILED",
      "stateUpdateTime": 1790969516
    },
    {
      "error": null,
      "hostname": "rmdb9",
      "id": "rmdb9:37017",
      "port": 37017,
      "rsId": "tgtShard_1",
      "state": "FAILED",
      "stateUpdateTime": 1790969516
    },
    {
      "error": null,
      "hostname": "rmdb4",
      "id": "rmdb4:37017",
      "port": 37017,
      "rsId": "tgtShard_1",
      "state": "FAILED",
      "stateUpdateTime": 1790969516
    },
    {
      "error": null,
      "hostname": "rmdb2",
      "id": "rmdb2:37017",
      "port": 37017,
      "rsId": "tgtShard_1",
      "state": "FAILED",
      "stateUpdateTime": 1790969516
    },
    {
      "error": null,
      "hostname": "rmdb8",
      "id": "rmdb8:37017",
      "port": 37017,
      "rsId": "tgtShard_0",
      "state": "FAILED",
      "stateUpdateTime": 1790969516
    },
    {
      "error": null,
      "hostname": "rmdb13",
      "id": "rmdb13:37017",
      "port": 37017,
      "rsId": "tgtShard_0",
      "state": "FAILED",
      "stateUpdateTime": 1790969516
    },
    {
      "error": "<tgtCluster_tgtShard_0_42> [15:29:05.042] Plan execution failed on step MakeBackupDataAvailable as part of move RestoreRsMemberFromBackupPhase1 : <tgtCluster_tgtShard_0_42> [15:29:05.042] Failed to apply action. Result = <nil> : <tgtCluster_tgtShard_0_42> [15:29:05.042] Failed to download the snapshot : <tgtCluster_tgtShard_0_42> [15:29:05.042] Error while waiting for third party to copy backup to /fimongo1/data : <tgtCluster_tgtShard_0_42> [15:29:05.042] Observed error when trying to mark node as ready for copy files. : <tgtCluster_tgtShard_0_42> [15:29:05.042] Got return status 404 Not Found when trying to mark node ready for copy files.",
      "hostname": "rmdb1",
      "id": "rmdb1:37017",
      "port": 37017,
      "rsId": "tgtShard_0",
      "state": "FAILED",
      "stateUpdateTime": 1790969516
    },
    {
      "error": null,
      "hostname": "rmdb3",
      "id": "rmdb3:37017",
      "port": 37017,
      "rsId": "tgtShard_0",
      "state": "FAILED",
      "stateUpdateTime": 1790969516
    },
    {
      "error": null,
      "hostname": "rmdb11",
      "id": "rmdb11:37017",
      "port": 37017,
      "rsId": "tgtShard_0",
      "state": "FAILED",
      "stateUpdateTime": 1790969516
    },
    {
      "error": null,
      "hostname": "rmdb7",
      "id": "rmdb7:37017",
      "port": 37017,
      "rsId": "tgtconfigRS",
      "state": "FAILED",
      "stateUpdateTime": 1790969516
    },
    {
      "error": null,
      "hostname": "rmdb-config1",
      "id": "rmdb-config1:37017",
      "port": 37017,
      "rsId": "tgtconfigRS",
      "state": "FAILED",
      "stateUpdateTime": 1790969516
    },
    {
      "error": null,
      "hostname": "rmdb-config2",
      "id": "rmdb-config2:37017",
      "port": 37017,
      "rsId": "tgtconfigRS",
      "state": "FAILED",
      "stateUpdateTime": 1790969516
    }
  ],
  "state": "FAILED"
}
2026-10-02 14:38:59,993 [INFO] Restore state: FAILED
2026-10-02 14:39:09,994 [DEBUG] API GET http://129.40.36.100:8080/api/public/v1.0/backup/third_party/group/6a386221ee19a6537cc68a97/restore/6abf3847457a6b80701899fb
2026-10-02 14:39:10,135 [DEBUG] STATUS 200
2026-10-02 14:39:10,135 [DEBUG] {
  "clusterMapping": [
    {
      "rsId": "sgcShard_0",
      "targetRsId": "tgtShard_0"
    },
    {
      "rsId": "sgcShard_1",
      "targetRsId": "tgtShard_1"
    },
    {
      "rsId": "configRS",
      "targetRsId": "tgtconfigRS"
    }
  ],
  "nodes": [
    {
      "error": null,
      "hostname": "rmdb12",
      "id": "rmdb12:37017",
      "port": 37017,
      "rsId": "tgtShard_1",
      "state": "FAILED",
      "stateUpdateTime": 1790969516
    },
    {
      "error": null,
      "hostname": "rmdb14",
      "id": "rmdb14:37017",
      "port": 37017,
      "rsId": "tgtShard_1",
      "state": "FAILED",
      "stateUpdateTime": 1790969516
    },
    {
      "error": null,
      "hostname": "rmdb9",
      "id": "rmdb9:37017",
      "port": 37017,
      "rsId": "tgtShard_1",
      "state": "FAILED",
      "stateUpdateTime": 1790969516
    },
    {
      "error": null,
      "hostname": "rmdb4",
      "id": "rmdb4:37017",
      "port": 37017,
      "rsId": "tgtShard_1",
      "state": "FAILED",
      "stateUpdateTime": 1790969516
    },
    {
      "error": null,
      "hostname": "rmdb2",
      "id": "rmdb2:37017",
      "port": 37017,
      "rsId": "tgtShard_1",
      "state": "FAILED",
      "stateUpdateTime": 1790969516
    },
    {
      "error": null,
      "hostname": "rmdb8",
      "id": "rmdb8:37017",
      "port": 37017,
      "rsId": "tgtShard_0",
      "state": "FAILED",
      "stateUpdateTime": 1790969516
    },
    {
      "error": null,
      "hostname": "rmdb13",
      "id": "rmdb13:37017",
      "port": 37017,
      "rsId": "tgtShard_0",
      "state": "FAILED",
      "stateUpdateTime": 1790969516
    },
    {
      "error": "<tgtCluster_tgtShard_0_42> [15:29:05.042] Plan execution failed on step MakeBackupDataAvailable as part of move RestoreRsMemberFromBackupPhase1 : <tgtCluster_tgtShard_0_42> [15:29:05.042] Failed to apply action. Result = <nil> : <tgtCluster_tgtShard_0_42> [15:29:05.042] Failed to download the snapshot : <tgtCluster_tgtShard_0_42> [15:29:05.042] Error while waiting for third party to copy backup to /fimongo1/data : <tgtCluster_tgtShard_0_42> [15:29:05.042] Observed error when trying to mark node as ready for copy files. : <tgtCluster_tgtShard_0_42> [15:29:05.042] Got return status 404 Not Found when trying to mark node ready for copy files.",
      "hostname": "rmdb1",
      "id": "rmdb1:37017",
      "port": 37017,
      "rsId": "tgtShard_0",
      "state": "FAILED",
      "stateUpdateTime": 1790969516
    },
    {
      "error": null,
      "hostname": "rmdb3",
      "id": "rmdb3:37017",
      "port": 37017,
      "rsId": "tgtShard_0",
      "state": "FAILED",
      "stateUpdateTime": 1790969516
    },
    {
      "error": null,
      "hostname": "rmdb11",
      "id": "rmdb11:37017",
      "port": 37017,
      "rsId": "tgtShard_0",
      "state": "FAILED",
      "stateUpdateTime": 1790969516
    },
    {
      "error": null,
      "hostname": "rmdb7",
      "id": "rmdb7:37017",
      "port": 37017,
      "rsId": "tgtconfigRS",
      "state": "FAILED",
      "stateUpdateTime": 1790969516
    },
    {
      "error": null,
      "hostname": "rmdb-config1",
      "id": "rmdb-config1:37017",
      "port": 37017,
      "rsId": "tgtconfigRS",
      "state": "FAILED",
      "stateUpdateTime": 1790969516
    },
    {
      "error": null,
      "hostname": "rmdb-config2",
      "id": "rmdb-config2:37017",
      "port": 37017,
      "rsId": "tgtconfigRS",
      "state": "FAILED",
      "stateUpdateTime": 1790969516
    }
  ],
  "state": "FAILED"
}
2026-10-02 14:39:10,135 [INFO] Restore state: FAILED
2026-10-02 14:39:20,136 [DEBUG] API GET http://129.40.36.100:8080/api/public/v1.0/backup/third_party/group/6a386221ee19a6537cc68a97/restore/6abf3847457a6b80701899fb
2026-10-02 14:39:20,312 [DEBUG] STATUS 200
2026-10-02 14:39:20,313 [DEBUG] {
  "clusterMapping": [
    {
      "rsId": "sgcShard_0",
      "targetRsId": "tgtShard_0"
    },
    {
      "rsId": "sgcShard_1",
      "targetRsId": "tgtShard_1"
    },
    {
      "rsId": "configRS",
      "targetRsId": "tgtconfigRS"
    }
  ],
  "nodes": [
    {
      "error": null,
      "hostname": "rmdb12",
      "id": "rmdb12:37017",
      "port": 37017,
      "rsId": "tgtShard_1",
      "state": "FAILED",
      "stateUpdateTime": 1790969516
    },
    {
      "error": null,
      "hostname": "rmdb14",
      "id": "rmdb14:37017",
      "port": 37017,
      "rsId": "tgtShard_1",
      "state": "FAILED",
      "stateUpdateTime": 1790969516
    },
    {
      "error": null,
      "hostname": "rmdb9",
      "id": "rmdb9:37017",
      "port": 37017,
      "rsId": "tgtShard_1",
      "state": "FAILED",
      "stateUpdateTime": 1790969516
    },
    {
      "error": null,
      "hostname": "rmdb4",
      "id": "rmdb4:37017",
      "port": 37017,
      "rsId": "tgtShard_1",
      "state": "FAILED",
      "stateUpdateTime": 1790969516
    },
    {
      "error": null,
      "hostname": "rmdb2",
      "id": "rmdb2:37017",
      "port": 37017,
      "rsId": "tgtShard_1",
      "state": "FAILED",
      "stateUpdateTime": 1790969516
    },
    {
      "error": null,
      "hostname": "rmdb8",
      "id": "rmdb8:37017",
      "port": 37017,
      "rsId": "tgtShard_0",
      "state": "FAILED",
      "stateUpdateTime": 1790969516
    },
    {
      "error": null,
      "hostname": "rmdb13",
      "id": "rmdb13:37017",
      "port": 37017,
      "rsId": "tgtShard_0",
      "state": "FAILED",
      "stateUpdateTime": 1790969516
    },
    {
      "error": "<tgtCluster_tgtShard_0_42> [15:29:05.042] Plan execution failed on step MakeBackupDataAvailable as part of move RestoreRsMemberFromBackupPhase1 : <tgtCluster_tgtShard_0_42> [15:29:05.042] Failed to apply action. Result = <nil> : <tgtCluster_tgtShard_0_42> [15:29:05.042] Failed to download the snapshot : <tgtCluster_tgtShard_0_42> [15:29:05.042] Error while waiting for third party to copy backup to /fimongo1/data : <tgtCluster_tgtShard_0_42> [15:29:05.042] Observed error when trying to mark node as ready for copy files. : <tgtCluster_tgtShard_0_42> [15:29:05.042] Got return status 404 Not Found when trying to mark node ready for copy files.",
      "hostname": "rmdb1",
      "id": "rmdb1:37017",
      "port": 37017,
      "rsId": "tgtShard_0",
      "state": "FAILED",
      "stateUpdateTime": 1790969516
    },
    {
      "error": null,
      "hostname": "rmdb3",
      "id": "rmdb3:37017",
      "port": 37017,
      "rsId": "tgtShard_0",
      "state": "FAILED",
      "stateUpdateTime": 1790969516
    },
    {
      "error": null,
      "hostname": "rmdb11",
      "id": "rmdb11:37017",
      "port": 37017,
      "rsId": "tgtShard_0",
      "state": "FAILED",
      "stateUpdateTime": 1790969516
    },
    {
      "error": null,
      "hostname": "rmdb7",
      "id": "rmdb7:37017",
      "port": 37017,
      "rsId": "tgtconfigRS",
      "state": "FAILED",
      "stateUpdateTime": 1790969516
    },
    {
      "error": null,
      "hostname": "rmdb-config1",
      "id": "rmdb-config1:37017",
      "port": 37017,
      "rsId": "tgtconfigRS",
      "state": "FAILED",
      "stateUpdateTime": 1790969516
    },
    {
      "error": null,
      "hostname": "rmdb-config2",
      "id": "rmdb-config2:37017",
      "port": 37017,
      "rsId": "tgtconfigRS",
      "state": "FAILED",
      "stateUpdateTime": 1790969516
    }
  ],
  "state": "FAILED"
}
2026-10-02 14:39:20,313 [INFO] Restore state: FAILED
2026-10-02 14:39:30,314 [DEBUG] API GET http://129.40.36.100:8080/api/public/v1.0/backup/third_party/group/6a386221ee19a6537cc68a97/restore/6abf3847457a6b80701899fb
2026-10-02 14:39:30,481 [DEBUG] STATUS 200
2026-10-02 14:39:30,481 [DEBUG] {
  "clusterMapping": [
    {
      "rsId": "sgcShard_0",
      "targetRsId": "tgtShard_0"
    },
    {
      "rsId": "sgcShard_1",
      "targetRsId": "tgtShard_1"
    },
    {
      "rsId": "configRS",
      "targetRsId": "tgtconfigRS"
    }
  ],
  "nodes": [
    {
      "error": null,
      "hostname": "rmdb12",
      "id": "rmdb12:37017",
      "port": 37017,
      "rsId": "tgtShard_1",
      "state": "FAILED",
      "stateUpdateTime": 1790969516
    },
    {
      "error": null,
      "hostname": "rmdb14",
      "id": "rmdb14:37017",
      "port": 37017,
      "rsId": "tgtShard_1",
      "state": "FAILED",
      "stateUpdateTime": 1790969516
    },
    {
      "error": null,
      "hostname": "rmdb9",
      "id": "rmdb9:37017",
      "port": 37017,
      "rsId": "tgtShard_1",
      "state": "FAILED",
      "stateUpdateTime": 1790969516
    },
    {
      "error": null,
      "hostname": "rmdb4",
      "id": "rmdb4:37017",
      "port": 37017,
      "rsId": "tgtShard_1",
      "state": "FAILED",
      "stateUpdateTime": 1790969516
    },
    {
      "error": null,
      "hostname": "rmdb2",
      "id": "rmdb2:37017",
      "port": 37017,
      "rsId": "tgtShard_1",
      "state": "FAILED",
      "stateUpdateTime": 1790969516
    },
    {
      "error": null,
      "hostname": "rmdb8",
      "id": "rmdb8:37017",
      "port": 37017,
      "rsId": "tgtShard_0",
      "state": "FAILED",
      "stateUpdateTime": 1790969516
    },
    {
      "error": null,
      "hostname": "rmdb13",
      "id": "rmdb13:37017",
      "port": 37017,
      "rsId": "tgtShard_0",
      "state": "FAILED",
      "stateUpdateTime": 1790969516
    },
    {
      "error": "<tgtCluster_tgtShard_0_42> [15:29:05.042] Plan execution failed on step MakeBackupDataAvailable as part of move RestoreRsMemberFromBackupPhase1 : <tgtCluster_tgtShard_0_42> [15:29:05.042] Failed to apply action. Result = <nil> : <tgtCluster_tgtShard_0_42> [15:29:05.042] Failed to download the snapshot : <tgtCluster_tgtShard_0_42> [15:29:05.042] Error while waiting for third party to copy backup to /fimongo1/data : <tgtCluster_tgtShard_0_42> [15:29:05.042] Observed error when trying to mark node as ready for copy files. : <tgtCluster_tgtShard_0_42> [15:29:05.042] Got return status 404 Not Found when trying to mark node ready for copy files.",
      "hostname": "rmdb1",
      "id": "rmdb1:37017",
      "port": 37017,
      "rsId": "tgtShard_0",
      "state": "FAILED",
      "stateUpdateTime": 1790969516
    },
    {
      "error": null,
      "hostname": "rmdb3",
      "id": "rmdb3:37017",
      "port": 37017,
      "rsId": "tgtShard_0",
      "state": "FAILED",
      "stateUpdateTime": 1790969516
    },
    {
      "error": null,
      "hostname": "rmdb11",
      "id": "rmdb11:37017",
      "port": 37017,
      "rsId": "tgtShard_0",
      "state": "FAILED",
      "stateUpdateTime": 1790969516
    },
    {
      "error": null,
      "hostname": "rmdb7",
      "id": "rmdb7:37017",
      "port": 37017,
      "rsId": "tgtconfigRS",
      "state": "FAILED",
      "stateUpdateTime": 1790969516
    },
    {
      "error": null,
      "hostname": "rmdb-config1",
      "id": "rmdb-config1:37017",
      "port": 37017,
      "rsId": "tgtconfigRS",
      "state": "FAILED",
      "stateUpdateTime": 1790969516
    },
    {
      "error": null,
      "hostname": "rmdb-config2",
      "id": "rmdb-config2:37017",
      "port": 37017,
      "rsId": "tgtconfigRS",
      "state": "FAILED",
      "stateUpdateTime": 1790969516
    }
  ],
  "state": "FAILED"
}
2026-10-02 14:39:30,482 [INFO] Restore state: FAILED
2026-10-02 14:39:40,482 [DEBUG] API GET http://129.40.36.100:8080/api/public/v1.0/backup/third_party/group/6a386221ee19a6537cc68a97/restore/6abf3847457a6b80701899fb
2026-10-02 14:39:40,635 [DEBUG] STATUS 200
2026-10-02 14:39:40,636 [DEBUG] {
  "clusterMapping": [
    {
      "rsId": "sgcShard_0",
      "targetRsId": "tgtShard_0"
    },
    {
      "rsId": "sgcShard_1",
      "targetRsId": "tgtShard_1"
    },
    {
      "rsId": "configRS",
      "targetRsId": "tgtconfigRS"
    }
  ],
  "nodes": [
    {
      "error": null,
      "hostname": "rmdb12",
      "id": "rmdb12:37017",
      "port": 37017,
      "rsId": "tgtShard_1",
      "state": "FAILED",
      "stateUpdateTime": 1790969516
    },
    {
      "error": null,
      "hostname": "rmdb14",
      "id": "rmdb14:37017",
      "port": 37017,
      "rsId": "tgtShard_1",
      "state": "FAILED",
      "stateUpdateTime": 1790969516
    },
    {
      "error": null,
      "hostname": "rmdb9",
      "id": "rmdb9:37017",
      "port": 37017,
      "rsId": "tgtShard_1",
      "state": "FAILED",
      "stateUpdateTime": 1790969516
    },
    {
      "error": null,
      "hostname": "rmdb4",
      "id": "rmdb4:37017",
      "port": 37017,
      "rsId": "tgtShard_1",
      "state": "FAILED",
      "stateUpdateTime": 1790969516
    },
    {
      "error": null,
      "hostname": "rmdb2",
      "id": "rmdb2:37017",
      "port": 37017,
      "rsId": "tgtShard_1",
      "state": "FAILED",
      "stateUpdateTime": 1790969516
    },
    {
      "error": null,
      "hostname": "rmdb8",
      "id": "rmdb8:37017",
      "port": 37017,
      "rsId": "tgtShard_0",
      "state": "FAILED",
      "stateUpdateTime": 1790969516
    },
    {
      "error": null,
      "hostname": "rmdb13",
      "id": "rmdb13:37017",
      "port": 37017,
      "rsId": "tgtShard_0",
      "state": "FAILED",
      "stateUpdateTime": 1790969516
    },
    {
      "error": "<tgtCluster_tgtShard_0_42> [15:29:05.042] Plan execution failed on step MakeBackupDataAvailable as part of move RestoreRsMemberFromBackupPhase1 : <tgtCluster_tgtShard_0_42> [15:29:05.042] Failed to apply action. Result = <nil> : <tgtCluster_tgtShard_0_42> [15:29:05.042] Failed to download the snapshot : <tgtCluster_tgtShard_0_42> [15:29:05.042] Error while waiting for third party to copy backup to /fimongo1/data : <tgtCluster_tgtShard_0_42> [15:29:05.042] Observed error when trying to mark node as ready for copy files. : <tgtCluster_tgtShard_0_42> [15:29:05.042] Got return status 404 Not Found when trying to mark node ready for copy files.",
      "hostname": "rmdb1",
      "id": "rmdb1:37017",
      "port": 37017,
      "rsId": "tgtShard_0",
      "state": "FAILED",
      "stateUpdateTime": 1790969516
    },
    {
      "error": null,
      "hostname": "rmdb3",
      "id": "rmdb3:37017",
      "port": 37017,
      "rsId": "tgtShard_0",
      "state": "FAILED",
      "stateUpdateTime": 1790969516
    },
    {
      "error": null,
      "hostname": "rmdb11",
      "id": "rmdb11:37017",
      "port": 37017,
      "rsId": "tgtShard_0",
      "state": "FAILED",
      "stateUpdateTime": 1790969516
    },
    {
      "error": null,
      "hostname": "rmdb7",
      "id": "rmdb7:37017",
      "port": 37017,
      "rsId": "tgtconfigRS",
      "state": "FAILED",
      "stateUpdateTime": 1790969516
    },
    {
      "error": null,
      "hostname": "rmdb-config1",
      "id": "rmdb-config1:37017",
      "port": 37017,
      "rsId": "tgtconfigRS",
      "state": "FAILED",
      "stateUpdateTime": 1790969516
    },
    {
      "error": null,
      "hostname": "rmdb-config2",
      "id": "rmdb-config2:37017",
      "port": 37017,
      "rsId": "tgtconfigRS",
      "state": "FAILED",
      "stateUpdateTime": 1790969516
    }
  ],
  "state": "FAILED"
}
2026-10-02 14:39:40,636 [INFO] Restore state: FAILED
2026-10-02 14:39:50,636 [DEBUG] API GET http://129.40.36.100:8080/api/public/v1.0/backup/third_party/group/6a386221ee19a6537cc68a97/restore/6abf3847457a6b80701899fb
2026-10-02 14:39:50,832 [DEBUG] STATUS 200
2026-10-02 14:39:50,832 [DEBUG] {
  "clusterMapping": [
    {
      "rsId": "sgcShard_0",
      "targetRsId": "tgtShard_0"
    },
    {
      "rsId": "sgcShard_1",
      "targetRsId": "tgtShard_1"
    },
    {
      "rsId": "configRS",
      "targetRsId": "tgtconfigRS"
    }
  ],
  "nodes": [
    {
      "error": null,
      "hostname": "rmdb12",
      "id": "rmdb12:37017",
      "port": 37017,
      "rsId": "tgtShard_1",
      "state": "FAILED",
      "stateUpdateTime": 1790969516
    },
    {
      "error": null,
      "hostname": "rmdb14",
      "id": "rmdb14:37017",
      "port": 37017,
      "rsId": "tgtShard_1",
      "state": "FAILED",
      "stateUpdateTime": 1790969516
    },
    {
      "error": null,
      "hostname": "rmdb9",
      "id": "rmdb9:37017",
      "port": 37017,
      "rsId": "tgtShard_1",
      "state": "FAILED",
      "stateUpdateTime": 1790969516
    },
    {
      "error": null,
      "hostname": "rmdb4",
      "id": "rmdb4:37017",
      "port": 37017,
      "rsId": "tgtShard_1",
      "state": "FAILED",
      "stateUpdateTime": 1790969516
    },
    {
      "error": null,
      "hostname": "rmdb2",
      "id": "rmdb2:37017",
      "port": 37017,
      "rsId": "tgtShard_1",
      "state": "FAILED",
      "stateUpdateTime": 1790969516
    },
    {
      "error": null,
      "hostname": "rmdb8",
      "id": "rmdb8:37017",
      "port": 37017,
      "rsId": "tgtShard_0",
      "state": "FAILED",
      "stateUpdateTime": 1790969516
    },
    {
      "error": null,
      "hostname": "rmdb13",
      "id": "rmdb13:37017",
      "port": 37017,
      "rsId": "tgtShard_0",
      "state": "FAILED",
      "stateUpdateTime": 1790969516
    },
    {
      "error": "<tgtCluster_tgtShard_0_42> [15:29:05.042] Plan execution failed on step MakeBackupDataAvailable as part of move RestoreRsMemberFromBackupPhase1 : <tgtCluster_tgtShard_0_42> [15:29:05.042] Failed to apply action. Result = <nil> : <tgtCluster_tgtShard_0_42> [15:29:05.042] Failed to download the snapshot : <tgtCluster_tgtShard_0_42> [15:29:05.042] Error while waiting for third party to copy backup to /fimongo1/data : <tgtCluster_tgtShard_0_42> [15:29:05.042] Observed error when trying to mark node as ready for copy files. : <tgtCluster_tgtShard_0_42> [15:29:05.042] Got return status 404 Not Found when trying to mark node ready for copy files.",
      "hostname": "rmdb1",
      "id": "rmdb1:37017",
      "port": 37017,
      "rsId": "tgtShard_0",
      "state": "FAILED",
      "stateUpdateTime": 1790969516
    },
    {
      "error": null,
      "hostname": "rmdb3",
      "id": "rmdb3:37017",
      "port": 37017,
      "rsId": "tgtShard_0",
      "state": "FAILED",
      "stateUpdateTime": 1790969516
    },
    {
      "error": null,
      "hostname": "rmdb11",
      "id": "rmdb11:37017",
      "port": 37017,
      "rsId": "tgtShard_0",
      "state": "FAILED",
      "stateUpdateTime": 1790969516
    },
    {
      "error": null,
      "hostname": "rmdb7",
      "id": "rmdb7:37017",
      "port": 37017,
      "rsId": "tgtconfigRS",
      "state": "FAILED",
      "stateUpdateTime": 1790969516
    },
    {
      "error": null,
      "hostname": "rmdb-config1",
      "id": "rmdb-config1:37017",
      "port": 37017,
      "rsId": "tgtconfigRS",
      "state": "FAILED",
      "stateUpdateTime": 1790969516
    },
    {
      "error": null,
      "hostname": "rmdb-config2",
      "id": "rmdb-config2:37017",
      "port": 37017,
      "rsId": "tgtconfigRS",
      "state": "FAILED",
      "stateUpdateTime": 1790969516
    }
  ],
  "state": "FAILED"
}
2026-10-02 14:39:50,833 [INFO] Restore state: FAILED
2026-10-02 14:40:00,833 [DEBUG] API GET http://129.40.36.100:8080/api/public/v1.0/backup/third_party/group/6a386221ee19a6537cc68a97/restore/6abf3847457a6b80701899fb
2026-10-02 14:40:00,975 [DEBUG] STATUS 200
2026-10-02 14:40:00,975 [DEBUG] {
  "clusterMapping": [
    {
      "rsId": "sgcShard_0",
      "targetRsId": "tgtShard_0"
    },
    {
      "rsId": "sgcShard_1",
      "targetRsId": "tgtShard_1"
    },
    {
      "rsId": "configRS",
      "targetRsId": "tgtconfigRS"
    }
  ],
  "nodes": [
    {
      "error": null,
      "hostname": "rmdb12",
      "id": "rmdb12:37017",
      "port": 37017,
      "rsId": "tgtShard_1",
      "state": "FAILED",
      "stateUpdateTime": 1790969516
    },
    {
      "error": null,
      "hostname": "rmdb14",
      "id": "rmdb14:37017",
      "port": 37017,
      "rsId": "tgtShard_1",
      "state": "FAILED",
      "stateUpdateTime": 1790969516
    },
    {
      "error": null,
      "hostname": "rmdb9",
      "id": "rmdb9:37017",
      "port": 37017,
      "rsId": "tgtShard_1",
      "state": "FAILED",
      "stateUpdateTime": 1790969516
    },
    {
      "error": null,
      "hostname": "rmdb4",
      "id": "rmdb4:37017",
      "port": 37017,
      "rsId": "tgtShard_1",
      "state": "FAILED",
      "stateUpdateTime": 1790969516
    },
    {
      "error": null,
      "hostname": "rmdb2",
      "id": "rmdb2:37017",
      "port": 37017,
      "rsId": "tgtShard_1",
      "state": "FAILED",
      "stateUpdateTime": 1790969516
    },
    {
      "error": null,
      "hostname": "rmdb8",
      "id": "rmdb8:37017",
      "port": 37017,
      "rsId": "tgtShard_0",
      "state": "FAILED",
      "stateUpdateTime": 1790969516
    },
    {
      "error": null,
      "hostname": "rmdb13",
      "id": "rmdb13:37017",
      "port": 37017,
      "rsId": "tgtShard_0",
      "state": "FAILED",
      "stateUpdateTime": 1790969516
    },
    {
      "error": "<tgtCluster_tgtShard_0_42> [15:29:05.042] Plan execution failed on step MakeBackupDataAvailable as part of move RestoreRsMemberFromBackupPhase1 : <tgtCluster_tgtShard_0_42> [15:29:05.042] Failed to apply action. Result = <nil> : <tgtCluster_tgtShard_0_42> [15:29:05.042] Failed to download the snapshot : <tgtCluster_tgtShard_0_42> [15:29:05.042] Error while waiting for third party to copy backup to /fimongo1/data : <tgtCluster_tgtShard_0_42> [15:29:05.042] Observed error when trying to mark node as ready for copy files. : <tgtCluster_tgtShard_0_42> [15:29:05.042] Got return status 404 Not Found when trying to mark node ready for copy files.",
      "hostname": "rmdb1",
      "id": "rmdb1:37017",
      "port": 37017,
      "rsId": "tgtShard_0",
      "state": "FAILED",
      "stateUpdateTime": 1790969516
    },
    {
      "error": null,
      "hostname": "rmdb3",
      "id": "rmdb3:37017",
      "port": 37017,
      "rsId": "tgtShard_0",
      "state": "FAILED",
      "stateUpdateTime": 1790969516
    },
    {
      "error": null,
      "hostname": "rmdb11",
      "id": "rmdb11:37017",
      "port": 37017,
      "rsId": "tgtShard_0",
      "state": "FAILED",
      "stateUpdateTime": 1790969516
    },
    {
      "error": null,
      "hostname": "rmdb7",
      "id": "rmdb7:37017",
      "port": 37017,
      "rsId": "tgtconfigRS",
      "state": "FAILED",
      "stateUpdateTime": 1790969516
    },
    {
      "error": null,
      "hostname": "rmdb-config1",
      "id": "rmdb-config1:37017",
      "port": 37017,
      "rsId": "tgtconfigRS",
      "state": "FAILED",
      "stateUpdateTime": 1790969516
    },
    {
      "error": null,
      "hostname": "rmdb-config2",
      "id": "rmdb-config2:37017",
      "port": 37017,
      "rsId": "tgtconfigRS",
      "state": "FAILED",
      "stateUpdateTime": 1790969516
    }
  ],
  "state": "FAILED"
}
2026-10-02 14:40:00,975 [INFO] Restore state: FAILED
2026-10-02 14:40:10,976 [DEBUG] API GET http://129.40.36.100:8080/api/public/v1.0/backup/third_party/group/6a386221ee19a6537cc68a97/restore/6abf3847457a6b80701899fb
2026-10-02 14:40:11,141 [DEBUG] STATUS 200
2026-10-02 14:40:11,141 [DEBUG] {
  "clusterMapping": [
    {
      "rsId": "sgcShard_0",
      "targetRsId": "tgtShard_0"
    },
    {
      "rsId": "sgcShard_1",
      "targetRsId": "tgtShard_1"
    },
    {
      "rsId": "configRS",
      "targetRsId": "tgtconfigRS"
    }
  ],
  "nodes": [
    {
      "error": null,
      "hostname": "rmdb12",
      "id": "rmdb12:37017",
      "port": 37017,
      "rsId": "tgtShard_1",
      "state": "FAILED",
      "stateUpdateTime": 1790969516
    },
    {
      "error": null,
      "hostname": "rmdb14",
      "id": "rmdb14:37017",
      "port": 37017,
      "rsId": "tgtShard_1",
      "state": "FAILED",
      "stateUpdateTime": 1790969516
    },
    {
      "error": null,
      "hostname": "rmdb9",
      "id": "rmdb9:37017",
      "port": 37017,
      "rsId": "tgtShard_1",
      "state": "FAILED",
      "stateUpdateTime": 1790969516
    },
    {
      "error": null,
      "hostname": "rmdb4",
      "id": "rmdb4:37017",
      "port": 37017,
      "rsId": "tgtShard_1",
      "state": "FAILED",
      "stateUpdateTime": 1790969516
    },
    {
      "error": null,
      "hostname": "rmdb2",
      "id": "rmdb2:37017",
      "port": 37017,
      "rsId": "tgtShard_1",
      "state": "FAILED",
      "stateUpdateTime": 1790969516
    },
    {
      "error": null,
      "hostname": "rmdb8",
      "id": "rmdb8:37017",
      "port": 37017,
      "rsId": "tgtShard_0",
      "state": "FAILED",
      "stateUpdateTime": 1790969516
    },
    {
      "error": null,
      "hostname": "rmdb13",
      "id": "rmdb13:37017",
      "port": 37017,
      "rsId": "tgtShard_0",
      "state": "FAILED",
      "stateUpdateTime": 1790969516
    },
    {
      "error": "<tgtCluster_tgtShard_0_42> [15:29:05.042] Plan execution failed on step MakeBackupDataAvailable as part of move RestoreRsMemberFromBackupPhase1 : <tgtCluster_tgtShard_0_42> [15:29:05.042] Failed to apply action. Result = <nil> : <tgtCluster_tgtShard_0_42> [15:29:05.042] Failed to download the snapshot : <tgtCluster_tgtShard_0_42> [15:29:05.042] Error while waiting for third party to copy backup to /fimongo1/data : <tgtCluster_tgtShard_0_42> [15:29:05.042] Observed error when trying to mark node as ready for copy files. : <tgtCluster_tgtShard_0_42> [15:29:05.042] Got return status 404 Not Found when trying to mark node ready for copy files.",
      "hostname": "rmdb1",
      "id": "rmdb1:37017",
      "port": 37017,
      "rsId": "tgtShard_0",
      "state": "FAILED",
      "stateUpdateTime": 1790969516
    },
    {
      "error": null,
      "hostname": "rmdb3",
      "id": "rmdb3:37017",
      "port": 37017,
      "rsId": "tgtShard_0",
      "state": "FAILED",
      "stateUpdateTime": 1790969516
    },
    {
      "error": null,
      "hostname": "rmdb11",
      "id": "rmdb11:37017",
      "port": 37017,
      "rsId": "tgtShard_0",
      "state": "FAILED",
      "stateUpdateTime": 1790969516
    },
    {
      "error": null,
      "hostname": "rmdb7",
      "id": "rmdb7:37017",
      "port": 37017,
      "rsId": "tgtconfigRS",
      "state": "FAILED",
      "stateUpdateTime": 1790969516
    },
    {
      "error": null,
      "hostname": "rmdb-config1",
      "id": "rmdb-config1:37017",
      "port": 37017,
      "rsId": "tgtconfigRS",
      "state": "FAILED",
      "stateUpdateTime": 1790969516
    },
    {
      "error": null,
      "hostname": "rmdb-config2",
      "id": "rmdb-config2:37017",
      "port": 37017,
      "rsId": "tgtconfigRS",
      "state": "FAILED",
      "stateUpdateTime": 1790969516
    }
  ],
  "state": "FAILED"
}
2026-10-02 14:40:11,141 [INFO] Restore state: FAILED
2026-10-02 14:40:21,142 [DEBUG] API GET http://129.40.36.100:8080/api/public/v1.0/backup/third_party/group/6a386221ee19a6537cc68a97/restore/6abf3847457a6b80701899fb
2026-10-02 14:40:21,302 [DEBUG] STATUS 200
2026-10-02 14:40:21,302 [DEBUG] {
  "clusterMapping": [
    {
      "rsId": "sgcShard_0",
      "targetRsId": "tgtShard_0"
    },
    {
      "rsId": "sgcShard_1",
      "targetRsId": "tgtShard_1"
    },
    {
      "rsId": "configRS",
      "targetRsId": "tgtconfigRS"
    }
  ],
  "nodes": [
    {
      "error": null,
      "hostname": "rmdb12",
      "id": "rmdb12:37017",
      "port": 37017,
      "rsId": "tgtShard_1",
      "state": "FAILED",
      "stateUpdateTime": 1790969516
    },
    {
      "error": null,
      "hostname": "rmdb14",
      "id": "rmdb14:37017",
      "port": 37017,
      "rsId": "tgtShard_1",
      "state": "FAILED",
      "stateUpdateTime": 1790969516
    },
    {
      "error": null,
      "hostname": "rmdb9",
      "id": "rmdb9:37017",
      "port": 37017,
      "rsId": "tgtShard_1",
      "state": "FAILED",
      "stateUpdateTime": 1790969516
    },
    {
      "error": null,
      "hostname": "rmdb4",
      "id": "rmdb4:37017",
      "port": 37017,
      "rsId": "tgtShard_1",
      "state": "FAILED",
      "stateUpdateTime": 1790969516
    },
    {
      "error": null,
      "hostname": "rmdb2",
      "id": "rmdb2:37017",
      "port": 37017,
      "rsId": "tgtShard_1",
      "state": "FAILED",
      "stateUpdateTime": 1790969516
    },
    {
      "error": null,
      "hostname": "rmdb8",
      "id": "rmdb8:37017",
      "port": 37017,
      "rsId": "tgtShard_0",
      "state": "FAILED",
      "stateUpdateTime": 1790969516
    },
    {
      "error": null,
      "hostname": "rmdb13",
      "id": "rmdb13:37017",
      "port": 37017,
      "rsId": "tgtShard_0",
      "state": "FAILED",
      "stateUpdateTime": 1790969516
    },
    {
      "error": "<tgtCluster_tgtShard_0_42> [15:29:05.042] Plan execution failed on step MakeBackupDataAvailable as part of move RestoreRsMemberFromBackupPhase1 : <tgtCluster_tgtShard_0_42> [15:29:05.042] Failed to apply action. Result = <nil> : <tgtCluster_tgtShard_0_42> [15:29:05.042] Failed to download the snapshot : <tgtCluster_tgtShard_0_42> [15:29:05.042] Error while waiting for third party to copy backup to /fimongo1/data : <tgtCluster_tgtShard_0_42> [15:29:05.042] Observed error when trying to mark node as ready for copy files. : <tgtCluster_tgtShard_0_42> [15:29:05.042] Got return status 404 Not Found when trying to mark node ready for copy files.",
      "hostname": "rmdb1",
      "id": "rmdb1:37017",
      "port": 37017,
      "rsId": "tgtShard_0",
      "state": "FAILED",
      "stateUpdateTime": 1790969516
    },
    {
      "error": null,
      "hostname": "rmdb3",
      "id": "rmdb3:37017",
      "port": 37017,
      "rsId": "tgtShard_0",
      "state": "FAILED",
      "stateUpdateTime": 1790969516
    },
    {
      "error": null,
      "hostname": "rmdb11",
      "id": "rmdb11:37017",
      "port": 37017,
      "rsId": "tgtShard_0",
      "state": "FAILED",
      "stateUpdateTime": 1790969516
    },
    {
      "error": null,
      "hostname": "rmdb7",
      "id": "rmdb7:37017",
      "port": 37017,
      "rsId": "tgtconfigRS",
      "state": "FAILED",
      "stateUpdateTime": 1790969516
    },
    {
      "error": null,
      "hostname": "rmdb-config1",
      "id": "rmdb-config1:37017",
      "port": 37017,
      "rsId": "tgtconfigRS",
      "state": "FAILED",
      "stateUpdateTime": 1790969516
    },
    {
      "error": null,
      "hostname": "rmdb-config2",
      "id": "rmdb-config2:37017",
      "port": 37017,
      "rsId": "tgtconfigRS",
      "state": "FAILED",
      "stateUpdateTime": 1790969516
    }
  ],
  "state": "FAILED"
}
2026-10-02 14:40:21,302 [INFO] Restore state: FAILED
2026-10-02 14:40:31,303 [DEBUG] API GET http://129.40.36.100:8080/api/public/v1.0/backup/third_party/group/6a386221ee19a6537cc68a97/restore/6abf3847457a6b80701899fb
2026-10-02 14:40:31,447 [DEBUG] STATUS 200
2026-10-02 14:40:31,447 [DEBUG] {
  "clusterMapping": [
    {
      "rsId": "sgcShard_0",
      "targetRsId": "tgtShard_0"
    },
    {
      "rsId": "sgcShard_1",
      "targetRsId": "tgtShard_1"
    },
    {
      "rsId": "configRS",
      "targetRsId": "tgtconfigRS"
    }
  ],
  "nodes": [
    {
      "error": null,
      "hostname": "rmdb12",
      "id": "rmdb12:37017",
      "port": 37017,
      "rsId": "tgtShard_1",
      "state": "FAILED",
      "stateUpdateTime": 1790969516
    },
    {
      "error": null,
      "hostname": "rmdb14",
      "id": "rmdb14:37017",
      "port": 37017,
      "rsId": "tgtShard_1",
      "state": "FAILED",
      "stateUpdateTime": 1790969516
    },
    {
      "error": null,
      "hostname": "rmdb9",
      "id": "rmdb9:37017",
      "port": 37017,
      "rsId": "tgtShard_1",
      "state": "FAILED",
      "stateUpdateTime": 1790969516
    },
    {
      "error": null,
      "hostname": "rmdb4",
      "id": "rmdb4:37017",
      "port": 37017,
      "rsId": "tgtShard_1",
      "state": "FAILED",
      "stateUpdateTime": 1790969516
    },
    {
      "error": null,
      "hostname": "rmdb2",
      "id": "rmdb2:37017",
      "port": 37017,
      "rsId": "tgtShard_1",
      "state": "FAILED",
      "stateUpdateTime": 1790969516
    },
    {
      "error": null,
      "hostname": "rmdb8",
      "id": "rmdb8:37017",
      "port": 37017,
      "rsId": "tgtShard_0",
      "state": "FAILED",
      "stateUpdateTime": 1790969516
    },
    {
      "error": null,
      "hostname": "rmdb13",
      "id": "rmdb13:37017",
      "port": 37017,
      "rsId": "tgtShard_0",
      "state": "FAILED",
      "stateUpdateTime": 1790969516
    },
    {
      "error": "<tgtCluster_tgtShard_0_42> [15:29:05.042] Plan execution failed on step MakeBackupDataAvailable as part of move RestoreRsMemberFromBackupPhase1 : <tgtCluster_tgtShard_0_42> [15:29:05.042] Failed to apply action. Result = <nil> : <tgtCluster_tgtShard_0_42> [15:29:05.042] Failed to download the snapshot : <tgtCluster_tgtShard_0_42> [15:29:05.042] Error while waiting for third party to copy backup to /fimongo1/data : <tgtCluster_tgtShard_0_42> [15:29:05.042] Observed error when trying to mark node as ready for copy files. : <tgtCluster_tgtShard_0_42> [15:29:05.042] Got return status 404 Not Found when trying to mark node ready for copy files.",
      "hostname": "rmdb1",
      "id": "rmdb1:37017",
      "port": 37017,
      "rsId": "tgtShard_0",
      "state": "FAILED",
      "stateUpdateTime": 1790969516
    },
    {
      "error": null,
      "hostname": "rmdb3",
      "id": "rmdb3:37017",
      "port": 37017,
      "rsId": "tgtShard_0",
      "state": "FAILED",
      "stateUpdateTime": 1790969516
    },
    {
      "error": null,
      "hostname": "rmdb11",
      "id": "rmdb11:37017",
      "port": 37017,
      "rsId": "tgtShard_0",
      "state": "FAILED",
      "stateUpdateTime": 1790969516
    },
    {
      "error": null,
      "hostname": "rmdb7",
      "id": "rmdb7:37017",
      "port": 37017,
      "rsId": "tgtconfigRS",
      "state": "FAILED",
      "stateUpdateTime": 1790969516
    },
    {
      "error": null,
      "hostname": "rmdb-config1",
      "id": "rmdb-config1:37017",
      "port": 37017,
      "rsId": "tgtconfigRS",
      "state": "FAILED",
      "stateUpdateTime": 1790969516
    },
    {
      "error": null,
      "hostname": "rmdb-config2",
      "id": "rmdb-config2:37017",
      "port": 37017,
      "rsId": "tgtconfigRS",
      "state": "FAILED",
      "stateUpdateTime": 1790969516
    }
  ],
  "state": "FAILED"
}
2026-10-02 14:40:31,447 [INFO] Restore state: FAILED
2026-10-02 14:40:41,448 [DEBUG] API GET http://129.40.36.100:8080/api/public/v1.0/backup/third_party/group/6a386221ee19a6537cc68a97/restore/6abf3847457a6b80701899fb
2026-10-02 14:40:41,592 [DEBUG] STATUS 200
2026-10-02 14:40:41,592 [DEBUG] {
  "clusterMapping": [
    {
      "rsId": "sgcShard_0",
      "targetRsId": "tgtShard_0"
    },
    {
      "rsId": "sgcShard_1",
      "targetRsId": "tgtShard_1"
    },
    {
      "rsId": "configRS",
      "targetRsId": "tgtconfigRS"
    }
  ],
  "nodes": [
    {
      "error": null,
      "hostname": "rmdb12",
      "id": "rmdb12:37017",
      "port": 37017,
      "rsId": "tgtShard_1",
      "state": "FAILED",
      "stateUpdateTime": 1790969516
    },
    {
      "error": null,
      "hostname": "rmdb14",
      "id": "rmdb14:37017",
      "port": 37017,
      "rsId": "tgtShard_1",
      "state": "FAILED",
      "stateUpdateTime": 1790969516
    },
    {
      "error": null,
      "hostname": "rmdb9",
      "id": "rmdb9:37017",
      "port": 37017,
      "rsId": "tgtShard_1",
      "state": "FAILED",
      "stateUpdateTime": 1790969516
    },
    {
      "error": null,
      "hostname": "rmdb4",
      "id": "rmdb4:37017",
      "port": 37017,
      "rsId": "tgtShard_1",
      "state": "FAILED",
      "stateUpdateTime": 1790969516
    },
    {
      "error": null,
      "hostname": "rmdb2",
      "id": "rmdb2:37017",
      "port": 37017,
      "rsId": "tgtShard_1",
      "state": "FAILED",
      "stateUpdateTime": 1790969516
    },
    {
      "error": null,
      "hostname": "rmdb8",
      "id": "rmdb8:37017",
      "port": 37017,
      "rsId": "tgtShard_0",
      "state": "FAILED",
      "stateUpdateTime": 1790969516
    },
    {
      "error": null,
      "hostname": "rmdb13",
      "id": "rmdb13:37017",
      "port": 37017,
      "rsId": "tgtShard_0",
      "state": "FAILED",
      "stateUpdateTime": 1790969516
    },
    {
      "error": "<tgtCluster_tgtShard_0_42> [15:29:05.042] Plan execution failed on step MakeBackupDataAvailable as part of move RestoreRsMemberFromBackupPhase1 : <tgtCluster_tgtShard_0_42> [15:29:05.042] Failed to apply action. Result = <nil> : <tgtCluster_tgtShard_0_42> [15:29:05.042] Failed to download the snapshot : <tgtCluster_tgtShard_0_42> [15:29:05.042] Error while waiting for third party to copy backup to /fimongo1/data : <tgtCluster_tgtShard_0_42> [15:29:05.042] Observed error when trying to mark node as ready for copy files. : <tgtCluster_tgtShard_0_42> [15:29:05.042] Got return status 404 Not Found when trying to mark node ready for copy files.",
      "hostname": "rmdb1",
      "id": "rmdb1:37017",
      "port": 37017,
      "rsId": "tgtShard_0",
      "state": "FAILED",
      "stateUpdateTime": 1790969516
    },
    {
      "error": null,
      "hostname": "rmdb3",
      "id": "rmdb3:37017",
      "port": 37017,
      "rsId": "tgtShard_0",
      "state": "FAILED",
      "stateUpdateTime": 1790969516
    },
    {
      "error": null,
      "hostname": "rmdb11",
      "id": "rmdb11:37017",
      "port": 37017,
      "rsId": "tgtShard_0",
      "state": "FAILED",
      "stateUpdateTime": 1790969516
    },
    {
      "error": null,
      "hostname": "rmdb7",
      "id": "rmdb7:37017",
      "port": 37017,
      "rsId": "tgtconfigRS",
      "state": "FAILED",
      "stateUpdateTime": 1790969516
    },
    {
      "error": null,
      "hostname": "rmdb-config1",
      "id": "rmdb-config1:37017",
      "port": 37017,
      "rsId": "tgtconfigRS",
      "state": "FAILED",
      "stateUpdateTime": 1790969516
    },
    {
      "error": null,
      "hostname": "rmdb-config2",
      "id": "rmdb-config2:37017",
      "port": 37017,
      "rsId": "tgtconfigRS",
      "state": "FAILED",
      "stateUpdateTime": 1790969516
    }
  ],
  "state": "FAILED"
}
2026-10-02 14:40:41,592 [INFO] Restore state: FAILED
2026-10-02 14:40:51,592 [DEBUG] API GET http://129.40.36.100:8080/api/public/v1.0/backup/third_party/group/6a386221ee19a6537cc68a97/restore/6abf3847457a6b80701899fb
2026-10-02 14:40:51,790 [DEBUG] STATUS 200
2026-10-02 14:40:51,791 [DEBUG] {
  "clusterMapping": [
    {
      "rsId": "sgcShard_0",
      "targetRsId": "tgtShard_0"
    },
    {
      "rsId": "sgcShard_1",
      "targetRsId": "tgtShard_1"
    },
    {
      "rsId": "configRS",
      "targetRsId": "tgtconfigRS"
    }
  ],
  "nodes": [
    {
      "error": null,
      "hostname": "rmdb12",
      "id": "rmdb12:37017",
      "port": 37017,
      "rsId": "tgtShard_1",
      "state": "FAILED",
      "stateUpdateTime": 1790969516
    },
    {
      "error": null,
      "hostname": "rmdb14",
      "id": "rmdb14:37017",
      "port": 37017,
      "rsId": "tgtShard_1",
      "state": "FAILED",
      "stateUpdateTime": 1790969516
    },
    {
      "error": null,
      "hostname": "rmdb9",
      "id": "rmdb9:37017",
      "port": 37017,
      "rsId": "tgtShard_1",
      "state": "FAILED",
      "stateUpdateTime": 1790969516
    },
    {
      "error": null,
      "hostname": "rmdb4",
      "id": "rmdb4:37017",
      "port": 37017,
      "rsId": "tgtShard_1",
      "state": "FAILED",
      "stateUpdateTime": 1790969516
    },
    {
      "error": null,
      "hostname": "rmdb2",
      "id": "rmdb2:37017",
      "port": 37017,
      "rsId": "tgtShard_1",
      "state": "FAILED",
      "stateUpdateTime": 1790969516
    },
    {
      "error": null,
      "hostname": "rmdb8",
      "id": "rmdb8:37017",
      "port": 37017,
      "rsId": "tgtShard_0",
      "state": "FAILED",
      "stateUpdateTime": 1790969516
    },
    {
      "error": null,
      "hostname": "rmdb13",
      "id": "rmdb13:37017",
      "port": 37017,
      "rsId": "tgtShard_0",
      "state": "FAILED",
      "stateUpdateTime": 1790969516
    },
    {
      "error": "<tgtCluster_tgtShard_0_42> [15:29:05.042] Plan execution failed on step MakeBackupDataAvailable as part of move RestoreRsMemberFromBackupPhase1 : <tgtCluster_tgtShard_0_42> [15:29:05.042] Failed to apply action. Result = <nil> : <tgtCluster_tgtShard_0_42> [15:29:05.042] Failed to download the snapshot : <tgtCluster_tgtShard_0_42> [15:29:05.042] Error while waiting for third party to copy backup to /fimongo1/data : <tgtCluster_tgtShard_0_42> [15:29:05.042] Observed error when trying to mark node as ready for copy files. : <tgtCluster_tgtShard_0_42> [15:29:05.042] Got return status 404 Not Found when trying to mark node ready for copy files.",
      "hostname": "rmdb1",
      "id": "rmdb1:37017",
      "port": 37017,
      "rsId": "tgtShard_0",
      "state": "FAILED",
      "stateUpdateTime": 1790969516
    },
    {
      "error": null,
      "hostname": "rmdb3",
      "id": "rmdb3:37017",
      "port": 37017,
      "rsId": "tgtShard_0",
      "state": "FAILED",
      "stateUpdateTime": 1790969516
    },
    {
      "error": null,
      "hostname": "rmdb11",
      "id": "rmdb11:37017",
      "port": 37017,
      "rsId": "tgtShard_0",
      "state": "FAILED",
      "stateUpdateTime": 1790969516
    },
    {
      "error": null,
      "hostname": "rmdb7",
      "id": "rmdb7:37017",
      "port": 37017,
      "rsId": "tgtconfigRS",
      "state": "FAILED",
      "stateUpdateTime": 1790969516
    },
    {
      "error": null,
      "hostname": "rmdb-config1",
      "id": "rmdb-config1:37017",
      "port": 37017,
      "rsId": "tgtconfigRS",
      "state": "FAILED",
      "stateUpdateTime": 1790969516
    },
    {
      "error": null,
      "hostname": "rmdb-config2",
      "id": "rmdb-config2:37017",
      "port": 37017,
      "rsId": "tgtconfigRS",
      "state": "FAILED",
      "stateUpdateTime": 1790969516
    }
  ],
  "state": "FAILED"
}
2026-10-02 14:40:51,791 [INFO] Restore state: FAILED
2026-10-02 14:41:01,791 [DEBUG] API GET http://129.40.36.100:8080/api/public/v1.0/backup/third_party/group/6a386221ee19a6537cc68a97/restore/6abf3847457a6b80701899fb
2026-10-02 14:41:01,938 [DEBUG] STATUS 200
2026-10-02 14:41:01,938 [DEBUG] {
  "clusterMapping": [
    {
      "rsId": "sgcShard_0",
      "targetRsId": "tgtShard_0"
    },
    {
      "rsId": "sgcShard_1",
      "targetRsId": "tgtShard_1"
    },
    {
      "rsId": "configRS",
      "targetRsId": "tgtconfigRS"
    }
  ],
  "nodes": [
    {
      "error": null,
      "hostname": "rmdb12",
      "id": "rmdb12:37017",
      "port": 37017,
      "rsId": "tgtShard_1",
      "state": "FAILED",
      "stateUpdateTime": 1790969516
    },
    {
      "error": null,
      "hostname": "rmdb14",
      "id": "rmdb14:37017",
      "port": 37017,
      "rsId": "tgtShard_1",
      "state": "FAILED",
      "stateUpdateTime": 1790969516
    },
    {
      "error": null,
      "hostname": "rmdb9",
      "id": "rmdb9:37017",
      "port": 37017,
      "rsId": "tgtShard_1",
      "state": "FAILED",
      "stateUpdateTime": 1790969516
    },
    {
      "error": null,
      "hostname": "rmdb4",
      "id": "rmdb4:37017",
      "port": 37017,
      "rsId": "tgtShard_1",
      "state": "FAILED",
      "stateUpdateTime": 1790969516
    },
    {
      "error": null,
      "hostname": "rmdb2",
      "id": "rmdb2:37017",
      "port": 37017,
      "rsId": "tgtShard_1",
      "state": "FAILED",
      "stateUpdateTime": 1790969516
    },
    {
      "error": null,
      "hostname": "rmdb8",
      "id": "rmdb8:37017",
      "port": 37017,
      "rsId": "tgtShard_0",
      "state": "FAILED",
      "stateUpdateTime": 1790969516
    },
    {
      "error": null,
      "hostname": "rmdb13",
      "id": "rmdb13:37017",
      "port": 37017,
      "rsId": "tgtShard_0",
      "state": "FAILED",
      "stateUpdateTime": 1790969516
    },
    {
      "error": "<tgtCluster_tgtShard_0_42> [15:29:05.042] Plan execution failed on step MakeBackupDataAvailable as part of move RestoreRsMemberFromBackupPhase1 : <tgtCluster_tgtShard_0_42> [15:29:05.042] Failed to apply action. Result = <nil> : <tgtCluster_tgtShard_0_42> [15:29:05.042] Failed to download the snapshot : <tgtCluster_tgtShard_0_42> [15:29:05.042] Error while waiting for third party to copy backup to /fimongo1/data : <tgtCluster_tgtShard_0_42> [15:29:05.042] Observed error when trying to mark node as ready for copy files. : <tgtCluster_tgtShard_0_42> [15:29:05.042] Got return status 404 Not Found when trying to mark node ready for copy files.",
      "hostname": "rmdb1",
      "id": "rmdb1:37017",
      "port": 37017,
      "rsId": "tgtShard_0",
      "state": "FAILED",
      "stateUpdateTime": 1790969516
    },
    {
      "error": null,
      "hostname": "rmdb3",
      "id": "rmdb3:37017",
      "port": 37017,
      "rsId": "tgtShard_0",
      "state": "FAILED",
      "stateUpdateTime": 1790969516
    },
    {
      "error": null,
      "hostname": "rmdb11",
      "id": "rmdb11:37017",
      "port": 37017,
      "rsId": "tgtShard_0",
      "state": "FAILED",
      "stateUpdateTime": 1790969516
    },
    {
      "error": null,
      "hostname": "rmdb7",
      "id": "rmdb7:37017",
      "port": 37017,
      "rsId": "tgtconfigRS",
      "state": "FAILED",
      "stateUpdateTime": 1790969516
    },
    {
      "error": null,
      "hostname": "rmdb-config1",
      "id": "rmdb-config1:37017",
      "port": 37017,
      "rsId": "tgtconfigRS",
      "state": "FAILED",
      "stateUpdateTime": 1790969516
    },
    {
      "error": null,
      "hostname": "rmdb-config2",
      "id": "rmdb-config2:37017",
      "port": 37017,
      "rsId": "tgtconfigRS",
      "state": "FAILED",
      "stateUpdateTime": 1790969516
    }
  ],
  "state": "FAILED"
}
2026-10-02 14:41:01,938 [INFO] Restore state: FAILED
2026-10-02 14:41:11,939 [DEBUG] API GET http://129.40.36.100:8080/api/public/v1.0/backup/third_party/group/6a386221ee19a6537cc68a97/restore/6abf3847457a6b80701899fb
2026-10-02 14:41:12,083 [DEBUG] STATUS 200
2026-10-02 14:41:12,083 [DEBUG] {
  "clusterMapping": [
    {
      "rsId": "sgcShard_0",
      "targetRsId": "tgtShard_0"
    },
    {
      "rsId": "sgcShard_1",
      "targetRsId": "tgtShard_1"
    },
    {
      "rsId": "configRS",
      "targetRsId": "tgtconfigRS"
    }
  ],
  "nodes": [
    {
      "error": null,
      "hostname": "rmdb12",
      "id": "rmdb12:37017",
      "port": 37017,
      "rsId": "tgtShard_1",
      "state": "FAILED",
      "stateUpdateTime": 1790969516
    },
    {
      "error": null,
      "hostname": "rmdb14",
      "id": "rmdb14:37017",
      "port": 37017,
      "rsId": "tgtShard_1",
      "state": "FAILED",
      "stateUpdateTime": 1790969516
    },
    {
      "error": null,
      "hostname": "rmdb9",
      "id": "rmdb9:37017",
      "port": 37017,
      "rsId": "tgtShard_1",
      "state": "FAILED",
      "stateUpdateTime": 1790969516
    },
    {
      "error": null,
      "hostname": "rmdb4",
      "id": "rmdb4:37017",
      "port": 37017,
      "rsId": "tgtShard_1",
      "state": "FAILED",
      "stateUpdateTime": 1790969516
    },
    {
      "error": null,
      "hostname": "rmdb2",
      "id": "rmdb2:37017",
      "port": 37017,
      "rsId": "tgtShard_1",
      "state": "FAILED",
      "stateUpdateTime": 1790969516
    },
    {
      "error": null,
      "hostname": "rmdb8",
      "id": "rmdb8:37017",
      "port": 37017,
      "rsId": "tgtShard_0",
      "state": "FAILED",
      "stateUpdateTime": 1790969516
    },
    {
      "error": null,
      "hostname": "rmdb13",
      "id": "rmdb13:37017",
      "port": 37017,
      "rsId": "tgtShard_0",
      "state": "FAILED",
      "stateUpdateTime": 1790969516
    },
    {
      "error": "<tgtCluster_tgtShard_0_42> [15:29:05.042] Plan execution failed on step MakeBackupDataAvailable as part of move RestoreRsMemberFromBackupPhase1 : <tgtCluster_tgtShard_0_42> [15:29:05.042] Failed to apply action. Result = <nil> : <tgtCluster_tgtShard_0_42> [15:29:05.042] Failed to download the snapshot : <tgtCluster_tgtShard_0_42> [15:29:05.042] Error while waiting for third party to copy backup to /fimongo1/data : <tgtCluster_tgtShard_0_42> [15:29:05.042] Observed error when trying to mark node as ready for copy files. : <tgtCluster_tgtShard_0_42> [15:29:05.042] Got return status 404 Not Found when trying to mark node ready for copy files.",
      "hostname": "rmdb1",
      "id": "rmdb1:37017",
      "port": 37017,
      "rsId": "tgtShard_0",
      "state": "FAILED",
      "stateUpdateTime": 1790969516
    },
    {
      "error": null,
      "hostname": "rmdb3",
      "id": "rmdb3:37017",
      "port": 37017,
      "rsId": "tgtShard_0",
      "state": "FAILED",
      "stateUpdateTime": 1790969516
    },
    {
      "error": null,
      "hostname": "rmdb11",
      "id": "rmdb11:37017",
      "port": 37017,
      "rsId": "tgtShard_0",
      "state": "FAILED",
      "stateUpdateTime": 1790969516
    },
    {
      "error": null,
      "hostname": "rmdb7",
      "id": "rmdb7:37017",
      "port": 37017,
      "rsId": "tgtconfigRS",
      "state": "FAILED",
      "stateUpdateTime": 1790969516
    },
    {
      "error": null,
      "hostname": "rmdb-config1",
      "id": "rmdb-config1:37017",
      "port": 37017,
      "rsId": "tgtconfigRS",
      "state": "FAILED",
      "stateUpdateTime": 1790969516
    },
    {
      "error": null,
      "hostname": "rmdb-config2",
      "id": "rmdb-config2:37017",
      "port": 37017,
      "rsId": "tgtconfigRS",
      "state": "FAILED",
      "stateUpdateTime": 1790969516
    }
  ],
  "state": "FAILED"
}
2026-10-02 14:41:12,083 [INFO] Restore state: FAILED
2026-10-02 14:41:22,083 [DEBUG] API GET http://129.40.36.100:8080/api/public/v1.0/backup/third_party/group/6a386221ee19a6537cc68a97/restore/6abf3847457a6b80701899fb
2026-10-02 14:41:22,221 [DEBUG] STATUS 200
2026-10-02 14:41:22,222 [DEBUG] {
  "clusterMapping": [
    {
      "rsId": "sgcShard_0",
      "targetRsId": "tgtShard_0"
    },
    {
      "rsId": "sgcShard_1",
      "targetRsId": "tgtShard_1"
    },
    {
      "rsId": "configRS",
      "targetRsId": "tgtconfigRS"
    }
  ],
  "nodes": [
    {
      "error": null,
      "hostname": "rmdb12",
      "id": "rmdb12:37017",
      "port": 37017,
      "rsId": "tgtShard_1",
      "state": "FAILED",
      "stateUpdateTime": 1790969516
    },
    {
      "error": null,
      "hostname": "rmdb14",
      "id": "rmdb14:37017",
      "port": 37017,
      "rsId": "tgtShard_1",
      "state": "FAILED",
      "stateUpdateTime": 1790969516
    },
    {
      "error": null,
      "hostname": "rmdb9",
      "id": "rmdb9:37017",
      "port": 37017,
      "rsId": "tgtShard_1",
      "state": "FAILED",
      "stateUpdateTime": 1790969516
    },
    {
      "error": null,
      "hostname": "rmdb4",
      "id": "rmdb4:37017",
      "port": 37017,
      "rsId": "tgtShard_1",
      "state": "FAILED",
      "stateUpdateTime": 1790969516
    },
    {
      "error": null,
      "hostname": "rmdb2",
      "id": "rmdb2:37017",
      "port": 37017,
      "rsId": "tgtShard_1",
      "state": "FAILED",
      "stateUpdateTime": 1790969516
    },
    {
      "error": null,
      "hostname": "rmdb8",
      "id": "rmdb8:37017",
      "port": 37017,
      "rsId": "tgtShard_0",
      "state": "FAILED",
      "stateUpdateTime": 1790969516
    },
    {
      "error": null,
      "hostname": "rmdb13",
      "id": "rmdb13:37017",
      "port": 37017,
      "rsId": "tgtShard_0",
      "state": "FAILED",
      "stateUpdateTime": 1790969516
    },
    {
      "error": "<tgtCluster_tgtShard_0_42> [15:29:05.042] Plan execution failed on step MakeBackupDataAvailable as part of move RestoreRsMemberFromBackupPhase1 : <tgtCluster_tgtShard_0_42> [15:29:05.042] Failed to apply action. Result = <nil> : <tgtCluster_tgtShard_0_42> [15:29:05.042] Failed to download the snapshot : <tgtCluster_tgtShard_0_42> [15:29:05.042] Error while waiting for third party to copy backup to /fimongo1/data : <tgtCluster_tgtShard_0_42> [15:29:05.042] Observed error when trying to mark node as ready for copy files. : <tgtCluster_tgtShard_0_42> [15:29:05.042] Got return status 404 Not Found when trying to mark node ready for copy files.",
      "hostname": "rmdb1",
      "id": "rmdb1:37017",
      "port": 37017,
      "rsId": "tgtShard_0",
      "state": "FAILED",
      "stateUpdateTime": 1790969516
    },
    {
      "error": null,
      "hostname": "rmdb3",
      "id": "rmdb3:37017",
      "port": 37017,
      "rsId": "tgtShard_0",
      "state": "FAILED",
      "stateUpdateTime": 1790969516
    },
    {
      "error": null,
      "hostname": "rmdb11",
      "id": "rmdb11:37017",
      "port": 37017,
      "rsId": "tgtShard_0",
      "state": "FAILED",
      "stateUpdateTime": 1790969516
    },
    {
      "error": null,
      "hostname": "rmdb7",
      "id": "rmdb7:37017",
      "port": 37017,
      "rsId": "tgtconfigRS",
      "state": "FAILED",
      "stateUpdateTime": 1790969516
    },
    {
      "error": null,
      "hostname": "rmdb-config1",
      "id": "rmdb-config1:37017",
      "port": 37017,
      "rsId": "tgtconfigRS",
      "state": "FAILED",
      "stateUpdateTime": 1790969516
    },
    {
      "error": null,
      "hostname": "rmdb-config2",
      "id": "rmdb-config2:37017",
      "port": 37017,
      "rsId": "tgtconfigRS",
      "state": "FAILED",
      "stateUpdateTime": 1790969516
    }
  ],
  "state": "FAILED"
}
2026-10-02 14:41:22,222 [INFO] Restore state: FAILED
2026-10-02 14:41:32,223 [DEBUG] API GET http://129.40.36.100:8080/api/public/v1.0/backup/third_party/group/6a386221ee19a6537cc68a97/restore/6abf3847457a6b80701899fb
2026-10-02 14:41:32,364 [DEBUG] STATUS 200
2026-10-02 14:41:32,364 [DEBUG] {
  "clusterMapping": [
    {
      "rsId": "sgcShard_0",
      "targetRsId": "tgtShard_0"
    },
    {
      "rsId": "sgcShard_1",
      "targetRsId": "tgtShard_1"
    },
    {
      "rsId": "configRS",
      "targetRsId": "tgtconfigRS"
    }
  ],
  "nodes": [
    {
      "error": null,
      "hostname": "rmdb12",
      "id": "rmdb12:37017",
      "port": 37017,
      "rsId": "tgtShard_1",
      "state": "FAILED",
      "stateUpdateTime": 1790969516
    },
    {
      "error": null,
      "hostname": "rmdb14",
      "id": "rmdb14:37017",
      "port": 37017,
      "rsId": "tgtShard_1",
      "state": "FAILED",
      "stateUpdateTime": 1790969516
    },
    {
      "error": null,
      "hostname": "rmdb9",
      "id": "rmdb9:37017",
      "port": 37017,
      "rsId": "tgtShard_1",
      "state": "FAILED",
      "stateUpdateTime": 1790969516
    },
    {
      "error": null,
      "hostname": "rmdb4",
      "id": "rmdb4:37017",
      "port": 37017,
      "rsId": "tgtShard_1",
      "state": "FAILED",
      "stateUpdateTime": 1790969516
    },
    {
      "error": null,
      "hostname": "rmdb2",
      "id": "rmdb2:37017",
      "port": 37017,
      "rsId": "tgtShard_1",
      "state": "FAILED",
      "stateUpdateTime": 1790969516
    },
    {
      "error": null,
      "hostname": "rmdb8",
      "id": "rmdb8:37017",
      "port": 37017,
      "rsId": "tgtShard_0",
      "state": "FAILED",
      "stateUpdateTime": 1790969516
    },
    {
      "error": null,
      "hostname": "rmdb13",
      "id": "rmdb13:37017",
      "port": 37017,
      "rsId": "tgtShard_0",
      "state": "FAILED",
      "stateUpdateTime": 1790969516
    },
    {
      "error": "<tgtCluster_tgtShard_0_42> [15:29:05.042] Plan execution failed on step MakeBackupDataAvailable as part of move RestoreRsMemberFromBackupPhase1 : <tgtCluster_tgtShard_0_42> [15:29:05.042] Failed to apply action. Result = <nil> : <tgtCluster_tgtShard_0_42> [15:29:05.042] Failed to download the snapshot : <tgtCluster_tgtShard_0_42> [15:29:05.042] Error while waiting for third party to copy backup to /fimongo1/data : <tgtCluster_tgtShard_0_42> [15:29:05.042] Observed error when trying to mark node as ready for copy files. : <tgtCluster_tgtShard_0_42> [15:29:05.042] Got return status 404 Not Found when trying to mark node ready for copy files.",
      "hostname": "rmdb1",
      "id": "rmdb1:37017",
      "port": 37017,
      "rsId": "tgtShard_0",
      "state": "FAILED",
      "stateUpdateTime": 1790969516
    },
    {
      "error": null,
      "hostname": "rmdb3",
      "id": "rmdb3:37017",
      "port": 37017,
      "rsId": "tgtShard_0",
      "state": "FAILED",
      "stateUpdateTime": 1790969516
    },
    {
      "error": null,
      "hostname": "rmdb11",
      "id": "rmdb11:37017",
      "port": 37017,
      "rsId": "tgtShard_0",
      "state": "FAILED",
      "stateUpdateTime": 1790969516
    },
    {
      "error": null,
      "hostname": "rmdb7",
      "id": "rmdb7:37017",
      "port": 37017,
      "rsId": "tgtconfigRS",
      "state": "FAILED",
      "stateUpdateTime": 1790969516
    },
    {
      "error": null,
      "hostname": "rmdb-config1",
      "id": "rmdb-config1:37017",
      "port": 37017,
      "rsId": "tgtconfigRS",
      "state": "FAILED",
      "stateUpdateTime": 1790969516
    },
    {
      "error": null,
      "hostname": "rmdb-config2",
      "id": "rmdb-config2:37017",
      "port": 37017,
      "rsId": "tgtconfigRS",
      "state": "FAILED",
      "stateUpdateTime": 1790969516
    }
  ],
  "state": "FAILED"
}
2026-10-02 14:41:32,365 [INFO] Restore state: FAILED
2026-10-02 14:41:42,366 [DEBUG] API GET http://129.40.36.100:8080/api/public/v1.0/backup/third_party/group/6a386221ee19a6537cc68a97/restore/6abf3847457a6b80701899fb
2026-10-02 14:41:42,513 [DEBUG] STATUS 200
2026-10-02 14:41:42,513 [DEBUG] {
  "clusterMapping": [
    {
      "rsId": "sgcShard_0",
      "targetRsId": "tgtShard_0"
    },
    {
      "rsId": "sgcShard_1",
      "targetRsId": "tgtShard_1"
    },
    {
      "rsId": "configRS",
      "targetRsId": "tgtconfigRS"
    }
  ],
  "nodes": [
    {
      "error": null,
      "hostname": "rmdb12",
      "id": "rmdb12:37017",
      "port": 37017,
      "rsId": "tgtShard_1",
      "state": "FAILED",
      "stateUpdateTime": 1790969516
    },
    {
      "error": null,
      "hostname": "rmdb14",
      "id": "rmdb14:37017",
      "port": 37017,
      "rsId": "tgtShard_1",
      "state": "FAILED",
      "stateUpdateTime": 1790969516
    },
    {
      "error": null,
      "hostname": "rmdb9",
      "id": "rmdb9:37017",
      "port": 37017,
      "rsId": "tgtShard_1",
      "state": "FAILED",
      "stateUpdateTime": 1790969516
    },
    {
      "error": null,
      "hostname": "rmdb4",
      "id": "rmdb4:37017",
      "port": 37017,
      "rsId": "tgtShard_1",
      "state": "FAILED",
      "stateUpdateTime": 1790969516
    },
    {
      "error": null,
      "hostname": "rmdb2",
      "id": "rmdb2:37017",
      "port": 37017,
      "rsId": "tgtShard_1",
      "state": "FAILED",
      "stateUpdateTime": 1790969516
    },
    {
      "error": null,
      "hostname": "rmdb8",
      "id": "rmdb8:37017",
      "port": 37017,
      "rsId": "tgtShard_0",
      "state": "FAILED",
      "stateUpdateTime": 1790969516
    },
    {
      "error": null,
      "hostname": "rmdb13",
      "id": "rmdb13:37017",
      "port": 37017,
      "rsId": "tgtShard_0",
      "state": "FAILED",
      "stateUpdateTime": 1790969516
    },
    {
      "error": "<tgtCluster_tgtShard_0_42> [15:29:05.042] Plan execution failed on step MakeBackupDataAvailable as part of move RestoreRsMemberFromBackupPhase1 : <tgtCluster_tgtShard_0_42> [15:29:05.042] Failed to apply action. Result = <nil> : <tgtCluster_tgtShard_0_42> [15:29:05.042] Failed to download the snapshot : <tgtCluster_tgtShard_0_42> [15:29:05.042] Error while waiting for third party to copy backup to /fimongo1/data : <tgtCluster_tgtShard_0_42> [15:29:05.042] Observed error when trying to mark node as ready for copy files. : <tgtCluster_tgtShard_0_42> [15:29:05.042] Got return status 404 Not Found when trying to mark node ready for copy files.",
      "hostname": "rmdb1",
      "id": "rmdb1:37017",
      "port": 37017,
      "rsId": "tgtShard_0",
      "state": "FAILED",
      "stateUpdateTime": 1790969516
    },
    {
      "error": null,
      "hostname": "rmdb3",
      "id": "rmdb3:37017",
      "port": 37017,
      "rsId": "tgtShard_0",
      "state": "FAILED",
      "stateUpdateTime": 1790969516
    },
    {
      "error": null,
      "hostname": "rmdb11",
      "id": "rmdb11:37017",
      "port": 37017,
      "rsId": "tgtShard_0",
      "state": "FAILED",
      "stateUpdateTime": 1790969516
    },
    {
      "error": null,
      "hostname": "rmdb7",
      "id": "rmdb7:37017",
      "port": 37017,
      "rsId": "tgtconfigRS",
      "state": "FAILED",
      "stateUpdateTime": 1790969516
    },
    {
      "error": null,
      "hostname": "rmdb-config1",
      "id": "rmdb-config1:37017",
      "port": 37017,
      "rsId": "tgtconfigRS",
      "state": "FAILED",
      "stateUpdateTime": 1790969516
    },
    {
      "error": null,
      "hostname": "rmdb-config2",
      "id": "rmdb-config2:37017",
      "port": 37017,
      "rsId": "tgtconfigRS",
      "state": "FAILED",
      "stateUpdateTime": 1790969516
    }
  ],
  "state": "FAILED"
}
2026-10-02 14:41:42,514 [INFO] Restore state: FAILED
2026-10-02 14:41:52,514 [DEBUG] API GET http://129.40.36.100:8080/api/public/v1.0/backup/third_party/group/6a386221ee19a6537cc68a97/restore/6abf3847457a6b80701899fb
2026-10-02 14:41:52,731 [DEBUG] STATUS 200
2026-10-02 14:41:52,731 [DEBUG] {
  "clusterMapping": [
    {
      "rsId": "sgcShard_0",
      "targetRsId": "tgtShard_0"
    },
    {
      "rsId": "sgcShard_1",
      "targetRsId": "tgtShard_1"
    },
    {
      "rsId": "configRS",
      "targetRsId": "tgtconfigRS"
    }
  ],
  "nodes": [
    {
      "error": null,
      "hostname": "rmdb12",
      "id": "rmdb12:37017",
      "port": 37017,
      "rsId": "tgtShard_1",
      "state": "FAILED",
      "stateUpdateTime": 1790969516
    },
    {
      "error": null,
      "hostname": "rmdb14",
      "id": "rmdb14:37017",
      "port": 37017,
      "rsId": "tgtShard_1",
      "state": "FAILED",
      "stateUpdateTime": 1790969516
    },
    {
      "error": null,
      "hostname": "rmdb9",
      "id": "rmdb9:37017",
      "port": 37017,
      "rsId": "tgtShard_1",
      "state": "FAILED",
      "stateUpdateTime": 1790969516
    },
    {
      "error": null,
      "hostname": "rmdb4",
      "id": "rmdb4:37017",
      "port": 37017,
      "rsId": "tgtShard_1",
      "state": "FAILED",
      "stateUpdateTime": 1790969516
    },
    {
      "error": null,
      "hostname": "rmdb2",
      "id": "rmdb2:37017",
      "port": 37017,
      "rsId": "tgtShard_1",
      "state": "FAILED",
      "stateUpdateTime": 1790969516
    },
    {
      "error": null,
      "hostname": "rmdb8",
      "id": "rmdb8:37017",
      "port": 37017,
      "rsId": "tgtShard_0",
      "state": "FAILED",
      "stateUpdateTime": 1790969516
    },
    {
      "error": null,
      "hostname": "rmdb13",
      "id": "rmdb13:37017",
      "port": 37017,
      "rsId": "tgtShard_0",
      "state": "FAILED",
      "stateUpdateTime": 1790969516
    },
    {
      "error": "<tgtCluster_tgtShard_0_42> [15:29:05.042] Plan execution failed on step MakeBackupDataAvailable as part of move RestoreRsMemberFromBackupPhase1 : <tgtCluster_tgtShard_0_42> [15:29:05.042] Failed to apply action. Result = <nil> : <tgtCluster_tgtShard_0_42> [15:29:05.042] Failed to download the snapshot : <tgtCluster_tgtShard_0_42> [15:29:05.042] Error while waiting for third party to copy backup to /fimongo1/data : <tgtCluster_tgtShard_0_42> [15:29:05.042] Observed error when trying to mark node as ready for copy files. : <tgtCluster_tgtShard_0_42> [15:29:05.042] Got return status 404 Not Found when trying to mark node ready for copy files.",
      "hostname": "rmdb1",
      "id": "rmdb1:37017",
      "port": 37017,
      "rsId": "tgtShard_0",
      "state": "FAILED",
      "stateUpdateTime": 1790969516
    },
    {
      "error": null,
      "hostname": "rmdb3",
      "id": "rmdb3:37017",
      "port": 37017,
      "rsId": "tgtShard_0",
      "state": "FAILED",
      "stateUpdateTime": 1790969516
    },
    {
      "error": null,
      "hostname": "rmdb11",
      "id": "rmdb11:37017",
      "port": 37017,
      "rsId": "tgtShard_0",
      "state": "FAILED",
      "stateUpdateTime": 1790969516
    },
    {
      "error": null,
      "hostname": "rmdb7",
      "id": "rmdb7:37017",
      "port": 37017,
      "rsId": "tgtconfigRS",
      "state": "FAILED",
      "stateUpdateTime": 1790969516
    },
    {
      "error": null,
      "hostname": "rmdb-config1",
      "id": "rmdb-config1:37017",
      "port": 37017,
      "rsId": "tgtconfigRS",
      "state": "FAILED",
      "stateUpdateTime": 1790969516
    },
    {
      "error": null,
      "hostname": "rmdb-config2",
      "id": "rmdb-config2:37017",
      "port": 37017,
      "rsId": "tgtconfigRS",
      "state": "FAILED",
      "stateUpdateTime": 1790969516
    }
  ],
  "state": "FAILED"
}
2026-10-02 14:41:52,732 [INFO] Restore state: FAILED
2026-10-02 14:42:02,732 [DEBUG] API GET http://129.40.36.100:8080/api/public/v1.0/backup/third_party/group/6a386221ee19a6537cc68a97/restore/6abf3847457a6b80701899fb
2026-10-02 14:42:02,871 [DEBUG] STATUS 200
2026-10-02 14:42:02,872 [DEBUG] {
  "clusterMapping": [
    {
      "rsId": "sgcShard_0",
      "targetRsId": "tgtShard_0"
    },
    {
      "rsId": "sgcShard_1",
      "targetRsId": "tgtShard_1"
    },
    {
      "rsId": "configRS",
      "targetRsId": "tgtconfigRS"
    }
  ],
  "nodes": [
    {
      "error": null,
      "hostname": "rmdb12",
      "id": "rmdb12:37017",
      "port": 37017,
      "rsId": "tgtShard_1",
      "state": "FAILED",
      "stateUpdateTime": 1790969516
    },
    {
      "error": null,
      "hostname": "rmdb14",
      "id": "rmdb14:37017",
      "port": 37017,
      "rsId": "tgtShard_1",
      "state": "FAILED",
      "stateUpdateTime": 1790969516
    },
    {
      "error": null,
      "hostname": "rmdb9",
      "id": "rmdb9:37017",
      "port": 37017,
      "rsId": "tgtShard_1",
      "state": "FAILED",
      "stateUpdateTime": 1790969516
    },
    {
      "error": null,
      "hostname": "rmdb4",
      "id": "rmdb4:37017",
      "port": 37017,
      "rsId": "tgtShard_1",
      "state": "FAILED",
      "stateUpdateTime": 1790969516
    },
    {
      "error": null,
      "hostname": "rmdb2",
      "id": "rmdb2:37017",
      "port": 37017,
      "rsId": "tgtShard_1",
      "state": "FAILED",
      "stateUpdateTime": 1790969516
    },
    {
      "error": null,
      "hostname": "rmdb8",
      "id": "rmdb8:37017",
      "port": 37017,
      "rsId": "tgtShard_0",
      "state": "FAILED",
      "stateUpdateTime": 1790969516
    },
    {
      "error": null,
      "hostname": "rmdb13",
      "id": "rmdb13:37017",
      "port": 37017,
      "rsId": "tgtShard_0",
      "state": "FAILED",
      "stateUpdateTime": 1790969516
    },
    {
      "error": "<tgtCluster_tgtShard_0_42> [15:29:05.042] Plan execution failed on step MakeBackupDataAvailable as part of move RestoreRsMemberFromBackupPhase1 : <tgtCluster_tgtShard_0_42> [15:29:05.042] Failed to apply action. Result = <nil> : <tgtCluster_tgtShard_0_42> [15:29:05.042] Failed to download the snapshot : <tgtCluster_tgtShard_0_42> [15:29:05.042] Error while waiting for third party to copy backup to /fimongo1/data : <tgtCluster_tgtShard_0_42> [15:29:05.042] Observed error when trying to mark node as ready for copy files. : <tgtCluster_tgtShard_0_42> [15:29:05.042] Got return status 404 Not Found when trying to mark node ready for copy files.",
      "hostname": "rmdb1",
      "id": "rmdb1:37017",
      "port": 37017,
      "rsId": "tgtShard_0",
      "state": "FAILED",
      "stateUpdateTime": 1790969516
    },
    {
      "error": null,
      "hostname": "rmdb3",
      "id": "rmdb3:37017",
      "port": 37017,
      "rsId": "tgtShard_0",
      "state": "FAILED",
      "stateUpdateTime": 1790969516
    },
    {
      "error": null,
      "hostname": "rmdb11",
      "id": "rmdb11:37017",
      "port": 37017,
      "rsId": "tgtShard_0",
      "state": "FAILED",
      "stateUpdateTime": 1790969516
    },
    {
      "error": null,
      "hostname": "rmdb7",
      "id": "rmdb7:37017",
      "port": 37017,
      "rsId": "tgtconfigRS",
      "state": "FAILED",
      "stateUpdateTime": 1790969516
    },
    {
      "error": null,
      "hostname": "rmdb-config1",
      "id": "rmdb-config1:37017",
      "port": 37017,
      "rsId": "tgtconfigRS",
      "state": "FAILED",
      "stateUpdateTime": 1790969516
    },
    {
      "error": null,
      "hostname": "rmdb-config2",
      "id": "rmdb-config2:37017",
      "port": 37017,
      "rsId": "tgtconfigRS",
      "state": "FAILED",
      "stateUpdateTime": 1790969516
    }
  ],
  "state": "FAILED"
}
2026-10-02 14:42:02,872 [INFO] Restore state: FAILED
2026-10-02 14:42:12,872 [DEBUG] API GET http://129.40.36.100:8080/api/public/v1.0/backup/third_party/group/6a386221ee19a6537cc68a97/restore/6abf3847457a6b80701899fb
2026-10-02 14:42:13,021 [DEBUG] STATUS 200
2026-10-02 14:42:13,021 [DEBUG] {
  "clusterMapping": [
    {
      "rsId": "sgcShard_0",
      "targetRsId": "tgtShard_0"
    },
    {
      "rsId": "sgcShard_1",
      "targetRsId": "tgtShard_1"
    },
    {
      "rsId": "configRS",
      "targetRsId": "tgtconfigRS"
    }
  ],
  "nodes": [
    {
      "error": null,
      "hostname": "rmdb12",
      "id": "rmdb12:37017",
      "port": 37017,
      "rsId": "tgtShard_1",
      "state": "FAILED",
      "stateUpdateTime": 1790969516
    },
    {
      "error": null,
      "hostname": "rmdb14",
      "id": "rmdb14:37017",
      "port": 37017,
      "rsId": "tgtShard_1",
      "state": "FAILED",
      "stateUpdateTime": 1790969516
    },
    {
      "error": null,
      "hostname": "rmdb9",
      "id": "rmdb9:37017",
      "port": 37017,
      "rsId": "tgtShard_1",
      "state": "FAILED",
      "stateUpdateTime": 1790969516
    },
    {
      "error": null,
      "hostname": "rmdb4",
      "id": "rmdb4:37017",
      "port": 37017,
      "rsId": "tgtShard_1",
      "state": "FAILED",
      "stateUpdateTime": 1790969516
    },
    {
      "error": null,
      "hostname": "rmdb2",
      "id": "rmdb2:37017",
      "port": 37017,
      "rsId": "tgtShard_1",
      "state": "FAILED",
      "stateUpdateTime": 1790969516
    },
    {
      "error": null,
      "hostname": "rmdb8",
      "id": "rmdb8:37017",
      "port": 37017,
      "rsId": "tgtShard_0",
      "state": "FAILED",
      "stateUpdateTime": 1790969516
    },
    {
      "error": null,
      "hostname": "rmdb13",
      "id": "rmdb13:37017",
      "port": 37017,
      "rsId": "tgtShard_0",
      "state": "FAILED",
      "stateUpdateTime": 1790969516
    },
    {
      "error": "<tgtCluster_tgtShard_0_42> [15:29:05.042] Plan execution failed on step MakeBackupDataAvailable as part of move RestoreRsMemberFromBackupPhase1 : <tgtCluster_tgtShard_0_42> [15:29:05.042] Failed to apply action. Result = <nil> : <tgtCluster_tgtShard_0_42> [15:29:05.042] Failed to download the snapshot : <tgtCluster_tgtShard_0_42> [15:29:05.042] Error while waiting for third party to copy backup to /fimongo1/data : <tgtCluster_tgtShard_0_42> [15:29:05.042] Observed error when trying to mark node as ready for copy files. : <tgtCluster_tgtShard_0_42> [15:29:05.042] Got return status 404 Not Found when trying to mark node ready for copy files.",
      "hostname": "rmdb1",
      "id": "rmdb1:37017",
      "port": 37017,
      "rsId": "tgtShard_0",
      "state": "FAILED",
      "stateUpdateTime": 1790969516
    },
    {
      "error": null,
      "hostname": "rmdb3",
      "id": "rmdb3:37017",
      "port": 37017,
      "rsId": "tgtShard_0",
      "state": "FAILED",
      "stateUpdateTime": 1790969516
    },
    {
      "error": null,
      "hostname": "rmdb11",
      "id": "rmdb11:37017",
      "port": 37017,
      "rsId": "tgtShard_0",
      "state": "FAILED",
      "stateUpdateTime": 1790969516
    },
    {
      "error": null,
      "hostname": "rmdb7",
      "id": "rmdb7:37017",
      "port": 37017,
      "rsId": "tgtconfigRS",
      "state": "FAILED",
      "stateUpdateTime": 1790969516
    },
    {
      "error": null,
      "hostname": "rmdb-config1",
      "id": "rmdb-config1:37017",
      "port": 37017,
      "rsId": "tgtconfigRS",
      "state": "FAILED",
      "stateUpdateTime": 1790969516
    },
    {
      "error": null,
      "hostname": "rmdb-config2",
      "id": "rmdb-config2:37017",
      "port": 37017,
      "rsId": "tgtconfigRS",
      "state": "FAILED",
      "stateUpdateTime": 1790969516
    }
  ],
  "state": "FAILED"
}
2026-10-02 14:42:13,022 [INFO] Restore state: FAILED
2026-10-02 14:42:23,022 [DEBUG] API GET http://129.40.36.100:8080/api/public/v1.0/backup/third_party/group/6a386221ee19a6537cc68a97/restore/6abf3847457a6b80701899fb
2026-10-02 14:42:23,165 [DEBUG] STATUS 200
2026-10-02 14:42:23,166 [DEBUG] {
  "clusterMapping": [
    {
      "rsId": "sgcShard_0",
      "targetRsId": "tgtShard_0"
    },
    {
      "rsId": "sgcShard_1",
      "targetRsId": "tgtShard_1"
    },
    {
      "rsId": "configRS",
      "targetRsId": "tgtconfigRS"
    }
  ],
  "nodes": [
    {
      "error": null,
      "hostname": "rmdb12",
      "id": "rmdb12:37017",
      "port": 37017,
      "rsId": "tgtShard_1",
      "state": "FAILED",
      "stateUpdateTime": 1790969516
    },
    {
      "error": null,
      "hostname": "rmdb14",
      "id": "rmdb14:37017",
      "port": 37017,
      "rsId": "tgtShard_1",
      "state": "FAILED",
      "stateUpdateTime": 1790969516
    },
    {
      "error": null,
      "hostname": "rmdb9",
      "id": "rmdb9:37017",
      "port": 37017,
      "rsId": "tgtShard_1",
      "state": "FAILED",
      "stateUpdateTime": 1790969516
    },
    {
      "error": null,
      "hostname": "rmdb4",
      "id": "rmdb4:37017",
      "port": 37017,
      "rsId": "tgtShard_1",
      "state": "FAILED",
      "stateUpdateTime": 1790969516
    },
    {
      "error": null,
      "hostname": "rmdb2",
      "id": "rmdb2:37017",
      "port": 37017,
      "rsId": "tgtShard_1",
      "state": "FAILED",
      "stateUpdateTime": 1790969516
    },
    {
      "error": null,
      "hostname": "rmdb8",
      "id": "rmdb8:37017",
      "port": 37017,
      "rsId": "tgtShard_0",
      "state": "FAILED",
      "stateUpdateTime": 1790969516
    },
    {
      "error": null,
      "hostname": "rmdb13",
      "id": "rmdb13:37017",
      "port": 37017,
      "rsId": "tgtShard_0",
      "state": "FAILED",
      "stateUpdateTime": 1790969516
    },
    {
      "error": "<tgtCluster_tgtShard_0_42> [15:29:05.042] Plan execution failed on step MakeBackupDataAvailable as part of move RestoreRsMemberFromBackupPhase1 : <tgtCluster_tgtShard_0_42> [15:29:05.042] Failed to apply action. Result = <nil> : <tgtCluster_tgtShard_0_42> [15:29:05.042] Failed to download the snapshot : <tgtCluster_tgtShard_0_42> [15:29:05.042] Error while waiting for third party to copy backup to /fimongo1/data : <tgtCluster_tgtShard_0_42> [15:29:05.042] Observed error when trying to mark node as ready for copy files. : <tgtCluster_tgtShard_0_42> [15:29:05.042] Got return status 404 Not Found when trying to mark node ready for copy files.",
      "hostname": "rmdb1",
      "id": "rmdb1:37017",
      "port": 37017,
      "rsId": "tgtShard_0",
      "state": "FAILED",
      "stateUpdateTime": 1790969516
    },
    {
      "error": null,
      "hostname": "rmdb3",
      "id": "rmdb3:37017",
      "port": 37017,
      "rsId": "tgtShard_0",
      "state": "FAILED",
      "stateUpdateTime": 1790969516
    },
    {
      "error": null,
      "hostname": "rmdb11",
      "id": "rmdb11:37017",
      "port": 37017,
      "rsId": "tgtShard_0",
      "state": "FAILED",
      "stateUpdateTime": 1790969516
    },
    {
      "error": null,
      "hostname": "rmdb7",
      "id": "rmdb7:37017",
      "port": 37017,
      "rsId": "tgtconfigRS",
      "state": "FAILED",
      "stateUpdateTime": 1790969516
    },
    {
      "error": null,
      "hostname": "rmdb-config1",
      "id": "rmdb-config1:37017",
      "port": 37017,
      "rsId": "tgtconfigRS",
      "state": "FAILED",
      "stateUpdateTime": 1790969516
    },
    {
      "error": null,
      "hostname": "rmdb-config2",
      "id": "rmdb-config2:37017",
      "port": 37017,
      "rsId": "tgtconfigRS",
      "state": "FAILED",
      "stateUpdateTime": 1790969516
    }
  ],
  "state": "FAILED"
}
2026-10-02 14:42:23,166 [INFO] Restore state: FAILED
2026-10-02 14:42:33,167 [DEBUG] API GET http://129.40.36.100:8080/api/public/v1.0/backup/third_party/group/6a386221ee19a6537cc68a97/restore/6abf3847457a6b80701899fb
2026-10-02 14:42:33,306 [DEBUG] STATUS 200
2026-10-02 14:42:33,306 [DEBUG] {
  "clusterMapping": [
    {
      "rsId": "sgcShard_0",
      "targetRsId": "tgtShard_0"
    },
    {
      "rsId": "sgcShard_1",
      "targetRsId": "tgtShard_1"
    },
    {
      "rsId": "configRS",
      "targetRsId": "tgtconfigRS"
    }
  ],
  "nodes": [
    {
      "error": null,
      "hostname": "rmdb12",
      "id": "rmdb12:37017",
      "port": 37017,
      "rsId": "tgtShard_1",
      "state": "FAILED",
      "stateUpdateTime": 1790969516
    },
    {
      "error": null,
      "hostname": "rmdb14",
      "id": "rmdb14:37017",
      "port": 37017,
      "rsId": "tgtShard_1",
      "state": "FAILED",
      "stateUpdateTime": 1790969516
    },
    {
      "error": null,
      "hostname": "rmdb9",
      "id": "rmdb9:37017",
      "port": 37017,
      "rsId": "tgtShard_1",
      "state": "FAILED",
      "stateUpdateTime": 1790969516
    },
    {
      "error": null,
      "hostname": "rmdb4",
      "id": "rmdb4:37017",
      "port": 37017,
      "rsId": "tgtShard_1",
      "state": "FAILED",
      "stateUpdateTime": 1790969516
    },
    {
      "error": null,
      "hostname": "rmdb2",
      "id": "rmdb2:37017",
      "port": 37017,
      "rsId": "tgtShard_1",
      "state": "FAILED",
      "stateUpdateTime": 1790969516
    },
    {
      "error": null,
      "hostname": "rmdb8",
      "id": "rmdb8:37017",
      "port": 37017,
      "rsId": "tgtShard_0",
      "state": "FAILED",
      "stateUpdateTime": 1790969516
    },
    {
      "error": null,
      "hostname": "rmdb13",
      "id": "rmdb13:37017",
      "port": 37017,
      "rsId": "tgtShard_0",
      "state": "FAILED",
      "stateUpdateTime": 1790969516
    },
    {
      "error": "<tgtCluster_tgtShard_0_42> [15:29:05.042] Plan execution failed on step MakeBackupDataAvailable as part of move RestoreRsMemberFromBackupPhase1 : <tgtCluster_tgtShard_0_42> [15:29:05.042] Failed to apply action. Result = <nil> : <tgtCluster_tgtShard_0_42> [15:29:05.042] Failed to download the snapshot : <tgtCluster_tgtShard_0_42> [15:29:05.042] Error while waiting for third party to copy backup to /fimongo1/data : <tgtCluster_tgtShard_0_42> [15:29:05.042] Observed error when trying to mark node as ready for copy files. : <tgtCluster_tgtShard_0_42> [15:29:05.042] Got return status 404 Not Found when trying to mark node ready for copy files.",
      "hostname": "rmdb1",
      "id": "rmdb1:37017",
      "port": 37017,
      "rsId": "tgtShard_0",
      "state": "FAILED",
      "stateUpdateTime": 1790969516
    },
    {
      "error": null,
      "hostname": "rmdb3",
      "id": "rmdb3:37017",
      "port": 37017,
      "rsId": "tgtShard_0",
      "state": "FAILED",
      "stateUpdateTime": 1790969516
    },
    {
      "error": null,
      "hostname": "rmdb11",
      "id": "rmdb11:37017",
      "port": 37017,
      "rsId": "tgtShard_0",
      "state": "FAILED",
      "stateUpdateTime": 1790969516
    },
    {
      "error": null,
      "hostname": "rmdb7",
      "id": "rmdb7:37017",
      "port": 37017,
      "rsId": "tgtconfigRS",
      "state": "FAILED",
      "stateUpdateTime": 1790969516
    },
    {
      "error": null,
      "hostname": "rmdb-config1",
      "id": "rmdb-config1:37017",
      "port": 37017,
      "rsId": "tgtconfigRS",
      "state": "FAILED",
      "stateUpdateTime": 1790969516
    },
    {
      "error": null,
      "hostname": "rmdb-config2",
      "id": "rmdb-config2:37017",
      "port": 37017,
      "rsId": "tgtconfigRS",
      "state": "FAILED",
      "stateUpdateTime": 1790969516
    }
  ],
  "state": "FAILED"
}
2026-10-02 14:42:33,306 [INFO] Restore state: FAILED
2026-10-02 14:42:43,307 [DEBUG] API GET http://129.40.36.100:8080/api/public/v1.0/backup/third_party/group/6a386221ee19a6537cc68a97/restore/6abf3847457a6b80701899fb
2026-10-02 14:42:43,469 [DEBUG] STATUS 200
2026-10-02 14:42:43,470 [DEBUG] {
  "clusterMapping": [
    {
      "rsId": "sgcShard_0",
      "targetRsId": "tgtShard_0"
    },
    {
      "rsId": "sgcShard_1",
      "targetRsId": "tgtShard_1"
    },
    {
      "rsId": "configRS",
      "targetRsId": "tgtconfigRS"
    }
  ],
  "nodes": [
    {
      "error": null,
      "hostname": "rmdb12",
      "id": "rmdb12:37017",
      "port": 37017,
      "rsId": "tgtShard_1",
      "state": "FAILED",
      "stateUpdateTime": 1790969516
    },
    {
      "error": null,
      "hostname": "rmdb14",
      "id": "rmdb14:37017",
      "port": 37017,
      "rsId": "tgtShard_1",
      "state": "FAILED",
      "stateUpdateTime": 1790969516
    },
    {
      "error": null,
      "hostname": "rmdb9",
      "id": "rmdb9:37017",
      "port": 37017,
      "rsId": "tgtShard_1",
      "state": "FAILED",
      "stateUpdateTime": 1790969516
    },
    {
      "error": null,
      "hostname": "rmdb4",
      "id": "rmdb4:37017",
      "port": 37017,
      "rsId": "tgtShard_1",
      "state": "FAILED",
      "stateUpdateTime": 1790969516
    },
    {
      "error": null,
      "hostname": "rmdb2",
      "id": "rmdb2:37017",
      "port": 37017,
      "rsId": "tgtShard_1",
      "state": "FAILED",
      "stateUpdateTime": 1790969516
    },
    {
      "error": null,
      "hostname": "rmdb8",
      "id": "rmdb8:37017",
      "port": 37017,
      "rsId": "tgtShard_0",
      "state": "FAILED",
      "stateUpdateTime": 1790969516
    },
    {
      "error": null,
      "hostname": "rmdb13",
      "id": "rmdb13:37017",
      "port": 37017,
      "rsId": "tgtShard_0",
      "state": "FAILED",
      "stateUpdateTime": 1790969516
    },
    {
      "error": "<tgtCluster_tgtShard_0_42> [15:29:05.042] Plan execution failed on step MakeBackupDataAvailable as part of move RestoreRsMemberFromBackupPhase1 : <tgtCluster_tgtShard_0_42> [15:29:05.042] Failed to apply action. Result = <nil> : <tgtCluster_tgtShard_0_42> [15:29:05.042] Failed to download the snapshot : <tgtCluster_tgtShard_0_42> [15:29:05.042] Error while waiting for third party to copy backup to /fimongo1/data : <tgtCluster_tgtShard_0_42> [15:29:05.042] Observed error when trying to mark node as ready for copy files. : <tgtCluster_tgtShard_0_42> [15:29:05.042] Got return status 404 Not Found when trying to mark node ready for copy files.",
      "hostname": "rmdb1",
      "id": "rmdb1:37017",
      "port": 37017,
      "rsId": "tgtShard_0",
      "state": "FAILED",
      "stateUpdateTime": 1790969516
    },
    {
      "error": null,
      "hostname": "rmdb3",
      "id": "rmdb3:37017",
      "port": 37017,
      "rsId": "tgtShard_0",
      "state": "FAILED",
      "stateUpdateTime": 1790969516
    },
    {
      "error": null,
      "hostname": "rmdb11",
      "id": "rmdb11:37017",
      "port": 37017,
      "rsId": "tgtShard_0",
      "state": "FAILED",
      "stateUpdateTime": 1790969516
    },
    {
      "error": null,
      "hostname": "rmdb7",
      "id": "rmdb7:37017",
      "port": 37017,
      "rsId": "tgtconfigRS",
      "state": "FAILED",
      "stateUpdateTime": 1790969516
    },
    {
      "error": null,
      "hostname": "rmdb-config1",
      "id": "rmdb-config1:37017",
      "port": 37017,
      "rsId": "tgtconfigRS",
      "state": "FAILED",
      "stateUpdateTime": 1790969516
    },
    {
      "error": null,
      "hostname": "rmdb-config2",
      "id": "rmdb-config2:37017",
      "port": 37017,
      "rsId": "tgtconfigRS",
      "state": "FAILED",
      "stateUpdateTime": 1790969516
    }
  ],
  "state": "FAILED"
}
2026-10-02 14:42:43,470 [INFO] Restore state: FAILED
2026-10-02 14:42:53,471 [DEBUG] API GET http://129.40.36.100:8080/api/public/v1.0/backup/third_party/group/6a386221ee19a6537cc68a97/restore/6abf3847457a6b80701899fb
2026-10-02 14:42:53,661 [DEBUG] STATUS 200
2026-10-02 14:42:53,661 [DEBUG] {
  "clusterMapping": [
    {
      "rsId": "sgcShard_0",
      "targetRsId": "tgtShard_0"
    },
    {
      "rsId": "sgcShard_1",
      "targetRsId": "tgtShard_1"
    },
    {
      "rsId": "configRS",
      "targetRsId": "tgtconfigRS"
    }
  ],
  "nodes": [
    {
      "error": null,
      "hostname": "rmdb12",
      "id": "rmdb12:37017",
      "port": 37017,
      "rsId": "tgtShard_1",
      "state": "FAILED",
      "stateUpdateTime": 1790969516
    },
    {
      "error": null,
      "hostname": "rmdb14",
      "id": "rmdb14:37017",
      "port": 37017,
      "rsId": "tgtShard_1",
      "state": "FAILED",
      "stateUpdateTime": 1790969516
    },
    {
      "error": null,
      "hostname": "rmdb9",
      "id": "rmdb9:37017",
      "port": 37017,
      "rsId": "tgtShard_1",
      "state": "FAILED",
      "stateUpdateTime": 1790969516
    },
    {
      "error": null,
      "hostname": "rmdb4",
      "id": "rmdb4:37017",
      "port": 37017,
      "rsId": "tgtShard_1",
      "state": "FAILED",
      "stateUpdateTime": 1790969516
    },
    {
      "error": null,
      "hostname": "rmdb2",
      "id": "rmdb2:37017",
      "port": 37017,
      "rsId": "tgtShard_1",
      "state": "FAILED",
      "stateUpdateTime": 1790969516
    },
    {
      "error": null,
      "hostname": "rmdb8",
      "id": "rmdb8:37017",
      "port": 37017,
      "rsId": "tgtShard_0",
      "state": "FAILED",
      "stateUpdateTime": 1790969516
    },
    {
      "error": null,
      "hostname": "rmdb13",
      "id": "rmdb13:37017",
      "port": 37017,
      "rsId": "tgtShard_0",
      "state": "FAILED",
      "stateUpdateTime": 1790969516
    },
    {
      "error": "<tgtCluster_tgtShard_0_42> [15:29:05.042] Plan execution failed on step MakeBackupDataAvailable as part of move RestoreRsMemberFromBackupPhase1 : <tgtCluster_tgtShard_0_42> [15:29:05.042] Failed to apply action. Result = <nil> : <tgtCluster_tgtShard_0_42> [15:29:05.042] Failed to download the snapshot : <tgtCluster_tgtShard_0_42> [15:29:05.042] Error while waiting for third party to copy backup to /fimongo1/data : <tgtCluster_tgtShard_0_42> [15:29:05.042] Observed error when trying to mark node as ready for copy files. : <tgtCluster_tgtShard_0_42> [15:29:05.042] Got return status 404 Not Found when trying to mark node ready for copy files.",
      "hostname": "rmdb1",
      "id": "rmdb1:37017",
      "port": 37017,
      "rsId": "tgtShard_0",
      "state": "FAILED",
      "stateUpdateTime": 1790969516
    },
    {
      "error": null,
      "hostname": "rmdb3",
      "id": "rmdb3:37017",
      "port": 37017,
      "rsId": "tgtShard_0",
      "state": "FAILED",
      "stateUpdateTime": 1790969516
    },
    {
      "error": null,
      "hostname": "rmdb11",
      "id": "rmdb11:37017",
      "port": 37017,
      "rsId": "tgtShard_0",
      "state": "FAILED",
      "stateUpdateTime": 1790969516
    },
    {
      "error": null,
      "hostname": "rmdb7",
      "id": "rmdb7:37017",
      "port": 37017,
      "rsId": "tgtconfigRS",
      "state": "FAILED",
      "stateUpdateTime": 1790969516
    },
    {
      "error": null,
      "hostname": "rmdb-config1",
      "id": "rmdb-config1:37017",
      "port": 37017,
      "rsId": "tgtconfigRS",
      "state": "FAILED",
      "stateUpdateTime": 1790969516
    },
    {
      "error": null,
      "hostname": "rmdb-config2",
      "id": "rmdb-config2:37017",
      "port": 37017,
      "rsId": "tgtconfigRS",
      "state": "FAILED",
      "stateUpdateTime": 1790969516
    }
  ],
  "state": "FAILED"
}
2026-10-02 14:42:53,662 [INFO] Restore state: FAILED
2026-10-02 14:43:03,662 [DEBUG] API GET http://129.40.36.100:8080/api/public/v1.0/backup/third_party/group/6a386221ee19a6537cc68a97/restore/6abf3847457a6b80701899fb
2026-10-02 14:43:03,804 [DEBUG] STATUS 200
2026-10-02 14:43:03,804 [DEBUG] {
  "clusterMapping": [
    {
      "rsId": "sgcShard_0",
      "targetRsId": "tgtShard_0"
    },
    {
      "rsId": "sgcShard_1",
      "targetRsId": "tgtShard_1"
    },
    {
      "rsId": "configRS",
      "targetRsId": "tgtconfigRS"
    }
  ],
  "nodes": [
    {
      "error": null,
      "hostname": "rmdb12",
      "id": "rmdb12:37017",
      "port": 37017,
      "rsId": "tgtShard_1",
      "state": "FAILED",
      "stateUpdateTime": 1790969516
    },
    {
      "error": null,
      "hostname": "rmdb14",
      "id": "rmdb14:37017",
      "port": 37017,
      "rsId": "tgtShard_1",
      "state": "FAILED",
      "stateUpdateTime": 1790969516
    },
    {
      "error": null,
      "hostname": "rmdb9",
      "id": "rmdb9:37017",
      "port": 37017,
      "rsId": "tgtShard_1",
      "state": "FAILED",
      "stateUpdateTime": 1790969516
    },
    {
      "error": null,
      "hostname": "rmdb4",
      "id": "rmdb4:37017",
      "port": 37017,
      "rsId": "tgtShard_1",
      "state": "FAILED",
      "stateUpdateTime": 1790969516
    },
    {
      "error": null,
      "hostname": "rmdb2",
      "id": "rmdb2:37017",
      "port": 37017,
      "rsId": "tgtShard_1",
      "state": "FAILED",
      "stateUpdateTime": 1790969516
    },
    {
      "error": null,
      "hostname": "rmdb8",
      "id": "rmdb8:37017",
      "port": 37017,
      "rsId": "tgtShard_0",
      "state": "FAILED",
      "stateUpdateTime": 1790969516
    },
    {
      "error": null,
      "hostname": "rmdb13",
      "id": "rmdb13:37017",
      "port": 37017,
      "rsId": "tgtShard_0",
      "state": "FAILED",
      "stateUpdateTime": 1790969516
    },
    {
      "error": "<tgtCluster_tgtShard_0_42> [15:29:05.042] Plan execution failed on step MakeBackupDataAvailable as part of move RestoreRsMemberFromBackupPhase1 : <tgtCluster_tgtShard_0_42> [15:29:05.042] Failed to apply action. Result = <nil> : <tgtCluster_tgtShard_0_42> [15:29:05.042] Failed to download the snapshot : <tgtCluster_tgtShard_0_42> [15:29:05.042] Error while waiting for third party to copy backup to /fimongo1/data : <tgtCluster_tgtShard_0_42> [15:29:05.042] Observed error when trying to mark node as ready for copy files. : <tgtCluster_tgtShard_0_42> [15:29:05.042] Got return status 404 Not Found when trying to mark node ready for copy files.",
      "hostname": "rmdb1",
      "id": "rmdb1:37017",
      "port": 37017,
      "rsId": "tgtShard_0",
      "state": "FAILED",
      "stateUpdateTime": 1790969516
    },
    {
      "error": null,
      "hostname": "rmdb3",
      "id": "rmdb3:37017",
      "port": 37017,
      "rsId": "tgtShard_0",
      "state": "FAILED",
      "stateUpdateTime": 1790969516
    },
    {
      "error": null,
      "hostname": "rmdb11",
      "id": "rmdb11:37017",
      "port": 37017,
      "rsId": "tgtShard_0",
      "state": "FAILED",
      "stateUpdateTime": 1790969516
    },
    {
      "error": null,
      "hostname": "rmdb7",
      "id": "rmdb7:37017",
      "port": 37017,
      "rsId": "tgtconfigRS",
      "state": "FAILED",
      "stateUpdateTime": 1790969516
    },
    {
      "error": null,
      "hostname": "rmdb-config1",
      "id": "rmdb-config1:37017",
      "port": 37017,
      "rsId": "tgtconfigRS",
      "state": "FAILED",
      "stateUpdateTime": 1790969516
    },
    {
      "error": null,
      "hostname": "rmdb-config2",
      "id": "rmdb-config2:37017",
      "port": 37017,
      "rsId": "tgtconfigRS",
      "state": "FAILED",
      "stateUpdateTime": 1790969516
    }
  ],
  "state": "FAILED"
}
2026-10-02 14:43:03,804 [INFO] Restore state: FAILED
2026-10-02 14:43:13,805 [DEBUG] API GET http://129.40.36.100:8080/api/public/v1.0/backup/third_party/group/6a386221ee19a6537cc68a97/restore/6abf3847457a6b80701899fb
2026-10-02 14:43:13,952 [DEBUG] STATUS 200
2026-10-02 14:43:13,952 [DEBUG] {
  "clusterMapping": [
    {
      "rsId": "sgcShard_0",
      "targetRsId": "tgtShard_0"
    },
    {
      "rsId": "sgcShard_1",
      "targetRsId": "tgtShard_1"
    },
    {
      "rsId": "configRS",
      "targetRsId": "tgtconfigRS"
    }
  ],
  "nodes": [
    {
      "error": null,
      "hostname": "rmdb12",
      "id": "rmdb12:37017",
      "port": 37017,
      "rsId": "tgtShard_1",
      "state": "FAILED",
      "stateUpdateTime": 1790969516
    },
    {
      "error": null,
      "hostname": "rmdb14",
      "id": "rmdb14:37017",
      "port": 37017,
      "rsId": "tgtShard_1",
      "state": "FAILED",
      "stateUpdateTime": 1790969516
    },
    {
      "error": null,
      "hostname": "rmdb9",
      "id": "rmdb9:37017",
      "port": 37017,
      "rsId": "tgtShard_1",
      "state": "FAILED",
      "stateUpdateTime": 1790969516
    },
    {
      "error": null,
      "hostname": "rmdb4",
      "id": "rmdb4:37017",
      "port": 37017,
      "rsId": "tgtShard_1",
      "state": "FAILED",
      "stateUpdateTime": 1790969516
    },
    {
      "error": null,
      "hostname": "rmdb2",
      "id": "rmdb2:37017",
      "port": 37017,
      "rsId": "tgtShard_1",
      "state": "FAILED",
      "stateUpdateTime": 1790969516
    },
    {
      "error": null,
      "hostname": "rmdb8",
      "id": "rmdb8:37017",
      "port": 37017,
      "rsId": "tgtShard_0",
      "state": "FAILED",
      "stateUpdateTime": 1790969516
    },
    {
      "error": null,
      "hostname": "rmdb13",
      "id": "rmdb13:37017",
      "port": 37017,
      "rsId": "tgtShard_0",
      "state": "FAILED",
      "stateUpdateTime": 1790969516
    },
    {
      "error": "<tgtCluster_tgtShard_0_42> [15:29:05.042] Plan execution failed on step MakeBackupDataAvailable as part of move RestoreRsMemberFromBackupPhase1 : <tgtCluster_tgtShard_0_42> [15:29:05.042] Failed to apply action. Result = <nil> : <tgtCluster_tgtShard_0_42> [15:29:05.042] Failed to download the snapshot : <tgtCluster_tgtShard_0_42> [15:29:05.042] Error while waiting for third party to copy backup to /fimongo1/data : <tgtCluster_tgtShard_0_42> [15:29:05.042] Observed error when trying to mark node as ready for copy files. : <tgtCluster_tgtShard_0_42> [15:29:05.042] Got return status 404 Not Found when trying to mark node ready for copy files.",
      "hostname": "rmdb1",
      "id": "rmdb1:37017",
      "port": 37017,
      "rsId": "tgtShard_0",
      "state": "FAILED",
      "stateUpdateTime": 1790969516
    },
    {
      "error": null,
      "hostname": "rmdb3",
      "id": "rmdb3:37017",
      "port": 37017,
      "rsId": "tgtShard_0",
      "state": "FAILED",
      "stateUpdateTime": 1790969516
    },
    {
      "error": null,
      "hostname": "rmdb11",
      "id": "rmdb11:37017",
      "port": 37017,
      "rsId": "tgtShard_0",
      "state": "FAILED",
      "stateUpdateTime": 1790969516
    },
    {
      "error": null,
      "hostname": "rmdb7",
      "id": "rmdb7:37017",
      "port": 37017,
      "rsId": "tgtconfigRS",
      "state": "FAILED",
      "stateUpdateTime": 1790969516
    },
    {
      "error": null,
      "hostname": "rmdb-config1",
      "id": "rmdb-config1:37017",
      "port": 37017,
      "rsId": "tgtconfigRS",
      "state": "FAILED",
      "stateUpdateTime": 1790969516
    },
    {
      "error": null,
      "hostname": "rmdb-config2",
      "id": "rmdb-config2:37017",
      "port": 37017,
      "rsId": "tgtconfigRS",
      "state": "FAILED",
      "stateUpdateTime": 1790969516
    }
  ],
  "state": "FAILED"
}
2026-10-02 14:43:13,952 [INFO] Restore state: FAILED
2026-10-02 14:43:23,953 [DEBUG] API GET http://129.40.36.100:8080/api/public/v1.0/backup/third_party/group/6a386221ee19a6537cc68a97/restore/6abf3847457a6b80701899fb
2026-10-02 14:43:24,094 [DEBUG] STATUS 200
2026-10-02 14:43:24,094 [DEBUG] {
  "clusterMapping": [
    {
      "rsId": "sgcShard_0",
      "targetRsId": "tgtShard_0"
    },
    {
      "rsId": "sgcShard_1",
      "targetRsId": "tgtShard_1"
    },
    {
      "rsId": "configRS",
      "targetRsId": "tgtconfigRS"
    }
  ],
  "nodes": [
    {
      "error": null,
      "hostname": "rmdb12",
      "id": "rmdb12:37017",
      "port": 37017,
      "rsId": "tgtShard_1",
      "state": "FAILED",
      "stateUpdateTime": 1790969516
    },
    {
      "error": null,
      "hostname": "rmdb14",
      "id": "rmdb14:37017",
      "port": 37017,
      "rsId": "tgtShard_1",
      "state": "FAILED",
      "stateUpdateTime": 1790969516
    },
    {
      "error": null,
      "hostname": "rmdb9",
      "id": "rmdb9:37017",
      "port": 37017,
      "rsId": "tgtShard_1",
      "state": "FAILED",
      "stateUpdateTime": 1790969516
    },
    {
      "error": null,
      "hostname": "rmdb4",
      "id": "rmdb4:37017",
      "port": 37017,
      "rsId": "tgtShard_1",
      "state": "FAILED",
      "stateUpdateTime": 1790969516
    },
    {
      "error": null,
      "hostname": "rmdb2",
      "id": "rmdb2:37017",
      "port": 37017,
      "rsId": "tgtShard_1",
      "state": "FAILED",
      "stateUpdateTime": 1790969516
    },
    {
      "error": null,
      "hostname": "rmdb8",
      "id": "rmdb8:37017",
      "port": 37017,
      "rsId": "tgtShard_0",
      "state": "FAILED",
      "stateUpdateTime": 1790969516
    },
    {
      "error": null,
      "hostname": "rmdb13",
      "id": "rmdb13:37017",
      "port": 37017,
      "rsId": "tgtShard_0",
      "state": "FAILED",
      "stateUpdateTime": 1790969516
    },
    {
      "error": "<tgtCluster_tgtShard_0_42> [15:29:05.042] Plan execution failed on step MakeBackupDataAvailable as part of move RestoreRsMemberFromBackupPhase1 : <tgtCluster_tgtShard_0_42> [15:29:05.042] Failed to apply action. Result = <nil> : <tgtCluster_tgtShard_0_42> [15:29:05.042] Failed to download the snapshot : <tgtCluster_tgtShard_0_42> [15:29:05.042] Error while waiting for third party to copy backup to /fimongo1/data : <tgtCluster_tgtShard_0_42> [15:29:05.042] Observed error when trying to mark node as ready for copy files. : <tgtCluster_tgtShard_0_42> [15:29:05.042] Got return status 404 Not Found when trying to mark node ready for copy files.",
      "hostname": "rmdb1",
      "id": "rmdb1:37017",
      "port": 37017,
      "rsId": "tgtShard_0",
      "state": "FAILED",
      "stateUpdateTime": 1790969516
    },
    {
      "error": null,
      "hostname": "rmdb3",
      "id": "rmdb3:37017",
      "port": 37017,
      "rsId": "tgtShard_0",
      "state": "FAILED",
      "stateUpdateTime": 1790969516
    },
    {
      "error": null,
      "hostname": "rmdb11",
      "id": "rmdb11:37017",
      "port": 37017,
      "rsId": "tgtShard_0",
      "state": "FAILED",
      "stateUpdateTime": 1790969516
    },
    {
      "error": null,
      "hostname": "rmdb7",
      "id": "rmdb7:37017",
      "port": 37017,
      "rsId": "tgtconfigRS",
      "state": "FAILED",
      "stateUpdateTime": 1790969516
    },
    {
      "error": null,
      "hostname": "rmdb-config1",
      "id": "rmdb-config1:37017",
      "port": 37017,
      "rsId": "tgtconfigRS",
      "state": "FAILED",
      "stateUpdateTime": 1790969516
    },
    {
      "error": null,
      "hostname": "rmdb-config2",
      "id": "rmdb-config2:37017",
      "port": 37017,
      "rsId": "tgtconfigRS",
      "state": "FAILED",
      "stateUpdateTime": 1790969516
    }
  ],
  "state": "FAILED"
}
2026-10-02 14:43:24,094 [INFO] Restore state: FAILED
2026-10-02 14:43:34,095 [DEBUG] API GET http://129.40.36.100:8080/api/public/v1.0/backup/third_party/group/6a386221ee19a6537cc68a97/restore/6abf3847457a6b80701899fb
2026-10-02 14:43:34,234 [DEBUG] STATUS 200
2026-10-02 14:43:34,234 [DEBUG] {
  "clusterMapping": [
    {
      "rsId": "sgcShard_0",
      "targetRsId": "tgtShard_0"
    },
    {
      "rsId": "sgcShard_1",
      "targetRsId": "tgtShard_1"
    },
    {
      "rsId": "configRS",
      "targetRsId": "tgtconfigRS"
    }
  ],
  "nodes": [
    {
      "error": null,
      "hostname": "rmdb12",
      "id": "rmdb12:37017",
      "port": 37017,
      "rsId": "tgtShard_1",
      "state": "FAILED",
      "stateUpdateTime": 1790969516
    },
    {
      "error": null,
      "hostname": "rmdb14",
      "id": "rmdb14:37017",
      "port": 37017,
      "rsId": "tgtShard_1",
      "state": "FAILED",
      "stateUpdateTime": 1790969516
    },
    {
      "error": null,
      "hostname": "rmdb9",
      "id": "rmdb9:37017",
      "port": 37017,
      "rsId": "tgtShard_1",
      "state": "FAILED",
      "stateUpdateTime": 1790969516
    },
    {
      "error": null,
      "hostname": "rmdb4",
      "id": "rmdb4:37017",
      "port": 37017,
      "rsId": "tgtShard_1",
      "state": "FAILED",
      "stateUpdateTime": 1790969516
    },
    {
      "error": null,
      "hostname": "rmdb2",
      "id": "rmdb2:37017",
      "port": 37017,
      "rsId": "tgtShard_1",
      "state": "FAILED",
      "stateUpdateTime": 1790969516
    },
    {
      "error": null,
      "hostname": "rmdb8",
      "id": "rmdb8:37017",
      "port": 37017,
      "rsId": "tgtShard_0",
      "state": "FAILED",
      "stateUpdateTime": 1790969516
    },
    {
      "error": null,
      "hostname": "rmdb13",
      "id": "rmdb13:37017",
      "port": 37017,
      "rsId": "tgtShard_0",
      "state": "FAILED",
      "stateUpdateTime": 1790969516
    },
    {
      "error": "<tgtCluster_tgtShard_0_42> [15:29:05.042] Plan execution failed on step MakeBackupDataAvailable as part of move RestoreRsMemberFromBackupPhase1 : <tgtCluster_tgtShard_0_42> [15:29:05.042] Failed to apply action. Result = <nil> : <tgtCluster_tgtShard_0_42> [15:29:05.042] Failed to download the snapshot : <tgtCluster_tgtShard_0_42> [15:29:05.042] Error while waiting for third party to copy backup to /fimongo1/data : <tgtCluster_tgtShard_0_42> [15:29:05.042] Observed error when trying to mark node as ready for copy files. : <tgtCluster_tgtShard_0_42> [15:29:05.042] Got return status 404 Not Found when trying to mark node ready for copy files.",
      "hostname": "rmdb1",
      "id": "rmdb1:37017",
      "port": 37017,
      "rsId": "tgtShard_0",
      "state": "FAILED",
      "stateUpdateTime": 1790969516
    },
    {
      "error": null,
      "hostname": "rmdb3",
      "id": "rmdb3:37017",
      "port": 37017,
      "rsId": "tgtShard_0",
      "state": "FAILED",
      "stateUpdateTime": 1790969516
    },
    {
      "error": null,
      "hostname": "rmdb11",
      "id": "rmdb11:37017",
      "port": 37017,
      "rsId": "tgtShard_0",
      "state": "FAILED",
      "stateUpdateTime": 1790969516
    },
    {
      "error": null,
      "hostname": "rmdb7",
      "id": "rmdb7:37017",
      "port": 37017,
      "rsId": "tgtconfigRS",
      "state": "FAILED",
      "stateUpdateTime": 1790969516
    },
    {
      "error": null,
      "hostname": "rmdb-config1",
      "id": "rmdb-config1:37017",
      "port": 37017,
      "rsId": "tgtconfigRS",
      "state": "FAILED",
      "stateUpdateTime": 1790969516
    },
    {
      "error": null,
      "hostname": "rmdb-config2",
      "id": "rmdb-config2:37017",
      "port": 37017,
      "rsId": "tgtconfigRS",
      "state": "FAILED",
      "stateUpdateTime": 1790969516
    }
  ],
  "state": "FAILED"
}
2026-10-02 14:43:34,235 [INFO] Restore state: FAILED
2026-10-02 14:43:44,235 [DEBUG] API GET http://129.40.36.100:8080/api/public/v1.0/backup/third_party/group/6a386221ee19a6537cc68a97/restore/6abf3847457a6b80701899fb
2026-10-02 14:43:44,375 [DEBUG] STATUS 200
2026-10-02 14:43:44,375 [DEBUG] {
  "clusterMapping": [
    {
      "rsId": "sgcShard_0",
      "targetRsId": "tgtShard_0"
    },
    {
      "rsId": "sgcShard_1",
      "targetRsId": "tgtShard_1"
    },
    {
      "rsId": "configRS",
      "targetRsId": "tgtconfigRS"
    }
  ],
  "nodes": [
    {
      "error": null,
      "hostname": "rmdb12",
      "id": "rmdb12:37017",
      "port": 37017,
      "rsId": "tgtShard_1",
      "state": "FAILED",
      "stateUpdateTime": 1790969516
    },
    {
      "error": null,
      "hostname": "rmdb14",
      "id": "rmdb14:37017",
      "port": 37017,
      "rsId": "tgtShard_1",
      "state": "FAILED",
      "stateUpdateTime": 1790969516
    },
    {
      "error": null,
      "hostname": "rmdb9",
      "id": "rmdb9:37017",
      "port": 37017,
      "rsId": "tgtShard_1",
      "state": "FAILED",
      "stateUpdateTime": 1790969516
    },
    {
      "error": null,
      "hostname": "rmdb4",
      "id": "rmdb4:37017",
      "port": 37017,
      "rsId": "tgtShard_1",
      "state": "FAILED",
      "stateUpdateTime": 1790969516
    },
    {
      "error": null,
      "hostname": "rmdb2",
      "id": "rmdb2:37017",
      "port": 37017,
      "rsId": "tgtShard_1",
      "state": "FAILED",
      "stateUpdateTime": 1790969516
    },
    {
      "error": null,
      "hostname": "rmdb8",
      "id": "rmdb8:37017",
      "port": 37017,
      "rsId": "tgtShard_0",
      "state": "FAILED",
      "stateUpdateTime": 1790969516
    },
    {
      "error": null,
      "hostname": "rmdb13",
      "id": "rmdb13:37017",
      "port": 37017,
      "rsId": "tgtShard_0",
      "state": "FAILED",
      "stateUpdateTime": 1790969516
    },
    {
      "error": "<tgtCluster_tgtShard_0_42> [15:29:05.042] Plan execution failed on step MakeBackupDataAvailable as part of move RestoreRsMemberFromBackupPhase1 : <tgtCluster_tgtShard_0_42> [15:29:05.042] Failed to apply action. Result = <nil> : <tgtCluster_tgtShard_0_42> [15:29:05.042] Failed to download the snapshot : <tgtCluster_tgtShard_0_42> [15:29:05.042] Error while waiting for third party to copy backup to /fimongo1/data : <tgtCluster_tgtShard_0_42> [15:29:05.042] Observed error when trying to mark node as ready for copy files. : <tgtCluster_tgtShard_0_42> [15:29:05.042] Got return status 404 Not Found when trying to mark node ready for copy files.",
      "hostname": "rmdb1",
      "id": "rmdb1:37017",
      "port": 37017,
      "rsId": "tgtShard_0",
      "state": "FAILED",
      "stateUpdateTime": 1790969516
    },
    {
      "error": null,
      "hostname": "rmdb3",
      "id": "rmdb3:37017",
      "port": 37017,
      "rsId": "tgtShard_0",
      "state": "FAILED",
      "stateUpdateTime": 1790969516
    },
    {
      "error": null,
      "hostname": "rmdb11",
      "id": "rmdb11:37017",
      "port": 37017,
      "rsId": "tgtShard_0",
      "state": "FAILED",
      "stateUpdateTime": 1790969516
    },
    {
      "error": null,
      "hostname": "rmdb7",
      "id": "rmdb7:37017",
      "port": 37017,
      "rsId": "tgtconfigRS",
      "state": "FAILED",
      "stateUpdateTime": 1790969516
    },
    {
      "error": null,
      "hostname": "rmdb-config1",
      "id": "rmdb-config1:37017",
      "port": 37017,
      "rsId": "tgtconfigRS",
      "state": "FAILED",
      "stateUpdateTime": 1790969516
    },
    {
      "error": null,
      "hostname": "rmdb-config2",
      "id": "rmdb-config2:37017",
      "port": 37017,
      "rsId": "tgtconfigRS",
      "state": "FAILED",
      "stateUpdateTime": 1790969516
    }
  ],
  "state": "FAILED"
}
2026-10-02 14:43:44,375 [INFO] Restore state: FAILED
2026-10-02 14:43:54,376 [DEBUG] API GET http://129.40.36.100:8080/api/public/v1.0/backup/third_party/group/6a386221ee19a6537cc68a97/restore/6abf3847457a6b80701899fb
2026-10-02 14:43:54,593 [DEBUG] STATUS 200
2026-10-02 14:43:54,593 [DEBUG] {
  "clusterMapping": [
    {
      "rsId": "sgcShard_0",
      "targetRsId": "tgtShard_0"
    },
    {
      "rsId": "sgcShard_1",
      "targetRsId": "tgtShard_1"
    },
    {
      "rsId": "configRS",
      "targetRsId": "tgtconfigRS"
    }
  ],
  "nodes": [
    {
      "error": null,
      "hostname": "rmdb12",
      "id": "rmdb12:37017",
      "port": 37017,
      "rsId": "tgtShard_1",
      "state": "FAILED",
      "stateUpdateTime": 1790969516
    },
    {
      "error": null,
      "hostname": "rmdb14",
      "id": "rmdb14:37017",
      "port": 37017,
      "rsId": "tgtShard_1",
      "state": "FAILED",
      "stateUpdateTime": 1790969516
    },
    {
      "error": null,
      "hostname": "rmdb9",
      "id": "rmdb9:37017",
      "port": 37017,
      "rsId": "tgtShard_1",
      "state": "FAILED",
      "stateUpdateTime": 1790969516
    },
    {
      "error": null,
      "hostname": "rmdb4",
      "id": "rmdb4:37017",
      "port": 37017,
      "rsId": "tgtShard_1",
      "state": "FAILED",
      "stateUpdateTime": 1790969516
    },
    {
      "error": null,
      "hostname": "rmdb2",
      "id": "rmdb2:37017",
      "port": 37017,
      "rsId": "tgtShard_1",
      "state": "FAILED",
      "stateUpdateTime": 1790969516
    },
    {
      "error": null,
      "hostname": "rmdb8",
      "id": "rmdb8:37017",
      "port": 37017,
      "rsId": "tgtShard_0",
      "state": "FAILED",
      "stateUpdateTime": 1790969516
    },
    {
      "error": null,
      "hostname": "rmdb13",
      "id": "rmdb13:37017",
      "port": 37017,
      "rsId": "tgtShard_0",
      "state": "FAILED",
      "stateUpdateTime": 1790969516
    },
    {
      "error": "<tgtCluster_tgtShard_0_42> [15:29:05.042] Plan execution failed on step MakeBackupDataAvailable as part of move RestoreRsMemberFromBackupPhase1 : <tgtCluster_tgtShard_0_42> [15:29:05.042] Failed to apply action. Result = <nil> : <tgtCluster_tgtShard_0_42> [15:29:05.042] Failed to download the snapshot : <tgtCluster_tgtShard_0_42> [15:29:05.042] Error while waiting for third party to copy backup to /fimongo1/data : <tgtCluster_tgtShard_0_42> [15:29:05.042] Observed error when trying to mark node as ready for copy files. : <tgtCluster_tgtShard_0_42> [15:29:05.042] Got return status 404 Not Found when trying to mark node ready for copy files.",
      "hostname": "rmdb1",
      "id": "rmdb1:37017",
      "port": 37017,
      "rsId": "tgtShard_0",
      "state": "FAILED",
      "stateUpdateTime": 1790969516
    },
    {
      "error": null,
      "hostname": "rmdb3",
      "id": "rmdb3:37017",
      "port": 37017,
      "rsId": "tgtShard_0",
      "state": "FAILED",
      "stateUpdateTime": 1790969516
    },
    {
      "error": null,
      "hostname": "rmdb11",
      "id": "rmdb11:37017",
      "port": 37017,
      "rsId": "tgtShard_0",
      "state": "FAILED",
      "stateUpdateTime": 1790969516
    },
    {
      "error": null,
      "hostname": "rmdb7",
      "id": "rmdb7:37017",
      "port": 37017,
      "rsId": "tgtconfigRS",
      "state": "FAILED",
      "stateUpdateTime": 1790969516
    },
    {
      "error": null,
      "hostname": "rmdb-config1",
      "id": "rmdb-config1:37017",
      "port": 37017,
      "rsId": "tgtconfigRS",
      "state": "FAILED",
      "stateUpdateTime": 1790969516
    },
    {
      "error": null,
      "hostname": "rmdb-config2",
      "id": "rmdb-config2:37017",
      "port": 37017,
      "rsId": "tgtconfigRS",
      "state": "FAILED",
      "stateUpdateTime": 1790969516
    }
  ],
  "state": "FAILED"
}
2026-10-02 14:43:54,594 [INFO] Restore state: FAILED
2026-10-02 14:44:04,594 [DEBUG] API GET http://129.40.36.100:8080/api/public/v1.0/backup/third_party/group/6a386221ee19a6537cc68a97/restore/6abf3847457a6b80701899fb
2026-10-02 14:44:04,753 [DEBUG] STATUS 200
2026-10-02 14:44:04,753 [DEBUG] {
  "clusterMapping": [
    {
      "rsId": "sgcShard_0",
      "targetRsId": "tgtShard_0"
    },
    {
      "rsId": "sgcShard_1",
      "targetRsId": "tgtShard_1"
    },
    {
      "rsId": "configRS",
      "targetRsId": "tgtconfigRS"
    }
  ],
  "nodes": [
    {
      "error": null,
      "hostname": "rmdb12",
      "id": "rmdb12:37017",
      "port": 37017,
      "rsId": "tgtShard_1",
      "state": "FAILED",
      "stateUpdateTime": 1790969516
    },
    {
      "error": null,
      "hostname": "rmdb14",
      "id": "rmdb14:37017",
      "port": 37017,
      "rsId": "tgtShard_1",
      "state": "FAILED",
      "stateUpdateTime": 1790969516
    },
    {
      "error": null,
      "hostname": "rmdb9",
      "id": "rmdb9:37017",
      "port": 37017,
      "rsId": "tgtShard_1",
      "state": "FAILED",
      "stateUpdateTime": 1790969516
    },
    {
      "error": null,
      "hostname": "rmdb4",
      "id": "rmdb4:37017",
      "port": 37017,
      "rsId": "tgtShard_1",
      "state": "FAILED",
      "stateUpdateTime": 1790969516
    },
    {
      "error": null,
      "hostname": "rmdb2",
      "id": "rmdb2:37017",
      "port": 37017,
      "rsId": "tgtShard_1",
      "state": "FAILED",
      "stateUpdateTime": 1790969516
    },
    {
      "error": null,
      "hostname": "rmdb8",
      "id": "rmdb8:37017",
      "port": 37017,
      "rsId": "tgtShard_0",
      "state": "FAILED",
      "stateUpdateTime": 1790969516
    },
    {
      "error": null,
      "hostname": "rmdb13",
      "id": "rmdb13:37017",
      "port": 37017,
      "rsId": "tgtShard_0",
      "state": "FAILED",
      "stateUpdateTime": 1790969516
    },
    {
      "error": "<tgtCluster_tgtShard_0_42> [15:29:05.042] Plan execution failed on step MakeBackupDataAvailable as part of move RestoreRsMemberFromBackupPhase1 : <tgtCluster_tgtShard_0_42> [15:29:05.042] Failed to apply action. Result = <nil> : <tgtCluster_tgtShard_0_42> [15:29:05.042] Failed to download the snapshot : <tgtCluster_tgtShard_0_42> [15:29:05.042] Error while waiting for third party to copy backup to /fimongo1/data : <tgtCluster_tgtShard_0_42> [15:29:05.042] Observed error when trying to mark node as ready for copy files. : <tgtCluster_tgtShard_0_42> [15:29:05.042] Got return status 404 Not Found when trying to mark node ready for copy files.",
      "hostname": "rmdb1",
      "id": "rmdb1:37017",
      "port": 37017,
      "rsId": "tgtShard_0",
      "state": "FAILED",
      "stateUpdateTime": 1790969516
    },
    {
      "error": null,
      "hostname": "rmdb3",
      "id": "rmdb3:37017",
      "port": 37017,
      "rsId": "tgtShard_0",
      "state": "FAILED",
      "stateUpdateTime": 1790969516
    },
    {
      "error": null,
      "hostname": "rmdb11",
      "id": "rmdb11:37017",
      "port": 37017,
      "rsId": "tgtShard_0",
      "state": "FAILED",
      "stateUpdateTime": 1790969516
    },
    {
      "error": null,
      "hostname": "rmdb7",
      "id": "rmdb7:37017",
      "port": 37017,
      "rsId": "tgtconfigRS",
      "state": "FAILED",
      "stateUpdateTime": 1790969516
    },
    {
      "error": null,
      "hostname": "rmdb-config1",
      "id": "rmdb-config1:37017",
      "port": 37017,
      "rsId": "tgtconfigRS",
      "state": "FAILED",
      "stateUpdateTime": 1790969516
    },
    {
      "error": null,
      "hostname": "rmdb-config2",
      "id": "rmdb-config2:37017",
      "port": 37017,
      "rsId": "tgtconfigRS",
      "state": "FAILED",
      "stateUpdateTime": 1790969516
    }
  ],
  "state": "FAILED"
}
2026-10-02 14:44:04,753 [INFO] Restore state: FAILED
2026-10-02 14:44:14,753 [DEBUG] API GET http://129.40.36.100:8080/api/public/v1.0/backup/third_party/group/6a386221ee19a6537cc68a97/restore/6abf3847457a6b80701899fb
2026-10-02 14:44:14,893 [DEBUG] STATUS 200
2026-10-02 14:44:14,893 [DEBUG] {
  "clusterMapping": [
    {
      "rsId": "sgcShard_0",
      "targetRsId": "tgtShard_0"
    },
    {
      "rsId": "sgcShard_1",
      "targetRsId": "tgtShard_1"
    },
    {
      "rsId": "configRS",
      "targetRsId": "tgtconfigRS"
    }
  ],
  "nodes": [
    {
      "error": null,
      "hostname": "rmdb12",
      "id": "rmdb12:37017",
      "port": 37017,
      "rsId": "tgtShard_1",
      "state": "FAILED",
      "stateUpdateTime": 1790969516
    },
    {
      "error": null,
      "hostname": "rmdb14",
      "id": "rmdb14:37017",
      "port": 37017,
      "rsId": "tgtShard_1",
      "state": "FAILED",
      "stateUpdateTime": 1790969516
    },
    {
      "error": null,
      "hostname": "rmdb9",
      "id": "rmdb9:37017",
      "port": 37017,
      "rsId": "tgtShard_1",
      "state": "FAILED",
      "stateUpdateTime": 1790969516
    },
    {
      "error": null,
      "hostname": "rmdb4",
      "id": "rmdb4:37017",
      "port": 37017,
      "rsId": "tgtShard_1",
      "state": "FAILED",
      "stateUpdateTime": 1790969516
    },
    {
      "error": null,
      "hostname": "rmdb2",
      "id": "rmdb2:37017",
      "port": 37017,
      "rsId": "tgtShard_1",
      "state": "FAILED",
      "stateUpdateTime": 1790969516
    },
    {
      "error": null,
      "hostname": "rmdb8",
      "id": "rmdb8:37017",
      "port": 37017,
      "rsId": "tgtShard_0",
      "state": "FAILED",
      "stateUpdateTime": 1790969516
    },
    {
      "error": null,
      "hostname": "rmdb13",
      "id": "rmdb13:37017",
      "port": 37017,
      "rsId": "tgtShard_0",
      "state": "FAILED",
      "stateUpdateTime": 1790969516
    },
    {
      "error": "<tgtCluster_tgtShard_0_42> [15:29:05.042] Plan execution failed on step MakeBackupDataAvailable as part of move RestoreRsMemberFromBackupPhase1 : <tgtCluster_tgtShard_0_42> [15:29:05.042] Failed to apply action. Result = <nil> : <tgtCluster_tgtShard_0_42> [15:29:05.042] Failed to download the snapshot : <tgtCluster_tgtShard_0_42> [15:29:05.042] Error while waiting for third party to copy backup to /fimongo1/data : <tgtCluster_tgtShard_0_42> [15:29:05.042] Observed error when trying to mark node as ready for copy files. : <tgtCluster_tgtShard_0_42> [15:29:05.042] Got return status 404 Not Found when trying to mark node ready for copy files.",
      "hostname": "rmdb1",
      "id": "rmdb1:37017",
      "port": 37017,
      "rsId": "tgtShard_0",
      "state": "FAILED",
      "stateUpdateTime": 1790969516
    },
    {
      "error": null,
      "hostname": "rmdb3",
      "id": "rmdb3:37017",
      "port": 37017,
      "rsId": "tgtShard_0",
      "state": "FAILED",
      "stateUpdateTime": 1790969516
    },
    {
      "error": null,
      "hostname": "rmdb11",
      "id": "rmdb11:37017",
      "port": 37017,
      "rsId": "tgtShard_0",
      "state": "FAILED",
      "stateUpdateTime": 1790969516
    },
    {
      "error": null,
      "hostname": "rmdb7",
      "id": "rmdb7:37017",
      "port": 37017,
      "rsId": "tgtconfigRS",
      "state": "FAILED",
      "stateUpdateTime": 1790969516
    },
    {
      "error": null,
      "hostname": "rmdb-config1",
      "id": "rmdb-config1:37017",
      "port": 37017,
      "rsId": "tgtconfigRS",
      "state": "FAILED",
      "stateUpdateTime": 1790969516
    },
    {
      "error": null,
      "hostname": "rmdb-config2",
      "id": "rmdb-config2:37017",
      "port": 37017,
      "rsId": "tgtconfigRS",
      "state": "FAILED",
      "stateUpdateTime": 1790969516
    }
  ],
  "state": "FAILED"
}
2026-10-02 14:44:14,894 [INFO] Restore state: FAILED
2026-10-02 14:44:24,894 [DEBUG] API GET http://129.40.36.100:8080/api/public/v1.0/backup/third_party/group/6a386221ee19a6537cc68a97/restore/6abf3847457a6b80701899fb
2026-10-02 14:44:25,036 [DEBUG] STATUS 200
2026-10-02 14:44:25,036 [DEBUG] {
  "clusterMapping": [
    {
      "rsId": "sgcShard_0",
      "targetRsId": "tgtShard_0"
    },
    {
      "rsId": "sgcShard_1",
      "targetRsId": "tgtShard_1"
    },
    {
      "rsId": "configRS",
      "targetRsId": "tgtconfigRS"
    }
  ],
  "nodes": [
    {
      "error": null,
      "hostname": "rmdb12",
      "id": "rmdb12:37017",
      "port": 37017,
      "rsId": "tgtShard_1",
      "state": "FAILED",
      "stateUpdateTime": 1790969516
    },
    {
      "error": null,
      "hostname": "rmdb14",
      "id": "rmdb14:37017",
      "port": 37017,
      "rsId": "tgtShard_1",
      "state": "FAILED",
      "stateUpdateTime": 1790969516
    },
    {
      "error": null,
      "hostname": "rmdb9",
      "id": "rmdb9:37017",
      "port": 37017,
      "rsId": "tgtShard_1",
      "state": "FAILED",
      "stateUpdateTime": 1790969516
    },
    {
      "error": null,
      "hostname": "rmdb4",
      "id": "rmdb4:37017",
      "port": 37017,
      "rsId": "tgtShard_1",
      "state": "FAILED",
      "stateUpdateTime": 1790969516
    },
    {
      "error": null,
      "hostname": "rmdb2",
      "id": "rmdb2:37017",
      "port": 37017,
      "rsId": "tgtShard_1",
      "state": "FAILED",
      "stateUpdateTime": 1790969516
    },
    {
      "error": null,
      "hostname": "rmdb8",
      "id": "rmdb8:37017",
      "port": 37017,
      "rsId": "tgtShard_0",
      "state": "FAILED",
      "stateUpdateTime": 1790969516
    },
    {
      "error": null,
      "hostname": "rmdb13",
      "id": "rmdb13:37017",
      "port": 37017,
      "rsId": "tgtShard_0",
      "state": "FAILED",
      "stateUpdateTime": 1790969516
    },
    {
      "error": "<tgtCluster_tgtShard_0_42> [15:29:05.042] Plan execution failed on step MakeBackupDataAvailable as part of move RestoreRsMemberFromBackupPhase1 : <tgtCluster_tgtShard_0_42> [15:29:05.042] Failed to apply action. Result = <nil> : <tgtCluster_tgtShard_0_42> [15:29:05.042] Failed to download the snapshot : <tgtCluster_tgtShard_0_42> [15:29:05.042] Error while waiting for third party to copy backup to /fimongo1/data : <tgtCluster_tgtShard_0_42> [15:29:05.042] Observed error when trying to mark node as ready for copy files. : <tgtCluster_tgtShard_0_42> [15:29:05.042] Got return status 404 Not Found when trying to mark node ready for copy files.",
      "hostname": "rmdb1",
      "id": "rmdb1:37017",
      "port": 37017,
      "rsId": "tgtShard_0",
      "state": "FAILED",
      "stateUpdateTime": 1790969516
    },
    {
      "error": null,
      "hostname": "rmdb3",
      "id": "rmdb3:37017",
      "port": 37017,
      "rsId": "tgtShard_0",
      "state": "FAILED",
      "stateUpdateTime": 1790969516
    },
    {
      "error": null,
      "hostname": "rmdb11",
      "id": "rmdb11:37017",
      "port": 37017,
      "rsId": "tgtShard_0",
      "state": "FAILED",
      "stateUpdateTime": 1790969516
    },
    {
      "error": null,
      "hostname": "rmdb7",
      "id": "rmdb7:37017",
      "port": 37017,
      "rsId": "tgtconfigRS",
      "state": "FAILED",
      "stateUpdateTime": 1790969516
    },
    {
      "error": null,
      "hostname": "rmdb-config1",
      "id": "rmdb-config1:37017",
      "port": 37017,
      "rsId": "tgtconfigRS",
      "state": "FAILED",
      "stateUpdateTime": 1790969516
    },
    {
      "error": null,
      "hostname": "rmdb-config2",
      "id": "rmdb-config2:37017",
      "port": 37017,
      "rsId": "tgtconfigRS",
      "state": "FAILED",
      "stateUpdateTime": 1790969516
    }
  ],
  "state": "FAILED"
}
2026-10-02 14:44:25,036 [INFO] Restore state: FAILED
2026-10-02 14:44:35,037 [DEBUG] API GET http://129.40.36.100:8080/api/public/v1.0/backup/third_party/group/6a386221ee19a6537cc68a97/restore/6abf3847457a6b80701899fb
2026-10-02 14:44:35,176 [DEBUG] STATUS 200
2026-10-02 14:44:35,176 [DEBUG] {
  "clusterMapping": [
    {
      "rsId": "sgcShard_0",
      "targetRsId": "tgtShard_0"
    },
    {
      "rsId": "sgcShard_1",
      "targetRsId": "tgtShard_1"
    },
    {
      "rsId": "configRS",
      "targetRsId": "tgtconfigRS"
    }
  ],
  "nodes": [
    {
      "error": null,
      "hostname": "rmdb12",
      "id": "rmdb12:37017",
      "port": 37017,
      "rsId": "tgtShard_1",
      "state": "FAILED",
      "stateUpdateTime": 1790969516
    },
    {
      "error": null,
      "hostname": "rmdb14",
      "id": "rmdb14:37017",
      "port": 37017,
      "rsId": "tgtShard_1",
      "state": "FAILED",
      "stateUpdateTime": 1790969516
    },
    {
      "error": null,
      "hostname": "rmdb9",
      "id": "rmdb9:37017",
      "port": 37017,
      "rsId": "tgtShard_1",
      "state": "FAILED",
      "stateUpdateTime": 1790969516
    },
    {
      "error": null,
      "hostname": "rmdb4",
      "id": "rmdb4:37017",
      "port": 37017,
      "rsId": "tgtShard_1",
      "state": "FAILED",
      "stateUpdateTime": 1790969516
    },
    {
      "error": null,
      "hostname": "rmdb2",
      "id": "rmdb2:37017",
      "port": 37017,
      "rsId": "tgtShard_1",
      "state": "FAILED",
      "stateUpdateTime": 1790969516
    },
    {
      "error": null,
      "hostname": "rmdb8",
      "id": "rmdb8:37017",
      "port": 37017,
      "rsId": "tgtShard_0",
      "state": "FAILED",
      "stateUpdateTime": 1790969516
    },
    {
      "error": null,
      "hostname": "rmdb13",
      "id": "rmdb13:37017",
      "port": 37017,
      "rsId": "tgtShard_0",
      "state": "FAILED",
      "stateUpdateTime": 1790969516
    },
    {
      "error": "<tgtCluster_tgtShard_0_42> [15:29:05.042] Plan execution failed on step MakeBackupDataAvailable as part of move RestoreRsMemberFromBackupPhase1 : <tgtCluster_tgtShard_0_42> [15:29:05.042] Failed to apply action. Result = <nil> : <tgtCluster_tgtShard_0_42> [15:29:05.042] Failed to download the snapshot : <tgtCluster_tgtShard_0_42> [15:29:05.042] Error while waiting for third party to copy backup to /fimongo1/data : <tgtCluster_tgtShard_0_42> [15:29:05.042] Observed error when trying to mark node as ready for copy files. : <tgtCluster_tgtShard_0_42> [15:29:05.042] Got return status 404 Not Found when trying to mark node ready for copy files.",
      "hostname": "rmdb1",
      "id": "rmdb1:37017",
      "port": 37017,
      "rsId": "tgtShard_0",
      "state": "FAILED",
      "stateUpdateTime": 1790969516
    },
    {
      "error": null,
      "hostname": "rmdb3",
      "id": "rmdb3:37017",
      "port": 37017,
      "rsId": "tgtShard_0",
      "state": "FAILED",
      "stateUpdateTime": 1790969516
    },
    {
      "error": null,
      "hostname": "rmdb11",
      "id": "rmdb11:37017",
      "port": 37017,
      "rsId": "tgtShard_0",
      "state": "FAILED",
      "stateUpdateTime": 1790969516
    },
    {
      "error": null,
      "hostname": "rmdb7",
      "id": "rmdb7:37017",
      "port": 37017,
      "rsId": "tgtconfigRS",
      "state": "FAILED",
      "stateUpdateTime": 1790969516
    },
    {
      "error": null,
      "hostname": "rmdb-config1",
      "id": "rmdb-config1:37017",
      "port": 37017,
      "rsId": "tgtconfigRS",
      "state": "FAILED",
      "stateUpdateTime": 1790969516
    },
    {
      "error": null,
      "hostname": "rmdb-config2",
      "id": "rmdb-config2:37017",
      "port": 37017,
      "rsId": "tgtconfigRS",
      "state": "FAILED",
      "stateUpdateTime": 1790969516
    }
  ],
  "state": "FAILED"
}
2026-10-02 14:44:35,177 [INFO] Restore state: FAILED
2026-10-02 14:44:45,177 [DEBUG] API GET http://129.40.36.100:8080/api/public/v1.0/backup/third_party/group/6a386221ee19a6537cc68a97/restore/6abf3847457a6b80701899fb
2026-10-02 14:44:45,319 [DEBUG] STATUS 200
2026-10-02 14:44:45,319 [DEBUG] {
  "clusterMapping": [
    {
      "rsId": "sgcShard_0",
      "targetRsId": "tgtShard_0"
    },
    {
      "rsId": "sgcShard_1",
      "targetRsId": "tgtShard_1"
    },
    {
      "rsId": "configRS",
      "targetRsId": "tgtconfigRS"
    }
  ],
  "nodes": [
    {
      "error": null,
      "hostname": "rmdb12",
      "id": "rmdb12:37017",
      "port": 37017,
      "rsId": "tgtShard_1",
      "state": "FAILED",
      "stateUpdateTime": 1790969516
    },
    {
      "error": null,
      "hostname": "rmdb14",
      "id": "rmdb14:37017",
      "port": 37017,
      "rsId": "tgtShard_1",
      "state": "FAILED",
      "stateUpdateTime": 1790969516
    },
    {
      "error": null,
      "hostname": "rmdb9",
      "id": "rmdb9:37017",
      "port": 37017,
      "rsId": "tgtShard_1",
      "state": "FAILED",
      "stateUpdateTime": 1790969516
    },
    {
      "error": null,
      "hostname": "rmdb4",
      "id": "rmdb4:37017",
      "port": 37017,
      "rsId": "tgtShard_1",
      "state": "FAILED",
      "stateUpdateTime": 1790969516
    },
    {
      "error": null,
      "hostname": "rmdb2",
      "id": "rmdb2:37017",
      "port": 37017,
      "rsId": "tgtShard_1",
      "state": "FAILED",
      "stateUpdateTime": 1790969516
    },
    {
      "error": null,
      "hostname": "rmdb8",
      "id": "rmdb8:37017",
      "port": 37017,
      "rsId": "tgtShard_0",
      "state": "FAILED",
      "stateUpdateTime": 1790969516
    },
    {
      "error": null,
      "hostname": "rmdb13",
      "id": "rmdb13:37017",
      "port": 37017,
      "rsId": "tgtShard_0",
      "state": "FAILED",
      "stateUpdateTime": 1790969516
    },
    {
      "error": "<tgtCluster_tgtShard_0_42> [15:29:05.042] Plan execution failed on step MakeBackupDataAvailable as part of move RestoreRsMemberFromBackupPhase1 : <tgtCluster_tgtShard_0_42> [15:29:05.042] Failed to apply action. Result = <nil> : <tgtCluster_tgtShard_0_42> [15:29:05.042] Failed to download the snapshot : <tgtCluster_tgtShard_0_42> [15:29:05.042] Error while waiting for third party to copy backup to /fimongo1/data : <tgtCluster_tgtShard_0_42> [15:29:05.042] Observed error when trying to mark node as ready for copy files. : <tgtCluster_tgtShard_0_42> [15:29:05.042] Got return status 404 Not Found when trying to mark node ready for copy files.",
      "hostname": "rmdb1",
      "id": "rmdb1:37017",
      "port": 37017,
      "rsId": "tgtShard_0",
      "state": "FAILED",
      "stateUpdateTime": 1790969516
    },
    {
      "error": null,
      "hostname": "rmdb3",
      "id": "rmdb3:37017",
      "port": 37017,
      "rsId": "tgtShard_0",
      "state": "FAILED",
      "stateUpdateTime": 1790969516
    },
    {
      "error": null,
      "hostname": "rmdb11",
      "id": "rmdb11:37017",
      "port": 37017,
      "rsId": "tgtShard_0",
      "state": "FAILED",
      "stateUpdateTime": 1790969516
    },
    {
      "error": null,
      "hostname": "rmdb7",
      "id": "rmdb7:37017",
      "port": 37017,
      "rsId": "tgtconfigRS",
      "state": "FAILED",
      "stateUpdateTime": 1790969516
    },
    {
      "error": null,
      "hostname": "rmdb-config1",
      "id": "rmdb-config1:37017",
      "port": 37017,
      "rsId": "tgtconfigRS",
      "state": "FAILED",
      "stateUpdateTime": 1790969516
    },
    {
      "error": null,
      "hostname": "rmdb-config2",
      "id": "rmdb-config2:37017",
      "port": 37017,
      "rsId": "tgtconfigRS",
      "state": "FAILED",
      "stateUpdateTime": 1790969516
    }
  ],
  "state": "FAILED"
}
2026-10-02 14:44:45,319 [INFO] Restore state: FAILED
2026-10-02 14:44:55,319 [DEBUG] API GET http://129.40.36.100:8080/api/public/v1.0/backup/third_party/group/6a386221ee19a6537cc68a97/restore/6abf3847457a6b80701899fb
2026-10-02 14:44:55,515 [DEBUG] STATUS 200
2026-10-02 14:44:55,515 [DEBUG] {
  "clusterMapping": [
    {
      "rsId": "sgcShard_0",
      "targetRsId": "tgtShard_0"
    },
    {
      "rsId": "sgcShard_1",
      "targetRsId": "tgtShard_1"
    },
    {
      "rsId": "configRS",
      "targetRsId": "tgtconfigRS"
    }
  ],
  "nodes": [
    {
      "error": null,
      "hostname": "rmdb12",
      "id": "rmdb12:37017",
      "port": 37017,
      "rsId": "tgtShard_1",
      "state": "FAILED",
      "stateUpdateTime": 1790969516
    },
    {
      "error": null,
      "hostname": "rmdb14",
      "id": "rmdb14:37017",
      "port": 37017,
      "rsId": "tgtShard_1",
      "state": "FAILED",
      "stateUpdateTime": 1790969516
    },
    {
      "error": null,
      "hostname": "rmdb9",
      "id": "rmdb9:37017",
      "port": 37017,
      "rsId": "tgtShard_1",
      "state": "FAILED",
      "stateUpdateTime": 1790969516
    },
    {
      "error": null,
      "hostname": "rmdb4",
      "id": "rmdb4:37017",
      "port": 37017,
      "rsId": "tgtShard_1",
      "state": "FAILED",
      "stateUpdateTime": 1790969516
    },
    {
      "error": null,
      "hostname": "rmdb2",
      "id": "rmdb2:37017",
      "port": 37017,
      "rsId": "tgtShard_1",
      "state": "FAILED",
      "stateUpdateTime": 1790969516
    },
    {
      "error": null,
      "hostname": "rmdb8",
      "id": "rmdb8:37017",
      "port": 37017,
      "rsId": "tgtShard_0",
      "state": "FAILED",
      "stateUpdateTime": 1790969516
    },
    {
      "error": null,
      "hostname": "rmdb13",
      "id": "rmdb13:37017",
      "port": 37017,
      "rsId": "tgtShard_0",
      "state": "FAILED",
      "stateUpdateTime": 1790969516
    },
    {
      "error": "<tgtCluster_tgtShard_0_42> [15:29:05.042] Plan execution failed on step MakeBackupDataAvailable as part of move RestoreRsMemberFromBackupPhase1 : <tgtCluster_tgtShard_0_42> [15:29:05.042] Failed to apply action. Result = <nil> : <tgtCluster_tgtShard_0_42> [15:29:05.042] Failed to download the snapshot : <tgtCluster_tgtShard_0_42> [15:29:05.042] Error while waiting for third party to copy backup to /fimongo1/data : <tgtCluster_tgtShard_0_42> [15:29:05.042] Observed error when trying to mark node as ready for copy files. : <tgtCluster_tgtShard_0_42> [15:29:05.042] Got return status 404 Not Found when trying to mark node ready for copy files.",
      "hostname": "rmdb1",
      "id": "rmdb1:37017",
      "port": 37017,
      "rsId": "tgtShard_0",
      "state": "FAILED",
      "stateUpdateTime": 1790969516
    },
    {
      "error": null,
      "hostname": "rmdb3",
      "id": "rmdb3:37017",
      "port": 37017,
      "rsId": "tgtShard_0",
      "state": "FAILED",
      "stateUpdateTime": 1790969516
    },
    {
      "error": null,
      "hostname": "rmdb11",
      "id": "rmdb11:37017",
      "port": 37017,
      "rsId": "tgtShard_0",
      "state": "FAILED",
      "stateUpdateTime": 1790969516
    },
    {
      "error": null,
      "hostname": "rmdb7",
      "id": "rmdb7:37017",
      "port": 37017,
      "rsId": "tgtconfigRS",
      "state": "FAILED",
      "stateUpdateTime": 1790969516
    },
    {
      "error": null,
      "hostname": "rmdb-config1",
      "id": "rmdb-config1:37017",
      "port": 37017,
      "rsId": "tgtconfigRS",
      "state": "FAILED",
      "stateUpdateTime": 1790969516
    },
    {
      "error": null,
      "hostname": "rmdb-config2",
      "id": "rmdb-config2:37017",
      "port": 37017,
      "rsId": "tgtconfigRS",
      "state": "FAILED",
      "stateUpdateTime": 1790969516
    }
  ],
  "state": "FAILED"
}
2026-10-02 14:44:55,515 [INFO] Restore state: FAILED
2026-10-02 14:45:05,516 [DEBUG] API GET http://129.40.36.100:8080/api/public/v1.0/backup/third_party/group/6a386221ee19a6537cc68a97/restore/6abf3847457a6b80701899fb
2026-10-02 14:45:05,655 [DEBUG] STATUS 200
2026-10-02 14:45:05,655 [DEBUG] {
  "clusterMapping": [
    {
      "rsId": "sgcShard_0",
      "targetRsId": "tgtShard_0"
    },
    {
      "rsId": "sgcShard_1",
      "targetRsId": "tgtShard_1"
    },
    {
      "rsId": "configRS",
      "targetRsId": "tgtconfigRS"
    }
  ],
  "nodes": [
    {
      "error": null,
      "hostname": "rmdb12",
      "id": "rmdb12:37017",
      "port": 37017,
      "rsId": "tgtShard_1",
      "state": "FAILED",
      "stateUpdateTime": 1790969516
    },
    {
      "error": null,
      "hostname": "rmdb14",
      "id": "rmdb14:37017",
      "port": 37017,
      "rsId": "tgtShard_1",
      "state": "FAILED",
      "stateUpdateTime": 1790969516
    },
    {
      "error": null,
      "hostname": "rmdb9",
      "id": "rmdb9:37017",
      "port": 37017,
      "rsId": "tgtShard_1",
      "state": "FAILED",
      "stateUpdateTime": 1790969516
    },
    {
      "error": null,
      "hostname": "rmdb4",
      "id": "rmdb4:37017",
      "port": 37017,
      "rsId": "tgtShard_1",
      "state": "FAILED",
      "stateUpdateTime": 1790969516
    },
    {
      "error": null,
      "hostname": "rmdb2",
      "id": "rmdb2:37017",
      "port": 37017,
      "rsId": "tgtShard_1",
      "state": "FAILED",
      "stateUpdateTime": 1790969516
    },
    {
      "error": null,
      "hostname": "rmdb8",
      "id": "rmdb8:37017",
      "port": 37017,
      "rsId": "tgtShard_0",
      "state": "FAILED",
      "stateUpdateTime": 1790969516
    },
    {
      "error": null,
      "hostname": "rmdb13",
      "id": "rmdb13:37017",
      "port": 37017,
      "rsId": "tgtShard_0",
      "state": "FAILED",
      "stateUpdateTime": 1790969516
    },
    {
      "error": "<tgtCluster_tgtShard_0_42> [15:29:05.042] Plan execution failed on step MakeBackupDataAvailable as part of move RestoreRsMemberFromBackupPhase1 : <tgtCluster_tgtShard_0_42> [15:29:05.042] Failed to apply action. Result = <nil> : <tgtCluster_tgtShard_0_42> [15:29:05.042] Failed to download the snapshot : <tgtCluster_tgtShard_0_42> [15:29:05.042] Error while waiting for third party to copy backup to /fimongo1/data : <tgtCluster_tgtShard_0_42> [15:29:05.042] Observed error when trying to mark node as ready for copy files. : <tgtCluster_tgtShard_0_42> [15:29:05.042] Got return status 404 Not Found when trying to mark node ready for copy files.",
      "hostname": "rmdb1",
      "id": "rmdb1:37017",
      "port": 37017,
      "rsId": "tgtShard_0",
      "state": "FAILED",
      "stateUpdateTime": 1790969516
    },
    {
      "error": null,
      "hostname": "rmdb3",
      "id": "rmdb3:37017",
      "port": 37017,
      "rsId": "tgtShard_0",
      "state": "FAILED",
      "stateUpdateTime": 1790969516
    },
    {
      "error": null,
      "hostname": "rmdb11",
      "id": "rmdb11:37017",
      "port": 37017,
      "rsId": "tgtShard_0",
      "state": "FAILED",
      "stateUpdateTime": 1790969516
    },
    {
      "error": null,
      "hostname": "rmdb7",
      "id": "rmdb7:37017",
      "port": 37017,
      "rsId": "tgtconfigRS",
      "state": "FAILED",
      "stateUpdateTime": 1790969516
    },
    {
      "error": null,
      "hostname": "rmdb-config1",
      "id": "rmdb-config1:37017",
      "port": 37017,
      "rsId": "tgtconfigRS",
      "state": "FAILED",
      "stateUpdateTime": 1790969516
    },
    {
      "error": null,
      "hostname": "rmdb-config2",
      "id": "rmdb-config2:37017",
      "port": 37017,
      "rsId": "tgtconfigRS",
      "state": "FAILED",
      "stateUpdateTime": 1790969516
    }
  ],
  "state": "FAILED"
}
2026-10-02 14:45:05,656 [INFO] Restore state: FAILED
2026-10-02 14:45:15,656 [DEBUG] API GET http://129.40.36.100:8080/api/public/v1.0/backup/third_party/group/6a386221ee19a6537cc68a97/restore/6abf3847457a6b80701899fb
2026-10-02 14:45:15,820 [DEBUG] STATUS 200
2026-10-02 14:45:15,820 [DEBUG] {
  "clusterMapping": [
    {
      "rsId": "sgcShard_0",
      "targetRsId": "tgtShard_0"
    },
    {
      "rsId": "sgcShard_1",
      "targetRsId": "tgtShard_1"
    },
    {
      "rsId": "configRS",
      "targetRsId": "tgtconfigRS"
    }
  ],
  "nodes": [
    {
      "error": null,
      "hostname": "rmdb12",
      "id": "rmdb12:37017",
      "port": 37017,
      "rsId": "tgtShard_1",
      "state": "FAILED",
      "stateUpdateTime": 1790969516
    },
    {
      "error": null,
      "hostname": "rmdb14",
      "id": "rmdb14:37017",
      "port": 37017,
      "rsId": "tgtShard_1",
      "state": "FAILED",
      "stateUpdateTime": 1790969516
    },
    {
      "error": null,
      "hostname": "rmdb9",
      "id": "rmdb9:37017",
      "port": 37017,
      "rsId": "tgtShard_1",
      "state": "FAILED",
      "stateUpdateTime": 1790969516
    },
    {
      "error": null,
      "hostname": "rmdb4",
      "id": "rmdb4:37017",
      "port": 37017,
      "rsId": "tgtShard_1",
      "state": "FAILED",
      "stateUpdateTime": 1790969516
    },
    {
      "error": null,
      "hostname": "rmdb2",
      "id": "rmdb2:37017",
      "port": 37017,
      "rsId": "tgtShard_1",
      "state": "FAILED",
      "stateUpdateTime": 1790969516
    },
    {
      "error": null,
      "hostname": "rmdb8",
      "id": "rmdb8:37017",
      "port": 37017,
      "rsId": "tgtShard_0",
      "state": "FAILED",
      "stateUpdateTime": 1790969516
    },
    {
      "error": null,
      "hostname": "rmdb13",
      "id": "rmdb13:37017",
      "port": 37017,
      "rsId": "tgtShard_0",
      "state": "FAILED",
      "stateUpdateTime": 1790969516
    },
    {
      "error": "<tgtCluster_tgtShard_0_42> [15:29:05.042] Plan execution failed on step MakeBackupDataAvailable as part of move RestoreRsMemberFromBackupPhase1 : <tgtCluster_tgtShard_0_42> [15:29:05.042] Failed to apply action. Result = <nil> : <tgtCluster_tgtShard_0_42> [15:29:05.042] Failed to download the snapshot : <tgtCluster_tgtShard_0_42> [15:29:05.042] Error while waiting for third party to copy backup to /fimongo1/data : <tgtCluster_tgtShard_0_42> [15:29:05.042] Observed error when trying to mark node as ready for copy files. : <tgtCluster_tgtShard_0_42> [15:29:05.042] Got return status 404 Not Found when trying to mark node ready for copy files.",
      "hostname": "rmdb1",
      "id": "rmdb1:37017",
      "port": 37017,
      "rsId": "tgtShard_0",
      "state": "FAILED",
      "stateUpdateTime": 1790969516
    },
    {
      "error": null,
      "hostname": "rmdb3",
      "id": "rmdb3:37017",
      "port": 37017,
      "rsId": "tgtShard_0",
      "state": "FAILED",
      "stateUpdateTime": 1790969516
    },
    {
      "error": null,
      "hostname": "rmdb11",
      "id": "rmdb11:37017",
      "port": 37017,
      "rsId": "tgtShard_0",
      "state": "FAILED",
      "stateUpdateTime": 1790969516
    },
    {
      "error": null,
      "hostname": "rmdb7",
      "id": "rmdb7:37017",
      "port": 37017,
      "rsId": "tgtconfigRS",
      "state": "FAILED",
      "stateUpdateTime": 1790969516
    },
    {
      "error": null,
      "hostname": "rmdb-config1",
      "id": "rmdb-config1:37017",
      "port": 37017,
      "rsId": "tgtconfigRS",
      "state": "FAILED",
      "stateUpdateTime": 1790969516
    },
    {
      "error": null,
      "hostname": "rmdb-config2",
      "id": "rmdb-config2:37017",
      "port": 37017,
      "rsId": "tgtconfigRS",
      "state": "FAILED",
      "stateUpdateTime": 1790969516
    }
  ],
  "state": "FAILED"
}
2026-10-02 14:45:15,821 [INFO] Restore state: FAILED
2026-10-02 14:45:25,821 [DEBUG] API GET http://129.40.36.100:8080/api/public/v1.0/backup/third_party/group/6a386221ee19a6537cc68a97/restore/6abf3847457a6b80701899fb
2026-10-02 14:45:25,962 [DEBUG] STATUS 200
2026-10-02 14:45:25,962 [DEBUG] {
  "clusterMapping": [
    {
      "rsId": "sgcShard_0",
      "targetRsId": "tgtShard_0"
    },
    {
      "rsId": "sgcShard_1",
      "targetRsId": "tgtShard_1"
    },
    {
      "rsId": "configRS",
      "targetRsId": "tgtconfigRS"
    }
  ],
  "nodes": [
    {
      "error": null,
      "hostname": "rmdb12",
      "id": "rmdb12:37017",
      "port": 37017,
      "rsId": "tgtShard_1",
      "state": "FAILED",
      "stateUpdateTime": 1790969516
    },
    {
      "error": null,
      "hostname": "rmdb14",
      "id": "rmdb14:37017",
      "port": 37017,
      "rsId": "tgtShard_1",
      "state": "FAILED",
      "stateUpdateTime": 1790969516
    },
    {
      "error": null,
      "hostname": "rmdb9",
      "id": "rmdb9:37017",
      "port": 37017,
      "rsId": "tgtShard_1",
      "state": "FAILED",
      "stateUpdateTime": 1790969516
    },
    {
      "error": null,
      "hostname": "rmdb4",
      "id": "rmdb4:37017",
      "port": 37017,
      "rsId": "tgtShard_1",
      "state": "FAILED",
      "stateUpdateTime": 1790969516
    },
    {
      "error": null,
      "hostname": "rmdb2",
      "id": "rmdb2:37017",
      "port": 37017,
      "rsId": "tgtShard_1",
      "state": "FAILED",
      "stateUpdateTime": 1790969516
    },
    {
      "error": null,
      "hostname": "rmdb8",
      "id": "rmdb8:37017",
      "port": 37017,
      "rsId": "tgtShard_0",
      "state": "FAILED",
      "stateUpdateTime": 1790969516
    },
    {
      "error": null,
      "hostname": "rmdb13",
      "id": "rmdb13:37017",
      "port": 37017,
      "rsId": "tgtShard_0",
      "state": "FAILED",
      "stateUpdateTime": 1790969516
    },
    {
      "error": "<tgtCluster_tgtShard_0_42> [15:29:05.042] Plan execution failed on step MakeBackupDataAvailable as part of move RestoreRsMemberFromBackupPhase1 : <tgtCluster_tgtShard_0_42> [15:29:05.042] Failed to apply action. Result = <nil> : <tgtCluster_tgtShard_0_42> [15:29:05.042] Failed to download the snapshot : <tgtCluster_tgtShard_0_42> [15:29:05.042] Error while waiting for third party to copy backup to /fimongo1/data : <tgtCluster_tgtShard_0_42> [15:29:05.042] Observed error when trying to mark node as ready for copy files. : <tgtCluster_tgtShard_0_42> [15:29:05.042] Got return status 404 Not Found when trying to mark node ready for copy files.",
      "hostname": "rmdb1",
      "id": "rmdb1:37017",
      "port": 37017,
      "rsId": "tgtShard_0",
      "state": "FAILED",
      "stateUpdateTime": 1790969516
    },
    {
      "error": null,
      "hostname": "rmdb3",
      "id": "rmdb3:37017",
      "port": 37017,
      "rsId": "tgtShard_0",
      "state": "FAILED",
      "stateUpdateTime": 1790969516
    },
    {
      "error": null,
      "hostname": "rmdb11",
      "id": "rmdb11:37017",
      "port": 37017,
      "rsId": "tgtShard_0",
      "state": "FAILED",
      "stateUpdateTime": 1790969516
    },
    {
      "error": null,
      "hostname": "rmdb7",
      "id": "rmdb7:37017",
      "port": 37017,
      "rsId": "tgtconfigRS",
      "state": "FAILED",
      "stateUpdateTime": 1790969516
    },
    {
      "error": null,
      "hostname": "rmdb-config1",
      "id": "rmdb-config1:37017",
      "port": 37017,
      "rsId": "tgtconfigRS",
      "state": "FAILED",
      "stateUpdateTime": 1790969516
    },
    {
      "error": null,
      "hostname": "rmdb-config2",
      "id": "rmdb-config2:37017",
      "port": 37017,
      "rsId": "tgtconfigRS",
      "state": "FAILED",
      "stateUpdateTime": 1790969516
    }
  ],
  "state": "FAILED"
}
2026-10-02 14:45:25,962 [INFO] Restore state: FAILED
2026-10-02 14:45:35,962 [DEBUG] API GET http://129.40.36.100:8080/api/public/v1.0/backup/third_party/group/6a386221ee19a6537cc68a97/restore/6abf3847457a6b80701899fb
2026-10-02 14:45:36,106 [DEBUG] STATUS 200
2026-10-02 14:45:36,106 [DEBUG] {
  "clusterMapping": [
    {
      "rsId": "sgcShard_0",
      "targetRsId": "tgtShard_0"
    },
    {
      "rsId": "sgcShard_1",
      "targetRsId": "tgtShard_1"
    },
    {
      "rsId": "configRS",
      "targetRsId": "tgtconfigRS"
    }
  ],
  "nodes": [
    {
      "error": null,
      "hostname": "rmdb12",
      "id": "rmdb12:37017",
      "port": 37017,
      "rsId": "tgtShard_1",
      "state": "FAILED",
      "stateUpdateTime": 1790969516
    },
    {
      "error": null,
      "hostname": "rmdb14",
      "id": "rmdb14:37017",
      "port": 37017,
      "rsId": "tgtShard_1",
      "state": "FAILED",
      "stateUpdateTime": 1790969516
    },
    {
      "error": null,
      "hostname": "rmdb9",
      "id": "rmdb9:37017",
      "port": 37017,
      "rsId": "tgtShard_1",
      "state": "FAILED",
      "stateUpdateTime": 1790969516
    },
    {
      "error": null,
      "hostname": "rmdb4",
      "id": "rmdb4:37017",
      "port": 37017,
      "rsId": "tgtShard_1",
      "state": "FAILED",
      "stateUpdateTime": 1790969516
    },
    {
      "error": null,
      "hostname": "rmdb2",
      "id": "rmdb2:37017",
      "port": 37017,
      "rsId": "tgtShard_1",
      "state": "FAILED",
      "stateUpdateTime": 1790969516
    },
    {
      "error": null,
      "hostname": "rmdb8",
      "id": "rmdb8:37017",
      "port": 37017,
      "rsId": "tgtShard_0",
      "state": "FAILED",
      "stateUpdateTime": 1790969516
    },
    {
      "error": null,
      "hostname": "rmdb13",
      "id": "rmdb13:37017",
      "port": 37017,
      "rsId": "tgtShard_0",
      "state": "FAILED",
      "stateUpdateTime": 1790969516
    },
    {
      "error": "<tgtCluster_tgtShard_0_42> [15:29:05.042] Plan execution failed on step MakeBackupDataAvailable as part of move RestoreRsMemberFromBackupPhase1 : <tgtCluster_tgtShard_0_42> [15:29:05.042] Failed to apply action. Result = <nil> : <tgtCluster_tgtShard_0_42> [15:29:05.042] Failed to download the snapshot : <tgtCluster_tgtShard_0_42> [15:29:05.042] Error while waiting for third party to copy backup to /fimongo1/data : <tgtCluster_tgtShard_0_42> [15:29:05.042] Observed error when trying to mark node as ready for copy files. : <tgtCluster_tgtShard_0_42> [15:29:05.042] Got return status 404 Not Found when trying to mark node ready for copy files.",
      "hostname": "rmdb1",
      "id": "rmdb1:37017",
      "port": 37017,
      "rsId": "tgtShard_0",
      "state": "FAILED",
      "stateUpdateTime": 1790969516
    },
    {
      "error": null,
      "hostname": "rmdb3",
      "id": "rmdb3:37017",
      "port": 37017,
      "rsId": "tgtShard_0",
      "state": "FAILED",
      "stateUpdateTime": 1790969516
    },
    {
      "error": null,
      "hostname": "rmdb11",
      "id": "rmdb11:37017",
      "port": 37017,
      "rsId": "tgtShard_0",
      "state": "FAILED",
      "stateUpdateTime": 1790969516
    },
    {
      "error": null,
      "hostname": "rmdb7",
      "id": "rmdb7:37017",
      "port": 37017,
      "rsId": "tgtconfigRS",
      "state": "FAILED",
      "stateUpdateTime": 1790969516
    },
    {
      "error": null,
      "hostname": "rmdb-config1",
      "id": "rmdb-config1:37017",
      "port": 37017,
      "rsId": "tgtconfigRS",
      "state": "FAILED",
      "stateUpdateTime": 1790969516
    },
    {
      "error": null,
      "hostname": "rmdb-config2",
      "id": "rmdb-config2:37017",
      "port": 37017,
      "rsId": "tgtconfigRS",
      "state": "FAILED",
      "stateUpdateTime": 1790969516
    }
  ],
  "state": "FAILED"
}
2026-10-02 14:45:36,107 [INFO] Restore state: FAILED
2026-10-02 14:45:46,107 [DEBUG] API GET http://129.40.36.100:8080/api/public/v1.0/backup/third_party/group/6a386221ee19a6537cc68a97/restore/6abf3847457a6b80701899fb
2026-10-02 14:45:46,258 [DEBUG] STATUS 200
2026-10-02 14:45:46,258 [DEBUG] {
  "clusterMapping": [
    {
      "rsId": "sgcShard_0",
      "targetRsId": "tgtShard_0"
    },
    {
      "rsId": "sgcShard_1",
      "targetRsId": "tgtShard_1"
    },
    {
      "rsId": "configRS",
      "targetRsId": "tgtconfigRS"
    }
  ],
  "nodes": [
    {
      "error": null,
      "hostname": "rmdb12",
      "id": "rmdb12:37017",
      "port": 37017,
      "rsId": "tgtShard_1",
      "state": "FAILED",
      "stateUpdateTime": 1790969516
    },
    {
      "error": null,
      "hostname": "rmdb14",
      "id": "rmdb14:37017",
      "port": 37017,
      "rsId": "tgtShard_1",
      "state": "FAILED",
      "stateUpdateTime": 1790969516
    },
    {
      "error": null,
      "hostname": "rmdb9",
      "id": "rmdb9:37017",
      "port": 37017,
      "rsId": "tgtShard_1",
      "state": "FAILED",
      "stateUpdateTime": 1790969516
    },
    {
      "error": null,
      "hostname": "rmdb4",
      "id": "rmdb4:37017",
      "port": 37017,
      "rsId": "tgtShard_1",
      "state": "FAILED",
      "stateUpdateTime": 1790969516
    },
    {
      "error": null,
      "hostname": "rmdb2",
      "id": "rmdb2:37017",
      "port": 37017,
      "rsId": "tgtShard_1",
      "state": "FAILED",
      "stateUpdateTime": 1790969516
    },
    {
      "error": null,
      "hostname": "rmdb8",
      "id": "rmdb8:37017",
      "port": 37017,
      "rsId": "tgtShard_0",
      "state": "FAILED",
      "stateUpdateTime": 1790969516
    },
    {
      "error": null,
      "hostname": "rmdb13",
      "id": "rmdb13:37017",
      "port": 37017,
      "rsId": "tgtShard_0",
      "state": "FAILED",
      "stateUpdateTime": 1790969516
    },
    {
      "error": "<tgtCluster_tgtShard_0_42> [15:29:05.042] Plan execution failed on step MakeBackupDataAvailable as part of move RestoreRsMemberFromBackupPhase1 : <tgtCluster_tgtShard_0_42> [15:29:05.042] Failed to apply action. Result = <nil> : <tgtCluster_tgtShard_0_42> [15:29:05.042] Failed to download the snapshot : <tgtCluster_tgtShard_0_42> [15:29:05.042] Error while waiting for third party to copy backup to /fimongo1/data : <tgtCluster_tgtShard_0_42> [15:29:05.042] Observed error when trying to mark node as ready for copy files. : <tgtCluster_tgtShard_0_42> [15:29:05.042] Got return status 404 Not Found when trying to mark node ready for copy files.",
      "hostname": "rmdb1",
      "id": "rmdb1:37017",
      "port": 37017,
      "rsId": "tgtShard_0",
      "state": "FAILED",
      "stateUpdateTime": 1790969516
    },
    {
      "error": null,
      "hostname": "rmdb3",
      "id": "rmdb3:37017",
      "port": 37017,
      "rsId": "tgtShard_0",
      "state": "FAILED",
      "stateUpdateTime": 1790969516
    },
    {
      "error": null,
      "hostname": "rmdb11",
      "id": "rmdb11:37017",
      "port": 37017,
      "rsId": "tgtShard_0",
      "state": "FAILED",
      "stateUpdateTime": 1790969516
    },
    {
      "error": null,
      "hostname": "rmdb7",
      "id": "rmdb7:37017",
      "port": 37017,
      "rsId": "tgtconfigRS",
      "state": "FAILED",
      "stateUpdateTime": 1790969516
    },
    {
      "error": null,
      "hostname": "rmdb-config1",
      "id": "rmdb-config1:37017",
      "port": 37017,
      "rsId": "tgtconfigRS",
      "state": "FAILED",
      "stateUpdateTime": 1790969516
    },
    {
      "error": null,
      "hostname": "rmdb-config2",
      "id": "rmdb-config2:37017",
      "port": 37017,
      "rsId": "tgtconfigRS",
      "state": "FAILED",
      "stateUpdateTime": 1790969516
    }
  ],
  "state": "FAILED"
}
2026-10-02 14:45:46,259 [INFO] Restore state: FAILED
2026-10-02 14:45:56,259 [DEBUG] API GET http://129.40.36.100:8080/api/public/v1.0/backup/third_party/group/6a386221ee19a6537cc68a97/restore/6abf3847457a6b80701899fb
2026-10-02 14:45:56,452 [DEBUG] STATUS 200
2026-10-02 14:45:56,452 [DEBUG] {
  "clusterMapping": [
    {
      "rsId": "sgcShard_0",
      "targetRsId": "tgtShard_0"
    },
    {
      "rsId": "sgcShard_1",
      "targetRsId": "tgtShard_1"
    },
    {
      "rsId": "configRS",
      "targetRsId": "tgtconfigRS"
    }
  ],
  "nodes": [
    {
      "error": null,
      "hostname": "rmdb12",
      "id": "rmdb12:37017",
      "port": 37017,
      "rsId": "tgtShard_1",
      "state": "FAILED",
      "stateUpdateTime": 1790969516
    },
    {
      "error": null,
      "hostname": "rmdb14",
      "id": "rmdb14:37017",
      "port": 37017,
      "rsId": "tgtShard_1",
      "state": "FAILED",
      "stateUpdateTime": 1790969516
    },
    {
      "error": null,
      "hostname": "rmdb9",
      "id": "rmdb9:37017",
      "port": 37017,
      "rsId": "tgtShard_1",
      "state": "FAILED",
      "stateUpdateTime": 1790969516
    },
    {
      "error": null,
      "hostname": "rmdb4",
      "id": "rmdb4:37017",
      "port": 37017,
      "rsId": "tgtShard_1",
      "state": "FAILED",
      "stateUpdateTime": 1790969516
    },
    {
      "error": null,
      "hostname": "rmdb2",
      "id": "rmdb2:37017",
      "port": 37017,
      "rsId": "tgtShard_1",
      "state": "FAILED",
      "stateUpdateTime": 1790969516
    },
    {
      "error": null,
      "hostname": "rmdb8",
      "id": "rmdb8:37017",
      "port": 37017,
      "rsId": "tgtShard_0",
      "state": "FAILED",
      "stateUpdateTime": 1790969516
    },
    {
      "error": null,
      "hostname": "rmdb13",
      "id": "rmdb13:37017",
      "port": 37017,
      "rsId": "tgtShard_0",
      "state": "FAILED",
      "stateUpdateTime": 1790969516
    },
    {
      "error": "<tgtCluster_tgtShard_0_42> [15:29:05.042] Plan execution failed on step MakeBackupDataAvailable as part of move RestoreRsMemberFromBackupPhase1 : <tgtCluster_tgtShard_0_42> [15:29:05.042] Failed to apply action. Result = <nil> : <tgtCluster_tgtShard_0_42> [15:29:05.042] Failed to download the snapshot : <tgtCluster_tgtShard_0_42> [15:29:05.042] Error while waiting for third party to copy backup to /fimongo1/data : <tgtCluster_tgtShard_0_42> [15:29:05.042] Observed error when trying to mark node as ready for copy files. : <tgtCluster_tgtShard_0_42> [15:29:05.042] Got return status 404 Not Found when trying to mark node ready for copy files.",
      "hostname": "rmdb1",
      "id": "rmdb1:37017",
      "port": 37017,
      "rsId": "tgtShard_0",
      "state": "FAILED",
      "stateUpdateTime": 1790969516
    },
    {
      "error": null,
      "hostname": "rmdb3",
      "id": "rmdb3:37017",
      "port": 37017,
      "rsId": "tgtShard_0",
      "state": "FAILED",
      "stateUpdateTime": 1790969516
    },
    {
      "error": null,
      "hostname": "rmdb11",
      "id": "rmdb11:37017",
      "port": 37017,
      "rsId": "tgtShard_0",
      "state": "FAILED",
      "stateUpdateTime": 1790969516
    },
    {
      "error": null,
      "hostname": "rmdb7",
      "id": "rmdb7:37017",
      "port": 37017,
      "rsId": "tgtconfigRS",
      "state": "FAILED",
      "stateUpdateTime": 1790969516
    },
    {
      "error": null,
      "hostname": "rmdb-config1",
      "id": "rmdb-config1:37017",
      "port": 37017,
      "rsId": "tgtconfigRS",
      "state": "FAILED",
      "stateUpdateTime": 1790969516
    },
    {
      "error": null,
      "hostname": "rmdb-config2",
      "id": "rmdb-config2:37017",
      "port": 37017,
      "rsId": "tgtconfigRS",
      "state": "FAILED",
      "stateUpdateTime": 1790969516
    }
  ],
  "state": "FAILED"
}
2026-10-02 14:45:56,453 [INFO] Restore state: FAILED
2026-10-02 14:46:06,453 [DEBUG] API GET http://129.40.36.100:8080/api/public/v1.0/backup/third_party/group/6a386221ee19a6537cc68a97/restore/6abf3847457a6b80701899fb
2026-10-02 14:46:06,619 [DEBUG] STATUS 200
2026-10-02 14:46:06,619 [DEBUG] {
  "clusterMapping": [
    {
      "rsId": "sgcShard_0",
      "targetRsId": "tgtShard_0"
    },
    {
      "rsId": "sgcShard_1",
      "targetRsId": "tgtShard_1"
    },
    {
      "rsId": "configRS",
      "targetRsId": "tgtconfigRS"
    }
  ],
  "nodes": [
    {
      "error": null,
      "hostname": "rmdb12",
      "id": "rmdb12:37017",
      "port": 37017,
      "rsId": "tgtShard_1",
      "state": "FAILED",
      "stateUpdateTime": 1790969516
    },
    {
      "error": null,
      "hostname": "rmdb14",
      "id": "rmdb14:37017",
      "port": 37017,
      "rsId": "tgtShard_1",
      "state": "FAILED",
      "stateUpdateTime": 1790969516
    },
    {
      "error": null,
      "hostname": "rmdb9",
      "id": "rmdb9:37017",
      "port": 37017,
      "rsId": "tgtShard_1",
      "state": "FAILED",
      "stateUpdateTime": 1790969516
    },
    {
      "error": null,
      "hostname": "rmdb4",
      "id": "rmdb4:37017",
      "port": 37017,
      "rsId": "tgtShard_1",
      "state": "FAILED",
      "stateUpdateTime": 1790969516
    },
    {
      "error": null,
      "hostname": "rmdb2",
      "id": "rmdb2:37017",
      "port": 37017,
      "rsId": "tgtShard_1",
      "state": "FAILED",
      "stateUpdateTime": 1790969516
    },
    {
      "error": null,
      "hostname": "rmdb8",
      "id": "rmdb8:37017",
      "port": 37017,
      "rsId": "tgtShard_0",
      "state": "FAILED",
      "stateUpdateTime": 1790969516
    },
    {
      "error": null,
      "hostname": "rmdb13",
      "id": "rmdb13:37017",
      "port": 37017,
      "rsId": "tgtShard_0",
      "state": "FAILED",
      "stateUpdateTime": 1790969516
    },
    {
      "error": "<tgtCluster_tgtShard_0_42> [15:29:05.042] Plan execution failed on step MakeBackupDataAvailable as part of move RestoreRsMemberFromBackupPhase1 : <tgtCluster_tgtShard_0_42> [15:29:05.042] Failed to apply action. Result = <nil> : <tgtCluster_tgtShard_0_42> [15:29:05.042] Failed to download the snapshot : <tgtCluster_tgtShard_0_42> [15:29:05.042] Error while waiting for third party to copy backup to /fimongo1/data : <tgtCluster_tgtShard_0_42> [15:29:05.042] Observed error when trying to mark node as ready for copy files. : <tgtCluster_tgtShard_0_42> [15:29:05.042] Got return status 404 Not Found when trying to mark node ready for copy files.",
      "hostname": "rmdb1",
      "id": "rmdb1:37017",
      "port": 37017,
      "rsId": "tgtShard_0",
      "state": "FAILED",
      "stateUpdateTime": 1790969516
    },
    {
      "error": null,
      "hostname": "rmdb3",
      "id": "rmdb3:37017",
      "port": 37017,
      "rsId": "tgtShard_0",
      "state": "FAILED",
      "stateUpdateTime": 1790969516
    },
    {
      "error": null,
      "hostname": "rmdb11",
      "id": "rmdb11:37017",
      "port": 37017,
      "rsId": "tgtShard_0",
      "state": "FAILED",
      "stateUpdateTime": 1790969516
    },
    {
      "error": null,
      "hostname": "rmdb7",
      "id": "rmdb7:37017",
      "port": 37017,
      "rsId": "tgtconfigRS",
      "state": "FAILED",
      "stateUpdateTime": 1790969516
    },
    {
      "error": null,
      "hostname": "rmdb-config1",
      "id": "rmdb-config1:37017",
      "port": 37017,
      "rsId": "tgtconfigRS",
      "state": "FAILED",
      "stateUpdateTime": 1790969516
    },
    {
      "error": null,
      "hostname": "rmdb-config2",
      "id": "rmdb-config2:37017",
      "port": 37017,
      "rsId": "tgtconfigRS",
      "state": "FAILED",
      "stateUpdateTime": 1790969516
    }
  ],
  "state": "FAILED"
}
2026-10-02 14:46:06,619 [INFO] Restore state: FAILED
2026-10-02 14:46:16,620 [DEBUG] API GET http://129.40.36.100:8080/api/public/v1.0/backup/third_party/group/6a386221ee19a6537cc68a97/restore/6abf3847457a6b80701899fb
2026-10-02 14:46:16,762 [DEBUG] STATUS 200
2026-10-02 14:46:16,763 [DEBUG] {
  "clusterMapping": [
    {
      "rsId": "sgcShard_0",
      "targetRsId": "tgtShard_0"
    },
    {
      "rsId": "sgcShard_1",
      "targetRsId": "tgtShard_1"
    },
    {
      "rsId": "configRS",
      "targetRsId": "tgtconfigRS"
    }
  ],
  "nodes": [
    {
      "error": null,
      "hostname": "rmdb12",
      "id": "rmdb12:37017",
      "port": 37017,
      "rsId": "tgtShard_1",
      "state": "FAILED",
      "stateUpdateTime": 1790969516
    },
    {
      "error": null,
      "hostname": "rmdb14",
      "id": "rmdb14:37017",
      "port": 37017,
      "rsId": "tgtShard_1",
      "state": "FAILED",
      "stateUpdateTime": 1790969516
    },
    {
      "error": null,
      "hostname": "rmdb9",
      "id": "rmdb9:37017",
      "port": 37017,
      "rsId": "tgtShard_1",
      "state": "FAILED",
      "stateUpdateTime": 1790969516
    },
    {
      "error": null,
      "hostname": "rmdb4",
      "id": "rmdb4:37017",
      "port": 37017,
      "rsId": "tgtShard_1",
      "state": "FAILED",
      "stateUpdateTime": 1790969516
    },
    {
      "error": null,
      "hostname": "rmdb2",
      "id": "rmdb2:37017",
      "port": 37017,
      "rsId": "tgtShard_1",
      "state": "FAILED",
      "stateUpdateTime": 1790969516
    },
    {
      "error": null,
      "hostname": "rmdb8",
      "id": "rmdb8:37017",
      "port": 37017,
      "rsId": "tgtShard_0",
      "state": "FAILED",
      "stateUpdateTime": 1790969516
    },
    {
      "error": null,
      "hostname": "rmdb13",
      "id": "rmdb13:37017",
      "port": 37017,
      "rsId": "tgtShard_0",
      "state": "FAILED",
      "stateUpdateTime": 1790969516
    },
    {
      "error": "<tgtCluster_tgtShard_0_42> [15:29:05.042] Plan execution failed on step MakeBackupDataAvailable as part of move RestoreRsMemberFromBackupPhase1 : <tgtCluster_tgtShard_0_42> [15:29:05.042] Failed to apply action. Result = <nil> : <tgtCluster_tgtShard_0_42> [15:29:05.042] Failed to download the snapshot : <tgtCluster_tgtShard_0_42> [15:29:05.042] Error while waiting for third party to copy backup to /fimongo1/data : <tgtCluster_tgtShard_0_42> [15:29:05.042] Observed error when trying to mark node as ready for copy files. : <tgtCluster_tgtShard_0_42> [15:29:05.042] Got return status 404 Not Found when trying to mark node ready for copy files.",
      "hostname": "rmdb1",
      "id": "rmdb1:37017",
      "port": 37017,
      "rsId": "tgtShard_0",
      "state": "FAILED",
      "stateUpdateTime": 1790969516
    },
    {
      "error": null,
      "hostname": "rmdb3",
      "id": "rmdb3:37017",
      "port": 37017,
      "rsId": "tgtShard_0",
      "state": "FAILED",
      "stateUpdateTime": 1790969516
    },
    {
      "error": null,
      "hostname": "rmdb11",
      "id": "rmdb11:37017",
      "port": 37017,
      "rsId": "tgtShard_0",
      "state": "FAILED",
      "stateUpdateTime": 1790969516
    },
    {
      "error": null,
      "hostname": "rmdb7",
      "id": "rmdb7:37017",
      "port": 37017,
      "rsId": "tgtconfigRS",
      "state": "FAILED",
      "stateUpdateTime": 1790969516
    },
    {
      "error": null,
      "hostname": "rmdb-config1",
      "id": "rmdb-config1:37017",
      "port": 37017,
      "rsId": "tgtconfigRS",
      "state": "FAILED",
      "stateUpdateTime": 1790969516
    },
    {
      "error": null,
      "hostname": "rmdb-config2",
      "id": "rmdb-config2:37017",
      "port": 37017,
      "rsId": "tgtconfigRS",
      "state": "FAILED",
      "stateUpdateTime": 1790969516
    }
  ],
  "state": "FAILED"
}
2026-10-02 14:46:16,763 [INFO] Restore state: FAILED
2026-10-02 14:46:26,763 [DEBUG] API GET http://129.40.36.100:8080/api/public/v1.0/backup/third_party/group/6a386221ee19a6537cc68a97/restore/6abf3847457a6b80701899fb
2026-10-02 14:46:26,905 [DEBUG] STATUS 200
2026-10-02 14:46:26,905 [DEBUG] {
  "clusterMapping": [
    {
      "rsId": "sgcShard_0",
      "targetRsId": "tgtShard_0"
    },
    {
      "rsId": "sgcShard_1",
      "targetRsId": "tgtShard_1"
    },
    {
      "rsId": "configRS",
      "targetRsId": "tgtconfigRS"
    }
  ],
  "nodes": [
    {
      "error": null,
      "hostname": "rmdb12",
      "id": "rmdb12:37017",
      "port": 37017,
      "rsId": "tgtShard_1",
      "state": "FAILED",
      "stateUpdateTime": 1790969516
    },
    {
      "error": null,
      "hostname": "rmdb14",
      "id": "rmdb14:37017",
      "port": 37017,
      "rsId": "tgtShard_1",
      "state": "FAILED",
      "stateUpdateTime": 1790969516
    },
    {
      "error": null,
      "hostname": "rmdb9",
      "id": "rmdb9:37017",
      "port": 37017,
      "rsId": "tgtShard_1",
      "state": "FAILED",
      "stateUpdateTime": 1790969516
    },
    {
      "error": null,
      "hostname": "rmdb4",
      "id": "rmdb4:37017",
      "port": 37017,
      "rsId": "tgtShard_1",
      "state": "FAILED",
      "stateUpdateTime": 1790969516
    },
    {
      "error": null,
      "hostname": "rmdb2",
      "id": "rmdb2:37017",
      "port": 37017,
      "rsId": "tgtShard_1",
      "state": "FAILED",
      "stateUpdateTime": 1790969516
    },
    {
      "error": null,
      "hostname": "rmdb8",
      "id": "rmdb8:37017",
      "port": 37017,
      "rsId": "tgtShard_0",
      "state": "FAILED",
      "stateUpdateTime": 1790969516
    },
    {
      "error": null,
      "hostname": "rmdb13",
      "id": "rmdb13:37017",
      "port": 37017,
      "rsId": "tgtShard_0",
      "state": "FAILED",
      "stateUpdateTime": 1790969516
    },
    {
      "error": "<tgtCluster_tgtShard_0_42> [15:29:05.042] Plan execution failed on step MakeBackupDataAvailable as part of move RestoreRsMemberFromBackupPhase1 : <tgtCluster_tgtShard_0_42> [15:29:05.042] Failed to apply action. Result = <nil> : <tgtCluster_tgtShard_0_42> [15:29:05.042] Failed to download the snapshot : <tgtCluster_tgtShard_0_42> [15:29:05.042] Error while waiting for third party to copy backup to /fimongo1/data : <tgtCluster_tgtShard_0_42> [15:29:05.042] Observed error when trying to mark node as ready for copy files. : <tgtCluster_tgtShard_0_42> [15:29:05.042] Got return status 404 Not Found when trying to mark node ready for copy files.",
      "hostname": "rmdb1",
      "id": "rmdb1:37017",
      "port": 37017,
      "rsId": "tgtShard_0",
      "state": "FAILED",
      "stateUpdateTime": 1790969516
    },
    {
      "error": null,
      "hostname": "rmdb3",
      "id": "rmdb3:37017",
      "port": 37017,
      "rsId": "tgtShard_0",
      "state": "FAILED",
      "stateUpdateTime": 1790969516
    },
    {
      "error": null,
      "hostname": "rmdb11",
      "id": "rmdb11:37017",
      "port": 37017,
      "rsId": "tgtShard_0",
      "state": "FAILED",
      "stateUpdateTime": 1790969516
    },
    {
      "error": null,
      "hostname": "rmdb7",
      "id": "rmdb7:37017",
      "port": 37017,
      "rsId": "tgtconfigRS",
      "state": "FAILED",
      "stateUpdateTime": 1790969516
    },
    {
      "error": null,
      "hostname": "rmdb-config1",
      "id": "rmdb-config1:37017",
      "port": 37017,
      "rsId": "tgtconfigRS",
      "state": "FAILED",
      "stateUpdateTime": 1790969516
    },
    {
      "error": null,
      "hostname": "rmdb-config2",
      "id": "rmdb-config2:37017",
      "port": 37017,
      "rsId": "tgtconfigRS",
      "state": "FAILED",
      "stateUpdateTime": 1790969516
    }
  ],
  "state": "FAILED"
}
2026-10-02 14:46:26,906 [INFO] Restore state: FAILED
2026-10-02 14:46:36,906 [DEBUG] API GET http://129.40.36.100:8080/api/public/v1.0/backup/third_party/group/6a386221ee19a6537cc68a97/restore/6abf3847457a6b80701899fb
2026-10-02 14:46:37,049 [DEBUG] STATUS 200
2026-10-02 14:46:37,049 [DEBUG] {
  "clusterMapping": [
    {
      "rsId": "sgcShard_0",
      "targetRsId": "tgtShard_0"
    },
    {
      "rsId": "sgcShard_1",
      "targetRsId": "tgtShard_1"
    },
    {
      "rsId": "configRS",
      "targetRsId": "tgtconfigRS"
    }
  ],
  "nodes": [
    {
      "error": null,
      "hostname": "rmdb12",
      "id": "rmdb12:37017",
      "port": 37017,
      "rsId": "tgtShard_1",
      "state": "FAILED",
      "stateUpdateTime": 1790969516
    },
    {
      "error": null,
      "hostname": "rmdb14",
      "id": "rmdb14:37017",
      "port": 37017,
      "rsId": "tgtShard_1",
      "state": "FAILED",
      "stateUpdateTime": 1790969516
    },
    {
      "error": null,
      "hostname": "rmdb9",
      "id": "rmdb9:37017",
      "port": 37017,
      "rsId": "tgtShard_1",
      "state": "FAILED",
      "stateUpdateTime": 1790969516
    },
    {
      "error": null,
      "hostname": "rmdb4",
      "id": "rmdb4:37017",
      "port": 37017,
      "rsId": "tgtShard_1",
      "state": "FAILED",
      "stateUpdateTime": 1790969516
    },
    {
      "error": null,
      "hostname": "rmdb2",
      "id": "rmdb2:37017",
      "port": 37017,
      "rsId": "tgtShard_1",
      "state": "FAILED",
      "stateUpdateTime": 1790969516
    },
    {
      "error": null,
      "hostname": "rmdb8",
      "id": "rmdb8:37017",
      "port": 37017,
      "rsId": "tgtShard_0",
      "state": "FAILED",
      "stateUpdateTime": 1790969516
    },
    {
      "error": null,
      "hostname": "rmdb13",
      "id": "rmdb13:37017",
      "port": 37017,
      "rsId": "tgtShard_0",
      "state": "FAILED",
      "stateUpdateTime": 1790969516
    },
    {
      "error": "<tgtCluster_tgtShard_0_42> [15:29:05.042] Plan execution failed on step MakeBackupDataAvailable as part of move RestoreRsMemberFromBackupPhase1 : <tgtCluster_tgtShard_0_42> [15:29:05.042] Failed to apply action. Result = <nil> : <tgtCluster_tgtShard_0_42> [15:29:05.042] Failed to download the snapshot : <tgtCluster_tgtShard_0_42> [15:29:05.042] Error while waiting for third party to copy backup to /fimongo1/data : <tgtCluster_tgtShard_0_42> [15:29:05.042] Observed error when trying to mark node as ready for copy files. : <tgtCluster_tgtShard_0_42> [15:29:05.042] Got return status 404 Not Found when trying to mark node ready for copy files.",
      "hostname": "rmdb1",
      "id": "rmdb1:37017",
      "port": 37017,
      "rsId": "tgtShard_0",
      "state": "FAILED",
      "stateUpdateTime": 1790969516
    },
    {
      "error": null,
      "hostname": "rmdb3",
      "id": "rmdb3:37017",
      "port": 37017,
      "rsId": "tgtShard_0",
      "state": "FAILED",
      "stateUpdateTime": 1790969516
    },
    {
      "error": null,
      "hostname": "rmdb11",
      "id": "rmdb11:37017",
      "port": 37017,
      "rsId": "tgtShard_0",
      "state": "FAILED",
      "stateUpdateTime": 1790969516
    },
    {
      "error": null,
      "hostname": "rmdb7",
      "id": "rmdb7:37017",
      "port": 37017,
      "rsId": "tgtconfigRS",
      "state": "FAILED",
      "stateUpdateTime": 1790969516
    },
    {
      "error": null,
      "hostname": "rmdb-config1",
      "id": "rmdb-config1:37017",
      "port": 37017,
      "rsId": "tgtconfigRS",
      "state": "FAILED",
      "stateUpdateTime": 1790969516
    },
    {
      "error": null,
      "hostname": "rmdb-config2",
      "id": "rmdb-config2:37017",
      "port": 37017,
      "rsId": "tgtconfigRS",
      "state": "FAILED",
      "stateUpdateTime": 1790969516
    }
  ],
  "state": "FAILED"
}
2026-10-02 14:46:37,049 [INFO] Restore state: FAILED
2026-10-02 14:46:47,050 [DEBUG] API GET http://129.40.36.100:8080/api/public/v1.0/backup/third_party/group/6a386221ee19a6537cc68a97/restore/6abf3847457a6b80701899fb
2026-10-02 14:46:47,191 [DEBUG] STATUS 200
2026-10-02 14:46:47,191 [DEBUG] {
  "clusterMapping": [
    {
      "rsId": "sgcShard_0",
      "targetRsId": "tgtShard_0"
    },
    {
      "rsId": "sgcShard_1",
      "targetRsId": "tgtShard_1"
    },
    {
      "rsId": "configRS",
      "targetRsId": "tgtconfigRS"
    }
  ],
  "nodes": [
    {
      "error": null,
      "hostname": "rmdb12",
      "id": "rmdb12:37017",
      "port": 37017,
      "rsId": "tgtShard_1",
      "state": "FAILED",
      "stateUpdateTime": 1790969516
    },
    {
      "error": null,
      "hostname": "rmdb14",
      "id": "rmdb14:37017",
      "port": 37017,
      "rsId": "tgtShard_1",
      "state": "FAILED",
      "stateUpdateTime": 1790969516
    },
    {
      "error": null,
      "hostname": "rmdb9",
      "id": "rmdb9:37017",
      "port": 37017,
      "rsId": "tgtShard_1",
      "state": "FAILED",
      "stateUpdateTime": 1790969516
    },
    {
      "error": null,
      "hostname": "rmdb4",
      "id": "rmdb4:37017",
      "port": 37017,
      "rsId": "tgtShard_1",
      "state": "FAILED",
      "stateUpdateTime": 1790969516
    },
    {
      "error": null,
      "hostname": "rmdb2",
      "id": "rmdb2:37017",
      "port": 37017,
      "rsId": "tgtShard_1",
      "state": "FAILED",
      "stateUpdateTime": 1790969516
    },
    {
      "error": null,
      "hostname": "rmdb8",
      "id": "rmdb8:37017",
      "port": 37017,
      "rsId": "tgtShard_0",
      "state": "FAILED",
      "stateUpdateTime": 1790969516
    },
    {
      "error": null,
      "hostname": "rmdb13",
      "id": "rmdb13:37017",
      "port": 37017,
      "rsId": "tgtShard_0",
      "state": "FAILED",
      "stateUpdateTime": 1790969516
    },
    {
      "error": "<tgtCluster_tgtShard_0_42> [15:29:05.042] Plan execution failed on step MakeBackupDataAvailable as part of move RestoreRsMemberFromBackupPhase1 : <tgtCluster_tgtShard_0_42> [15:29:05.042] Failed to apply action. Result = <nil> : <tgtCluster_tgtShard_0_42> [15:29:05.042] Failed to download the snapshot : <tgtCluster_tgtShard_0_42> [15:29:05.042] Error while waiting for third party to copy backup to /fimongo1/data : <tgtCluster_tgtShard_0_42> [15:29:05.042] Observed error when trying to mark node as ready for copy files. : <tgtCluster_tgtShard_0_42> [15:29:05.042] Got return status 404 Not Found when trying to mark node ready for copy files.",
      "hostname": "rmdb1",
      "id": "rmdb1:37017",
      "port": 37017,
      "rsId": "tgtShard_0",
      "state": "FAILED",
      "stateUpdateTime": 1790969516
    },
    {
      "error": null,
      "hostname": "rmdb3",
      "id": "rmdb3:37017",
      "port": 37017,
      "rsId": "tgtShard_0",
      "state": "FAILED",
      "stateUpdateTime": 1790969516
    },
    {
      "error": null,
      "hostname": "rmdb11",
      "id": "rmdb11:37017",
      "port": 37017,
      "rsId": "tgtShard_0",
      "state": "FAILED",
      "stateUpdateTime": 1790969516
    },
    {
      "error": null,
      "hostname": "rmdb7",
      "id": "rmdb7:37017",
      "port": 37017,
      "rsId": "tgtconfigRS",
      "state": "FAILED",
      "stateUpdateTime": 1790969516
    },
    {
      "error": null,
      "hostname": "rmdb-config1",
      "id": "rmdb-config1:37017",
      "port": 37017,
      "rsId": "tgtconfigRS",
      "state": "FAILED",
      "stateUpdateTime": 1790969516
    },
    {
      "error": null,
      "hostname": "rmdb-config2",
      "id": "rmdb-config2:37017",
      "port": 37017,
      "rsId": "tgtconfigRS",
      "state": "FAILED",
      "stateUpdateTime": 1790969516
    }
  ],
  "state": "FAILED"
}
2026-10-02 14:46:47,191 [INFO] Restore state: FAILED
2026-10-02 14:46:57,192 [DEBUG] API GET http://129.40.36.100:8080/api/public/v1.0/backup/third_party/group/6a386221ee19a6537cc68a97/restore/6abf3847457a6b80701899fb
2026-10-02 14:46:57,389 [DEBUG] STATUS 200
2026-10-02 14:46:57,389 [DEBUG] {
  "clusterMapping": [
    {
      "rsId": "sgcShard_0",
      "targetRsId": "tgtShard_0"
    },
    {
      "rsId": "sgcShard_1",
      "targetRsId": "tgtShard_1"
    },
    {
      "rsId": "configRS",
      "targetRsId": "tgtconfigRS"
    }
  ],
  "nodes": [
    {
      "error": null,
      "hostname": "rmdb12",
      "id": "rmdb12:37017",
      "port": 37017,
      "rsId": "tgtShard_1",
      "state": "FAILED",
      "stateUpdateTime": 1790969516
    },
    {
      "error": null,
      "hostname": "rmdb14",
      "id": "rmdb14:37017",
      "port": 37017,
      "rsId": "tgtShard_1",
      "state": "FAILED",
      "stateUpdateTime": 1790969516
    },
    {
      "error": null,
      "hostname": "rmdb9",
      "id": "rmdb9:37017",
      "port": 37017,
      "rsId": "tgtShard_1",
      "state": "FAILED",
      "stateUpdateTime": 1790969516
    },
    {
      "error": null,
      "hostname": "rmdb4",
      "id": "rmdb4:37017",
      "port": 37017,
      "rsId": "tgtShard_1",
      "state": "FAILED",
      "stateUpdateTime": 1790969516
    },
    {
      "error": null,
      "hostname": "rmdb2",
      "id": "rmdb2:37017",
      "port": 37017,
      "rsId": "tgtShard_1",
      "state": "FAILED",
      "stateUpdateTime": 1790969516
    },
    {
      "error": null,
      "hostname": "rmdb8",
      "id": "rmdb8:37017",
      "port": 37017,
      "rsId": "tgtShard_0",
      "state": "FAILED",
      "stateUpdateTime": 1790969516
    },
    {
      "error": null,
      "hostname": "rmdb13",
      "id": "rmdb13:37017",
      "port": 37017,
      "rsId": "tgtShard_0",
      "state": "FAILED",
      "stateUpdateTime": 1790969516
    },
    {
      "error": "<tgtCluster_tgtShard_0_42> [15:29:05.042] Plan execution failed on step MakeBackupDataAvailable as part of move RestoreRsMemberFromBackupPhase1 : <tgtCluster_tgtShard_0_42> [15:29:05.042] Failed to apply action. Result = <nil> : <tgtCluster_tgtShard_0_42> [15:29:05.042] Failed to download the snapshot : <tgtCluster_tgtShard_0_42> [15:29:05.042] Error while waiting for third party to copy backup to /fimongo1/data : <tgtCluster_tgtShard_0_42> [15:29:05.042] Observed error when trying to mark node as ready for copy files. : <tgtCluster_tgtShard_0_42> [15:29:05.042] Got return status 404 Not Found when trying to mark node ready for copy files.",
      "hostname": "rmdb1",
      "id": "rmdb1:37017",
      "port": 37017,
      "rsId": "tgtShard_0",
      "state": "FAILED",
      "stateUpdateTime": 1790969516
    },
    {
      "error": null,
      "hostname": "rmdb3",
      "id": "rmdb3:37017",
      "port": 37017,
      "rsId": "tgtShard_0",
      "state": "FAILED",
      "stateUpdateTime": 1790969516
    },
    {
      "error": null,
      "hostname": "rmdb11",
      "id": "rmdb11:37017",
      "port": 37017,
      "rsId": "tgtShard_0",
      "state": "FAILED",
      "stateUpdateTime": 1790969516
    },
    {
      "error": null,
      "hostname": "rmdb7",
      "id": "rmdb7:37017",
      "port": 37017,
      "rsId": "tgtconfigRS",
      "state": "FAILED",
      "stateUpdateTime": 1790969516
    },
    {
      "error": null,
      "hostname": "rmdb-config1",
      "id": "rmdb-config1:37017",
      "port": 37017,
      "rsId": "tgtconfigRS",
      "state": "FAILED",
      "stateUpdateTime": 1790969516
    },
    {
      "error": null,
      "hostname": "rmdb-config2",
      "id": "rmdb-config2:37017",
      "port": 37017,
      "rsId": "tgtconfigRS",
      "state": "FAILED",
      "stateUpdateTime": 1790969516
    }
  ],
  "state": "FAILED"
}
2026-10-02 14:46:57,389 [INFO] Restore state: FAILED
2026-10-02 14:47:07,390 [DEBUG] API GET http://129.40.36.100:8080/api/public/v1.0/backup/third_party/group/6a386221ee19a6537cc68a97/restore/6abf3847457a6b80701899fb
2026-10-02 14:47:07,529 [DEBUG] STATUS 200
2026-10-02 14:47:07,529 [DEBUG] {
  "clusterMapping": [
    {
      "rsId": "sgcShard_0",
      "targetRsId": "tgtShard_0"
    },
    {
      "rsId": "sgcShard_1",
      "targetRsId": "tgtShard_1"
    },
    {
      "rsId": "configRS",
      "targetRsId": "tgtconfigRS"
    }
  ],
  "nodes": [
    {
      "error": null,
      "hostname": "rmdb12",
      "id": "rmdb12:37017",
      "port": 37017,
      "rsId": "tgtShard_1",
      "state": "FAILED",
      "stateUpdateTime": 1790969516
    },
    {
      "error": null,
      "hostname": "rmdb14",
      "id": "rmdb14:37017",
      "port": 37017,
      "rsId": "tgtShard_1",
      "state": "FAILED",
      "stateUpdateTime": 1790969516
    },
    {
      "error": null,
      "hostname": "rmdb9",
      "id": "rmdb9:37017",
      "port": 37017,
      "rsId": "tgtShard_1",
      "state": "FAILED",
      "stateUpdateTime": 1790969516
    },
    {
      "error": null,
      "hostname": "rmdb4",
      "id": "rmdb4:37017",
      "port": 37017,
      "rsId": "tgtShard_1",
      "state": "FAILED",
      "stateUpdateTime": 1790969516
    },
    {
      "error": null,
      "hostname": "rmdb2",
      "id": "rmdb2:37017",
      "port": 37017,
      "rsId": "tgtShard_1",
      "state": "FAILED",
      "stateUpdateTime": 1790969516
    },
    {
      "error": null,
      "hostname": "rmdb8",
      "id": "rmdb8:37017",
      "port": 37017,
      "rsId": "tgtShard_0",
      "state": "FAILED",
      "stateUpdateTime": 1790969516
    },
    {
      "error": null,
      "hostname": "rmdb13",
      "id": "rmdb13:37017",
      "port": 37017,
      "rsId": "tgtShard_0",
      "state": "FAILED",
      "stateUpdateTime": 1790969516
    },
    {
      "error": "<tgtCluster_tgtShard_0_42> [15:29:05.042] Plan execution failed on step MakeBackupDataAvailable as part of move RestoreRsMemberFromBackupPhase1 : <tgtCluster_tgtShard_0_42> [15:29:05.042] Failed to apply action. Result = <nil> : <tgtCluster_tgtShard_0_42> [15:29:05.042] Failed to download the snapshot : <tgtCluster_tgtShard_0_42> [15:29:05.042] Error while waiting for third party to copy backup to /fimongo1/data : <tgtCluster_tgtShard_0_42> [15:29:05.042] Observed error when trying to mark node as ready for copy files. : <tgtCluster_tgtShard_0_42> [15:29:05.042] Got return status 404 Not Found when trying to mark node ready for copy files.",
      "hostname": "rmdb1",
      "id": "rmdb1:37017",
      "port": 37017,
      "rsId": "tgtShard_0",
      "state": "FAILED",
      "stateUpdateTime": 1790969516
    },
    {
      "error": null,
      "hostname": "rmdb3",
      "id": "rmdb3:37017",
      "port": 37017,
      "rsId": "tgtShard_0",
      "state": "FAILED",
      "stateUpdateTime": 1790969516
    },
    {
      "error": null,
      "hostname": "rmdb11",
      "id": "rmdb11:37017",
      "port": 37017,
      "rsId": "tgtShard_0",
      "state": "FAILED",
      "stateUpdateTime": 1790969516
    },
    {
      "error": null,
      "hostname": "rmdb7",
      "id": "rmdb7:37017",
      "port": 37017,
      "rsId": "tgtconfigRS",
      "state": "FAILED",
      "stateUpdateTime": 1790969516
    },
    {
      "error": null,
      "hostname": "rmdb-config1",
      "id": "rmdb-config1:37017",
      "port": 37017,
      "rsId": "tgtconfigRS",
      "state": "FAILED",
      "stateUpdateTime": 1790969516
    },
    {
      "error": null,
      "hostname": "rmdb-config2",
      "id": "rmdb-config2:37017",
      "port": 37017,
      "rsId": "tgtconfigRS",
      "state": "FAILED",
      "stateUpdateTime": 1790969516
    }
  ],
  "state": "FAILED"
}
2026-10-02 14:47:07,530 [INFO] Restore state: FAILED
2026-10-02 14:47:17,530 [DEBUG] API GET http://129.40.36.100:8080/api/public/v1.0/backup/third_party/group/6a386221ee19a6537cc68a97/restore/6abf3847457a6b80701899fb
2026-10-02 14:47:17,672 [DEBUG] STATUS 200
2026-10-02 14:47:17,673 [DEBUG] {
  "clusterMapping": [
    {
      "rsId": "sgcShard_0",
      "targetRsId": "tgtShard_0"
    },
    {
      "rsId": "sgcShard_1",
      "targetRsId": "tgtShard_1"
    },
    {
      "rsId": "configRS",
      "targetRsId": "tgtconfigRS"
    }
  ],
  "nodes": [
    {
      "error": null,
      "hostname": "rmdb12",
      "id": "rmdb12:37017",
      "port": 37017,
      "rsId": "tgtShard_1",
      "state": "FAILED",
      "stateUpdateTime": 1790969516
    },
    {
      "error": null,
      "hostname": "rmdb14",
      "id": "rmdb14:37017",
      "port": 37017,
      "rsId": "tgtShard_1",
      "state": "FAILED",
      "stateUpdateTime": 1790969516
    },
    {
      "error": null,
      "hostname": "rmdb9",
      "id": "rmdb9:37017",
      "port": 37017,
      "rsId": "tgtShard_1",
      "state": "FAILED",
      "stateUpdateTime": 1790969516
    },
    {
      "error": null,
      "hostname": "rmdb4",
      "id": "rmdb4:37017",
      "port": 37017,
      "rsId": "tgtShard_1",
      "state": "FAILED",
      "stateUpdateTime": 1790969516
    },
    {
      "error": null,
      "hostname": "rmdb2",
      "id": "rmdb2:37017",
      "port": 37017,
      "rsId": "tgtShard_1",
      "state": "FAILED",
      "stateUpdateTime": 1790969516
    },
    {
      "error": null,
      "hostname": "rmdb8",
      "id": "rmdb8:37017",
      "port": 37017,
      "rsId": "tgtShard_0",
      "state": "FAILED",
      "stateUpdateTime": 1790969516
    },
    {
      "error": null,
      "hostname": "rmdb13",
      "id": "rmdb13:37017",
      "port": 37017,
      "rsId": "tgtShard_0",
      "state": "FAILED",
      "stateUpdateTime": 1790969516
    },
    {
      "error": "<tgtCluster_tgtShard_0_42> [15:29:05.042] Plan execution failed on step MakeBackupDataAvailable as part of move RestoreRsMemberFromBackupPhase1 : <tgtCluster_tgtShard_0_42> [15:29:05.042] Failed to apply action. Result = <nil> : <tgtCluster_tgtShard_0_42> [15:29:05.042] Failed to download the snapshot : <tgtCluster_tgtShard_0_42> [15:29:05.042] Error while waiting for third party to copy backup to /fimongo1/data : <tgtCluster_tgtShard_0_42> [15:29:05.042] Observed error when trying to mark node as ready for copy files. : <tgtCluster_tgtShard_0_42> [15:29:05.042] Got return status 404 Not Found when trying to mark node ready for copy files.",
      "hostname": "rmdb1",
      "id": "rmdb1:37017",
      "port": 37017,
      "rsId": "tgtShard_0",
      "state": "FAILED",
      "stateUpdateTime": 1790969516
    },
    {
      "error": null,
      "hostname": "rmdb3",
      "id": "rmdb3:37017",
      "port": 37017,
      "rsId": "tgtShard_0",
      "state": "FAILED",
      "stateUpdateTime": 1790969516
    },
    {
      "error": null,
      "hostname": "rmdb11",
      "id": "rmdb11:37017",
      "port": 37017,
      "rsId": "tgtShard_0",
      "state": "FAILED",
      "stateUpdateTime": 1790969516
    },
    {
      "error": null,
      "hostname": "rmdb7",
      "id": "rmdb7:37017",
      "port": 37017,
      "rsId": "tgtconfigRS",
      "state": "FAILED",
      "stateUpdateTime": 1790969516
    },
    {
      "error": null,
      "hostname": "rmdb-config1",
      "id": "rmdb-config1:37017",
      "port": 37017,
      "rsId": "tgtconfigRS",
      "state": "FAILED",
      "stateUpdateTime": 1790969516
    },
    {
      "error": null,
      "hostname": "rmdb-config2",
      "id": "rmdb-config2:37017",
      "port": 37017,
      "rsId": "tgtconfigRS",
      "state": "FAILED",
      "stateUpdateTime": 1790969516
    }
  ],
  "state": "FAILED"
}
2026-10-02 14:47:17,673 [INFO] Restore state: FAILED
2026-10-02 14:47:27,673 [DEBUG] API GET http://129.40.36.100:8080/api/public/v1.0/backup/third_party/group/6a386221ee19a6537cc68a97/restore/6abf3847457a6b80701899fb
2026-10-02 14:47:27,814 [DEBUG] STATUS 200
2026-10-02 14:47:27,814 [DEBUG] {
  "clusterMapping": [
    {
      "rsId": "sgcShard_0",
      "targetRsId": "tgtShard_0"
    },
    {
      "rsId": "sgcShard_1",
      "targetRsId": "tgtShard_1"
    },
    {
      "rsId": "configRS",
      "targetRsId": "tgtconfigRS"
    }
  ],
  "nodes": [
    {
      "error": null,
      "hostname": "rmdb12",
      "id": "rmdb12:37017",
      "port": 37017,
      "rsId": "tgtShard_1",
      "state": "FAILED",
      "stateUpdateTime": 1790969516
    },
    {
      "error": null,
      "hostname": "rmdb14",
      "id": "rmdb14:37017",
      "port": 37017,
      "rsId": "tgtShard_1",
      "state": "FAILED",
      "stateUpdateTime": 1790969516
    },
    {
      "error": null,
      "hostname": "rmdb9",
      "id": "rmdb9:37017",
      "port": 37017,
      "rsId": "tgtShard_1",
      "state": "FAILED",
      "stateUpdateTime": 1790969516
    },
    {
      "error": null,
      "hostname": "rmdb4",
      "id": "rmdb4:37017",
      "port": 37017,
      "rsId": "tgtShard_1",
      "state": "FAILED",
      "stateUpdateTime": 1790969516
    },
    {
      "error": null,
      "hostname": "rmdb2",
      "id": "rmdb2:37017",
      "port": 37017,
      "rsId": "tgtShard_1",
      "state": "FAILED",
      "stateUpdateTime": 1790969516
    },
    {
      "error": null,
      "hostname": "rmdb8",
      "id": "rmdb8:37017",
      "port": 37017,
      "rsId": "tgtShard_0",
      "state": "FAILED",
      "stateUpdateTime": 1790969516
    },
    {
      "error": null,
      "hostname": "rmdb13",
      "id": "rmdb13:37017",
      "port": 37017,
      "rsId": "tgtShard_0",
      "state": "FAILED",
      "stateUpdateTime": 1790969516
    },
    {
      "error": "<tgtCluster_tgtShard_0_42> [15:29:05.042] Plan execution failed on step MakeBackupDataAvailable as part of move RestoreRsMemberFromBackupPhase1 : <tgtCluster_tgtShard_0_42> [15:29:05.042] Failed to apply action. Result = <nil> : <tgtCluster_tgtShard_0_42> [15:29:05.042] Failed to download the snapshot : <tgtCluster_tgtShard_0_42> [15:29:05.042] Error while waiting for third party to copy backup to /fimongo1/data : <tgtCluster_tgtShard_0_42> [15:29:05.042] Observed error when trying to mark node as ready for copy files. : <tgtCluster_tgtShard_0_42> [15:29:05.042] Got return status 404 Not Found when trying to mark node ready for copy files.",
      "hostname": "rmdb1",
      "id": "rmdb1:37017",
      "port": 37017,
      "rsId": "tgtShard_0",
      "state": "FAILED",
      "stateUpdateTime": 1790969516
    },
    {
      "error": null,
      "hostname": "rmdb3",
      "id": "rmdb3:37017",
      "port": 37017,
      "rsId": "tgtShard_0",
      "state": "FAILED",
      "stateUpdateTime": 1790969516
    },
    {
      "error": null,
      "hostname": "rmdb11",
      "id": "rmdb11:37017",
      "port": 37017,
      "rsId": "tgtShard_0",
      "state": "FAILED",
      "stateUpdateTime": 1790969516
    },
    {
      "error": null,
      "hostname": "rmdb7",
      "id": "rmdb7:37017",
      "port": 37017,
      "rsId": "tgtconfigRS",
      "state": "FAILED",
      "stateUpdateTime": 1790969516
    },
    {
      "error": null,
      "hostname": "rmdb-config1",
      "id": "rmdb-config1:37017",
      "port": 37017,
      "rsId": "tgtconfigRS",
      "state": "FAILED",
      "stateUpdateTime": 1790969516
    },
    {
      "error": null,
      "hostname": "rmdb-config2",
      "id": "rmdb-config2:37017",
      "port": 37017,
      "rsId": "tgtconfigRS",
      "state": "FAILED",
      "stateUpdateTime": 1790969516
    }
  ],
  "state": "FAILED"
}
2026-10-02 14:47:27,814 [INFO] Restore state: FAILED
2026-10-02 14:47:37,815 [DEBUG] API GET http://129.40.36.100:8080/api/public/v1.0/backup/third_party/group/6a386221ee19a6537cc68a97/restore/6abf3847457a6b80701899fb
2026-10-02 14:47:37,953 [DEBUG] STATUS 200
2026-10-02 14:47:37,953 [DEBUG] {
  "clusterMapping": [
    {
      "rsId": "sgcShard_0",
      "targetRsId": "tgtShard_0"
    },
    {
      "rsId": "sgcShard_1",
      "targetRsId": "tgtShard_1"
    },
    {
      "rsId": "configRS",
      "targetRsId": "tgtconfigRS"
    }
  ],
  "nodes": [
    {
      "error": null,
      "hostname": "rmdb12",
      "id": "rmdb12:37017",
      "port": 37017,
      "rsId": "tgtShard_1",
      "state": "FAILED",
      "stateUpdateTime": 1790969516
    },
    {
      "error": null,
      "hostname": "rmdb14",
      "id": "rmdb14:37017",
      "port": 37017,
      "rsId": "tgtShard_1",
      "state": "FAILED",
      "stateUpdateTime": 1790969516
    },
    {
      "error": null,
      "hostname": "rmdb9",
      "id": "rmdb9:37017",
      "port": 37017,
      "rsId": "tgtShard_1",
      "state": "FAILED",
      "stateUpdateTime": 1790969516
    },
    {
      "error": null,
      "hostname": "rmdb4",
      "id": "rmdb4:37017",
      "port": 37017,
      "rsId": "tgtShard_1",
      "state": "FAILED",
      "stateUpdateTime": 1790969516
    },
    {
      "error": null,
      "hostname": "rmdb2",
      "id": "rmdb2:37017",
      "port": 37017,
      "rsId": "tgtShard_1",
      "state": "FAILED",
      "stateUpdateTime": 1790969516
    },
    {
      "error": null,
      "hostname": "rmdb8",
      "id": "rmdb8:37017",
      "port": 37017,
      "rsId": "tgtShard_0",
      "state": "FAILED",
      "stateUpdateTime": 1790969516
    },
    {
      "error": null,
      "hostname": "rmdb13",
      "id": "rmdb13:37017",
      "port": 37017,
      "rsId": "tgtShard_0",
      "state": "FAILED",
      "stateUpdateTime": 1790969516
    },
    {
      "error": "<tgtCluster_tgtShard_0_42> [15:29:05.042] Plan execution failed on step MakeBackupDataAvailable as part of move RestoreRsMemberFromBackupPhase1 : <tgtCluster_tgtShard_0_42> [15:29:05.042] Failed to apply action. Result = <nil> : <tgtCluster_tgtShard_0_42> [15:29:05.042] Failed to download the snapshot : <tgtCluster_tgtShard_0_42> [15:29:05.042] Error while waiting for third party to copy backup to /fimongo1/data : <tgtCluster_tgtShard_0_42> [15:29:05.042] Observed error when trying to mark node as ready for copy files. : <tgtCluster_tgtShard_0_42> [15:29:05.042] Got return status 404 Not Found when trying to mark node ready for copy files.",
      "hostname": "rmdb1",
      "id": "rmdb1:37017",
      "port": 37017,
      "rsId": "tgtShard_0",
      "state": "FAILED",
      "stateUpdateTime": 1790969516
    },
    {
      "error": null,
      "hostname": "rmdb3",
      "id": "rmdb3:37017",
      "port": 37017,
      "rsId": "tgtShard_0",
      "state": "FAILED",
      "stateUpdateTime": 1790969516
    },
    {
      "error": null,
      "hostname": "rmdb11",
      "id": "rmdb11:37017",
      "port": 37017,
      "rsId": "tgtShard_0",
      "state": "FAILED",
      "stateUpdateTime": 1790969516
    },
    {
      "error": null,
      "hostname": "rmdb7",
      "id": "rmdb7:37017",
      "port": 37017,
      "rsId": "tgtconfigRS",
      "state": "FAILED",
      "stateUpdateTime": 1790969516
    },
    {
      "error": null,
      "hostname": "rmdb-config1",
      "id": "rmdb-config1:37017",
      "port": 37017,
      "rsId": "tgtconfigRS",
      "state": "FAILED",
      "stateUpdateTime": 1790969516
    },
    {
      "error": null,
      "hostname": "rmdb-config2",
      "id": "rmdb-config2:37017",
      "port": 37017,
      "rsId": "tgtconfigRS",
      "state": "FAILED",
      "stateUpdateTime": 1790969516
    }
  ],
  "state": "FAILED"
}
2026-10-02 14:47:37,953 [INFO] Restore state: FAILED
2026-10-02 14:47:47,954 [DEBUG] API GET http://129.40.36.100:8080/api/public/v1.0/backup/third_party/group/6a386221ee19a6537cc68a97/restore/6abf3847457a6b80701899fb
2026-10-02 14:47:48,097 [DEBUG] STATUS 200
2026-10-02 14:47:48,097 [DEBUG] {
  "clusterMapping": [
    {
      "rsId": "sgcShard_0",
      "targetRsId": "tgtShard_0"
    },
    {
      "rsId": "sgcShard_1",
      "targetRsId": "tgtShard_1"
    },
    {
      "rsId": "configRS",
      "targetRsId": "tgtconfigRS"
    }
  ],
  "nodes": [
    {
      "error": null,
      "hostname": "rmdb12",
      "id": "rmdb12:37017",
      "port": 37017,
      "rsId": "tgtShard_1",
      "state": "FAILED",
      "stateUpdateTime": 1790969516
    },
    {
      "error": null,
      "hostname": "rmdb14",
      "id": "rmdb14:37017",
      "port": 37017,
      "rsId": "tgtShard_1",
      "state": "FAILED",
      "stateUpdateTime": 1790969516
    },
    {
      "error": null,
      "hostname": "rmdb9",
      "id": "rmdb9:37017",
      "port": 37017,
      "rsId": "tgtShard_1",
      "state": "FAILED",
      "stateUpdateTime": 1790969516
    },
    {
      "error": null,
      "hostname": "rmdb4",
      "id": "rmdb4:37017",
      "port": 37017,
      "rsId": "tgtShard_1",
      "state": "FAILED",
      "stateUpdateTime": 1790969516
    },
    {
      "error": null,
      "hostname": "rmdb2",
      "id": "rmdb2:37017",
      "port": 37017,
      "rsId": "tgtShard_1",
      "state": "FAILED",
      "stateUpdateTime": 1790969516
    },
    {
      "error": null,
      "hostname": "rmdb8",
      "id": "rmdb8:37017",
      "port": 37017,
      "rsId": "tgtShard_0",
      "state": "FAILED",
      "stateUpdateTime": 1790969516
    },
    {
      "error": null,
      "hostname": "rmdb13",
      "id": "rmdb13:37017",
      "port": 37017,
      "rsId": "tgtShard_0",
      "state": "FAILED",
      "stateUpdateTime": 1790969516
    },
    {
      "error": "<tgtCluster_tgtShard_0_42> [15:29:05.042] Plan execution failed on step MakeBackupDataAvailable as part of move RestoreRsMemberFromBackupPhase1 : <tgtCluster_tgtShard_0_42> [15:29:05.042] Failed to apply action. Result = <nil> : <tgtCluster_tgtShard_0_42> [15:29:05.042] Failed to download the snapshot : <tgtCluster_tgtShard_0_42> [15:29:05.042] Error while waiting for third party to copy backup to /fimongo1/data : <tgtCluster_tgtShard_0_42> [15:29:05.042] Observed error when trying to mark node as ready for copy files. : <tgtCluster_tgtShard_0_42> [15:29:05.042] Got return status 404 Not Found when trying to mark node ready for copy files.",
      "hostname": "rmdb1",
      "id": "rmdb1:37017",
      "port": 37017,
      "rsId": "tgtShard_0",
      "state": "FAILED",
      "stateUpdateTime": 1790969516
    },
    {
      "error": null,
      "hostname": "rmdb3",
      "id": "rmdb3:37017",
      "port": 37017,
      "rsId": "tgtShard_0",
      "state": "FAILED",
      "stateUpdateTime": 1790969516
    },
    {
      "error": null,
      "hostname": "rmdb11",
      "id": "rmdb11:37017",
      "port": 37017,
      "rsId": "tgtShard_0",
      "state": "FAILED",
      "stateUpdateTime": 1790969516
    },
    {
      "error": null,
      "hostname": "rmdb7",
      "id": "rmdb7:37017",
      "port": 37017,
      "rsId": "tgtconfigRS",
      "state": "FAILED",
      "stateUpdateTime": 1790969516
    },
    {
      "error": null,
      "hostname": "rmdb-config1",
      "id": "rmdb-config1:37017",
      "port": 37017,
      "rsId": "tgtconfigRS",
      "state": "FAILED",
      "stateUpdateTime": 1790969516
    },
    {
      "error": null,
      "hostname": "rmdb-config2",
      "id": "rmdb-config2:37017",
      "port": 37017,
      "rsId": "tgtconfigRS",
      "state": "FAILED",
      "stateUpdateTime": 1790969516
    }
  ],
  "state": "FAILED"
}
2026-10-02 14:47:48,098 [INFO] Restore state: FAILED
2026-10-02 14:47:58,098 [DEBUG] API GET http://129.40.36.100:8080/api/public/v1.0/backup/third_party/group/6a386221ee19a6537cc68a97/restore/6abf3847457a6b80701899fb
2026-10-02 14:47:58,297 [DEBUG] STATUS 200
2026-10-02 14:47:58,298 [DEBUG] {
  "clusterMapping": [
    {
      "rsId": "sgcShard_0",
      "targetRsId": "tgtShard_0"
    },
    {
      "rsId": "sgcShard_1",
      "targetRsId": "tgtShard_1"
    },
    {
      "rsId": "configRS",
      "targetRsId": "tgtconfigRS"
    }
  ],
  "nodes": [
    {
      "error": null,
      "hostname": "rmdb12",
      "id": "rmdb12:37017",
      "port": 37017,
      "rsId": "tgtShard_1",
      "state": "FAILED",
      "stateUpdateTime": 1790969516
    },
    {
      "error": null,
      "hostname": "rmdb14",
      "id": "rmdb14:37017",
      "port": 37017,
      "rsId": "tgtShard_1",
      "state": "FAILED",
      "stateUpdateTime": 1790969516
    },
    {
      "error": null,
      "hostname": "rmdb9",
      "id": "rmdb9:37017",
      "port": 37017,
      "rsId": "tgtShard_1",
      "state": "FAILED",
      "stateUpdateTime": 1790969516
    },
    {
      "error": null,
      "hostname": "rmdb4",
      "id": "rmdb4:37017",
      "port": 37017,
      "rsId": "tgtShard_1",
      "state": "FAILED",
      "stateUpdateTime": 1790969516
    },
    {
      "error": null,
      "hostname": "rmdb2",
      "id": "rmdb2:37017",
      "port": 37017,
      "rsId": "tgtShard_1",
      "state": "FAILED",
      "stateUpdateTime": 1790969516
    },
    {
      "error": null,
      "hostname": "rmdb8",
      "id": "rmdb8:37017",
      "port": 37017,
      "rsId": "tgtShard_0",
      "state": "FAILED",
      "stateUpdateTime": 1790969516
    },
    {
      "error": null,
      "hostname": "rmdb13",
      "id": "rmdb13:37017",
      "port": 37017,
      "rsId": "tgtShard_0",
      "state": "FAILED",
      "stateUpdateTime": 1790969516
    },
    {
      "error": "<tgtCluster_tgtShard_0_42> [15:29:05.042] Plan execution failed on step MakeBackupDataAvailable as part of move RestoreRsMemberFromBackupPhase1 : <tgtCluster_tgtShard_0_42> [15:29:05.042] Failed to apply action. Result = <nil> : <tgtCluster_tgtShard_0_42> [15:29:05.042] Failed to download the snapshot : <tgtCluster_tgtShard_0_42> [15:29:05.042] Error while waiting for third party to copy backup to /fimongo1/data : <tgtCluster_tgtShard_0_42> [15:29:05.042] Observed error when trying to mark node as ready for copy files. : <tgtCluster_tgtShard_0_42> [15:29:05.042] Got return status 404 Not Found when trying to mark node ready for copy files.",
      "hostname": "rmdb1",
      "id": "rmdb1:37017",
      "port": 37017,
      "rsId": "tgtShard_0",
      "state": "FAILED",
      "stateUpdateTime": 1790969516
    },
    {
      "error": null,
      "hostname": "rmdb3",
      "id": "rmdb3:37017",
      "port": 37017,
      "rsId": "tgtShard_0",
      "state": "FAILED",
      "stateUpdateTime": 1790969516
    },
    {
      "error": null,
      "hostname": "rmdb11",
      "id": "rmdb11:37017",
      "port": 37017,
      "rsId": "tgtShard_0",
      "state": "FAILED",
      "stateUpdateTime": 1790969516
    },
    {
      "error": null,
      "hostname": "rmdb7",
      "id": "rmdb7:37017",
      "port": 37017,
      "rsId": "tgtconfigRS",
      "state": "FAILED",
      "stateUpdateTime": 1790969516
    },
    {
      "error": null,
      "hostname": "rmdb-config1",
      "id": "rmdb-config1:37017",
      "port": 37017,
      "rsId": "tgtconfigRS",
      "state": "FAILED",
      "stateUpdateTime": 1790969516
    },
    {
      "error": null,
      "hostname": "rmdb-config2",
      "id": "rmdb-config2:37017",
      "port": 37017,
      "rsId": "tgtconfigRS",
      "state": "FAILED",
      "stateUpdateTime": 1790969516
    }
  ],
  "state": "FAILED"
}
2026-10-02 14:47:58,298 [INFO] Restore state: FAILED
2026-10-02 14:48:08,298 [DEBUG] API GET http://129.40.36.100:8080/api/public/v1.0/backup/third_party/group/6a386221ee19a6537cc68a97/restore/6abf3847457a6b80701899fb
2026-10-02 14:48:08,437 [DEBUG] STATUS 200
2026-10-02 14:48:08,437 [DEBUG] {
  "clusterMapping": [
    {
      "rsId": "sgcShard_0",
      "targetRsId": "tgtShard_0"
    },
    {
      "rsId": "sgcShard_1",
      "targetRsId": "tgtShard_1"
    },
    {
      "rsId": "configRS",
      "targetRsId": "tgtconfigRS"
    }
  ],
  "nodes": [
    {
      "error": null,
      "hostname": "rmdb12",
      "id": "rmdb12:37017",
      "port": 37017,
      "rsId": "tgtShard_1",
      "state": "FAILED",
      "stateUpdateTime": 1790969516
    },
    {
      "error": null,
      "hostname": "rmdb14",
      "id": "rmdb14:37017",
      "port": 37017,
      "rsId": "tgtShard_1",
      "state": "FAILED",
      "stateUpdateTime": 1790969516
    },
    {
      "error": null,
      "hostname": "rmdb9",
      "id": "rmdb9:37017",
      "port": 37017,
      "rsId": "tgtShard_1",
      "state": "FAILED",
      "stateUpdateTime": 1790969516
    },
    {
      "error": null,
      "hostname": "rmdb4",
      "id": "rmdb4:37017",
      "port": 37017,
      "rsId": "tgtShard_1",
      "state": "FAILED",
      "stateUpdateTime": 1790969516
    },
    {
      "error": null,
      "hostname": "rmdb2",
      "id": "rmdb2:37017",
      "port": 37017,
      "rsId": "tgtShard_1",
      "state": "FAILED",
      "stateUpdateTime": 1790969516
    },
    {
      "error": null,
      "hostname": "rmdb8",
      "id": "rmdb8:37017",
      "port": 37017,
      "rsId": "tgtShard_0",
      "state": "FAILED",
      "stateUpdateTime": 1790969516
    },
    {
      "error": null,
      "hostname": "rmdb13",
      "id": "rmdb13:37017",
      "port": 37017,
      "rsId": "tgtShard_0",
      "state": "FAILED",
      "stateUpdateTime": 1790969516
    },
    {
      "error": "<tgtCluster_tgtShard_0_42> [15:29:05.042] Plan execution failed on step MakeBackupDataAvailable as part of move RestoreRsMemberFromBackupPhase1 : <tgtCluster_tgtShard_0_42> [15:29:05.042] Failed to apply action. Result = <nil> : <tgtCluster_tgtShard_0_42> [15:29:05.042] Failed to download the snapshot : <tgtCluster_tgtShard_0_42> [15:29:05.042] Error while waiting for third party to copy backup to /fimongo1/data : <tgtCluster_tgtShard_0_42> [15:29:05.042] Observed error when trying to mark node as ready for copy files. : <tgtCluster_tgtShard_0_42> [15:29:05.042] Got return status 404 Not Found when trying to mark node ready for copy files.",
      "hostname": "rmdb1",
      "id": "rmdb1:37017",
      "port": 37017,
      "rsId": "tgtShard_0",
      "state": "FAILED",
      "stateUpdateTime": 1790969516
    },
    {
      "error": null,
      "hostname": "rmdb3",
      "id": "rmdb3:37017",
      "port": 37017,
      "rsId": "tgtShard_0",
      "state": "FAILED",
      "stateUpdateTime": 1790969516
    },
    {
      "error": null,
      "hostname": "rmdb11",
      "id": "rmdb11:37017",
      "port": 37017,
      "rsId": "tgtShard_0",
      "state": "FAILED",
      "stateUpdateTime": 1790969516
    },
    {
      "error": null,
      "hostname": "rmdb7",
      "id": "rmdb7:37017",
      "port": 37017,
      "rsId": "tgtconfigRS",
      "state": "FAILED",
      "stateUpdateTime": 1790969516
    },
    {
      "error": null,
      "hostname": "rmdb-config1",
      "id": "rmdb-config1:37017",
      "port": 37017,
      "rsId": "tgtconfigRS",
      "state": "FAILED",
      "stateUpdateTime": 1790969516
    },
    {
      "error": null,
      "hostname": "rmdb-config2",
      "id": "rmdb-config2:37017",
      "port": 37017,
      "rsId": "tgtconfigRS",
      "state": "FAILED",
      "stateUpdateTime": 1790969516
    }
  ],
  "state": "FAILED"
}
2026-10-02 14:48:08,438 [INFO] Restore state: FAILED
2026-10-02 14:48:18,438 [DEBUG] API GET http://129.40.36.100:8080/api/public/v1.0/backup/third_party/group/6a386221ee19a6537cc68a97/restore/6abf3847457a6b80701899fb
2026-10-02 14:48:18,576 [DEBUG] STATUS 200
2026-10-02 14:48:18,576 [DEBUG] {
  "clusterMapping": [
    {
      "rsId": "sgcShard_0",
      "targetRsId": "tgtShard_0"
    },
    {
      "rsId": "sgcShard_1",
      "targetRsId": "tgtShard_1"
    },
    {
      "rsId": "configRS",
      "targetRsId": "tgtconfigRS"
    }
  ],
  "nodes": [
    {
      "error": null,
      "hostname": "rmdb12",
      "id": "rmdb12:37017",
      "port": 37017,
      "rsId": "tgtShard_1",
      "state": "FAILED",
      "stateUpdateTime": 1790969516
    },
    {
      "error": null,
      "hostname": "rmdb14",
      "id": "rmdb14:37017",
      "port": 37017,
      "rsId": "tgtShard_1",
      "state": "FAILED",
      "stateUpdateTime": 1790969516
    },
    {
      "error": null,
      "hostname": "rmdb9",
      "id": "rmdb9:37017",
      "port": 37017,
      "rsId": "tgtShard_1",
      "state": "FAILED",
      "stateUpdateTime": 1790969516
    },
    {
      "error": null,
      "hostname": "rmdb4",
      "id": "rmdb4:37017",
      "port": 37017,
      "rsId": "tgtShard_1",
      "state": "FAILED",
      "stateUpdateTime": 1790969516
    },
    {
      "error": null,
      "hostname": "rmdb2",
      "id": "rmdb2:37017",
      "port": 37017,
      "rsId": "tgtShard_1",
      "state": "FAILED",
      "stateUpdateTime": 1790969516
    },
    {
      "error": null,
      "hostname": "rmdb8",
      "id": "rmdb8:37017",
      "port": 37017,
      "rsId": "tgtShard_0",
      "state": "FAILED",
      "stateUpdateTime": 1790969516
    },
    {
      "error": null,
      "hostname": "rmdb13",
      "id": "rmdb13:37017",
      "port": 37017,
      "rsId": "tgtShard_0",
      "state": "FAILED",
      "stateUpdateTime": 1790969516
    },
    {
      "error": "<tgtCluster_tgtShard_0_42> [15:29:05.042] Plan execution failed on step MakeBackupDataAvailable as part of move RestoreRsMemberFromBackupPhase1 : <tgtCluster_tgtShard_0_42> [15:29:05.042] Failed to apply action. Result = <nil> : <tgtCluster_tgtShard_0_42> [15:29:05.042] Failed to download the snapshot : <tgtCluster_tgtShard_0_42> [15:29:05.042] Error while waiting for third party to copy backup to /fimongo1/data : <tgtCluster_tgtShard_0_42> [15:29:05.042] Observed error when trying to mark node as ready for copy files. : <tgtCluster_tgtShard_0_42> [15:29:05.042] Got return status 404 Not Found when trying to mark node ready for copy files.",
      "hostname": "rmdb1",
      "id": "rmdb1:37017",
      "port": 37017,
      "rsId": "tgtShard_0",
      "state": "FAILED",
      "stateUpdateTime": 1790969516
    },
    {
      "error": null,
      "hostname": "rmdb3",
      "id": "rmdb3:37017",
      "port": 37017,
      "rsId": "tgtShard_0",
      "state": "FAILED",
      "stateUpdateTime": 1790969516
    },
    {
      "error": null,
      "hostname": "rmdb11",
      "id": "rmdb11:37017",
      "port": 37017,
      "rsId": "tgtShard_0",
      "state": "FAILED",
      "stateUpdateTime": 1790969516
    },
    {
      "error": null,
      "hostname": "rmdb7",
      "id": "rmdb7:37017",
      "port": 37017,
      "rsId": "tgtconfigRS",
      "state": "FAILED",
      "stateUpdateTime": 1790969516
    },
    {
      "error": null,
      "hostname": "rmdb-config1",
      "id": "rmdb-config1:37017",
      "port": 37017,
      "rsId": "tgtconfigRS",
      "state": "FAILED",
      "stateUpdateTime": 1790969516
    },
    {
      "error": null,
      "hostname": "rmdb-config2",
      "id": "rmdb-config2:37017",
      "port": 37017,
      "rsId": "tgtconfigRS",
      "state": "FAILED",
      "stateUpdateTime": 1790969516
    }
  ],
  "state": "FAILED"
}
2026-10-02 14:48:18,576 [INFO] Restore state: FAILED
2026-10-02 14:48:28,577 [DEBUG] API GET http://129.40.36.100:8080/api/public/v1.0/backup/third_party/group/6a386221ee19a6537cc68a97/restore/6abf3847457a6b80701899fb
2026-10-02 14:48:28,716 [DEBUG] STATUS 200
2026-10-02 14:48:28,716 [DEBUG] {
  "clusterMapping": [
    {
      "rsId": "sgcShard_0",
      "targetRsId": "tgtShard_0"
    },
    {
      "rsId": "sgcShard_1",
      "targetRsId": "tgtShard_1"
    },
    {
      "rsId": "configRS",
      "targetRsId": "tgtconfigRS"
    }
  ],
  "nodes": [
    {
      "error": null,
      "hostname": "rmdb12",
      "id": "rmdb12:37017",
      "port": 37017,
      "rsId": "tgtShard_1",
      "state": "FAILED",
      "stateUpdateTime": 1790969516
    },
    {
      "error": null,
      "hostname": "rmdb14",
      "id": "rmdb14:37017",
      "port": 37017,
      "rsId": "tgtShard_1",
      "state": "FAILED",
      "stateUpdateTime": 1790969516
    },
    {
      "error": null,
      "hostname": "rmdb9",
      "id": "rmdb9:37017",
      "port": 37017,
      "rsId": "tgtShard_1",
      "state": "FAILED",
      "stateUpdateTime": 1790969516
    },
    {
      "error": null,
      "hostname": "rmdb4",
      "id": "rmdb4:37017",
      "port": 37017,
      "rsId": "tgtShard_1",
      "state": "FAILED",
      "stateUpdateTime": 1790969516
    },
    {
      "error": null,
      "hostname": "rmdb2",
      "id": "rmdb2:37017",
      "port": 37017,
      "rsId": "tgtShard_1",
      "state": "FAILED",
      "stateUpdateTime": 1790969516
    },
    {
      "error": null,
      "hostname": "rmdb8",
      "id": "rmdb8:37017",
      "port": 37017,
      "rsId": "tgtShard_0",
      "state": "FAILED",
      "stateUpdateTime": 1790969516
    },
    {
      "error": null,
      "hostname": "rmdb13",
      "id": "rmdb13:37017",
      "port": 37017,
      "rsId": "tgtShard_0",
      "state": "FAILED",
      "stateUpdateTime": 1790969516
    },
    {
      "error": "<tgtCluster_tgtShard_0_42> [15:29:05.042] Plan execution failed on step MakeBackupDataAvailable as part of move RestoreRsMemberFromBackupPhase1 : <tgtCluster_tgtShard_0_42> [15:29:05.042] Failed to apply action. Result = <nil> : <tgtCluster_tgtShard_0_42> [15:29:05.042] Failed to download the snapshot : <tgtCluster_tgtShard_0_42> [15:29:05.042] Error while waiting for third party to copy backup to /fimongo1/data : <tgtCluster_tgtShard_0_42> [15:29:05.042] Observed error when trying to mark node as ready for copy files. : <tgtCluster_tgtShard_0_42> [15:29:05.042] Got return status 404 Not Found when trying to mark node ready for copy files.",
      "hostname": "rmdb1",
      "id": "rmdb1:37017",
      "port": 37017,
      "rsId": "tgtShard_0",
      "state": "FAILED",
      "stateUpdateTime": 1790969516
    },
    {
      "error": null,
      "hostname": "rmdb3",
      "id": "rmdb3:37017",
      "port": 37017,
      "rsId": "tgtShard_0",
      "state": "FAILED",
      "stateUpdateTime": 1790969516
    },
    {
      "error": null,
      "hostname": "rmdb11",
      "id": "rmdb11:37017",
      "port": 37017,
      "rsId": "tgtShard_0",
      "state": "FAILED",
      "stateUpdateTime": 1790969516
    },
    {
      "error": null,
      "hostname": "rmdb7",
      "id": "rmdb7:37017",
      "port": 37017,
      "rsId": "tgtconfigRS",
      "state": "FAILED",
      "stateUpdateTime": 1790969516
    },
    {
      "error": null,
      "hostname": "rmdb-config1",
      "id": "rmdb-config1:37017",
      "port": 37017,
      "rsId": "tgtconfigRS",
      "state": "FAILED",
      "stateUpdateTime": 1790969516
    },
    {
      "error": null,
      "hostname": "rmdb-config2",
      "id": "rmdb-config2:37017",
      "port": 37017,
      "rsId": "tgtconfigRS",
      "state": "FAILED",
      "stateUpdateTime": 1790969516
    }
  ],
  "state": "FAILED"
}
2026-10-02 14:48:28,716 [INFO] Restore state: FAILED
2026-10-02 14:48:38,717 [DEBUG] API GET http://129.40.36.100:8080/api/public/v1.0/backup/third_party/group/6a386221ee19a6537cc68a97/restore/6abf3847457a6b80701899fb
2026-10-02 14:48:38,860 [DEBUG] STATUS 200
2026-10-02 14:48:38,860 [DEBUG] {
  "clusterMapping": [
    {
      "rsId": "sgcShard_0",
      "targetRsId": "tgtShard_0"
    },
    {
      "rsId": "sgcShard_1",
      "targetRsId": "tgtShard_1"
    },
    {
      "rsId": "configRS",
      "targetRsId": "tgtconfigRS"
    }
  ],
  "nodes": [
    {
      "error": null,
      "hostname": "rmdb12",
      "id": "rmdb12:37017",
      "port": 37017,
      "rsId": "tgtShard_1",
      "state": "FAILED",
      "stateUpdateTime": 1790969516
    },
    {
      "error": null,
      "hostname": "rmdb14",
      "id": "rmdb14:37017",
      "port": 37017,
      "rsId": "tgtShard_1",
      "state": "FAILED",
      "stateUpdateTime": 1790969516
    },
    {
      "error": null,
      "hostname": "rmdb9",
      "id": "rmdb9:37017",
      "port": 37017,
      "rsId": "tgtShard_1",
      "state": "FAILED",
      "stateUpdateTime": 1790969516
    },
    {
      "error": null,
      "hostname": "rmdb4",
      "id": "rmdb4:37017",
      "port": 37017,
      "rsId": "tgtShard_1",
      "state": "FAILED",
      "stateUpdateTime": 1790969516
    },
    {
      "error": null,
      "hostname": "rmdb2",
      "id": "rmdb2:37017",
      "port": 37017,
      "rsId": "tgtShard_1",
      "state": "FAILED",
      "stateUpdateTime": 1790969516
    },
    {
      "error": null,
      "hostname": "rmdb8",
      "id": "rmdb8:37017",
      "port": 37017,
      "rsId": "tgtShard_0",
      "state": "FAILED",
      "stateUpdateTime": 1790969516
    },
    {
      "error": null,
      "hostname": "rmdb13",
      "id": "rmdb13:37017",
      "port": 37017,
      "rsId": "tgtShard_0",
      "state": "FAILED",
      "stateUpdateTime": 1790969516
    },
    {
      "error": "<tgtCluster_tgtShard_0_42> [15:29:05.042] Plan execution failed on step MakeBackupDataAvailable as part of move RestoreRsMemberFromBackupPhase1 : <tgtCluster_tgtShard_0_42> [15:29:05.042] Failed to apply action. Result = <nil> : <tgtCluster_tgtShard_0_42> [15:29:05.042] Failed to download the snapshot : <tgtCluster_tgtShard_0_42> [15:29:05.042] Error while waiting for third party to copy backup to /fimongo1/data : <tgtCluster_tgtShard_0_42> [15:29:05.042] Observed error when trying to mark node as ready for copy files. : <tgtCluster_tgtShard_0_42> [15:29:05.042] Got return status 404 Not Found when trying to mark node ready for copy files.",
      "hostname": "rmdb1",
      "id": "rmdb1:37017",
      "port": 37017,
      "rsId": "tgtShard_0",
      "state": "FAILED",
      "stateUpdateTime": 1790969516
    },
    {
      "error": null,
      "hostname": "rmdb3",
      "id": "rmdb3:37017",
      "port": 37017,
      "rsId": "tgtShard_0",
      "state": "FAILED",
      "stateUpdateTime": 1790969516
    },
    {
      "error": null,
      "hostname": "rmdb11",
      "id": "rmdb11:37017",
      "port": 37017,
      "rsId": "tgtShard_0",
      "state": "FAILED",
      "stateUpdateTime": 1790969516
    },
    {
      "error": null,
      "hostname": "rmdb7",
      "id": "rmdb7:37017",
      "port": 37017,
      "rsId": "tgtconfigRS",
      "state": "FAILED",
      "stateUpdateTime": 1790969516
    },
    {
      "error": null,
      "hostname": "rmdb-config1",
      "id": "rmdb-config1:37017",
      "port": 37017,
      "rsId": "tgtconfigRS",
      "state": "FAILED",
      "stateUpdateTime": 1790969516
    },
    {
      "error": null,
      "hostname": "rmdb-config2",
      "id": "rmdb-config2:37017",
      "port": 37017,
      "rsId": "tgtconfigRS",
      "state": "FAILED",
      "stateUpdateTime": 1790969516
    }
  ],
  "state": "FAILED"
}
2026-10-02 14:48:38,860 [INFO] Restore state: FAILED
2026-10-02 14:48:48,860 [DEBUG] API GET http://129.40.36.100:8080/api/public/v1.0/backup/third_party/group/6a386221ee19a6537cc68a97/restore/6abf3847457a6b80701899fb
2026-10-02 14:48:49,000 [DEBUG] STATUS 200
2026-10-02 14:48:49,000 [DEBUG] {
  "clusterMapping": [
    {
      "rsId": "sgcShard_0",
      "targetRsId": "tgtShard_0"
    },
    {
      "rsId": "sgcShard_1",
      "targetRsId": "tgtShard_1"
    },
    {
      "rsId": "configRS",
      "targetRsId": "tgtconfigRS"
    }
  ],
  "nodes": [
    {
      "error": null,
      "hostname": "rmdb12",
      "id": "rmdb12:37017",
      "port": 37017,
      "rsId": "tgtShard_1",
      "state": "FAILED",
      "stateUpdateTime": 1790969516
    },
    {
      "error": null,
      "hostname": "rmdb14",
      "id": "rmdb14:37017",
      "port": 37017,
      "rsId": "tgtShard_1",
      "state": "FAILED",
      "stateUpdateTime": 1790969516
    },
    {
      "error": null,
      "hostname": "rmdb9",
      "id": "rmdb9:37017",
      "port": 37017,
      "rsId": "tgtShard_1",
      "state": "FAILED",
      "stateUpdateTime": 1790969516
    },
    {
      "error": null,
      "hostname": "rmdb4",
      "id": "rmdb4:37017",
      "port": 37017,
      "rsId": "tgtShard_1",
      "state": "FAILED",
      "stateUpdateTime": 1790969516
    },
    {
      "error": null,
      "hostname": "rmdb2",
      "id": "rmdb2:37017",
      "port": 37017,
      "rsId": "tgtShard_1",
      "state": "FAILED",
      "stateUpdateTime": 1790969516
    },
    {
      "error": null,
      "hostname": "rmdb8",
      "id": "rmdb8:37017",
      "port": 37017,
      "rsId": "tgtShard_0",
      "state": "FAILED",
      "stateUpdateTime": 1790969516
    },
    {
      "error": null,
      "hostname": "rmdb13",
      "id": "rmdb13:37017",
      "port": 37017,
      "rsId": "tgtShard_0",
      "state": "FAILED",
      "stateUpdateTime": 1790969516
    },
    {
      "error": "<tgtCluster_tgtShard_0_42> [15:29:05.042] Plan execution failed on step MakeBackupDataAvailable as part of move RestoreRsMemberFromBackupPhase1 : <tgtCluster_tgtShard_0_42> [15:29:05.042] Failed to apply action. Result = <nil> : <tgtCluster_tgtShard_0_42> [15:29:05.042] Failed to download the snapshot : <tgtCluster_tgtShard_0_42> [15:29:05.042] Error while waiting for third party to copy backup to /fimongo1/data : <tgtCluster_tgtShard_0_42> [15:29:05.042] Observed error when trying to mark node as ready for copy files. : <tgtCluster_tgtShard_0_42> [15:29:05.042] Got return status 404 Not Found when trying to mark node ready for copy files.",
      "hostname": "rmdb1",
      "id": "rmdb1:37017",
      "port": 37017,
      "rsId": "tgtShard_0",
      "state": "FAILED",
      "stateUpdateTime": 1790969516
    },
    {
      "error": null,
      "hostname": "rmdb3",
      "id": "rmdb3:37017",
      "port": 37017,
      "rsId": "tgtShard_0",
      "state": "FAILED",
      "stateUpdateTime": 1790969516
    },
    {
      "error": null,
      "hostname": "rmdb11",
      "id": "rmdb11:37017",
      "port": 37017,
      "rsId": "tgtShard_0",
      "state": "FAILED",
      "stateUpdateTime": 1790969516
    },
    {
      "error": null,
      "hostname": "rmdb7",
      "id": "rmdb7:37017",
      "port": 37017,
      "rsId": "tgtconfigRS",
      "state": "FAILED",
      "stateUpdateTime": 1790969516
    },
    {
      "error": null,
      "hostname": "rmdb-config1",
      "id": "rmdb-config1:37017",
      "port": 37017,
      "rsId": "tgtconfigRS",
      "state": "FAILED",
      "stateUpdateTime": 1790969516
    },
    {
      "error": null,
      "hostname": "rmdb-config2",
      "id": "rmdb-config2:37017",
      "port": 37017,
      "rsId": "tgtconfigRS",
      "state": "FAILED",
      "stateUpdateTime": 1790969516
    }
  ],
  "state": "FAILED"
}
2026-10-02 14:48:49,000 [INFO] Restore state: FAILED
2026-10-02 14:48:59,000 [DEBUG] API GET http://129.40.36.100:8080/api/public/v1.0/backup/third_party/group/6a386221ee19a6537cc68a97/restore/6abf3847457a6b80701899fb
2026-10-02 14:48:59,193 [DEBUG] STATUS 200
2026-10-02 14:48:59,193 [DEBUG] {
  "clusterMapping": [
    {
      "rsId": "sgcShard_0",
      "targetRsId": "tgtShard_0"
    },
    {
      "rsId": "sgcShard_1",
      "targetRsId": "tgtShard_1"
    },
    {
      "rsId": "configRS",
      "targetRsId": "tgtconfigRS"
    }
  ],
  "nodes": [
    {
      "error": null,
      "hostname": "rmdb12",
      "id": "rmdb12:37017",
      "port": 37017,
      "rsId": "tgtShard_1",
      "state": "FAILED",
      "stateUpdateTime": 1790969516
    },
    {
      "error": null,
      "hostname": "rmdb14",
      "id": "rmdb14:37017",
      "port": 37017,
      "rsId": "tgtShard_1",
      "state": "FAILED",
      "stateUpdateTime": 1790969516
    },
    {
      "error": null,
      "hostname": "rmdb9",
      "id": "rmdb9:37017",
      "port": 37017,
      "rsId": "tgtShard_1",
      "state": "FAILED",
      "stateUpdateTime": 1790969516
    },
    {
      "error": null,
      "hostname": "rmdb4",
      "id": "rmdb4:37017",
      "port": 37017,
      "rsId": "tgtShard_1",
      "state": "FAILED",
      "stateUpdateTime": 1790969516
    },
    {
      "error": null,
      "hostname": "rmdb2",
      "id": "rmdb2:37017",
      "port": 37017,
      "rsId": "tgtShard_1",
      "state": "FAILED",
      "stateUpdateTime": 1790969516
    },
    {
      "error": null,
      "hostname": "rmdb8",
      "id": "rmdb8:37017",
      "port": 37017,
      "rsId": "tgtShard_0",
      "state": "FAILED",
      "stateUpdateTime": 1790969516
    },
    {
      "error": null,
      "hostname": "rmdb13",
      "id": "rmdb13:37017",
      "port": 37017,
      "rsId": "tgtShard_0",
      "state": "FAILED",
      "stateUpdateTime": 1790969516
    },
    {
      "error": "<tgtCluster_tgtShard_0_42> [15:29:05.042] Plan execution failed on step MakeBackupDataAvailable as part of move RestoreRsMemberFromBackupPhase1 : <tgtCluster_tgtShard_0_42> [15:29:05.042] Failed to apply action. Result = <nil> : <tgtCluster_tgtShard_0_42> [15:29:05.042] Failed to download the snapshot : <tgtCluster_tgtShard_0_42> [15:29:05.042] Error while waiting for third party to copy backup to /fimongo1/data : <tgtCluster_tgtShard_0_42> [15:29:05.042] Observed error when trying to mark node as ready for copy files. : <tgtCluster_tgtShard_0_42> [15:29:05.042] Got return status 404 Not Found when trying to mark node ready for copy files.",
      "hostname": "rmdb1",
      "id": "rmdb1:37017",
      "port": 37017,
      "rsId": "tgtShard_0",
      "state": "FAILED",
      "stateUpdateTime": 1790969516
    },
    {
      "error": null,
      "hostname": "rmdb3",
      "id": "rmdb3:37017",
      "port": 37017,
      "rsId": "tgtShard_0",
      "state": "FAILED",
      "stateUpdateTime": 1790969516
    },
    {
      "error": null,
      "hostname": "rmdb11",
      "id": "rmdb11:37017",
      "port": 37017,
      "rsId": "tgtShard_0",
      "state": "FAILED",
      "stateUpdateTime": 1790969516
    },
    {
      "error": null,
      "hostname": "rmdb7",
      "id": "rmdb7:37017",
      "port": 37017,
      "rsId": "tgtconfigRS",
      "state": "FAILED",
      "stateUpdateTime": 1790969516
    },
    {
      "error": null,
      "hostname": "rmdb-config1",
      "id": "rmdb-config1:37017",
      "port": 37017,
      "rsId": "tgtconfigRS",
      "state": "FAILED",
      "stateUpdateTime": 1790969516
    },
    {
      "error": null,
      "hostname": "rmdb-config2",
      "id": "rmdb-config2:37017",
      "port": 37017,
      "rsId": "tgtconfigRS",
      "state": "FAILED",
      "stateUpdateTime": 1790969516
    }
  ],
  "state": "FAILED"
}
2026-10-02 14:48:59,193 [INFO] Restore state: FAILED
2026-10-02 14:49:09,193 [DEBUG] API GET http://129.40.36.100:8080/api/public/v1.0/backup/third_party/group/6a386221ee19a6537cc68a97/restore/6abf3847457a6b80701899fb
2026-10-02 14:49:09,337 [DEBUG] STATUS 200
2026-10-02 14:49:09,337 [DEBUG] {
  "clusterMapping": [
    {
      "rsId": "sgcShard_0",
      "targetRsId": "tgtShard_0"
    },
    {
      "rsId": "sgcShard_1",
      "targetRsId": "tgtShard_1"
    },
    {
      "rsId": "configRS",
      "targetRsId": "tgtconfigRS"
    }
  ],
  "nodes": [
    {
      "error": null,
      "hostname": "rmdb12",
      "id": "rmdb12:37017",
      "port": 37017,
      "rsId": "tgtShard_1",
      "state": "FAILED",
      "stateUpdateTime": 1790969516
    },
    {
      "error": null,
      "hostname": "rmdb14",
      "id": "rmdb14:37017",
      "port": 37017,
      "rsId": "tgtShard_1",
      "state": "FAILED",
      "stateUpdateTime": 1790969516
    },
    {
      "error": null,
      "hostname": "rmdb9",
      "id": "rmdb9:37017",
      "port": 37017,
      "rsId": "tgtShard_1",
      "state": "FAILED",
      "stateUpdateTime": 1790969516
    },
    {
      "error": null,
      "hostname": "rmdb4",
      "id": "rmdb4:37017",
      "port": 37017,
      "rsId": "tgtShard_1",
      "state": "FAILED",
      "stateUpdateTime": 1790969516
    },
    {
      "error": null,
      "hostname": "rmdb2",
      "id": "rmdb2:37017",
      "port": 37017,
      "rsId": "tgtShard_1",
      "state": "FAILED",
      "stateUpdateTime": 1790969516
    },
    {
      "error": null,
      "hostname": "rmdb8",
      "id": "rmdb8:37017",
      "port": 37017,
      "rsId": "tgtShard_0",
      "state": "FAILED",
      "stateUpdateTime": 1790969516
    },
    {
      "error": null,
      "hostname": "rmdb13",
      "id": "rmdb13:37017",
      "port": 37017,
      "rsId": "tgtShard_0",
      "state": "FAILED",
      "stateUpdateTime": 1790969516
    },
    {
      "error": "<tgtCluster_tgtShard_0_42> [15:29:05.042] Plan execution failed on step MakeBackupDataAvailable as part of move RestoreRsMemberFromBackupPhase1 : <tgtCluster_tgtShard_0_42> [15:29:05.042] Failed to apply action. Result = <nil> : <tgtCluster_tgtShard_0_42> [15:29:05.042] Failed to download the snapshot : <tgtCluster_tgtShard_0_42> [15:29:05.042] Error while waiting for third party to copy backup to /fimongo1/data : <tgtCluster_tgtShard_0_42> [15:29:05.042] Observed error when trying to mark node as ready for copy files. : <tgtCluster_tgtShard_0_42> [15:29:05.042] Got return status 404 Not Found when trying to mark node ready for copy files.",
      "hostname": "rmdb1",
      "id": "rmdb1:37017",
      "port": 37017,
      "rsId": "tgtShard_0",
      "state": "FAILED",
      "stateUpdateTime": 1790969516
    },
    {
      "error": null,
      "hostname": "rmdb3",
      "id": "rmdb3:37017",
      "port": 37017,
      "rsId": "tgtShard_0",
      "state": "FAILED",
      "stateUpdateTime": 1790969516
    },
    {
      "error": null,
      "hostname": "rmdb11",
      "id": "rmdb11:37017",
      "port": 37017,
      "rsId": "tgtShard_0",
      "state": "FAILED",
      "stateUpdateTime": 1790969516
    },
    {
      "error": null,
      "hostname": "rmdb7",
      "id": "rmdb7:37017",
      "port": 37017,
      "rsId": "tgtconfigRS",
      "state": "FAILED",
      "stateUpdateTime": 1790969516
    },
    {
      "error": null,
      "hostname": "rmdb-config1",
      "id": "rmdb-config1:37017",
      "port": 37017,
      "rsId": "tgtconfigRS",
      "state": "FAILED",
      "stateUpdateTime": 1790969516
    },
    {
      "error": null,
      "hostname": "rmdb-config2",
      "id": "rmdb-config2:37017",
      "port": 37017,
      "rsId": "tgtconfigRS",
      "state": "FAILED",
      "stateUpdateTime": 1790969516
    }
  ],
  "state": "FAILED"
}
2026-10-02 14:49:09,338 [INFO] Restore state: FAILED
2026-10-02 14:49:19,338 [DEBUG] API GET http://129.40.36.100:8080/api/public/v1.0/backup/third_party/group/6a386221ee19a6537cc68a97/restore/6abf3847457a6b80701899fb
2026-10-02 14:49:19,454 [DEBUG] STATUS 404
2026-10-02 14:49:19,454 [DEBUG] {
  "errorCode": "THIRD_PARTY_INVALID_RESTORE_ID",
  "message": "No restore job found for requested restore ID",
  "version": "1",
  "status": "ERROR"
}
